condition_id,source_sheet,source_excel_row,Ligand,Additive,Base,Aryl halide,Output
cbf5989b76f9683e,FullCV_01,2,CC(C)C(C=C(C(C)C)C=C1C(C)C)=C1C2=C(P([C@@]3(C[C@@H]4C5)C[C@H](C4)C[C@H]5C3)[C@]6(C7)C[C@@H](C[C@@H]7C8)C[C@@H]8C6)C(OC)=CC=C2OC,CC1=CC(C)=NO1,CN(C)P(N(C)C)(N(C)C)=NP(N(C)C)(N(C)C)=NCC,ClC1=NC=CC=C1,70.41045785
2ee9bdc3bd426089,FullCV_01,3,CC(C)C(C=C(C(C)C)C=C1C(C)C)=C1C2=C(P([C@@]3(C[C@@H]4C5)C[C@H](C4)C[C@H]5C3)[C@]6(C7)C[C@@H](C[C@@H]7C8)C[C@@H]8C6)C(OC)=CC=C2OC,O=C(OC)C1=CC=NO1,CN(C)P(N(C)C)(N(C)C)=NP(N(C)C)(N(C)C)=NCC,BrC1=NC=CC=C1,11.06445724
dd8ee634d8d46601,FullCV_01,4,CC(C)C(C=C(C(C)C)C=C1C(C)C)=C1C2=C(P(C3CCCCC3)C4CCCCC4)C=CC=C2,O=C(OC)C1=CC=NO1,CN(C)P(N(C)C)(N(C)C)=NP(N(C)C)(N(C)C)=NCC,IC1=CC=C(CC)C=C1,10.22354965
142a4543ed9619a7,FullCV_01,5,CC(C)C(C=C(C(C)C)C=C1C(C)C)=C1C2=C(P(C(C)(C)C)C(C)(C)C)C(OC)=CC=C2OC,CCOC(C1=CON=C1)=O,CN1CCCN2C1=NCCC2,ClC1=CC=C(C(F)(F)F)C=C1,20.0833829
2a52db4bca558ed4,FullCV_01,6,CC(C)C(C=C(C(C)C)C=C1C(C)C)=C1C2=C(P([C@@]3(C[C@@H]4C5)C[C@H](C4)C[C@H]5C3)[C@]6(C7)C[C@@H](C[C@@H]7C8)C[C@@H]8C6)C(OC)=CC=C2OC,CC1=CC(C)=NO1,CN1CCCN2C1=NCCC2,ClC1=CC=C(OC)C=C1,0.492662711
e7da14d64044e65d,FullCV_01,7,CC(C)C(C=C(C(C)C)C=C1C(C)C)=C1C2=C(P(C(C)(C)C)C(C)(C)C)C=CC=C2,CCOC(C1=NOC=C1)=O,CC(C)(C)/N=C(N(C)C)/N(C)C,ClC1=CC=C(OC)C=C1,0.553507484
c8e49a8eb03f5cb7,FullCV_01,8,CC(C)C(C=C(C(C)C)C=C1C(C)C)=C1C2=C(P([C@@]3(C[C@@H]4C5)C[C@H](C4)C[C@H]5C3)[C@]6(C7)C[C@@H](C[C@@H]7C8)C[C@@H]8C6)C(OC)=CC=C2OC,CC1=C(C(OCC)=O)C=NO1,CN1CCCN2C1=NCCC2,BrC1=CN=CC=C1,43.17813797
7ab389b0689f1838,FullCV_01,9,CC(C)C(C=C(C(C)C)C=C1C(C)C)=C1C2=C(P(C3CCCCC3)C4CCCCC4)C=CC=C2,CC1=NOC=C1,CN1CCCN2C1=NCCC2,IC1=NC=CC=C1,69.51698512
e762e61c8f2d625a,FullCV_01,10,CC(C)C(C=C(C(C)C)C=C1C(C)C)=C1C2=C(P([C@@]3(C[C@@H]4C5)C[C@H](C4)C[C@H]5C3)[C@]6(C7)C[C@@H](C[C@@H]7C8)C[C@@H]8C6)C(OC)=CC=C2OC,CCOC(C1=NOC=C1)=O,CN(C)P(N(C)C)(N(C)C)=NP(N(C)C)(N(C)C)=NCC,BrC1=CC=C(CC)C=C1,1.023181291
9bbbc81f001520ba,FullCV_01,11,CC(C)C(C=C(C(C)C)C=C1C(C)C)=C1C2=C(P(C3CCCCC3)C4CCCCC4)C=CC=C2,C1(C2=CC=CC=C2)=CON=C1,CC(C)(C)/N=C(N(C)C)/N(C)C,BrC1=NC=CC=C1,35.53815083
20e77de807df9826,FullCV_01,12,CC(C)C(C=C(C(C)C)C=C1C(C)C)=C1C2=C(P(C(C)(C)C)C(C)(C)C)C(OC)=CC=C2OC,FC(C=CC=C1F)=C1C2=CC=NO2,CN(C)P(N(C)C)(N(C)C)=NP(N(C)C)(N(C)C)=NCC,ClC1=CN=CC=C1,8.50474803
aa03c233c7fe463a,FullCV_01,13,CC(C)C(C=C(C(C)C)C=C1C(C)C)=C1C2=C(P(C(C)(C)C)C(C)(C)C)C=CC=C2,C1(C2=CC=CC=C2)=NOC=C1,CN(C)P(N(C)C)(N(C)C)=NP(N(C)C)(N(C)C)=NCC,ClC1=CN=CC=C1,18.412337
212fffe33c0ab8d8,FullCV_01,14,CC(C)C(C=C(C(C)C)C=C1C(C)C)=C1C2=C(P(C3CCCCC3)C4CCCCC4)C=CC=C2,O=C(OC)C1=NOC(C2=CC=CS2)=C1,CC(C)(C)/N=C(N(C)C)/N(C)C,ClC1=CC=C(CC)C=C1,1.036456102
3230d96657f0f781,FullCV_01,15,CC(C)C(C=C(C(C)C)C=C1C(C)C)=C1C2=C(P(C(C)(C)C)C(C)(C)C)C(OC)=CC=C2OC,CC1=NOC(C2=CC=CC=C2)=C1,CN1CCCN2C1=NCCC2,ClC1=CC=C(CC)C=C1,4.961974313
df4a189895dd8c53,FullCV_01,16,CC(C)C(C=C(C(C)C)C=C1C(C)C)=C1C2=C(P(C3CCCCC3)C4CCCCC4)C=CC=C2,C1(N(CC2=CC=CC=C2)CC3=CC=CC=C3)=NOC=C1,CN1CCCN2C1=NCCC2,BrC1=NC=CC=C1,55.41075316
49d53b39f1112744,FullCV_01,17,CC(C)C(C=C(C(C)C)C=C1C(C)C)=C1C2=C(P(C(C)(C)C)C(C)(C)C)C=CC=C2,O=C(OC)C1=NOC(C2=CC=CO2)=C1,CN1CCCN2C1=NCCC2,ClC1=CN=CC=C1,0.0
d72f262395db8811,FullCV_01,18,CC(C)C(C=C(C(C)C)C=C1C(C)C)=C1C2=C(P([C@@]3(C[C@@H]4C5)C[C@H](C4)C[C@H]5C3)[C@]6(C7)C[C@@H](C[C@@H]7C8)C[C@@H]8C6)C(OC)=CC=C2OC,CC1=C(C(OCC)=O)C=NO1,CN(C)P(N(C)C)(N(C)C)=NP(N(C)C)(N(C)C)=NCC,IC1=CN=CC=C1,14.36942688
239cd15e6b69689e,FullCV_01,19,CC(C)C(C=C(C(C)C)C=C1C(C)C)=C1C2=C(P(C(C)(C)C)C(C)(C)C)C=CC=C2,C1(N(CC2=CC=CC=C2)CC3=CC=CC=C3)=NOC=C1,CC(C)(C)/N=C(N(C)C)/N(C)C,ClC1=NC=CC=C1,62.39976577
a8dc1cb45399e2fd,FullCV_01,20,CC(C)C(C=C(C(C)C)C=C1C(C)C)=C1C2=C(P([C@@]3(C[C@@H]4C5)C[C@H](C4)C[C@H]5C3)[C@]6(C7)C[C@@H](C[C@@H]7C8)C[C@@H]8C6)C(OC)=CC=C2OC,CC1=NOC(C2=CC=CC=C2)=C1,CN1CCCN2C1=NCCC2,IC1=CC=C(CC)C=C1,73.08177999
6b1dd7c3c1c5a60c,FullCV_01,21,CC(C)C(C=C(C(C)C)C=C1C(C)C)=C1C2=C(P([C@@]3(C[C@@H]4C5)C[C@H](C4)C[C@H]5C3)[C@]6(C7)C[C@@H](C[C@@H]7C8)C[C@@H]8C6)C(OC)=CC=C2OC,COC1=NOC(C(OCC)=O)=C1,CN(C)P(N(C)C)(N(C)C)=NP(N(C)C)(N(C)C)=NCC,BrC1=CC=C(OC)C=C1,42.52691913
2662e77e763a3d6c,FullCV_01,22,CC(C)C(C=C(C(C)C)C=C1C(C)C)=C1C2=C(P(C(C)(C)C)C(C)(C)C)C=CC=C2,C1(N(CC2=CC=CC=C2)CC3=CC=CC=C3)=NOC=C1,CN(C)P(N(C)C)(N(C)C)=NP(N(C)C)(N(C)C)=NCC,BrC1=NC=CC=C1,64.57811697
883d7aefb67a2f9c,FullCV_01,23,CC(C)C(C=C(C(C)C)C=C1C(C)C)=C1C2=C(P(C(C)(C)C)C(C)(C)C)C(OC)=CC=C2OC,C1(N(CC2=CC=CC=C2)CC3=CC=CC=C3)=CC=NO1,CC(C)(C)/N=C(N(C)C)/N(C)C,IC1=CC=C(C(F)(F)F)C=C1,38.18576353
a169960d32b935ae,FullCV_01,24,CC(C)C(C=C(C(C)C)C=C1C(C)C)=C1C2=C(P(C(C)(C)C)C(C)(C)C)C(OC)=CC=C2OC,CCOC(C1=NOC=C1)=O,CC(C)(C)/N=C(N(C)C)/N(C)C,BrC1=CN=CC=C1,59.7949718
8af2c7de4a5e0e0d,FullCV_01,25,CC(C)C(C=C(C(C)C)C=C1C(C)C)=C1C2=C(P(C(C)(C)C)C(C)(C)C)C=CC=C2,O=C(OC)C1=NOC(C2=CC=CO2)=C1,CC(C)(C)/N=C(N(C)C)/N(C)C,ClC1=CC=C(CC)C=C1,0.638545637
14e6cddb159cabd8,FullCV_01,26,CC(C)C(C=C(C(C)C)C=C1C(C)C)=C1C2=C(P(C3CCCCC3)C4CCCCC4)C=CC=C2,O=C(OC)C1=CC=NO1,CN(C)P(N(C)C)(N(C)C)=NP(N(C)C)(N(C)C)=NCC,BrC1=NC=CC=C1,9.80291595
4b11263f5c2ab85a,FullCV_01,27,CC(C)C(C=C(C(C)C)C=C1C(C)C)=C1C2=C(P([C@@]3(C[C@@H]4C5)C[C@H](C4)C[C@H]5C3)[C@]6(C7)C[C@@H](C[C@@H]7C8)C[C@@H]8C6)C(OC)=CC=C2OC,C1(N(CC2=CC=CC=C2)CC3=CC=CC=C3)=CC=NO1,CN(C)P(N(C)C)(N(C)C)=NP(N(C)C)(N(C)C)=NCC,IC1=CC=C(OC)C=C1,33.20741805
03b7faf237bae381,FullCV_01,28,CC(C)C(C=C(C(C)C)C=C1C(C)C)=C1C2=C(P([C@@]3(C[C@@H]4C5)C[C@H](C4)C[C@H]5C3)[C@]6(C7)C[C@@H](C[C@@H]7C8)C[C@@H]8C6)C(OC)=CC=C2OC,CC1=CC=NO1,CC(C)(C)/N=C(N(C)C)/N(C)C,BrC1=NC=CC=C1,37.45572206
7bc38e4bc8c7e09c,FullCV_01,29,CC(C)C(C=C(C(C)C)C=C1C(C)C)=C1C2=C(P(C3CCCCC3)C4CCCCC4)C=CC=C2,CC1=NOC=C1,CC(C)(C)/N=C(N(C)C)/N(C)C,IC1=NC=CC=C1,63.46127974
22411cc041173f6b,FullCV_01,30,CC(C)C(C=C(C(C)C)C=C1C(C)C)=C1C2=C(P(C3CCCCC3)C4CCCCC4)C=CC=C2,CC1=NOC(C(OCC)=O)=C1,CN(C)P(N(C)C)(N(C)C)=NP(N(C)C)(N(C)C)=NCC,IC1=NC=CC=C1,51.10248957
96247db6af794ef4,FullCV_01,31,CC(C)C(C=C(C(C)C)C=C1C(C)C)=C1C2=C(P(C3CCCCC3)C4CCCCC4)C=CC=C2,COC1=NOC(C(OCC)=O)=C1,CC(C)(C)/N=C(N(C)C)/N(C)C,IC1=CN=CC=C1,27.22195897
c73f42da1397b013,FullCV_01,32,CC(C)C(C=C(C(C)C)C=C1C(C)C)=C1C2=C(P(C(C)(C)C)C(C)(C)C)C=CC=C2,CCOC(C1=NOC=C1)=O,CN1CCCN2C1=NCCC2,BrC1=CC=C(C(F)(F)F)C=C1,40.09723237
7635b581a8bf8a4a,FullCV_01,33,CC(C)C(C=C(C(C)C)C=C1C(C)C)=C1C2=C(P(C(C)(C)C)C(C)(C)C)C=CC=C2,O=C(OC)C1=NOC(C2=CC=CO2)=C1,CC(C)(C)/N=C(N(C)C)/N(C)C,BrC1=NC=CC=C1,71.09717455
a563490dd8a3441f,FullCV_01,34,CC(C)C(C=C(C(C)C)C=C1C(C)C)=C1C2=C(P([C@@]3(C[C@@H]4C5)C[C@H](C4)C[C@H]5C3)[C@]6(C7)C[C@@H](C[C@@H]7C8)C[C@@H]8C6)C(OC)=CC=C2OC,CC1=CC(C(OCC)=O)=NO1,CN(C)P(N(C)C)(N(C)C)=NP(N(C)C)(N(C)C)=NCC,ClC1=CC=C(C(F)(F)F)C=C1,7.7649642
af8bd700d9c6769c,FullCV_01,35,CC(C)C(C=C(C(C)C)C=C1C(C)C)=C1C2=C(P([C@@]3(C[C@@H]4C5)C[C@H](C4)C[C@H]5C3)[C@]6(C7)C[C@@H](C[C@@H]7C8)C[C@@H]8C6)C(OC)=CC=C2OC,C1(N(CC2=CC=CC=C2)CC3=CC=CC=C3)=NOC=C1,CC(C)(C)/N=C(N(C)C)/N(C)C,IC1=CC=C(C(F)(F)F)C=C1,37.90012178
d208835567d61529,FullCV_01,36,CC(C)C(C=C(C(C)C)C=C1C(C)C)=C1C2=C(P(C(C)(C)C)C(C)(C)C)C=CC=C2,FC(C=CC=C1F)=C1C2=CC=NO2,CN(C)P(N(C)C)(N(C)C)=NP(N(C)C)(N(C)C)=NCC,BrC1=CN=CC=C1,22.41656552
004ac919af89f80e,FullCV_01,37,CC(C)C(C=C(C(C)C)C=C1C(C)C)=C1C2=C(P([C@@]3(C[C@@H]4C5)C[C@H](C4)C[C@H]5C3)[C@]6(C7)C[C@@H](C[C@@H]7C8)C[C@@H]8C6)C(OC)=CC=C2OC,C1(C2=CC=CC=C2)=NOC=C1,CC(C)(C)/N=C(N(C)C)/N(C)C,IC1=CC=C(OC)C=C1,51.39664392
d40b507fe121b009,FullCV_01,38,CC(C)C(C=C(C(C)C)C=C1C(C)C)=C1C2=C(P(C(C)(C)C)C(C)(C)C)C=CC=C2,C12=CON=C1C=CC=C2,CC(C)(C)/N=C(N(C)C)/N(C)C,ClC1=CC=C(OC)C=C1,0.0
c294fc1f67b1d19c,FullCV_01,39,CC(C)C(C=C(C(C)C)C=C1C(C)C)=C1C2=C(P(C3CCCCC3)C4CCCCC4)C=CC=C2,O=C(OC)C1=NOC(C2=CC=CS2)=C1,CN(C)P(N(C)C)(N(C)C)=NP(N(C)C)(N(C)C)=NCC,IC1=CN=CC=C1,21.33105034
5329b0115b0a6bc9,FullCV_01,40,CC(C)C(C=C(C(C)C)C=C1C(C)C)=C1C2=C(P(C(C)(C)C)C(C)(C)C)C=CC=C2,CC1=CC(N2C=CC=C2)=NO1,CN1CCCN2C1=NCCC2,BrC1=CC=C(CC)C=C1,71.55294754
f85813816fecd2a8,FullCV_01,41,CC(C)C(C=C(C(C)C)C=C1C(C)C)=C1C2=C(P([C@@]3(C[C@@H]4C5)C[C@H](C4)C[C@H]5C3)[C@]6(C7)C[C@@H](C[C@@H]7C8)C[C@@H]8C6)C(OC)=CC=C2OC,O=C(OC)C1=NOC(C2=CC=CO2)=C1,CC(C)(C)/N=C(N(C)C)/N(C)C,ClC1=CC=C(C(F)(F)F)C=C1,2.443106533
243f7452c5cb2596,FullCV_01,42,CC(C)C(C=C(C(C)C)C=C1C(C)C)=C1C2=C(P([C@@]3(C[C@@H]4C5)C[C@H](C4)C[C@H]5C3)[C@]6(C7)C[C@@H](C[C@@H]7C8)C[C@@H]8C6)C(OC)=CC=C2OC,C1(C2=CC=CC=C2)=NOC=C1,CN(C)P(N(C)C)(N(C)C)=NP(N(C)C)(N(C)C)=NCC,IC1=CC=C(OC)C=C1,54.63240731
ad8a322cf435870d,FullCV_01,43,CC(C)C(C=C(C(C)C)C=C1C(C)C)=C1C2=C(P(C(C)(C)C)C(C)(C)C)C=CC=C2,CC1=NOC(C(OCC)=O)=C1,CN(C)P(N(C)C)(N(C)C)=NP(N(C)C)(N(C)C)=NCC,IC1=CC=C(C(F)(F)F)C=C1,45.08048043
d24dfb63f13b0e40,FullCV_01,44,CC(C)C(C=C(C(C)C)C=C1C(C)C)=C1C2=C(P(C(C)(C)C)C(C)(C)C)C=CC=C2,C1(C2=CC=CC=C2)=CC=NO1,CN1CCCN2C1=NCCC2,IC1=NC=CC=C1,97.56849953
02795a6d24fc73f5,FullCV_01,45,CC(C)C(C=C(C(C)C)C=C1C(C)C)=C1C2=C(P(C3CCCCC3)C4CCCCC4)C=CC=C2,CC1=CC(C(OCC)=O)=NO1,CC(C)(C)/N=C(N(C)C)/N(C)C,BrC1=CC=C(C(F)(F)F)C=C1,38.91690391
34e84e75aed10ce6,FullCV_01,46,CC(C)C(C=C(C(C)C)C=C1C(C)C)=C1C2=C(P(C(C)(C)C)C(C)(C)C)C(OC)=CC=C2OC,CC1=CC(N2C=CC=C2)=NO1,CN1CCCN2C1=NCCC2,IC1=CC=C(CC)C=C1,75.97219172
29dc8d91edde7f85,FullCV_01,47,CC(C)C(C=C(C(C)C)C=C1C(C)C)=C1C2=C(P(C(C)(C)C)C(C)(C)C)C(OC)=CC=C2OC,CC1=NOC=C1,CC(C)(C)/N=C(N(C)C)/N(C)C,ClC1=CC=C(C(F)(F)F)C=C1,13.50296194
82f4769ab8e41bee,FullCV_01,48,CC(C)C(C=C(C(C)C)C=C1C(C)C)=C1C2=C(P(C3CCCCC3)C4CCCCC4)C=CC=C2,CCOC(C1=NOC=C1)=O,CN1CCCN2C1=NCCC2,BrC1=CN=CC=C1,22.07470925
00e78616fff94468,FullCV_01,49,CC(C)C(C=C(C(C)C)C=C1C(C)C)=C1C2=C(P([C@@]3(C[C@@H]4C5)C[C@H](C4)C[C@H]5C3)[C@]6(C7)C[C@@H](C[C@@H]7C8)C[C@@H]8C6)C(OC)=CC=C2OC,CC1=CC(C)=NO1,CN1CCCN2C1=NCCC2,IC1=CN=CC=C1,92.12702212
d121d64f9e7a4232,FullCV_01,50,CC(C)C(C=C(C(C)C)C=C1C(C)C)=C1C2=C(P([C@@]3(C[C@@H]4C5)C[C@H](C4)C[C@H]5C3)[C@]6(C7)C[C@@H](C[C@@H]7C8)C[C@@H]8C6)C(OC)=CC=C2OC,C12=C(C=CC=C2)ON=C1,CN(C)P(N(C)C)(N(C)C)=NP(N(C)C)(N(C)C)=NCC,IC1=CN=CC=C1,74.04736649
99b27129c6aa12e1,FullCV_01,51,CC(C)C(C=C(C(C)C)C=C1C(C)C)=C1C2=C(P([C@@]3(C[C@@H]4C5)C[C@H](C4)C[C@H]5C3)[C@]6(C7)C[C@@H](C[C@@H]7C8)C[C@@H]8C6)C(OC)=CC=C2OC,CC1=CC(N2C=CC=C2)=NO1,CC(C)(C)/N=C(N(C)C)/N(C)C,IC1=CC=C(OC)C=C1,39.70763397
599bb08305a03bb9,FullCV_01,52,CC(C)C(C=C(C(C)C)C=C1C(C)C)=C1C2=C(P(C(C)(C)C)C(C)(C)C)C(OC)=CC=C2OC,O=C(OC)C1=NOC(C2=CC=CS2)=C1,CN(C)P(N(C)C)(N(C)C)=NP(N(C)C)(N(C)C)=NCC,IC1=CC=C(CC)C=C1,66.89026205
2b7d2f38bc9247a2,FullCV_01,53,CC(C)C(C=C(C(C)C)C=C1C(C)C)=C1C2=C(P(C(C)(C)C)C(C)(C)C)C(OC)=CC=C2OC,O=C(OC)C1=NOC(C2=CC=CO2)=C1,CN1CCCN2C1=NCCC2,IC1=CC=C(C(F)(F)F)C=C1,41.73289196
f4a3bf4daf43bf30,FullCV_01,54,CC(C)C(C=C(C(C)C)C=C1C(C)C)=C1C2=C(P(C(C)(C)C)C(C)(C)C)C=CC=C2,CC1=NOC(C(OCC)=O)=C1,CC(C)(C)/N=C(N(C)C)/N(C)C,IC1=CC=C(C(F)(F)F)C=C1,46.25838016
742c07f90f7961db,FullCV_01,55,CC(C)C(C=C(C(C)C)C=C1C(C)C)=C1C2=C(P(C3CCCCC3)C4CCCCC4)C=CC=C2,CC1=NOC(C(OCC)=O)=C1,CC(C)(C)/N=C(N(C)C)/N(C)C,BrC1=CN=CC=C1,26.51352578
8651ab1076b24fff,FullCV_01,56,CC(C)C(C=C(C(C)C)C=C1C(C)C)=C1C2=C(P(C3CCCCC3)C4CCCCC4)C=CC=C2,CC1=NOC=C1,CN1CCCN2C1=NCCC2,IC1=CC=C(CC)C=C1,66.26745697
6b7bc427f488b484,FullCV_01,57,CC(C)C(C=C(C(C)C)C=C1C(C)C)=C1C2=C(P(C(C)(C)C)C(C)(C)C)C=CC=C2,CC1=NOC(C(OCC)=O)=C1,CN(C)P(N(C)C)(N(C)C)=NP(N(C)C)(N(C)C)=NCC,IC1=NC=CC=C1,66.20793624
7b85c3dba5c25d1b,FullCV_01,58,CC(C)C(C=C(C(C)C)C=C1C(C)C)=C1C2=C(P([C@@]3(C[C@@H]4C5)C[C@H](C4)C[C@H]5C3)[C@]6(C7)C[C@@H](C[C@@H]7C8)C[C@@H]8C6)C(OC)=CC=C2OC,CCOC(C1=CON=C1)=O,CN1CCCN2C1=NCCC2,IC1=CC=C(C(F)(F)F)C=C1,24.45376754
f9c02204c9e0960d,FullCV_01,59,CC(C)C(C=C(C(C)C)C=C1C(C)C)=C1C2=C(P(C(C)(C)C)C(C)(C)C)C(OC)=CC=C2OC,CC1=NOC(C2=CC=CC=C2)=C1,CN(C)P(N(C)C)(N(C)C)=NP(N(C)C)(N(C)C)=NCC,BrC1=CC=C(OC)C=C1,46.67086698
f014217bdf316913,FullCV_01,60,CC(C)C(C=C(C(C)C)C=C1C(C)C)=C1C2=C(P(C(C)(C)C)C(C)(C)C)C(OC)=CC=C2OC,O=C(OC)C1=NOC(C2=CC=CO2)=C1,CN1CCCN2C1=NCCC2,IC1=CC=C(CC)C=C1,73.57415684
e91e3a3699847f85,FullCV_01,61,CC(C)C(C=C(C(C)C)C=C1C(C)C)=C1C2=C(P(C3CCCCC3)C4CCCCC4)C=CC=C2,CC1=CC=NO1,CN(C)P(N(C)C)(N(C)C)=NP(N(C)C)(N(C)C)=NCC,ClC1=CC=C(CC)C=C1,7.911192525
a0e65b194fdc8399,FullCV_01,62,CC(C)C(C=C(C(C)C)C=C1C(C)C)=C1C2=C(P(C(C)(C)C)C(C)(C)C)C(OC)=CC=C2OC,CC1=CC(C)=NO1,CN(C)P(N(C)C)(N(C)C)=NP(N(C)C)(N(C)C)=NCC,BrC1=CC=C(OC)C=C1,47.81434881
d6e78b1275ae5763,FullCV_01,63,CC(C)C(C=C(C(C)C)C=C1C(C)C)=C1C2=C(P([C@@]3(C[C@@H]4C5)C[C@H](C4)C[C@H]5C3)[C@]6(C7)C[C@@H](C[C@@H]7C8)C[C@@H]8C6)C(OC)=CC=C2OC,CC1=NOC=C1,CN1CCCN2C1=NCCC2,BrC1=CC=C(OC)C=C1,50.10834683
2904e05cdd432980,FullCV_01,64,CC(C)C(C=C(C(C)C)C=C1C(C)C)=C1C2=C(P(C(C)(C)C)C(C)(C)C)C=CC=C2,C1(C2=CC=CC=C2)=CON=C1,CN(C)P(N(C)C)(N(C)C)=NP(N(C)C)(N(C)C)=NCC,IC1=NC=CC=C1,40.08669181
c323bb95f4a00d56,FullCV_01,65,CC(C)C(C=C(C(C)C)C=C1C(C)C)=C1C2=C(P(C(C)(C)C)C(C)(C)C)C(OC)=CC=C2OC,O=C(OC)C1=NOC(C2=CC=CS2)=C1,CN1CCCN2C1=NCCC2,IC1=CC=C(C(F)(F)F)C=C1,45.15638688
8d04d73caf8bc55d,FullCV_01,66,CC(C)C(C=C(C(C)C)C=C1C(C)C)=C1C2=C(P(C(C)(C)C)C(C)(C)C)C=CC=C2,C12=CON=C1C=CC=C2,CN1CCCN2C1=NCCC2,BrC1=CC=C(CC)C=C1,24.59821074
3482c257b497c8b6,FullCV_01,67,CC(C)C(C=C(C(C)C)C=C1C(C)C)=C1C2=C(P(C(C)(C)C)C(C)(C)C)C(OC)=CC=C2OC,CC1=NOC(C2=CC=CC=C2)=C1,CN(C)P(N(C)C)(N(C)C)=NP(N(C)C)(N(C)C)=NCC,ClC1=CC=C(OC)C=C1,0.0
5b90b8edc007fd59,FullCV_01,68,CC(C)C(C=C(C(C)C)C=C1C(C)C)=C1C2=C(P(C(C)(C)C)C(C)(C)C)C(OC)=CC=C2OC,O=C(OC)C1=CC=NO1,CN(C)P(N(C)C)(N(C)C)=NP(N(C)C)(N(C)C)=NCC,IC1=CC=C(CC)C=C1,16.97838607
7634026962535d3b,FullCV_01,69,CC(C)C(C=C(C(C)C)C=C1C(C)C)=C1C2=C(P(C(C)(C)C)C(C)(C)C)C=CC=C2,CC1=NOC(C(OCC)=O)=C1,CN(C)P(N(C)C)(N(C)C)=NP(N(C)C)(N(C)C)=NCC,IC1=CC=C(OC)C=C1,49.11143206
576cc1d9c01ec7f1,FullCV_01,70,CC(C)C(C=C(C(C)C)C=C1C(C)C)=C1C2=C(P([C@@]3(C[C@@H]4C5)C[C@H](C4)C[C@H]5C3)[C@]6(C7)C[C@@H](C[C@@H]7C8)C[C@@H]8C6)C(OC)=CC=C2OC,C1(C2=CC=CC=C2)=CC=NO1,CC(C)(C)/N=C(N(C)C)/N(C)C,ClC1=CN=CC=C1,2.344713425
cd40c87dd36f254f,FullCV_01,71,CC(C)C(C=C(C(C)C)C=C1C(C)C)=C1C2=C(P([C@@]3(C[C@@H]4C5)C[C@H](C4)C[C@H]5C3)[C@]6(C7)C[C@@H](C[C@@H]7C8)C[C@@H]8C6)C(OC)=CC=C2OC,CC1=CC(C(OCC)=O)=NO1,CC(C)(C)/N=C(N(C)C)/N(C)C,BrC1=CC=C(C(F)(F)F)C=C1,41.67771463
fb65b9e5034e50e2,FullCV_01,72,CC(C)C(C=C(C(C)C)C=C1C(C)C)=C1C2=C(P(C3CCCCC3)C4CCCCC4)C=CC=C2,CCOC(C1=NOC=C1)=O,CC(C)(C)/N=C(N(C)C)/N(C)C,IC1=CN=CC=C1,38.4179882
9069c9889faaa4b6,FullCV_01,73,CC(C)C(C=C(C(C)C)C=C1C(C)C)=C1C2=C(P(C(C)(C)C)C(C)(C)C)C=CC=C2,CC1=NOC=C1,CC(C)(C)/N=C(N(C)C)/N(C)C,IC1=CC=C(C(F)(F)F)C=C1,52.37811419
c357b5aa1ecfb221,FullCV_01,74,CC(C)C(C=C(C(C)C)C=C1C(C)C)=C1C2=C(P([C@@]3(C[C@@H]4C5)C[C@H](C4)C[C@H]5C3)[C@]6(C7)C[C@@H](C[C@@H]7C8)C[C@@H]8C6)C(OC)=CC=C2OC,COC1=NOC(C(OCC)=O)=C1,CN1CCCN2C1=NCCC2,IC1=CC=C(CC)C=C1,75.02467082
49e5fa71658a545f,FullCV_01,75,CC(C)C(C=C(C(C)C)C=C1C(C)C)=C1C2=C(P(C3CCCCC3)C4CCCCC4)C=CC=C2,C1(N(CC2=CC=CC=C2)CC3=CC=CC=C3)=NOC=C1,CC(C)(C)/N=C(N(C)C)/N(C)C,IC1=CC=C(OC)C=C1,49.46765787
70a3786f15dbe6ad,FullCV_01,76,CC(C)C(C=C(C(C)C)C=C1C(C)C)=C1C2=C(P([C@@]3(C[C@@H]4C5)C[C@H](C4)C[C@H]5C3)[C@]6(C7)C[C@@H](C[C@@H]7C8)C[C@@H]8C6)C(OC)=CC=C2OC,C1(N(CC2=CC=CC=C2)CC3=CC=CC=C3)=CC=NO1,CN(C)P(N(C)C)(N(C)C)=NP(N(C)C)(N(C)C)=NCC,BrC1=NC=CC=C1,37.12306374
6898055881557e98,FullCV_01,77,CC(C)C(C=C(C(C)C)C=C1C(C)C)=C1C2=C(P(C(C)(C)C)C(C)(C)C)C=CC=C2,CC1=C(C(OCC)=O)C=NO1,CN(C)P(N(C)C)(N(C)C)=NP(N(C)C)(N(C)C)=NCC,IC1=NC=CC=C1,30.72459608
0b66a9b89e402abf,FullCV_01,78,CC(C)C(C=C(C(C)C)C=C1C(C)C)=C1C2=C(P(C(C)(C)C)C(C)(C)C)C(OC)=CC=C2OC,CC1=C(C(OCC)=O)C=NO1,CN(C)P(N(C)C)(N(C)C)=NP(N(C)C)(N(C)C)=NCC,ClC1=CC=C(C(F)(F)F)C=C1,11.30133212
cc7729158fe55e90,FullCV_01,79,CC(C)C(C=C(C(C)C)C=C1C(C)C)=C1C2=C(P(C(C)(C)C)C(C)(C)C)C(OC)=CC=C2OC,FC(C=CC=C1F)=C1C2=CC=NO2,CN1CCCN2C1=NCCC2,IC1=CC=C(C(F)(F)F)C=C1,43.31119655
924e0dce5d414e4f,FullCV_01,80,CC(C)C(C=C(C(C)C)C=C1C(C)C)=C1C2=C(P(C(C)(C)C)C(C)(C)C)C=CC=C2,CC1=CC(C(OCC)=O)=NO1,CN1CCCN2C1=NCCC2,IC1=CC=C(CC)C=C1,79.44483195
fcf1c42030a4368d,FullCV_01,81,CC(C)C(C=C(C(C)C)C=C1C(C)C)=C1C2=C(P([C@@]3(C[C@@H]4C5)C[C@H](C4)C[C@H]5C3)[C@]6(C7)C[C@@H](C[C@@H]7C8)C[C@@H]8C6)C(OC)=CC=C2OC,C1(C2=CC=CC=C2)=CON=C1,CC(C)(C)/N=C(N(C)C)/N(C)C,ClC1=CC=C(OC)C=C1,0.0
0be231f62058551e,FullCV_01,82,CC(C)C(C=C(C(C)C)C=C1C(C)C)=C1C2=C(P(C(C)(C)C)C(C)(C)C)C(OC)=CC=C2OC,C1(C2=CC=CC=C2)=CC=NO1,CC(C)(C)/N=C(N(C)C)/N(C)C,BrC1=NC=CC=C1,51.8134607
2352b82281c57b28,FullCV_01,83,CC(C)C(C=C(C(C)C)C=C1C(C)C)=C1C2=C(P(C(C)(C)C)C(C)(C)C)C=CC=C2,C1(N(CC2=CC=CC=C2)CC3=CC=CC=C3)=CC=NO1,CN(C)P(N(C)C)(N(C)C)=NP(N(C)C)(N(C)C)=NCC,BrC1=CC=C(OC)C=C1,9.627089409
14934472de225e05,FullCV_01,84,CC(C)C(C=C(C(C)C)C=C1C(C)C)=C1C2=C(P(C(C)(C)C)C(C)(C)C)C(OC)=CC=C2OC,CC1=NOC(C(OCC)=O)=C1,CN1CCCN2C1=NCCC2,BrC1=CC=C(OC)C=C1,46.64994849
bec0e236085908c1,FullCV_01,85,CC(C)C(C=C(C(C)C)C=C1C(C)C)=C1C2=C(P(C(C)(C)C)C(C)(C)C)C(OC)=CC=C2OC,CC1=NOC(C2=CC=CC=C2)=C1,CN(C)P(N(C)C)(N(C)C)=NP(N(C)C)(N(C)C)=NCC,IC1=CC=C(CC)C=C1,69.13688603
736ebaed89157c87,FullCV_01,86,CC(C)C(C=C(C(C)C)C=C1C(C)C)=C1C2=C(P(C(C)(C)C)C(C)(C)C)C=CC=C2,COC1=NOC(C(OCC)=O)=C1,CN(C)P(N(C)C)(N(C)C)=NP(N(C)C)(N(C)C)=NCC,IC1=CN=CC=C1,74.62339174
6286a0bdea104eb0,FullCV_01,87,CC(C)C(C=C(C(C)C)C=C1C(C)C)=C1C2=C(P(C(C)(C)C)C(C)(C)C)C=CC=C2,C12=CON=C1C=CC=C2,CC(C)(C)/N=C(N(C)C)/N(C)C,IC1=CC=C(OC)C=C1,14.9053934
35cc725eddf50ccf,FullCV_01,88,CC(C)C(C=C(C(C)C)C=C1C(C)C)=C1C2=C(P([C@@]3(C[C@@H]4C5)C[C@H](C4)C[C@H]5C3)[C@]6(C7)C[C@@H](C[C@@H]7C8)C[C@@H]8C6)C(OC)=CC=C2OC,C1(C2=CC=CC=C2)=NOC=C1,CC(C)(C)/N=C(N(C)C)/N(C)C,BrC1=CC=C(CC)C=C1,73.85492194
1f09f498652fa4ea,FullCV_01,89,CC(C)C(C=C(C(C)C)C=C1C(C)C)=C1C2=C(P(C3CCCCC3)C4CCCCC4)C=CC=C2,CC1=NOC(C(OCC)=O)=C1,CN1CCCN2C1=NCCC2,BrC1=CC=C(CC)C=C1,35.87055638
594dfd599ad38659,FullCV_01,90,CC(C)C(C=C(C(C)C)C=C1C(C)C)=C1C2=C(P([C@@]3(C[C@@H]4C5)C[C@H](C4)C[C@H]5C3)[C@]6(C7)C[C@@H](C[C@@H]7C8)C[C@@H]8C6)C(OC)=CC=C2OC,CC1=CC(N2C=CC=C2)=NO1,CC(C)(C)/N=C(N(C)C)/N(C)C,IC1=CC=C(CC)C=C1,61.4373102
7befaf2936d00926,FullCV_01,91,CC(C)C(C=C(C(C)C)C=C1C(C)C)=C1C2=C(P(C(C)(C)C)C(C)(C)C)C=CC=C2,C12=CON=C1C=CC=C2,CC(C)(C)/N=C(N(C)C)/N(C)C,IC1=NC=CC=C1,54.29333472
79a776e7074e20cb,FullCV_01,92,CC(C)C(C=C(C(C)C)C=C1C(C)C)=C1C2=C(P(C(C)(C)C)C(C)(C)C)C=CC=C2,C1(C2=CC=CC=C2)=NOC=C1,CN(C)P(N(C)C)(N(C)C)=NP(N(C)C)(N(C)C)=NCC,IC1=CC=C(CC)C=C1,70.00785114
cf33a47608b41810,FullCV_01,93,CC(C)C(C=C(C(C)C)C=C1C(C)C)=C1C2=C(P(C(C)(C)C)C(C)(C)C)C(OC)=CC=C2OC,CC1=CC=NO1,CC(C)(C)/N=C(N(C)C)/N(C)C,BrC1=NC=CC=C1,57.9744807
1dc2e54ea30021ad,FullCV_01,94,CC(C)C(C=C(C(C)C)C=C1C(C)C)=C1C2=C(P([C@@]3(C[C@@H]4C5)C[C@H](C4)C[C@H]5C3)[C@]6(C7)C[C@@H](C[C@@H]7C8)C[C@@H]8C6)C(OC)=CC=C2OC,C1(N(CC2=CC=CC=C2)CC3=CC=CC=C3)=NOC=C1,CN1CCCN2C1=NCCC2,IC1=CC=C(CC)C=C1,72.8478499
356b314c1d07bc97,FullCV_01,95,CC(C)C(C=C(C(C)C)C=C1C(C)C)=C1C2=C(P([C@@]3(C[C@@H]4C5)C[C@H](C4)C[C@H]5C3)[C@]6(C7)C[C@@H](C[C@@H]7C8)C[C@@H]8C6)C(OC)=CC=C2OC,CC1=CC(N2C=CC=C2)=NO1,CN1CCCN2C1=NCCC2,BrC1=CC=C(C(F)(F)F)C=C1,37.4061745
daccc9ab7d37978c,FullCV_01,96,CC(C)C(C=C(C(C)C)C=C1C(C)C)=C1C2=C(P(C(C)(C)C)C(C)(C)C)C(OC)=CC=C2OC,CC1=CC(N2C=CC=C2)=NO1,CN1CCCN2C1=NCCC2,ClC1=CC=C(CC)C=C1,9.293896224
626bad4248831f09,FullCV_01,97,CC(C)C(C=C(C(C)C)C=C1C(C)C)=C1C2=C(P([C@@]3(C[C@@H]4C5)C[C@H](C4)C[C@H]5C3)[C@]6(C7)C[C@@H](C[C@@H]7C8)C[C@@H]8C6)C(OC)=CC=C2OC,CC1=CC(C)=NO1,CC(C)(C)/N=C(N(C)C)/N(C)C,IC1=CC=C(C(F)(F)F)C=C1,34.84480888
6ea07b626bc3b04e,FullCV_01,98,CC(C)C(C=C(C(C)C)C=C1C(C)C)=C1C2=C(P([C@@]3(C[C@@H]4C5)C[C@H](C4)C[C@H]5C3)[C@]6(C7)C[C@@H](C[C@@H]7C8)C[C@@H]8C6)C(OC)=CC=C2OC,CCOC(C1=NOC=C1)=O,CN(C)P(N(C)C)(N(C)C)=NP(N(C)C)(N(C)C)=NCC,BrC1=CC=C(C(F)(F)F)C=C1,0.0
d7d833b1773a71e7,FullCV_01,99,CC(C)C(C=C(C(C)C)C=C1C(C)C)=C1C2=C(P(C(C)(C)C)C(C)(C)C)C(OC)=CC=C2OC,C12=CON=C1C=CC=C2,CC(C)(C)/N=C(N(C)C)/N(C)C,IC1=CC=C(OC)C=C1,15.30703648
0724c1c9690c96ab,FullCV_01,100,CC(C)C(C=C(C(C)C)C=C1C(C)C)=C1C2=C(P([C@@]3(C[C@@H]4C5)C[C@H](C4)C[C@H]5C3)[C@]6(C7)C[C@@H](C[C@@H]7C8)C[C@@H]8C6)C(OC)=CC=C2OC,C1(N(CC2=CC=CC=C2)CC3=CC=CC=C3)=NOC=C1,CC(C)(C)/N=C(N(C)C)/N(C)C,BrC1=NC=CC=C1,41.4297554
24822c7557d2d47a,FullCV_01,101,CC(C)C(C=C(C(C)C)C=C1C(C)C)=C1C2=C(P(C(C)(C)C)C(C)(C)C)C=CC=C2,CC1=CC=NO1,CC(C)(C)/N=C(N(C)C)/N(C)C,BrC1=CC=C(C(F)(F)F)C=C1,32.25917309
0270f25aa6a63a69,FullCV_01,102,CC(C)C(C=C(C(C)C)C=C1C(C)C)=C1C2=C(P([C@@]3(C[C@@H]4C5)C[C@H](C4)C[C@H]5C3)[C@]6(C7)C[C@@H](C[C@@H]7C8)C[C@@H]8C6)C(OC)=CC=C2OC,C1(C2=CC=CC=C2)=CC=NO1,CC(C)(C)/N=C(N(C)C)/N(C)C,BrC1=CC=C(CC)C=C1,29.29795514
42cf223939ac6d03,FullCV_01,103,CC(C)C(C=C(C(C)C)C=C1C(C)C)=C1C2=C(P(C(C)(C)C)C(C)(C)C)C(OC)=CC=C2OC,CC1=CC=NO1,CN1CCCN2C1=NCCC2,BrC1=CC=C(OC)C=C1,35.46998729
39b1b61c55faeea5,FullCV_01,104,CC(C)C(C=C(C(C)C)C=C1C(C)C)=C1C2=C(P([C@@]3(C[C@@H]4C5)C[C@H](C4)C[C@H]5C3)[C@]6(C7)C[C@@H](C[C@@H]7C8)C[C@@H]8C6)C(OC)=CC=C2OC,CC1=NOC=C1,CN1CCCN2C1=NCCC2,BrC1=CC=C(CC)C=C1,80.68492948
9f7c838943129699,FullCV_01,105,CC(C)C(C=C(C(C)C)C=C1C(C)C)=C1C2=C(P(C(C)(C)C)C(C)(C)C)C(OC)=CC=C2OC,C1(C2=CC=CC=C2)=CON=C1,CN1CCCN2C1=NCCC2,IC1=CC=C(OC)C=C1,36.05750203
3da01339e278fc70,FullCV_01,106,CC(C)C(C=C(C(C)C)C=C1C(C)C)=C1C2=C(P([C@@]3(C[C@@H]4C5)C[C@H](C4)C[C@H]5C3)[C@]6(C7)C[C@@H](C[C@@H]7C8)C[C@@H]8C6)C(OC)=CC=C2OC,CC1=NOC=C1,CN1CCCN2C1=NCCC2,BrC1=CC=C(C(F)(F)F)C=C1,49.15372199
d097eff9cc673312,FullCV_01,107,CC(C)C(C=C(C(C)C)C=C1C(C)C)=C1C2=C(P(C3CCCCC3)C4CCCCC4)C=CC=C2,CC1=CC(C)=NO1,CN1CCCN2C1=NCCC2,BrC1=CC=C(C(F)(F)F)C=C1,25.0144043
b6cccaa74c733603,FullCV_01,108,CC(C)C(C=C(C(C)C)C=C1C(C)C)=C1C2=C(P([C@@]3(C[C@@H]4C5)C[C@H](C4)C[C@H]5C3)[C@]6(C7)C[C@@H](C[C@@H]7C8)C[C@@H]8C6)C(OC)=CC=C2OC,C12=C(C=CC=C2)ON=C1,CC(C)(C)/N=C(N(C)C)/N(C)C,IC1=CC=C(C(F)(F)F)C=C1,30.77223842
16918f489c9f38e4,FullCV_01,109,CC(C)C(C=C(C(C)C)C=C1C(C)C)=C1C2=C(P([C@@]3(C[C@@H]4C5)C[C@H](C4)C[C@H]5C3)[C@]6(C7)C[C@@H](C[C@@H]7C8)C[C@@H]8C6)C(OC)=CC=C2OC,COC1=NOC(C(OCC)=O)=C1,CN(C)P(N(C)C)(N(C)C)=NP(N(C)C)(N(C)C)=NCC,IC1=CC=C(CC)C=C1,69.97034068
0b27cb0860e085a3,FullCV_01,110,CC(C)C(C=C(C(C)C)C=C1C(C)C)=C1C2=C(P(C3CCCCC3)C4CCCCC4)C=CC=C2,O=C(OC)C1=CC=NO1,CN(C)P(N(C)C)(N(C)C)=NP(N(C)C)(N(C)C)=NCC,IC1=CN=CC=C1,8.546147234
a2e1fd2a256aba7b,FullCV_01,111,CC(C)C(C=C(C(C)C)C=C1C(C)C)=C1C2=C(P(C3CCCCC3)C4CCCCC4)C=CC=C2,C1(C2=CC=CC=C2)=CON=C1,CN1CCCN2C1=NCCC2,ClC1=NC=CC=C1,15.69796379
a22d46f74547ecc8,FullCV_01,112,CC(C)C(C=C(C(C)C)C=C1C(C)C)=C1C2=C(P([C@@]3(C[C@@H]4C5)C[C@H](C4)C[C@H]5C3)[C@]6(C7)C[C@@H](C[C@@H]7C8)C[C@@H]8C6)C(OC)=CC=C2OC,C12=C(C=CC=C2)ON=C1,CC(C)(C)/N=C(N(C)C)/N(C)C,BrC1=CC=C(C(F)(F)F)C=C1,19.31180946
5280bff5d3774e6b,FullCV_01,113,CC(C)C(C=C(C(C)C)C=C1C(C)C)=C1C2=C(P(C3CCCCC3)C4CCCCC4)C=CC=C2,CC1=CC=NO1,CC(C)(C)/N=C(N(C)C)/N(C)C,BrC1=CC=C(OC)C=C1,9.043513945
508bd19c473bcc70,FullCV_01,114,CC(C)C(C=C(C(C)C)C=C1C(C)C)=C1C2=C(P([C@@]3(C[C@@H]4C5)C[C@H](C4)C[C@H]5C3)[C@]6(C7)C[C@@H](C[C@@H]7C8)C[C@@H]8C6)C(OC)=CC=C2OC,C12=C(C=CC=C2)ON=C1,CN1CCCN2C1=NCCC2,IC1=NC=CC=C1,80.80959568
f652630d50e5ba44,FullCV_01,115,CC(C)C(C=C(C(C)C)C=C1C(C)C)=C1C2=C(P([C@@]3(C[C@@H]4C5)C[C@H](C4)C[C@H]5C3)[C@]6(C7)C[C@@H](C[C@@H]7C8)C[C@@H]8C6)C(OC)=CC=C2OC,C1(N(CC2=CC=CC=C2)CC3=CC=CC=C3)=NOC=C1,CN1CCCN2C1=NCCC2,IC1=CC=C(OC)C=C1,68.2481271
10748ab40e51ed75,FullCV_01,116,CC(C)C(C=C(C(C)C)C=C1C(C)C)=C1C2=C(P(C(C)(C)C)C(C)(C)C)C=CC=C2,CC1=NOC(C2=CC=CC=C2)=C1,CN1CCCN2C1=NCCC2,IC1=CC=C(CC)C=C1,68.71737558
077394425a7f7878,FullCV_01,117,CC(C)C(C=C(C(C)C)C=C1C(C)C)=C1C2=C(P(C(C)(C)C)C(C)(C)C)C=CC=C2,CC1=CC(C)=NO1,CN1CCCN2C1=NCCC2,IC1=NC=CC=C1,83.65366275
c19b6c874f029f6a,FullCV_01,118,CC(C)C(C=C(C(C)C)C=C1C(C)C)=C1C2=C(P(C(C)(C)C)C(C)(C)C)C(OC)=CC=C2OC,CCOC(C1=CON=C1)=O,CN(C)P(N(C)C)(N(C)C)=NP(N(C)C)(N(C)C)=NCC,BrC1=CC=C(C(F)(F)F)C=C1,5.992320527
c445fc32aaca1e1f,FullCV_01,119,CC(C)C(C=C(C(C)C)C=C1C(C)C)=C1C2=C(P(C(C)(C)C)C(C)(C)C)C=CC=C2,CC1=CC(C(OCC)=O)=NO1,CN1CCCN2C1=NCCC2,BrC1=CC=C(CC)C=C1,78.80108905
3b6d925005ed6cab,FullCV_01,120,CC(C)C(C=C(C(C)C)C=C1C(C)C)=C1C2=C(P(C3CCCCC3)C4CCCCC4)C=CC=C2,C1(N(CC2=CC=CC=C2)CC3=CC=CC=C3)=CC=NO1,CC(C)(C)/N=C(N(C)C)/N(C)C,IC1=CC=C(C(F)(F)F)C=C1,32.01377764
6520a170a9d4e209,FullCV_01,121,CC(C)C(C=C(C(C)C)C=C1C(C)C)=C1C2=C(P(C(C)(C)C)C(C)(C)C)C=CC=C2,CC1=NOC(C(OCC)=O)=C1,CN1CCCN2C1=NCCC2,ClC1=CC=C(C(F)(F)F)C=C1,7.782359234
4de2572d3bb523c1,FullCV_01,122,CC(C)C(C=C(C(C)C)C=C1C(C)C)=C1C2=C(P(C(C)(C)C)C(C)(C)C)C(OC)=CC=C2OC,CC1=NOC(C2=CC=CC=C2)=C1,CN(C)P(N(C)C)(N(C)C)=NP(N(C)C)(N(C)C)=NCC,ClC1=CC=C(C(F)(F)F)C=C1,1.222906926
987b8b2b5a6e2fb2,FullCV_01,123,CC(C)C(C=C(C(C)C)C=C1C(C)C)=C1C2=C(P(C(C)(C)C)C(C)(C)C)C(OC)=CC=C2OC,C12=C(C=CC=C2)ON=C1,CC(C)(C)/N=C(N(C)C)/N(C)C,ClC1=CC=C(C(F)(F)F)C=C1,16.10027076
48aff3bee0a5670a,FullCV_01,124,CC(C)C(C=C(C(C)C)C=C1C(C)C)=C1C2=C(P(C(C)(C)C)C(C)(C)C)C=CC=C2,CC1=C(C(OCC)=O)C=NO1,CC(C)(C)/N=C(N(C)C)/N(C)C,ClC1=CC=C(OC)C=C1,0.0
b7c6ec29cadb99ba,FullCV_01,125,CC(C)C(C=C(C(C)C)C=C1C(C)C)=C1C2=C(P(C3CCCCC3)C4CCCCC4)C=CC=C2,O=C(OC)C1=CC=NO1,CC(C)(C)/N=C(N(C)C)/N(C)C,ClC1=CC=C(CC)C=C1,0.0
4debb8ffaff07f15,FullCV_01,126,CC(C)C(C=C(C(C)C)C=C1C(C)C)=C1C2=C(P(C3CCCCC3)C4CCCCC4)C=CC=C2,CC1=C(C(OCC)=O)C=NO1,CC(C)(C)/N=C(N(C)C)/N(C)C,IC1=CC=C(C(F)(F)F)C=C1,19.55154349
b6125cdd12a617fc,FullCV_01,127,CC(C)C(C=C(C(C)C)C=C1C(C)C)=C1C2=C(P(C(C)(C)C)C(C)(C)C)C(OC)=CC=C2OC,FC(C=CC=C1F)=C1C2=CC=NO2,CC(C)(C)/N=C(N(C)C)/N(C)C,ClC1=NC=CC=C1,32.57727167
85e95e4adddf58b7,FullCV_01,128,CC(C)C(C=C(C(C)C)C=C1C(C)C)=C1C2=C(P(C3CCCCC3)C4CCCCC4)C=CC=C2,FC(C=CC=C1F)=C1C2=CC=NO2,CN(C)P(N(C)C)(N(C)C)=NP(N(C)C)(N(C)C)=NCC,IC1=CC=C(C(F)(F)F)C=C1,15.9216391
32e4f84e1218b46e,FullCV_01,129,CC(C)C(C=C(C(C)C)C=C1C(C)C)=C1C2=C(P(C3CCCCC3)C4CCCCC4)C=CC=C2,C12=CON=C1C=CC=C2,CN1CCCN2C1=NCCC2,BrC1=CC=C(OC)C=C1,0.0
65ca59a3d123bbbf,FullCV_01,130,CC(C)C(C=C(C(C)C)C=C1C(C)C)=C1C2=C(P([C@@]3(C[C@@H]4C5)C[C@H](C4)C[C@H]5C3)[C@]6(C7)C[C@@H](C[C@@H]7C8)C[C@@H]8C6)C(OC)=CC=C2OC,CC1=CC(C)=NO1,CN(C)P(N(C)C)(N(C)C)=NP(N(C)C)(N(C)C)=NCC,ClC1=CC=C(C(F)(F)F)C=C1,1.831351486
bfd049ab10cb2676,FullCV_01,131,CC(C)C(C=C(C(C)C)C=C1C(C)C)=C1C2=C(P(C(C)(C)C)C(C)(C)C)C(OC)=CC=C2OC,CC1=CC(C(OCC)=O)=NO1,CC(C)(C)/N=C(N(C)C)/N(C)C,IC1=CC=C(C(F)(F)F)C=C1,47.5989822
cd5276dfad806773,FullCV_01,132,CC(C)C(C=C(C(C)C)C=C1C(C)C)=C1C2=C(P([C@@]3(C[C@@H]4C5)C[C@H](C4)C[C@H]5C3)[C@]6(C7)C[C@@H](C[C@@H]7C8)C[C@@H]8C6)C(OC)=CC=C2OC,CC1=NOC=C1,CN1CCCN2C1=NCCC2,ClC1=CC=C(CC)C=C1,0.968826586
d3a4df70fc964c57,FullCV_01,133,CC(C)C(C=C(C(C)C)C=C1C(C)C)=C1C2=C(P(C(C)(C)C)C(C)(C)C)C(OC)=CC=C2OC,C12=C(C=CC=C2)ON=C1,CC(C)(C)/N=C(N(C)C)/N(C)C,IC1=CC=C(OC)C=C1,18.20662132
0fab284e2b259ec7,FullCV_01,134,CC(C)C(C=C(C(C)C)C=C1C(C)C)=C1C2=C(P(C(C)(C)C)C(C)(C)C)C=CC=C2,CC1=NOC(C2=CC=CC=C2)=C1,CN1CCCN2C1=NCCC2,ClC1=CC=C(CC)C=C1,3.864236463
c38b99d64c140511,FullCV_01,135,CC(C)C(C=C(C(C)C)C=C1C(C)C)=C1C2=C(P([C@@]3(C[C@@H]4C5)C[C@H](C4)C[C@H]5C3)[C@]6(C7)C[C@@H](C[C@@H]7C8)C[C@@H]8C6)C(OC)=CC=C2OC,CCOC(C1=CON=C1)=O,CC(C)(C)/N=C(N(C)C)/N(C)C,IC1=CC=C(C(F)(F)F)C=C1,1.896181594
3edda6e14de992ac,FullCV_01,136,CC(C)C(C=C(C(C)C)C=C1C(C)C)=C1C2=C(P(C(C)(C)C)C(C)(C)C)C(OC)=CC=C2OC,O=C(OC)C1=NOC(C2=CC=CS2)=C1,CN1CCCN2C1=NCCC2,ClC1=CN=CC=C1,1.957264533
70e426698858d9e4,FullCV_01,137,CC(C)C(C=C(C(C)C)C=C1C(C)C)=C1C2=C(P(C3CCCCC3)C4CCCCC4)C=CC=C2,CCOC(C1=NOC=C1)=O,CC(C)(C)/N=C(N(C)C)/N(C)C,ClC1=CN=CC=C1,11.67138777
e81f30388b81f7a5,FullCV_01,138,CC(C)C(C=C(C(C)C)C=C1C(C)C)=C1C2=C(P(C(C)(C)C)C(C)(C)C)C=CC=C2,CC1=CC(N2C=CC=C2)=NO1,CC(C)(C)/N=C(N(C)C)/N(C)C,IC1=CC=C(CC)C=C1,59.48668549
ca9cb360daa11a16,FullCV_01,139,CC(C)C(C=C(C(C)C)C=C1C(C)C)=C1C2=C(P([C@@]3(C[C@@H]4C5)C[C@H](C4)C[C@H]5C3)[C@]6(C7)C[C@@H](C[C@@H]7C8)C[C@@H]8C6)C(OC)=CC=C2OC,C1(C2=CC=CC=C2)=CON=C1,CN(C)P(N(C)C)(N(C)C)=NP(N(C)C)(N(C)C)=NCC,IC1=CC=C(OC)C=C1,16.72117045
53c1721b312491d2,FullCV_01,140,CC(C)C(C=C(C(C)C)C=C1C(C)C)=C1C2=C(P([C@@]3(C[C@@H]4C5)C[C@H](C4)C[C@H]5C3)[C@]6(C7)C[C@@H](C[C@@H]7C8)C[C@@H]8C6)C(OC)=CC=C2OC,CC1=C(C(OCC)=O)C=NO1,CN1CCCN2C1=NCCC2,ClC1=CC=C(CC)C=C1,0.954745242
5b61fe963da3b754,FullCV_01,141,CC(C)C(C=C(C(C)C)C=C1C(C)C)=C1C2=C(P(C3CCCCC3)C4CCCCC4)C=CC=C2,CCOC(C1=CON=C1)=O,CN(C)P(N(C)C)(N(C)C)=NP(N(C)C)(N(C)C)=NCC,BrC1=NC=CC=C1,0.0
06ea3f2421775ef9,FullCV_01,142,CC(C)C(C=C(C(C)C)C=C1C(C)C)=C1C2=C(P(C3CCCCC3)C4CCCCC4)C=CC=C2,C1(C2=CC=CC=C2)=NOC=C1,CN1CCCN2C1=NCCC2,IC1=NC=CC=C1,63.62909921
e3560a0558903500,FullCV_01,143,CC(C)C(C=C(C(C)C)C=C1C(C)C)=C1C2=C(P(C(C)(C)C)C(C)(C)C)C=CC=C2,CCOC(C1=CON=C1)=O,CN(C)P(N(C)C)(N(C)C)=NP(N(C)C)(N(C)C)=NCC,ClC1=CN=CC=C1,1.309393322
5b64230fa5db9e7c,FullCV_01,144,CC(C)C(C=C(C(C)C)C=C1C(C)C)=C1C2=C(P(C(C)(C)C)C(C)(C)C)C(OC)=CC=C2OC,C1(C2=CC=CC=C2)=CON=C1,CC(C)(C)/N=C(N(C)C)/N(C)C,BrC1=CC=C(CC)C=C1,36.54381967
8047e7cfe1507c48,FullCV_01,145,CC(C)C(C=C(C(C)C)C=C1C(C)C)=C1C2=C(P(C(C)(C)C)C(C)(C)C)C=CC=C2,O=C(OC)C1=CC=NO1,CC(C)(C)/N=C(N(C)C)/N(C)C,IC1=CN=CC=C1,49.89638876
276f89cef34a8ca8,FullCV_01,146,CC(C)C(C=C(C(C)C)C=C1C(C)C)=C1C2=C(P(C3CCCCC3)C4CCCCC4)C=CC=C2,C1(C2=CC=CC=C2)=CC=NO1,CN(C)P(N(C)C)(N(C)C)=NP(N(C)C)(N(C)C)=NCC,ClC1=CC=C(CC)C=C1,7.802080337
d2782fc1d3465073,FullCV_01,147,CC(C)C(C=C(C(C)C)C=C1C(C)C)=C1C2=C(P(C3CCCCC3)C4CCCCC4)C=CC=C2,CC1=CC(C(OCC)=O)=NO1,CN(C)P(N(C)C)(N(C)C)=NP(N(C)C)(N(C)C)=NCC,ClC1=NC=CC=C1,22.61165831
d17f24b851a7311b,FullCV_01,148,CC(C)C(C=C(C(C)C)C=C1C(C)C)=C1C2=C(P([C@@]3(C[C@@H]4C5)C[C@H](C4)C[C@H]5C3)[C@]6(C7)C[C@@H](C[C@@H]7C8)C[C@@H]8C6)C(OC)=CC=C2OC,CCOC(C1=NOC=C1)=O,CN(C)P(N(C)C)(N(C)C)=NP(N(C)C)(N(C)C)=NCC,BrC1=CN=CC=C1,0.0
f9d83090316c8f42,FullCV_01,149,CC(C)C(C=C(C(C)C)C=C1C(C)C)=C1C2=C(P(C(C)(C)C)C(C)(C)C)C(OC)=CC=C2OC,C1(C2=CC=CC=C2)=CC=NO1,CN(C)P(N(C)C)(N(C)C)=NP(N(C)C)(N(C)C)=NCC,BrC1=CC=C(CC)C=C1,19.47378974
805f7866c9bf4c10,FullCV_01,150,CC(C)C(C=C(C(C)C)C=C1C(C)C)=C1C2=C(P(C3CCCCC3)C4CCCCC4)C=CC=C2,CC1=CC(C)=NO1,CC(C)(C)/N=C(N(C)C)/N(C)C,IC1=CN=CC=C1,35.92744664
ed0e43a7b9e6ddc6,FullCV_01,151,CC(C)C(C=C(C(C)C)C=C1C(C)C)=C1C2=C(P(C(C)(C)C)C(C)(C)C)C=CC=C2,O=C(OC)C1=NOC(C2=CC=CS2)=C1,CN1CCCN2C1=NCCC2,ClC1=CN=CC=C1,7.182520972
de1c0179df03c8a4,FullCV_01,152,CC(C)C(C=C(C(C)C)C=C1C(C)C)=C1C2=C(P(C(C)(C)C)C(C)(C)C)C=CC=C2,CC1=C(C(OCC)=O)C=NO1,CN(C)P(N(C)C)(N(C)C)=NP(N(C)C)(N(C)C)=NCC,BrC1=CN=CC=C1,21.37540077
e39ee5003d96493b,FullCV_01,153,CC(C)C(C=C(C(C)C)C=C1C(C)C)=C1C2=C(P(C(C)(C)C)C(C)(C)C)C(OC)=CC=C2OC,C1(N(CC2=CC=CC=C2)CC3=CC=CC=C3)=CC=NO1,CN1CCCN2C1=NCCC2,BrC1=CC=C(CC)C=C1,62.86856054
ecf249cd474fb16c,FullCV_01,154,CC(C)C(C=C(C(C)C)C=C1C(C)C)=C1C2=C(P([C@@]3(C[C@@H]4C5)C[C@H](C4)C[C@H]5C3)[C@]6(C7)C[C@@H](C[C@@H]7C8)C[C@@H]8C6)C(OC)=CC=C2OC,C1(N(CC2=CC=CC=C2)CC3=CC=CC=C3)=NOC=C1,CN(C)P(N(C)C)(N(C)C)=NP(N(C)C)(N(C)C)=NCC,BrC1=NC=CC=C1,75.95426954
59dc08c30ea13338,FullCV_01,155,CC(C)C(C=C(C(C)C)C=C1C(C)C)=C1C2=C(P(C(C)(C)C)C(C)(C)C)C(OC)=CC=C2OC,FC(C=CC=C1F)=C1C2=CC=NO2,CN(C)P(N(C)C)(N(C)C)=NP(N(C)C)(N(C)C)=NCC,IC1=CC=C(OC)C=C1,14.72607829
ff470108f51ccffb,FullCV_01,156,CC(C)C(C=C(C(C)C)C=C1C(C)C)=C1C2=C(P(C(C)(C)C)C(C)(C)C)C(OC)=CC=C2OC,C1(N(CC2=CC=CC=C2)CC3=CC=CC=C3)=CC=NO1,CN1CCCN2C1=NCCC2,IC1=CC=C(CC)C=C1,72.345187
9fcdd9d8480222dd,FullCV_01,157,CC(C)C(C=C(C(C)C)C=C1C(C)C)=C1C2=C(P(C(C)(C)C)C(C)(C)C)C(OC)=CC=C2OC,CCOC(C1=CON=C1)=O,CN1CCCN2C1=NCCC2,BrC1=CC=C(CC)C=C1,30.87951231
a5fe1b1fe2aadddc,FullCV_01,158,CC(C)C(C=C(C(C)C)C=C1C(C)C)=C1C2=C(P([C@@]3(C[C@@H]4C5)C[C@H](C4)C[C@H]5C3)[C@]6(C7)C[C@@H](C[C@@H]7C8)C[C@@H]8C6)C(OC)=CC=C2OC,C12=CON=C1C=CC=C2,CN1CCCN2C1=NCCC2,BrC1=CN=CC=C1,14.39054676
ecaf759885f0a466,FullCV_01,159,CC(C)C(C=C(C(C)C)C=C1C(C)C)=C1C2=C(P(C(C)(C)C)C(C)(C)C)C(OC)=CC=C2OC,CC1=CC=NO1,CC(C)(C)/N=C(N(C)C)/N(C)C,IC1=CC=C(C(F)(F)F)C=C1,35.59381518
e17efc4ae544ad30,FullCV_01,160,CC(C)C(C=C(C(C)C)C=C1C(C)C)=C1C2=C(P(C(C)(C)C)C(C)(C)C)C(OC)=CC=C2OC,CC1=CC=NO1,CN(C)P(N(C)C)(N(C)C)=NP(N(C)C)(N(C)C)=NCC,IC1=NC=CC=C1,39.75657581
9ad62793c57aa3a9,FullCV_01,161,CC(C)C(C=C(C(C)C)C=C1C(C)C)=C1C2=C(P(C3CCCCC3)C4CCCCC4)C=CC=C2,O=C(OC)C1=NOC(C2=CC=CS2)=C1,CN(C)P(N(C)C)(N(C)C)=NP(N(C)C)(N(C)C)=NCC,ClC1=CC=C(CC)C=C1,0.566845941
04c2b8644cceda37,FullCV_01,162,CC(C)C(C=C(C(C)C)C=C1C(C)C)=C1C2=C(P(C(C)(C)C)C(C)(C)C)C(OC)=CC=C2OC,O=C(OC)C1=CC=NO1,CN1CCCN2C1=NCCC2,BrC1=CN=CC=C1,45.52509107
0ec9394c52b0a490,FullCV_01,163,CC(C)C(C=C(C(C)C)C=C1C(C)C)=C1C2=C(P(C3CCCCC3)C4CCCCC4)C=CC=C2,CC1=C(C(OCC)=O)C=NO1,CN1CCCN2C1=NCCC2,IC1=CN=CC=C1,26.7561311
ae1f9522f4a7b849,FullCV_01,164,CC(C)C(C=C(C(C)C)C=C1C(C)C)=C1C2=C(P(C(C)(C)C)C(C)(C)C)C(OC)=CC=C2OC,O=C(OC)C1=NOC(C2=CC=CO2)=C1,CN(C)P(N(C)C)(N(C)C)=NP(N(C)C)(N(C)C)=NCC,ClC1=CC=C(OC)C=C1,0.0
d0b690f41aa627d4,FullCV_01,165,CC(C)C(C=C(C(C)C)C=C1C(C)C)=C1C2=C(P(C3CCCCC3)C4CCCCC4)C=CC=C2,C1(N(CC2=CC=CC=C2)CC3=CC=CC=C3)=NOC=C1,CC(C)(C)/N=C(N(C)C)/N(C)C,IC1=CC=C(C(F)(F)F)C=C1,42.94679968
b4bf62621e6f5182,FullCV_01,166,CC(C)C(C=C(C(C)C)C=C1C(C)C)=C1C2=C(P(C(C)(C)C)C(C)(C)C)C(OC)=CC=C2OC,CCOC(C1=CON=C1)=O,CN(C)P(N(C)C)(N(C)C)=NP(N(C)C)(N(C)C)=NCC,BrC1=CC=C(CC)C=C1,13.59760256
a8002da6d42bb723,FullCV_01,167,CC(C)C(C=C(C(C)C)C=C1C(C)C)=C1C2=C(P(C(C)(C)C)C(C)(C)C)C(OC)=CC=C2OC,CC1=C(C(OCC)=O)C=NO1,CN(C)P(N(C)C)(N(C)C)=NP(N(C)C)(N(C)C)=NCC,ClC1=CC=C(OC)C=C1,1.03540736
76d9ba810b5a734a,FullCV_01,168,CC(C)C(C=C(C(C)C)C=C1C(C)C)=C1C2=C(P(C3CCCCC3)C4CCCCC4)C=CC=C2,CC1=NOC=C1,CN(C)P(N(C)C)(N(C)C)=NP(N(C)C)(N(C)C)=NCC,BrC1=CC=C(CC)C=C1,64.27233548
e67885ba7ef12349,FullCV_01,169,CC(C)C(C=C(C(C)C)C=C1C(C)C)=C1C2=C(P(C(C)(C)C)C(C)(C)C)C(OC)=CC=C2OC,C12=CON=C1C=CC=C2,CC(C)(C)/N=C(N(C)C)/N(C)C,ClC1=CN=CC=C1,0.0
c1eed0dc6bf7b196,FullCV_01,170,CC(C)C(C=C(C(C)C)C=C1C(C)C)=C1C2=C(P(C(C)(C)C)C(C)(C)C)C=CC=C2,C1(N(CC2=CC=CC=C2)CC3=CC=CC=C3)=NOC=C1,CN1CCCN2C1=NCCC2,BrC1=CC=C(CC)C=C1,69.07936453
bc5a09ef46390934,FullCV_01,171,CC(C)C(C=C(C(C)C)C=C1C(C)C)=C1C2=C(P(C3CCCCC3)C4CCCCC4)C=CC=C2,C1(C2=CC=CC=C2)=NOC=C1,CN1CCCN2C1=NCCC2,IC1=CC=C(CC)C=C1,58.95423439
e15959fdd50bcef0,FullCV_01,172,CC(C)C(C=C(C(C)C)C=C1C(C)C)=C1C2=C(P([C@@]3(C[C@@H]4C5)C[C@H](C4)C[C@H]5C3)[C@]6(C7)C[C@@H](C[C@@H]7C8)C[C@@H]8C6)C(OC)=CC=C2OC,C12=CON=C1C=CC=C2,CN1CCCN2C1=NCCC2,ClC1=CC=C(CC)C=C1,0.0
0a101f5bef6e2095,FullCV_01,173,CC(C)C(C=C(C(C)C)C=C1C(C)C)=C1C2=C(P([C@@]3(C[C@@H]4C5)C[C@H](C4)C[C@H]5C3)[C@]6(C7)C[C@@H](C[C@@H]7C8)C[C@@H]8C6)C(OC)=CC=C2OC,FC(C=CC=C1F)=C1C2=CC=NO2,CN1CCCN2C1=NCCC2,ClC1=CC=C(C(F)(F)F)C=C1,7.949590254
73a9442a12bc5ceb,FullCV_01,174,CC(C)C(C=C(C(C)C)C=C1C(C)C)=C1C2=C(P(C3CCCCC3)C4CCCCC4)C=CC=C2,CC1=NOC(C(OCC)=O)=C1,CN(C)P(N(C)C)(N(C)C)=NP(N(C)C)(N(C)C)=NCC,BrC1=CC=C(OC)C=C1,29.29817829
4b09b8a514bae00a,FullCV_01,175,CC(C)C(C=C(C(C)C)C=C1C(C)C)=C1C2=C(P([C@@]3(C[C@@H]4C5)C[C@H](C4)C[C@H]5C3)[C@]6(C7)C[C@@H](C[C@@H]7C8)C[C@@H]8C6)C(OC)=CC=C2OC,C1(C2=CC=CC=C2)=NOC=C1,CN1CCCN2C1=NCCC2,IC1=CC=C(CC)C=C1,82.63071562
2cebef9e4f5637c2,FullCV_01,176,CC(C)C(C=C(C(C)C)C=C1C(C)C)=C1C2=C(P(C(C)(C)C)C(C)(C)C)C(OC)=CC=C2OC,O=C(OC)C1=NOC(C2=CC=CO2)=C1,CC(C)(C)/N=C(N(C)C)/N(C)C,ClC1=NC=CC=C1,52.72286451
e1a4dc0cc2fa5533,FullCV_01,177,CC(C)C(C=C(C(C)C)C=C1C(C)C)=C1C2=C(P([C@@]3(C[C@@H]4C5)C[C@H](C4)C[C@H]5C3)[C@]6(C7)C[C@@H](C[C@@H]7C8)C[C@@H]8C6)C(OC)=CC=C2OC,C1(N(CC2=CC=CC=C2)CC3=CC=CC=C3)=CC=NO1,CN1CCCN2C1=NCCC2,BrC1=CC=C(C(F)(F)F)C=C1,31.60555467
ff547b13b4c81e41,FullCV_01,178,CC(C)C(C=C(C(C)C)C=C1C(C)C)=C1C2=C(P(C(C)(C)C)C(C)(C)C)C(OC)=CC=C2OC,C1(N(CC2=CC=CC=C2)CC3=CC=CC=C3)=NOC=C1,CC(C)(C)/N=C(N(C)C)/N(C)C,IC1=CC=C(CC)C=C1,66.51493362
ba4d8ee0241b5309,FullCV_01,179,CC(C)C(C=C(C(C)C)C=C1C(C)C)=C1C2=C(P([C@@]3(C[C@@H]4C5)C[C@H](C4)C[C@H]5C3)[C@]6(C7)C[C@@H](C[C@@H]7C8)C[C@@H]8C6)C(OC)=CC=C2OC,CC1=CC=NO1,CN1CCCN2C1=NCCC2,BrC1=CN=CC=C1,79.68761126
d49bcc66526fc32d,FullCV_01,180,CC(C)C(C=C(C(C)C)C=C1C(C)C)=C1C2=C(P(C3CCCCC3)C4CCCCC4)C=CC=C2,O=C(OC)C1=NOC(C2=CC=CS2)=C1,CN1CCCN2C1=NCCC2,BrC1=CC=C(OC)C=C1,4.191040534
a4bfb9fec9d4b6ad,FullCV_01,181,CC(C)C(C=C(C(C)C)C=C1C(C)C)=C1C2=C(P(C3CCCCC3)C4CCCCC4)C=CC=C2,C1(N(CC2=CC=CC=C2)CC3=CC=CC=C3)=CC=NO1,CN(C)P(N(C)C)(N(C)C)=NP(N(C)C)(N(C)C)=NCC,IC1=CC=C(C(F)(F)F)C=C1,8.373801377
03b32fb94f42bc4f,FullCV_01,182,CC(C)C(C=C(C(C)C)C=C1C(C)C)=C1C2=C(P([C@@]3(C[C@@H]4C5)C[C@H](C4)C[C@H]5C3)[C@]6(C7)C[C@@H](C[C@@H]7C8)C[C@@H]8C6)C(OC)=CC=C2OC,CC1=CC=NO1,CN(C)P(N(C)C)(N(C)C)=NP(N(C)C)(N(C)C)=NCC,ClC1=CC=C(C(F)(F)F)C=C1,1.918248424
f6b01f3c0407d41e,FullCV_01,183,CC(C)C(C=C(C(C)C)C=C1C(C)C)=C1C2=C(P([C@@]3(C[C@@H]4C5)C[C@H](C4)C[C@H]5C3)[C@]6(C7)C[C@@H](C[C@@H]7C8)C[C@@H]8C6)C(OC)=CC=C2OC,CC1=CC=NO1,CC(C)(C)/N=C(N(C)C)/N(C)C,ClC1=CC=C(C(F)(F)F)C=C1,3.399446884
4db9b5ec33a809bf,FullCV_01,184,CC(C)C(C=C(C(C)C)C=C1C(C)C)=C1C2=C(P(C3CCCCC3)C4CCCCC4)C=CC=C2,CC1=CC(C)=NO1,CC(C)(C)/N=C(N(C)C)/N(C)C,BrC1=CC=C(C(F)(F)F)C=C1,30.36311877
6ddee29fb4122b31,FullCV_01,185,CC(C)C(C=C(C(C)C)C=C1C(C)C)=C1C2=C(P(C3CCCCC3)C4CCCCC4)C=CC=C2,CC1=CC(C)=NO1,CN1CCCN2C1=NCCC2,IC1=NC=CC=C1,58.39892185
804a06e51cd30741,FullCV_01,186,CC(C)C(C=C(C(C)C)C=C1C(C)C)=C1C2=C(P(C(C)(C)C)C(C)(C)C)C(OC)=CC=C2OC,CC1=CC(C)=NO1,CN(C)P(N(C)C)(N(C)C)=NP(N(C)C)(N(C)C)=NCC,ClC1=NC=CC=C1,73.53944548
610bf51c16e8233a,FullCV_01,187,CC(C)C(C=C(C(C)C)C=C1C(C)C)=C1C2=C(P(C(C)(C)C)C(C)(C)C)C(OC)=CC=C2OC,CC1=C(C(OCC)=O)C=NO1,CC(C)(C)/N=C(N(C)C)/N(C)C,ClC1=CC=C(CC)C=C1,0.0
36aa050539c3a294,FullCV_01,188,CC(C)C(C=C(C(C)C)C=C1C(C)C)=C1C2=C(P(C(C)(C)C)C(C)(C)C)C=CC=C2,C1(C2=CC=CC=C2)=CC=NO1,CN(C)P(N(C)C)(N(C)C)=NP(N(C)C)(N(C)C)=NCC,ClC1=CN=CC=C1,10.54082024
26aad985a21bb304,FullCV_01,189,CC(C)C(C=C(C(C)C)C=C1C(C)C)=C1C2=C(P(C(C)(C)C)C(C)(C)C)C(OC)=CC=C2OC,CC1=NOC=C1,CN1CCCN2C1=NCCC2,IC1=CC=C(OC)C=C1,43.57558027
63ffd436d8e8a719,FullCV_01,190,CC(C)C(C=C(C(C)C)C=C1C(C)C)=C1C2=C(P(C(C)(C)C)C(C)(C)C)C=CC=C2,CC1=NOC(C2=CC=CC=C2)=C1,CC(C)(C)/N=C(N(C)C)/N(C)C,ClC1=CC=C(OC)C=C1,0.719285108
003ffcade8ab58c6,FullCV_01,191,CC(C)C(C=C(C(C)C)C=C1C(C)C)=C1C2=C(P([C@@]3(C[C@@H]4C5)C[C@H](C4)C[C@H]5C3)[C@]6(C7)C[C@@H](C[C@@H]7C8)C[C@@H]8C6)C(OC)=CC=C2OC,CC1=CC(C)=NO1,CC(C)(C)/N=C(N(C)C)/N(C)C,IC1=NC=CC=C1,46.38749412
172b630b513585ca,FullCV_01,192,CC(C)C(C=C(C(C)C)C=C1C(C)C)=C1C2=C(P(C3CCCCC3)C4CCCCC4)C=CC=C2,COC1=NOC(C(OCC)=O)=C1,CN1CCCN2C1=NCCC2,IC1=NC=CC=C1,62.53548833
823de85615d59fb3,FullCV_01,193,CC(C)C(C=C(C(C)C)C=C1C(C)C)=C1C2=C(P(C3CCCCC3)C4CCCCC4)C=CC=C2,CC1=CC=NO1,CC(C)(C)/N=C(N(C)C)/N(C)C,IC1=CC=C(CC)C=C1,28.15132537
474ee57806aad800,FullCV_01,194,CC(C)C(C=C(C(C)C)C=C1C(C)C)=C1C2=C(P(C3CCCCC3)C4CCCCC4)C=CC=C2,CC1=CC(C(OCC)=O)=NO1,CN(C)P(N(C)C)(N(C)C)=NP(N(C)C)(N(C)C)=NCC,ClC1=CC=C(OC)C=C1,0.948128865
fe33ecbd7fa52495,FullCV_01,195,CC(C)C(C=C(C(C)C)C=C1C(C)C)=C1C2=C(P(C3CCCCC3)C4CCCCC4)C=CC=C2,O=C(OC)C1=CC=NO1,CN(C)P(N(C)C)(N(C)C)=NP(N(C)C)(N(C)C)=NCC,IC1=CC=C(OC)C=C1,4.471163192
a689526b63eea64d,FullCV_01,196,CC(C)C(C=C(C(C)C)C=C1C(C)C)=C1C2=C(P([C@@]3(C[C@@H]4C5)C[C@H](C4)C[C@H]5C3)[C@]6(C7)C[C@@H](C[C@@H]7C8)C[C@@H]8C6)C(OC)=CC=C2OC,O=C(OC)C1=CC=NO1,CC(C)(C)/N=C(N(C)C)/N(C)C,IC1=CC=C(OC)C=C1,24.02218457
b1c8c8e3dca2654b,FullCV_01,197,CC(C)C(C=C(C(C)C)C=C1C(C)C)=C1C2=C(P(C(C)(C)C)C(C)(C)C)C(OC)=CC=C2OC,CC1=CC(C(OCC)=O)=NO1,CN(C)P(N(C)C)(N(C)C)=NP(N(C)C)(N(C)C)=NCC,ClC1=CN=CC=C1,4.497312079
364f12852191d116,FullCV_01,198,CC(C)C(C=C(C(C)C)C=C1C(C)C)=C1C2=C(P([C@@]3(C[C@@H]4C5)C[C@H](C4)C[C@H]5C3)[C@]6(C7)C[C@@H](C[C@@H]7C8)C[C@@H]8C6)C(OC)=CC=C2OC,CC1=CC(C(OCC)=O)=NO1,CN(C)P(N(C)C)(N(C)C)=NP(N(C)C)(N(C)C)=NCC,ClC1=CC=C(OC)C=C1,0.230274449
d1cf0245f559b998,FullCV_01,199,CC(C)C(C=C(C(C)C)C=C1C(C)C)=C1C2=C(P([C@@]3(C[C@@H]4C5)C[C@H](C4)C[C@H]5C3)[C@]6(C7)C[C@@H](C[C@@H]7C8)C[C@@H]8C6)C(OC)=CC=C2OC,O=C(OC)C1=NOC(C2=CC=CO2)=C1,CN(C)P(N(C)C)(N(C)C)=NP(N(C)C)(N(C)C)=NCC,ClC1=CC=C(OC)C=C1,0.0
a4e27cafd2778560,FullCV_01,200,CC(C)C(C=C(C(C)C)C=C1C(C)C)=C1C2=C(P(C(C)(C)C)C(C)(C)C)C=CC=C2,CCOC(C1=CON=C1)=O,CC(C)(C)/N=C(N(C)C)/N(C)C,BrC1=CN=CC=C1,2.39840777
a1bc8336006b482b,FullCV_01,201,CC(C)C(C=C(C(C)C)C=C1C(C)C)=C1C2=C(P(C3CCCCC3)C4CCCCC4)C=CC=C2,C12=CON=C1C=CC=C2,CN(C)P(N(C)C)(N(C)C)=NP(N(C)C)(N(C)C)=NCC,BrC1=NC=CC=C1,11.17697809
fbdf6e2d8aee0635,FullCV_01,202,CC(C)C(C=C(C(C)C)C=C1C(C)C)=C1C2=C(P(C(C)(C)C)C(C)(C)C)C(OC)=CC=C2OC,CC1=C(C(OCC)=O)C=NO1,CN(C)P(N(C)C)(N(C)C)=NP(N(C)C)(N(C)C)=NCC,IC1=CC=C(OC)C=C1,19.46778248
2cf84a47b5cebe38,FullCV_01,203,CC(C)C(C=C(C(C)C)C=C1C(C)C)=C1C2=C(P(C(C)(C)C)C(C)(C)C)C(OC)=CC=C2OC,FC(C=CC=C1F)=C1C2=CC=NO2,CN(C)P(N(C)C)(N(C)C)=NP(N(C)C)(N(C)C)=NCC,IC1=CC=C(CC)C=C1,26.50151753
4b09aeaf1e5a61dd,FullCV_01,204,CC(C)C(C=C(C(C)C)C=C1C(C)C)=C1C2=C(P(C3CCCCC3)C4CCCCC4)C=CC=C2,CCOC(C1=CON=C1)=O,CN1CCCN2C1=NCCC2,ClC1=CC=C(C(F)(F)F)C=C1,16.82018282
a758216da29a344b,FullCV_01,205,CC(C)C(C=C(C(C)C)C=C1C(C)C)=C1C2=C(P([C@@]3(C[C@@H]4C5)C[C@H](C4)C[C@H]5C3)[C@]6(C7)C[C@@H](C[C@@H]7C8)C[C@@H]8C6)C(OC)=CC=C2OC,O=C(OC)C1=NOC(C2=CC=CO2)=C1,CN1CCCN2C1=NCCC2,IC1=CC=C(C(F)(F)F)C=C1,40.21154517
2cd3e36cf3125497,FullCV_01,206,CC(C)C(C=C(C(C)C)C=C1C(C)C)=C1C2=C(P(C3CCCCC3)C4CCCCC4)C=CC=C2,CC1=CC(N2C=CC=C2)=NO1,CN(C)P(N(C)C)(N(C)C)=NP(N(C)C)(N(C)C)=NCC,BrC1=CN=CC=C1,24.97274403
451070f5e1f63cf4,FullCV_01,207,CC(C)C(C=C(C(C)C)C=C1C(C)C)=C1C2=C(P(C3CCCCC3)C4CCCCC4)C=CC=C2,FC(C=CC=C1F)=C1C2=CC=NO2,CC(C)(C)/N=C(N(C)C)/N(C)C,IC1=CC=C(CC)C=C1,13.02243467
8b02da72b7098aec,FullCV_01,208,CC(C)C(C=C(C(C)C)C=C1C(C)C)=C1C2=C(P(C(C)(C)C)C(C)(C)C)C(OC)=CC=C2OC,CC1=NOC=C1,CN(C)P(N(C)C)(N(C)C)=NP(N(C)C)(N(C)C)=NCC,BrC1=CN=CC=C1,0.955483806
b000d61bd68e4167,FullCV_01,209,CC(C)C(C=C(C(C)C)C=C1C(C)C)=C1C2=C(P(C3CCCCC3)C4CCCCC4)C=CC=C2,CC1=CC(C)=NO1,CC(C)(C)/N=C(N(C)C)/N(C)C,ClC1=CC=C(OC)C=C1,0.542497492
c61939d8e3d80700,FullCV_01,210,CC(C)C(C=C(C(C)C)C=C1C(C)C)=C1C2=C(P(C(C)(C)C)C(C)(C)C)C(OC)=CC=C2OC,O=C(OC)C1=NOC(C2=CC=CO2)=C1,CC(C)(C)/N=C(N(C)C)/N(C)C,IC1=NC=CC=C1,61.80067802
d977eac5b755bf0b,FullCV_01,211,CC(C)C(C=C(C(C)C)C=C1C(C)C)=C1C2=C(P([C@@]3(C[C@@H]4C5)C[C@H](C4)C[C@H]5C3)[C@]6(C7)C[C@@H](C[C@@H]7C8)C[C@@H]8C6)C(OC)=CC=C2OC,C1(N(CC2=CC=CC=C2)CC3=CC=CC=C3)=NOC=C1,CC(C)(C)/N=C(N(C)C)/N(C)C,BrC1=CC=C(C(F)(F)F)C=C1,35.94447354
15f338932b89503e,FullCV_01,212,CC(C)C(C=C(C(C)C)C=C1C(C)C)=C1C2=C(P(C(C)(C)C)C(C)(C)C)C(OC)=CC=C2OC,C1(C2=CC=CC=C2)=CC=NO1,CN(C)P(N(C)C)(N(C)C)=NP(N(C)C)(N(C)C)=NCC,ClC1=CC=C(C(F)(F)F)C=C1,7.372693174
f8aa472839f83141,FullCV_01,213,CC(C)C(C=C(C(C)C)C=C1C(C)C)=C1C2=C(P(C(C)(C)C)C(C)(C)C)C(OC)=CC=C2OC,CCOC(C1=NOC=C1)=O,CN(C)P(N(C)C)(N(C)C)=NP(N(C)C)(N(C)C)=NCC,ClC1=NC=CC=C1,1.660025621
f5f52040c16793b8,FullCV_01,214,CC(C)C(C=C(C(C)C)C=C1C(C)C)=C1C2=C(P(C(C)(C)C)C(C)(C)C)C=CC=C2,CC1=NOC(C(OCC)=O)=C1,CN(C)P(N(C)C)(N(C)C)=NP(N(C)C)(N(C)C)=NCC,BrC1=CC=C(CC)C=C1,70.86219062
a665304fdd5fd781,FullCV_01,215,CC(C)C(C=C(C(C)C)C=C1C(C)C)=C1C2=C(P([C@@]3(C[C@@H]4C5)C[C@H](C4)C[C@H]5C3)[C@]6(C7)C[C@@H](C[C@@H]7C8)C[C@@H]8C6)C(OC)=CC=C2OC,CC1=NOC(C2=CC=CC=C2)=C1,CC(C)(C)/N=C(N(C)C)/N(C)C,BrC1=NC=CC=C1,41.28086675
db5e890f86f2276a,FullCV_01,216,CC(C)C(C=C(C(C)C)C=C1C(C)C)=C1C2=C(P(C(C)(C)C)C(C)(C)C)C=CC=C2,CC1=C(C(OCC)=O)C=NO1,CC(C)(C)/N=C(N(C)C)/N(C)C,ClC1=CC=C(C(F)(F)F)C=C1,0.747411772
2b48091555feaa8d,FullCV_01,217,CC(C)C(C=C(C(C)C)C=C1C(C)C)=C1C2=C(P([C@@]3(C[C@@H]4C5)C[C@H](C4)C[C@H]5C3)[C@]6(C7)C[C@@H](C[C@@H]7C8)C[C@@H]8C6)C(OC)=CC=C2OC,CC1=CC(C(OCC)=O)=NO1,CN1CCCN2C1=NCCC2,IC1=CC=C(OC)C=C1,55.01223205
f7cbf0af21cf6acf,FullCV_01,218,CC(C)C(C=C(C(C)C)C=C1C(C)C)=C1C2=C(P(C3CCCCC3)C4CCCCC4)C=CC=C2,CC1=CC(C)=NO1,CC(C)(C)/N=C(N(C)C)/N(C)C,BrC1=CC=C(OC)C=C1,14.09805788
43d600a33932f9e1,FullCV_01,219,CC(C)C(C=C(C(C)C)C=C1C(C)C)=C1C2=C(P(C(C)(C)C)C(C)(C)C)C(OC)=CC=C2OC,CC1=NOC=C1,CN1CCCN2C1=NCCC2,ClC1=CC=C(OC)C=C1,0.354218547
dbe74743453a93b8,FullCV_01,220,CC(C)C(C=C(C(C)C)C=C1C(C)C)=C1C2=C(P(C3CCCCC3)C4CCCCC4)C=CC=C2,C12=CON=C1C=CC=C2,CC(C)(C)/N=C(N(C)C)/N(C)C,IC1=CC=C(C(F)(F)F)C=C1,23.70536277
2ca21e345b791dd3,FullCV_01,221,CC(C)C(C=C(C(C)C)C=C1C(C)C)=C1C2=C(P(C(C)(C)C)C(C)(C)C)C(OC)=CC=C2OC,CCOC(C1=NOC=C1)=O,CN1CCCN2C1=NCCC2,BrC1=CC=C(CC)C=C1,79.8902752
1c7f0040b4d8d407,FullCV_01,222,CC(C)C(C=C(C(C)C)C=C1C(C)C)=C1C2=C(P(C(C)(C)C)C(C)(C)C)C(OC)=CC=C2OC,FC(C=CC=C1F)=C1C2=CC=NO2,CN(C)P(N(C)C)(N(C)C)=NP(N(C)C)(N(C)C)=NCC,ClC1=CC=C(CC)C=C1,12.28165388
b8dd40e12d33f827,FullCV_01,223,CC(C)C(C=C(C(C)C)C=C1C(C)C)=C1C2=C(P([C@@]3(C[C@@H]4C5)C[C@H](C4)C[C@H]5C3)[C@]6(C7)C[C@@H](C[C@@H]7C8)C[C@@H]8C6)C(OC)=CC=C2OC,CC1=NOC(C(OCC)=O)=C1,CC(C)(C)/N=C(N(C)C)/N(C)C,ClC1=CC=C(C(F)(F)F)C=C1,2.256359852
bfc2cdca462f049c,FullCV_01,224,CC(C)C(C=C(C(C)C)C=C1C(C)C)=C1C2=C(P(C(C)(C)C)C(C)(C)C)C=CC=C2,FC(C=CC=C1F)=C1C2=CC=NO2,CN1CCCN2C1=NCCC2,ClC1=CN=CC=C1,33.50615076
8f7fc6cf1e87d20c,FullCV_01,225,CC(C)C(C=C(C(C)C)C=C1C(C)C)=C1C2=C(P([C@@]3(C[C@@H]4C5)C[C@H](C4)C[C@H]5C3)[C@]6(C7)C[C@@H](C[C@@H]7C8)C[C@@H]8C6)C(OC)=CC=C2OC,CC1=C(C(OCC)=O)C=NO1,CN1CCCN2C1=NCCC2,BrC1=CC=C(CC)C=C1,43.35191306
4ebb875641f994a3,FullCV_01,226,CC(C)C(C=C(C(C)C)C=C1C(C)C)=C1C2=C(P(C(C)(C)C)C(C)(C)C)C(OC)=CC=C2OC,C1(N(CC2=CC=CC=C2)CC3=CC=CC=C3)=CC=NO1,CC(C)(C)/N=C(N(C)C)/N(C)C,ClC1=CC=C(CC)C=C1,6.312401384
7afc977644701aae,FullCV_01,227,CC(C)C(C=C(C(C)C)C=C1C(C)C)=C1C2=C(P(C(C)(C)C)C(C)(C)C)C=CC=C2,CC1=CC(N2C=CC=C2)=NO1,CC(C)(C)/N=C(N(C)C)/N(C)C,IC1=CN=CC=C1,62.65745672
b9e03099dd0a9748,FullCV_01,228,CC(C)C(C=C(C(C)C)C=C1C(C)C)=C1C2=C(P([C@@]3(C[C@@H]4C5)C[C@H](C4)C[C@H]5C3)[C@]6(C7)C[C@@H](C[C@@H]7C8)C[C@@H]8C6)C(OC)=CC=C2OC,C1(N(CC2=CC=CC=C2)CC3=CC=CC=C3)=NOC=C1,CC(C)(C)/N=C(N(C)C)/N(C)C,BrC1=CN=CC=C1,60.49224443
5b0a8e1da80345e6,FullCV_01,229,CC(C)C(C=C(C(C)C)C=C1C(C)C)=C1C2=C(P([C@@]3(C[C@@H]4C5)C[C@H](C4)C[C@H]5C3)[C@]6(C7)C[C@@H](C[C@@H]7C8)C[C@@H]8C6)C(OC)=CC=C2OC,CC1=NOC=C1,CC(C)(C)/N=C(N(C)C)/N(C)C,BrC1=CC=C(C(F)(F)F)C=C1,45.92980056
12c100731642b650,FullCV_01,230,CC(C)C(C=C(C(C)C)C=C1C(C)C)=C1C2=C(P(C(C)(C)C)C(C)(C)C)C(OC)=CC=C2OC,CC1=CC(C)=NO1,CC(C)(C)/N=C(N(C)C)/N(C)C,IC1=CC=C(CC)C=C1,65.19833527
b792795de0ed0b47,FullCV_01,231,CC(C)C(C=C(C(C)C)C=C1C(C)C)=C1C2=C(P([C@@]3(C[C@@H]4C5)C[C@H](C4)C[C@H]5C3)[C@]6(C7)C[C@@H](C[C@@H]7C8)C[C@@H]8C6)C(OC)=CC=C2OC,CC1=CC(N2C=CC=C2)=NO1,CN1CCCN2C1=NCCC2,BrC1=CC=C(CC)C=C1,69.84952946
890bbec82d682769,FullCV_01,232,CC(C)C(C=C(C(C)C)C=C1C(C)C)=C1C2=C(P(C(C)(C)C)C(C)(C)C)C=CC=C2,CC1=CC(C)=NO1,CC(C)(C)/N=C(N(C)C)/N(C)C,ClC1=NC=CC=C1,57.84627264
fcfd7ec161403934,FullCV_01,233,CC(C)C(C=C(C(C)C)C=C1C(C)C)=C1C2=C(P(C(C)(C)C)C(C)(C)C)C(OC)=CC=C2OC,C12=C(C=CC=C2)ON=C1,CN1CCCN2C1=NCCC2,ClC1=CC=C(CC)C=C1,13.45243807
03729e4d445dedb5,FullCV_01,234,CC(C)C(C=C(C(C)C)C=C1C(C)C)=C1C2=C(P([C@@]3(C[C@@H]4C5)C[C@H](C4)C[C@H]5C3)[C@]6(C7)C[C@@H](C[C@@H]7C8)C[C@@H]8C6)C(OC)=CC=C2OC,O=C(OC)C1=NOC(C2=CC=CO2)=C1,CN(C)P(N(C)C)(N(C)C)=NP(N(C)C)(N(C)C)=NCC,IC1=NC=CC=C1,72.26820117
5cf4a4dec74243a3,FullCV_01,235,CC(C)C(C=C(C(C)C)C=C1C(C)C)=C1C2=C(P([C@@]3(C[C@@H]4C5)C[C@H](C4)C[C@H]5C3)[C@]6(C7)C[C@@H](C[C@@H]7C8)C[C@@H]8C6)C(OC)=CC=C2OC,O=C(OC)C1=NOC(C2=CC=CS2)=C1,CN1CCCN2C1=NCCC2,BrC1=CC=C(C(F)(F)F)C=C1,25.67305216
d799b569b417992a,FullCV_01,236,CC(C)C(C=C(C(C)C)C=C1C(C)C)=C1C2=C(P(C(C)(C)C)C(C)(C)C)C(OC)=CC=C2OC,C1(C2=CC=CC=C2)=NOC=C1,CC(C)(C)/N=C(N(C)C)/N(C)C,BrC1=CN=CC=C1,78.37132703
a79d6bc458e07aee,FullCV_01,237,CC(C)C(C=C(C(C)C)C=C1C(C)C)=C1C2=C(P(C(C)(C)C)C(C)(C)C)C(OC)=CC=C2OC,C1(N(CC2=CC=CC=C2)CC3=CC=CC=C3)=NOC=C1,CN1CCCN2C1=NCCC2,IC1=CC=C(OC)C=C1,65.94429183
dbae73bf00c2cf4d,FullCV_01,238,CC(C)C(C=C(C(C)C)C=C1C(C)C)=C1C2=C(P([C@@]3(C[C@@H]4C5)C[C@H](C4)C[C@H]5C3)[C@]6(C7)C[C@@H](C[C@@H]7C8)C[C@@H]8C6)C(OC)=CC=C2OC,CC1=CC=NO1,CN1CCCN2C1=NCCC2,BrC1=CC=C(CC)C=C1,66.71317285
524ad5970fe6e989,FullCV_01,239,CC(C)C(C=C(C(C)C)C=C1C(C)C)=C1C2=C(P(C(C)(C)C)C(C)(C)C)C=CC=C2,O=C(OC)C1=NOC(C2=CC=CS2)=C1,CC(C)(C)/N=C(N(C)C)/N(C)C,BrC1=CC=C(OC)C=C1,37.13655068
4e0672ae8cc12b2d,FullCV_01,240,CC(C)C(C=C(C(C)C)C=C1C(C)C)=C1C2=C(P(C3CCCCC3)C4CCCCC4)C=CC=C2,O=C(OC)C1=NOC(C2=CC=CO2)=C1,CN1CCCN2C1=NCCC2,ClC1=CC=C(C(F)(F)F)C=C1,5.982836529
00ed80f2fbe9f595,FullCV_01,241,CC(C)C(C=C(C(C)C)C=C1C(C)C)=C1C2=C(P(C(C)(C)C)C(C)(C)C)C(OC)=CC=C2OC,FC(C=CC=C1F)=C1C2=CC=NO2,CC(C)(C)/N=C(N(C)C)/N(C)C,ClC1=CC=C(C(F)(F)F)C=C1,2.74121661
94bc1f5bed22ed52,FullCV_01,242,CC(C)C(C=C(C(C)C)C=C1C(C)C)=C1C2=C(P(C3CCCCC3)C4CCCCC4)C=CC=C2,C1(C2=CC=CC=C2)=NOC=C1,CN(C)P(N(C)C)(N(C)C)=NP(N(C)C)(N(C)C)=NCC,ClC1=CC=C(C(F)(F)F)C=C1,2.968869757
6091d3a594d71be1,FullCV_01,243,CC(C)C(C=C(C(C)C)C=C1C(C)C)=C1C2=C(P(C3CCCCC3)C4CCCCC4)C=CC=C2,CC1=CC(N2C=CC=C2)=NO1,CN1CCCN2C1=NCCC2,ClC1=CC=C(C(F)(F)F)C=C1,19.39344332
30ccf27318a58804,FullCV_01,244,CC(C)C(C=C(C(C)C)C=C1C(C)C)=C1C2=C(P(C(C)(C)C)C(C)(C)C)C=CC=C2,CC1=NOC=C1,CC(C)(C)/N=C(N(C)C)/N(C)C,BrC1=NC=CC=C1,88.44485055
d882a1c2b1ee8697,FullCV_01,245,CC(C)C(C=C(C(C)C)C=C1C(C)C)=C1C2=C(P(C(C)(C)C)C(C)(C)C)C(OC)=CC=C2OC,C12=C(C=CC=C2)ON=C1,CN(C)P(N(C)C)(N(C)C)=NP(N(C)C)(N(C)C)=NCC,BrC1=NC=CC=C1,63.56506276
bafc34f611dd4e0c,FullCV_01,246,CC(C)C(C=C(C(C)C)C=C1C(C)C)=C1C2=C(P(C3CCCCC3)C4CCCCC4)C=CC=C2,C1(N(CC2=CC=CC=C2)CC3=CC=CC=C3)=NOC=C1,CN1CCCN2C1=NCCC2,ClC1=CN=CC=C1,7.65708472
9989265a849f2c65,FullCV_01,247,CC(C)C(C=C(C(C)C)C=C1C(C)C)=C1C2=C(P(C(C)(C)C)C(C)(C)C)C(OC)=CC=C2OC,C1(C2=CC=CC=C2)=CC=NO1,CC(C)(C)/N=C(N(C)C)/N(C)C,BrC1=CC=C(CC)C=C1,27.79577337
9ce9cf03a63b481f,FullCV_01,248,CC(C)C(C=C(C(C)C)C=C1C(C)C)=C1C2=C(P(C(C)(C)C)C(C)(C)C)C(OC)=CC=C2OC,CC1=NOC=C1,CC(C)(C)/N=C(N(C)C)/N(C)C,IC1=CN=CC=C1,83.33821324
4f6b0f949ad38039,FullCV_01,249,CC(C)C(C=C(C(C)C)C=C1C(C)C)=C1C2=C(P(C(C)(C)C)C(C)(C)C)C(OC)=CC=C2OC,CC1=NOC(C2=CC=CC=C2)=C1,CC(C)(C)/N=C(N(C)C)/N(C)C,ClC1=CC=C(C(F)(F)F)C=C1,13.70204119
1b1c3b82ca711cf0,FullCV_01,250,CC(C)C(C=C(C(C)C)C=C1C(C)C)=C1C2=C(P(C(C)(C)C)C(C)(C)C)C(OC)=CC=C2OC,CC1=NOC=C1,CC(C)(C)/N=C(N(C)C)/N(C)C,ClC1=CC=C(OC)C=C1,0.0
678355f4fe9cd5de,FullCV_01,251,CC(C)C(C=C(C(C)C)C=C1C(C)C)=C1C2=C(P([C@@]3(C[C@@H]4C5)C[C@H](C4)C[C@H]5C3)[C@]6(C7)C[C@@H](C[C@@H]7C8)C[C@@H]8C6)C(OC)=CC=C2OC,CC1=C(C(OCC)=O)C=NO1,CC(C)(C)/N=C(N(C)C)/N(C)C,BrC1=CC=C(OC)C=C1,1.520182439
df35b3ae567d64bb,FullCV_01,252,CC(C)C(C=C(C(C)C)C=C1C(C)C)=C1C2=C(P(C(C)(C)C)C(C)(C)C)C(OC)=CC=C2OC,CC1=NOC=C1,CN1CCCN2C1=NCCC2,BrC1=CC=C(CC)C=C1,79.45834404
1502574946e3bbc5,FullCV_01,253,CC(C)C(C=C(C(C)C)C=C1C(C)C)=C1C2=C(P(C(C)(C)C)C(C)(C)C)C(OC)=CC=C2OC,CC1=C(C(OCC)=O)C=NO1,CN1CCCN2C1=NCCC2,BrC1=NC=CC=C1,50.70720641
84f70749c08787ac,FullCV_01,254,CC(C)C(C=C(C(C)C)C=C1C(C)C)=C1C2=C(P(C(C)(C)C)C(C)(C)C)C=CC=C2,CC1=NOC(C(OCC)=O)=C1,CC(C)(C)/N=C(N(C)C)/N(C)C,IC1=NC=CC=C1,85.14465222
db15dc1a2c63a094,FullCV_01,255,CC(C)C(C=C(C(C)C)C=C1C(C)C)=C1C2=C(P(C(C)(C)C)C(C)(C)C)C(OC)=CC=C2OC,C1(N(CC2=CC=CC=C2)CC3=CC=CC=C3)=NOC=C1,CN1CCCN2C1=NCCC2,BrC1=CC=C(CC)C=C1,74.21032846
fd773d58de24a992,FullCV_01,256,CC(C)C(C=C(C(C)C)C=C1C(C)C)=C1C2=C(P(C(C)(C)C)C(C)(C)C)C(OC)=CC=C2OC,CC1=CC(C)=NO1,CC(C)(C)/N=C(N(C)C)/N(C)C,IC1=NC=CC=C1,65.59087383
9b5ea8751305d974,FullCV_01,257,CC(C)C(C=C(C(C)C)C=C1C(C)C)=C1C2=C(P([C@@]3(C[C@@H]4C5)C[C@H](C4)C[C@H]5C3)[C@]6(C7)C[C@@H](C[C@@H]7C8)C[C@@H]8C6)C(OC)=CC=C2OC,C1(C2=CC=CC=C2)=CC=NO1,CC(C)(C)/N=C(N(C)C)/N(C)C,BrC1=CC=C(OC)C=C1,15.82179421
a73aed04c149ee3f,FullCV_01,258,CC(C)C(C=C(C(C)C)C=C1C(C)C)=C1C2=C(P(C3CCCCC3)C4CCCCC4)C=CC=C2,O=C(OC)C1=NOC(C2=CC=CS2)=C1,CN1CCCN2C1=NCCC2,IC1=NC=CC=C1,52.56128921
fc76433f8fb2b95c,FullCV_01,259,CC(C)C(C=C(C(C)C)C=C1C(C)C)=C1C2=C(P([C@@]3(C[C@@H]4C5)C[C@H](C4)C[C@H]5C3)[C@]6(C7)C[C@@H](C[C@@H]7C8)C[C@@H]8C6)C(OC)=CC=C2OC,CC1=CC(C)=NO1,CN1CCCN2C1=NCCC2,ClC1=CC=C(CC)C=C1,1.542228309
03b00208360df625,FullCV_01,260,CC(C)C(C=C(C(C)C)C=C1C(C)C)=C1C2=C(P(C3CCCCC3)C4CCCCC4)C=CC=C2,O=C(OC)C1=NOC(C2=CC=CS2)=C1,CN(C)P(N(C)C)(N(C)C)=NP(N(C)C)(N(C)C)=NCC,BrC1=CC=C(C(F)(F)F)C=C1,15.721696
3f5a959c8413e45e,FullCV_01,261,CC(C)C(C=C(C(C)C)C=C1C(C)C)=C1C2=C(P([C@@]3(C[C@@H]4C5)C[C@H](C4)C[C@H]5C3)[C@]6(C7)C[C@@H](C[C@@H]7C8)C[C@@H]8C6)C(OC)=CC=C2OC,CC1=CC(C)=NO1,CN1CCCN2C1=NCCC2,ClC1=CN=CC=C1,11.83956232
fa34457f1b2cc215,FullCV_01,262,CC(C)C(C=C(C(C)C)C=C1C(C)C)=C1C2=C(P(C(C)(C)C)C(C)(C)C)C=CC=C2,FC(C=CC=C1F)=C1C2=CC=NO2,CN(C)P(N(C)C)(N(C)C)=NP(N(C)C)(N(C)C)=NCC,ClC1=CC=C(CC)C=C1,7.108204477
377702ce18778a23,FullCV_01,263,CC(C)C(C=C(C(C)C)C=C1C(C)C)=C1C2=C(P(C(C)(C)C)C(C)(C)C)C=CC=C2,CC1=NOC=C1,CN1CCCN2C1=NCCC2,ClC1=CN=CC=C1,30.83522639
59591c7822d96abd,FullCV_01,264,CC(C)C(C=C(C(C)C)C=C1C(C)C)=C1C2=C(P(C(C)(C)C)C(C)(C)C)C=CC=C2,CC1=CC(C)=NO1,CN(C)P(N(C)C)(N(C)C)=NP(N(C)C)(N(C)C)=NCC,IC1=CC=C(C(F)(F)F)C=C1,39.51659226
2ae90a43692bdbba,FullCV_01,265,CC(C)C(C=C(C(C)C)C=C1C(C)C)=C1C2=C(P(C(C)(C)C)C(C)(C)C)C(OC)=CC=C2OC,C12=CON=C1C=CC=C2,CN1CCCN2C1=NCCC2,ClC1=NC=CC=C1,21.81045338
4b290a8b481f4d4d,FullCV_01,266,CC(C)C(C=C(C(C)C)C=C1C(C)C)=C1C2=C(P(C(C)(C)C)C(C)(C)C)C(OC)=CC=C2OC,FC(C=CC=C1F)=C1C2=CC=NO2,CN(C)P(N(C)C)(N(C)C)=NP(N(C)C)(N(C)C)=NCC,IC1=NC=CC=C1,32.32915323
3e59b883d0af08a5,FullCV_01,267,CC(C)C(C=C(C(C)C)C=C1C(C)C)=C1C2=C(P([C@@]3(C[C@@H]4C5)C[C@H](C4)C[C@H]5C3)[C@]6(C7)C[C@@H](C[C@@H]7C8)C[C@@H]8C6)C(OC)=CC=C2OC,C12=C(C=CC=C2)ON=C1,CN1CCCN2C1=NCCC2,ClC1=CC=C(C(F)(F)F)C=C1,15.85078385
bf67f3dd9b621945,FullCV_01,268,CC(C)C(C=C(C(C)C)C=C1C(C)C)=C1C2=C(P(C(C)(C)C)C(C)(C)C)C(OC)=CC=C2OC,C1(C2=CC=CC=C2)=NOC=C1,CC(C)(C)/N=C(N(C)C)/N(C)C,BrC1=CC=C(OC)C=C1,40.82349272
d05321fb0e71fd11,FullCV_01,269,CC(C)C(C=C(C(C)C)C=C1C(C)C)=C1C2=C(P(C(C)(C)C)C(C)(C)C)C=CC=C2,C1(N(CC2=CC=CC=C2)CC3=CC=CC=C3)=NOC=C1,CN(C)P(N(C)C)(N(C)C)=NP(N(C)C)(N(C)C)=NCC,BrC1=CC=C(OC)C=C1,65.92742304
1a11df421331e365,FullCV_01,270,CC(C)C(C=C(C(C)C)C=C1C(C)C)=C1C2=C(P([C@@]3(C[C@@H]4C5)C[C@H](C4)C[C@H]5C3)[C@]6(C7)C[C@@H](C[C@@H]7C8)C[C@@H]8C6)C(OC)=CC=C2OC,C12=C(C=CC=C2)ON=C1,CN1CCCN2C1=NCCC2,ClC1=CC=C(CC)C=C1,1.753987647
cc93e94d7f1906dd,FullCV_01,271,CC(C)C(C=C(C(C)C)C=C1C(C)C)=C1C2=C(P(C(C)(C)C)C(C)(C)C)C=CC=C2,C1(C2=CC=CC=C2)=CON=C1,CN(C)P(N(C)C)(N(C)C)=NP(N(C)C)(N(C)C)=NCC,ClC1=CC=C(C(F)(F)F)C=C1,14.56538038
69835c256e596c8f,FullCV_01,272,CC(C)C(C=C(C(C)C)C=C1C(C)C)=C1C2=C(P(C(C)(C)C)C(C)(C)C)C(OC)=CC=C2OC,CC1=NOC(C(OCC)=O)=C1,CC(C)(C)/N=C(N(C)C)/N(C)C,IC1=NC=CC=C1,84.20189779
74ae7d3e3d7ff79a,FullCV_01,273,CC(C)C(C=C(C(C)C)C=C1C(C)C)=C1C2=C(P([C@@]3(C[C@@H]4C5)C[C@H](C4)C[C@H]5C3)[C@]6(C7)C[C@@H](C[C@@H]7C8)C[C@@H]8C6)C(OC)=CC=C2OC,C12=C(C=CC=C2)ON=C1,CN(C)P(N(C)C)(N(C)C)=NP(N(C)C)(N(C)C)=NCC,BrC1=CC=C(C(F)(F)F)C=C1,14.26125924
867058a2041b7e48,FullCV_01,274,CC(C)C(C=C(C(C)C)C=C1C(C)C)=C1C2=C(P(C(C)(C)C)C(C)(C)C)C(OC)=CC=C2OC,O=C(OC)C1=CC=NO1,CC(C)(C)/N=C(N(C)C)/N(C)C,BrC1=CC=C(OC)C=C1,4.728362295
446cb80338388260,FullCV_01,275,CC(C)C(C=C(C(C)C)C=C1C(C)C)=C1C2=C(P([C@@]3(C[C@@H]4C5)C[C@H](C4)C[C@H]5C3)[C@]6(C7)C[C@@H](C[C@@H]7C8)C[C@@H]8C6)C(OC)=CC=C2OC,CC1=NOC(C(OCC)=O)=C1,CC(C)(C)/N=C(N(C)C)/N(C)C,IC1=CC=C(CC)C=C1,78.71189796
6468a1732bd219ce,FullCV_01,276,CC(C)C(C=C(C(C)C)C=C1C(C)C)=C1C2=C(P(C3CCCCC3)C4CCCCC4)C=CC=C2,CC1=C(C(OCC)=O)C=NO1,CC(C)(C)/N=C(N(C)C)/N(C)C,BrC1=CN=CC=C1,0.929191796
10e76fe7d206fd74,FullCV_01,277,CC(C)C(C=C(C(C)C)C=C1C(C)C)=C1C2=C(P(C(C)(C)C)C(C)(C)C)C=CC=C2,C1(C2=CC=CC=C2)=NOC=C1,CN1CCCN2C1=NCCC2,IC1=CN=CC=C1,93.42111456
52680530ea6ef81d,FullCV_01,278,CC(C)C(C=C(C(C)C)C=C1C(C)C)=C1C2=C(P(C3CCCCC3)C4CCCCC4)C=CC=C2,C1(C2=CC=CC=C2)=CC=NO1,CN(C)P(N(C)C)(N(C)C)=NP(N(C)C)(N(C)C)=NCC,BrC1=CC=C(OC)C=C1,6.119058475
4075c14cdb9c0af7,FullCV_01,279,CC(C)C(C=C(C(C)C)C=C1C(C)C)=C1C2=C(P(C(C)(C)C)C(C)(C)C)C(OC)=CC=C2OC,CC1=CC=NO1,CN(C)P(N(C)C)(N(C)C)=NP(N(C)C)(N(C)C)=NCC,BrC1=CC=C(CC)C=C1,14.46737016
7fa56e6092138604,FullCV_01,280,CC(C)C(C=C(C(C)C)C=C1C(C)C)=C1C2=C(P([C@@]3(C[C@@H]4C5)C[C@H](C4)C[C@H]5C3)[C@]6(C7)C[C@@H](C[C@@H]7C8)C[C@@H]8C6)C(OC)=CC=C2OC,CC1=NOC=C1,CC(C)(C)/N=C(N(C)C)/N(C)C,ClC1=CC=C(C(F)(F)F)C=C1,9.328786223
e7b111da3746ecd0,FullCV_01,281,CC(C)C(C=C(C(C)C)C=C1C(C)C)=C1C2=C(P(C(C)(C)C)C(C)(C)C)C(OC)=CC=C2OC,C1(N(CC2=CC=CC=C2)CC3=CC=CC=C3)=NOC=C1,CN1CCCN2C1=NCCC2,IC1=CN=CC=C1,85.60572483
3a81d0025a73ce35,FullCV_01,282,CC(C)C(C=C(C(C)C)C=C1C(C)C)=C1C2=C(P([C@@]3(C[C@@H]4C5)C[C@H](C4)C[C@H]5C3)[C@]6(C7)C[C@@H](C[C@@H]7C8)C[C@@H]8C6)C(OC)=CC=C2OC,O=C(OC)C1=NOC(C2=CC=CS2)=C1,CN1CCCN2C1=NCCC2,BrC1=NC=CC=C1,57.42667045
7decc2d908275234,FullCV_01,283,CC(C)C(C=C(C(C)C)C=C1C(C)C)=C1C2=C(P(C3CCCCC3)C4CCCCC4)C=CC=C2,CC1=C(C(OCC)=O)C=NO1,CC(C)(C)/N=C(N(C)C)/N(C)C,ClC1=CN=CC=C1,1.445871909
31470bdcdd39a6a0,FullCV_01,284,CC(C)C(C=C(C(C)C)C=C1C(C)C)=C1C2=C(P(C3CCCCC3)C4CCCCC4)C=CC=C2,CC1=C(C(OCC)=O)C=NO1,CC(C)(C)/N=C(N(C)C)/N(C)C,ClC1=NC=CC=C1,10.00194934
3d1e89274fff0b9e,FullCV_01,285,CC(C)C(C=C(C(C)C)C=C1C(C)C)=C1C2=C(P(C(C)(C)C)C(C)(C)C)C=CC=C2,O=C(OC)C1=NOC(C2=CC=CS2)=C1,CN1CCCN2C1=NCCC2,BrC1=CC=C(CC)C=C1,69.58481273
4fd64e41b2056e80,FullCV_01,286,CC(C)C(C=C(C(C)C)C=C1C(C)C)=C1C2=C(P(C(C)(C)C)C(C)(C)C)C=CC=C2,O=C(OC)C1=NOC(C2=CC=CS2)=C1,CC(C)(C)/N=C(N(C)C)/N(C)C,IC1=CC=C(C(F)(F)F)C=C1,37.37794419
8ebba30bf39775e5,FullCV_01,287,CC(C)C(C=C(C(C)C)C=C1C(C)C)=C1C2=C(P(C(C)(C)C)C(C)(C)C)C=CC=C2,CC1=NOC(C(OCC)=O)=C1,CN(C)P(N(C)C)(N(C)C)=NP(N(C)C)(N(C)C)=NCC,ClC1=CC=C(CC)C=C1,0.705225291
9b2f95d3beb0afb4,FullCV_01,288,CC(C)C(C=C(C(C)C)C=C1C(C)C)=C1C2=C(P(C3CCCCC3)C4CCCCC4)C=CC=C2,O=C(OC)C1=NOC(C2=CC=CS2)=C1,CC(C)(C)/N=C(N(C)C)/N(C)C,ClC1=CC=C(OC)C=C1,0.0
b035fadb094b6369,FullCV_01,289,CC(C)C(C=C(C(C)C)C=C1C(C)C)=C1C2=C(P(C3CCCCC3)C4CCCCC4)C=CC=C2,CC1=NOC(C2=CC=CC=C2)=C1,CN1CCCN2C1=NCCC2,ClC1=NC=CC=C1,25.36847762
68d5760e337522e4,FullCV_01,290,CC(C)C(C=C(C(C)C)C=C1C(C)C)=C1C2=C(P([C@@]3(C[C@@H]4C5)C[C@H](C4)C[C@H]5C3)[C@]6(C7)C[C@@H](C[C@@H]7C8)C[C@@H]8C6)C(OC)=CC=C2OC,CC1=NOC(C(OCC)=O)=C1,CN(C)P(N(C)C)(N(C)C)=NP(N(C)C)(N(C)C)=NCC,IC1=NC=CC=C1,66.28326385
bf7800f9ba5a02b0,FullCV_01,291,CC(C)C(C=C(C(C)C)C=C1C(C)C)=C1C2=C(P([C@@]3(C[C@@H]4C5)C[C@H](C4)C[C@H]5C3)[C@]6(C7)C[C@@H](C[C@@H]7C8)C[C@@H]8C6)C(OC)=CC=C2OC,O=C(OC)C1=NOC(C2=CC=CO2)=C1,CN(C)P(N(C)C)(N(C)C)=NP(N(C)C)(N(C)C)=NCC,BrC1=CC=C(CC)C=C1,47.34816594
c5621728917abc6c,FullCV_01,292,CC(C)C(C=C(C(C)C)C=C1C(C)C)=C1C2=C(P(C3CCCCC3)C4CCCCC4)C=CC=C2,O=C(OC)C1=NOC(C2=CC=CO2)=C1,CN(C)P(N(C)C)(N(C)C)=NP(N(C)C)(N(C)C)=NCC,ClC1=CC=C(OC)C=C1,0.0
0c1b883257c3560d,FullCV_01,293,CC(C)C(C=C(C(C)C)C=C1C(C)C)=C1C2=C(P(C(C)(C)C)C(C)(C)C)C(OC)=CC=C2OC,CCOC(C1=NOC=C1)=O,CC(C)(C)/N=C(N(C)C)/N(C)C,ClC1=CC=C(C(F)(F)F)C=C1,15.09367159
c619d9d464a0e8f8,FullCV_01,294,CC(C)C(C=C(C(C)C)C=C1C(C)C)=C1C2=C(P(C3CCCCC3)C4CCCCC4)C=CC=C2,C1(N(CC2=CC=CC=C2)CC3=CC=CC=C3)=NOC=C1,CC(C)(C)/N=C(N(C)C)/N(C)C,ClC1=CC=C(CC)C=C1,6.262930072
ac3b120435a51157,FullCV_01,295,CC(C)C(C=C(C(C)C)C=C1C(C)C)=C1C2=C(P(C(C)(C)C)C(C)(C)C)C(OC)=CC=C2OC,CC1=NOC(C2=CC=CC=C2)=C1,CN1CCCN2C1=NCCC2,BrC1=CC=C(OC)C=C1,46.19860459
76f18df424847334,FullCV_01,296,CC(C)C(C=C(C(C)C)C=C1C(C)C)=C1C2=C(P(C(C)(C)C)C(C)(C)C)C=CC=C2,O=C(OC)C1=CC=NO1,CN(C)P(N(C)C)(N(C)C)=NP(N(C)C)(N(C)C)=NCC,ClC1=CN=CC=C1,8.194090633
5da51b7f94dd21ac,FullCV_01,297,CC(C)C(C=C(C(C)C)C=C1C(C)C)=C1C2=C(P([C@@]3(C[C@@H]4C5)C[C@H](C4)C[C@H]5C3)[C@]6(C7)C[C@@H](C[C@@H]7C8)C[C@@H]8C6)C(OC)=CC=C2OC,FC(C=CC=C1F)=C1C2=CC=NO2,CN1CCCN2C1=NCCC2,ClC1=NC=CC=C1,29.55686861
91b6e9e535116126,FullCV_01,298,CC(C)C(C=C(C(C)C)C=C1C(C)C)=C1C2=C(P(C(C)(C)C)C(C)(C)C)C=CC=C2,COC1=NOC(C(OCC)=O)=C1,CN(C)P(N(C)C)(N(C)C)=NP(N(C)C)(N(C)C)=NCC,IC1=CC=C(OC)C=C1,40.31193463
37812c1ad82538bd,FullCV_01,299,CC(C)C(C=C(C(C)C)C=C1C(C)C)=C1C2=C(P(C3CCCCC3)C4CCCCC4)C=CC=C2,O=C(OC)C1=CC=NO1,CC(C)(C)/N=C(N(C)C)/N(C)C,ClC1=CC=C(OC)C=C1,0.0
682d01b330d93868,FullCV_01,300,CC(C)C(C=C(C(C)C)C=C1C(C)C)=C1C2=C(P(C(C)(C)C)C(C)(C)C)C(OC)=CC=C2OC,CC1=CC=NO1,CC(C)(C)/N=C(N(C)C)/N(C)C,ClC1=CC=C(CC)C=C1,5.479660726
adef8e03ff85065c,FullCV_01,301,CC(C)C(C=C(C(C)C)C=C1C(C)C)=C1C2=C(P(C(C)(C)C)C(C)(C)C)C(OC)=CC=C2OC,C1(N(CC2=CC=CC=C2)CC3=CC=CC=C3)=NOC=C1,CC(C)(C)/N=C(N(C)C)/N(C)C,BrC1=CN=CC=C1,59.47851607
9e01841f89c5854b,FullCV_01,302,CC(C)C(C=C(C(C)C)C=C1C(C)C)=C1C2=C(P(C(C)(C)C)C(C)(C)C)C=CC=C2,CC1=NOC=C1,CN1CCCN2C1=NCCC2,IC1=NC=CC=C1,91.51096876
3bfe5b788901dc9b,FullCV_01,303,CC(C)C(C=C(C(C)C)C=C1C(C)C)=C1C2=C(P(C(C)(C)C)C(C)(C)C)C=CC=C2,CC1=NOC(C(OCC)=O)=C1,CN(C)P(N(C)C)(N(C)C)=NP(N(C)C)(N(C)C)=NCC,ClC1=CN=CC=C1,6.110691586
fcb23409dd5854c3,FullCV_01,304,CC(C)C(C=C(C(C)C)C=C1C(C)C)=C1C2=C(P(C(C)(C)C)C(C)(C)C)C(OC)=CC=C2OC,CCOC(C1=CON=C1)=O,CN1CCCN2C1=NCCC2,ClC1=CN=CC=C1,28.90716664
77a2f923388055a3,FullCV_01,305,CC(C)C(C=C(C(C)C)C=C1C(C)C)=C1C2=C(P(C(C)(C)C)C(C)(C)C)C=CC=C2,CC1=NOC(C(OCC)=O)=C1,CC(C)(C)/N=C(N(C)C)/N(C)C,IC1=CN=CC=C1,82.13737482
5768e66d47e3c632,FullCV_01,306,CC(C)C(C=C(C(C)C)C=C1C(C)C)=C1C2=C(P(C(C)(C)C)C(C)(C)C)C=CC=C2,CC1=CC=NO1,CN(C)P(N(C)C)(N(C)C)=NP(N(C)C)(N(C)C)=NCC,IC1=NC=CC=C1,40.27887601
8124376677af3f8f,FullCV_01,307,CC(C)C(C=C(C(C)C)C=C1C(C)C)=C1C2=C(P(C(C)(C)C)C(C)(C)C)C=CC=C2,CC1=CC(C(OCC)=O)=NO1,CN1CCCN2C1=NCCC2,ClC1=CC=C(CC)C=C1,4.582095156
2b1a0e91fca5ad78,FullCV_01,308,CC(C)C(C=C(C(C)C)C=C1C(C)C)=C1C2=C(P([C@@]3(C[C@@H]4C5)C[C@H](C4)C[C@H]5C3)[C@]6(C7)C[C@@H](C[C@@H]7C8)C[C@@H]8C6)C(OC)=CC=C2OC,CC1=C(C(OCC)=O)C=NO1,CN(C)P(N(C)C)(N(C)C)=NP(N(C)C)(N(C)C)=NCC,IC1=CC=C(OC)C=C1,14.35852859
6caa7c4275e91fa0,FullCV_01,309,CC(C)C(C=C(C(C)C)C=C1C(C)C)=C1C2=C(P(C(C)(C)C)C(C)(C)C)C(OC)=CC=C2OC,CC1=CC(N2C=CC=C2)=NO1,CN1CCCN2C1=NCCC2,BrC1=CC=C(C(F)(F)F)C=C1,38.20471013
8a7ae490e530e9e8,FullCV_01,310,CC(C)C(C=C(C(C)C)C=C1C(C)C)=C1C2=C(P([C@@]3(C[C@@H]4C5)C[C@H](C4)C[C@H]5C3)[C@]6(C7)C[C@@H](C[C@@H]7C8)C[C@@H]8C6)C(OC)=CC=C2OC,CC1=CC(C(OCC)=O)=NO1,CC(C)(C)/N=C(N(C)C)/N(C)C,IC1=CC=C(C(F)(F)F)C=C1,43.87448476
7d3d924a0b9efea6,FullCV_01,311,CC(C)C(C=C(C(C)C)C=C1C(C)C)=C1C2=C(P(C3CCCCC3)C4CCCCC4)C=CC=C2,O=C(OC)C1=CC=NO1,CN(C)P(N(C)C)(N(C)C)=NP(N(C)C)(N(C)C)=NCC,ClC1=CC=C(CC)C=C1,6.90640733
8b65c1d4d119092d,FullCV_01,312,CC(C)C(C=C(C(C)C)C=C1C(C)C)=C1C2=C(P([C@@]3(C[C@@H]4C5)C[C@H](C4)C[C@H]5C3)[C@]6(C7)C[C@@H](C[C@@H]7C8)C[C@@H]8C6)C(OC)=CC=C2OC,C1(C2=CC=CC=C2)=NOC=C1,CN(C)P(N(C)C)(N(C)C)=NP(N(C)C)(N(C)C)=NCC,IC1=CC=C(CC)C=C1,79.07623711
ab0823564cac3eba,FullCV_01,313,CC(C)C(C=C(C(C)C)C=C1C(C)C)=C1C2=C(P(C3CCCCC3)C4CCCCC4)C=CC=C2,O=C(OC)C1=NOC(C2=CC=CO2)=C1,CC(C)(C)/N=C(N(C)C)/N(C)C,ClC1=CC=C(OC)C=C1,0.0
eae8f00d3f345bee,FullCV_01,314,CC(C)C(C=C(C(C)C)C=C1C(C)C)=C1C2=C(P(C(C)(C)C)C(C)(C)C)C(OC)=CC=C2OC,C12=CON=C1C=CC=C2,CN1CCCN2C1=NCCC2,IC1=CC=C(C(F)(F)F)C=C1,32.14841463
2782abd34c885769,FullCV_01,315,CC(C)C(C=C(C(C)C)C=C1C(C)C)=C1C2=C(P([C@@]3(C[C@@H]4C5)C[C@H](C4)C[C@H]5C3)[C@]6(C7)C[C@@H](C[C@@H]7C8)C[C@@H]8C6)C(OC)=CC=C2OC,C12=C(C=CC=C2)ON=C1,CN1CCCN2C1=NCCC2,IC1=CC=C(CC)C=C1,68.58213231
ae38101ab22568b8,FullCV_01,316,CC(C)C(C=C(C(C)C)C=C1C(C)C)=C1C2=C(P(C3CCCCC3)C4CCCCC4)C=CC=C2,FC(C=CC=C1F)=C1C2=CC=NO2,CC(C)(C)/N=C(N(C)C)/N(C)C,BrC1=NC=CC=C1,24.44251918
8a42733470786fcc,FullCV_01,317,CC(C)C(C=C(C(C)C)C=C1C(C)C)=C1C2=C(P(C(C)(C)C)C(C)(C)C)C=CC=C2,C1(C2=CC=CC=C2)=CON=C1,CN1CCCN2C1=NCCC2,BrC1=CC=C(CC)C=C1,79.87241595
20fb75e4fb12b8d9,FullCV_01,318,CC(C)C(C=C(C(C)C)C=C1C(C)C)=C1C2=C(P(C(C)(C)C)C(C)(C)C)C=CC=C2,C12=C(C=CC=C2)ON=C1,CN1CCCN2C1=NCCC2,BrC1=CC=C(OC)C=C1,31.25713511
4077c02c07973b04,FullCV_01,319,CC(C)C(C=C(C(C)C)C=C1C(C)C)=C1C2=C(P([C@@]3(C[C@@H]4C5)C[C@H](C4)C[C@H]5C3)[C@]6(C7)C[C@@H](C[C@@H]7C8)C[C@@H]8C6)C(OC)=CC=C2OC,O=C(OC)C1=NOC(C2=CC=CO2)=C1,CN(C)P(N(C)C)(N(C)C)=NP(N(C)C)(N(C)C)=NCC,ClC1=CC=C(C(F)(F)F)C=C1,1.252505333
e56b72cbf32d9fa9,FullCV_01,320,CC(C)C(C=C(C(C)C)C=C1C(C)C)=C1C2=C(P(C(C)(C)C)C(C)(C)C)C=CC=C2,C1(N(CC2=CC=CC=C2)CC3=CC=CC=C3)=CC=NO1,CC(C)(C)/N=C(N(C)C)/N(C)C,IC1=CN=CC=C1,60.45904469
3c1709ffdea83fa6,FullCV_01,321,CC(C)C(C=C(C(C)C)C=C1C(C)C)=C1C2=C(P([C@@]3(C[C@@H]4C5)C[C@H](C4)C[C@H]5C3)[C@]6(C7)C[C@@H](C[C@@H]7C8)C[C@@H]8C6)C(OC)=CC=C2OC,C12=C(C=CC=C2)ON=C1,CC(C)(C)/N=C(N(C)C)/N(C)C,ClC1=CC=C(OC)C=C1,0.0
f1e6416c5ade0fde,FullCV_01,322,CC(C)C(C=C(C(C)C)C=C1C(C)C)=C1C2=C(P([C@@]3(C[C@@H]4C5)C[C@H](C4)C[C@H]5C3)[C@]6(C7)C[C@@H](C[C@@H]7C8)C[C@@H]8C6)C(OC)=CC=C2OC,C12=CON=C1C=CC=C2,CN1CCCN2C1=NCCC2,ClC1=NC=CC=C1,13.55922704
ec9a1078833405d8,FullCV_01,323,CC(C)C(C=C(C(C)C)C=C1C(C)C)=C1C2=C(P([C@@]3(C[C@@H]4C5)C[C@H](C4)C[C@H]5C3)[C@]6(C7)C[C@@H](C[C@@H]7C8)C[C@@H]8C6)C(OC)=CC=C2OC,CC1=NOC(C(OCC)=O)=C1,CC(C)(C)/N=C(N(C)C)/N(C)C,BrC1=NC=CC=C1,51.68395023
1bfb04385aecc8a9,FullCV_01,324,CC(C)C(C=C(C(C)C)C=C1C(C)C)=C1C2=C(P(C(C)(C)C)C(C)(C)C)C(OC)=CC=C2OC,CC1=NOC(C2=CC=CC=C2)=C1,CC(C)(C)/N=C(N(C)C)/N(C)C,BrC1=CC=C(C(F)(F)F)C=C1,37.08529427
5fe62448bbc098cb,FullCV_01,325,CC(C)C(C=C(C(C)C)C=C1C(C)C)=C1C2=C(P(C3CCCCC3)C4CCCCC4)C=CC=C2,CC1=CC(C)=NO1,CC(C)(C)/N=C(N(C)C)/N(C)C,BrC1=NC=CC=C1,43.49187499
302b7bda3799d9a8,FullCV_01,326,CC(C)C(C=C(C(C)C)C=C1C(C)C)=C1C2=C(P(C3CCCCC3)C4CCCCC4)C=CC=C2,C1(C2=CC=CC=C2)=NOC=C1,CN(C)P(N(C)C)(N(C)C)=NP(N(C)C)(N(C)C)=NCC,ClC1=CN=CC=C1,20.53476821
1054c481a6ed7161,FullCV_01,327,CC(C)C(C=C(C(C)C)C=C1C(C)C)=C1C2=C(P(C3CCCCC3)C4CCCCC4)C=CC=C2,O=C(OC)C1=CC=NO1,CC(C)(C)/N=C(N(C)C)/N(C)C,IC1=CC=C(C(F)(F)F)C=C1,26.35991815
d34489c978df75ff,FullCV_01,328,CC(C)C(C=C(C(C)C)C=C1C(C)C)=C1C2=C(P(C(C)(C)C)C(C)(C)C)C=CC=C2,C12=C(C=CC=C2)ON=C1,CN1CCCN2C1=NCCC2,BrC1=CN=CC=C1,76.23035085
c5174e129031a157,FullCV_01,329,CC(C)C(C=C(C(C)C)C=C1C(C)C)=C1C2=C(P([C@@]3(C[C@@H]4C5)C[C@H](C4)C[C@H]5C3)[C@]6(C7)C[C@@H](C[C@@H]7C8)C[C@@H]8C6)C(OC)=CC=C2OC,CCOC(C1=NOC=C1)=O,CN1CCCN2C1=NCCC2,BrC1=CC=C(C(F)(F)F)C=C1,38.37909694
c855568dd47b17e6,FullCV_01,330,CC(C)C(C=C(C(C)C)C=C1C(C)C)=C1C2=C(P(C3CCCCC3)C4CCCCC4)C=CC=C2,CCOC(C1=CON=C1)=O,CN(C)P(N(C)C)(N(C)C)=NP(N(C)C)(N(C)C)=NCC,ClC1=CC=C(OC)C=C1,0.0
2ef1a422642b9f5c,FullCV_01,331,CC(C)C(C=C(C(C)C)C=C1C(C)C)=C1C2=C(P(C3CCCCC3)C4CCCCC4)C=CC=C2,COC1=NOC(C(OCC)=O)=C1,CC(C)(C)/N=C(N(C)C)/N(C)C,ClC1=CC=C(C(F)(F)F)C=C1,15.42545497
2597723c050281ec,FullCV_01,332,CC(C)C(C=C(C(C)C)C=C1C(C)C)=C1C2=C(P(C(C)(C)C)C(C)(C)C)C=CC=C2,CC1=NOC=C1,CC(C)(C)/N=C(N(C)C)/N(C)C,ClC1=CN=CC=C1,30.758172
039676019956d340,FullCV_01,333,CC(C)C(C=C(C(C)C)C=C1C(C)C)=C1C2=C(P(C3CCCCC3)C4CCCCC4)C=CC=C2,CC1=CC(C(OCC)=O)=NO1,CN(C)P(N(C)C)(N(C)C)=NP(N(C)C)(N(C)C)=NCC,BrC1=CC=C(CC)C=C1,53.99699311
773daefc7f1e33f9,FullCV_01,334,CC(C)C(C=C(C(C)C)C=C1C(C)C)=C1C2=C(P([C@@]3(C[C@@H]4C5)C[C@H](C4)C[C@H]5C3)[C@]6(C7)C[C@@H](C[C@@H]7C8)C[C@@H]8C6)C(OC)=CC=C2OC,CC1=NOC(C2=CC=CC=C2)=C1,CC(C)(C)/N=C(N(C)C)/N(C)C,ClC1=CC=C(CC)C=C1,0.817066768
9ed06d19672406d8,FullCV_01,335,CC(C)C(C=C(C(C)C)C=C1C(C)C)=C1C2=C(P(C(C)(C)C)C(C)(C)C)C(OC)=CC=C2OC,CCOC(C1=NOC=C1)=O,CN1CCCN2C1=NCCC2,ClC1=CC=C(CC)C=C1,7.228003443
53e61903659be640,FullCV_01,336,CC(C)C(C=C(C(C)C)C=C1C(C)C)=C1C2=C(P(C3CCCCC3)C4CCCCC4)C=CC=C2,CCOC(C1=NOC=C1)=O,CC(C)(C)/N=C(N(C)C)/N(C)C,IC1=CC=C(C(F)(F)F)C=C1,34.89767991
0e33a77c126f32d5,FullCV_01,337,CC(C)C(C=C(C(C)C)C=C1C(C)C)=C1C2=C(P(C3CCCCC3)C4CCCCC4)C=CC=C2,FC(C=CC=C1F)=C1C2=CC=NO2,CC(C)(C)/N=C(N(C)C)/N(C)C,IC1=CC=C(C(F)(F)F)C=C1,25.45694196
fbe18ecef536a3c2,FullCV_01,338,CC(C)C(C=C(C(C)C)C=C1C(C)C)=C1C2=C(P(C3CCCCC3)C4CCCCC4)C=CC=C2,O=C(OC)C1=CC=NO1,CN1CCCN2C1=NCCC2,ClC1=CC=C(CC)C=C1,3.462173057
fed1296e9b371228,FullCV_01,339,CC(C)C(C=C(C(C)C)C=C1C(C)C)=C1C2=C(P(C(C)(C)C)C(C)(C)C)C=CC=C2,C1(N(CC2=CC=CC=C2)CC3=CC=CC=C3)=NOC=C1,CN1CCCN2C1=NCCC2,BrC1=CC=C(OC)C=C1,66.26538653
89c820d83679f87d,FullCV_01,340,CC(C)C(C=C(C(C)C)C=C1C(C)C)=C1C2=C(P(C(C)(C)C)C(C)(C)C)C(OC)=CC=C2OC,C12=C(C=CC=C2)ON=C1,CN(C)P(N(C)C)(N(C)C)=NP(N(C)C)(N(C)C)=NCC,ClC1=CC=C(CC)C=C1,9.228754169
f322cf233b260472,FullCV_01,341,CC(C)C(C=C(C(C)C)C=C1C(C)C)=C1C2=C(P(C(C)(C)C)C(C)(C)C)C(OC)=CC=C2OC,COC1=NOC(C(OCC)=O)=C1,CC(C)(C)/N=C(N(C)C)/N(C)C,IC1=CC=C(OC)C=C1,42.12607272
7731bdffea6c22ec,FullCV_01,342,CC(C)C(C=C(C(C)C)C=C1C(C)C)=C1C2=C(P([C@@]3(C[C@@H]4C5)C[C@H](C4)C[C@H]5C3)[C@]6(C7)C[C@@H](C[C@@H]7C8)C[C@@H]8C6)C(OC)=CC=C2OC,CC1=C(C(OCC)=O)C=NO1,CC(C)(C)/N=C(N(C)C)/N(C)C,BrC1=NC=CC=C1,6.168096918
069ffeb9af9bd3ed,FullCV_01,343,CC(C)C(C=C(C(C)C)C=C1C(C)C)=C1C2=C(P(C(C)(C)C)C(C)(C)C)C=CC=C2,CC1=NOC=C1,CN1CCCN2C1=NCCC2,IC1=CC=C(OC)C=C1,48.93807733
27b99cf8a7c83e1e,FullCV_01,344,CC(C)C(C=C(C(C)C)C=C1C(C)C)=C1C2=C(P(C(C)(C)C)C(C)(C)C)C=CC=C2,CC1=CC(C)=NO1,CC(C)(C)/N=C(N(C)C)/N(C)C,BrC1=CC=C(C(F)(F)F)C=C1,34.77458228
24ba5d702e76bd11,FullCV_01,345,CC(C)C(C=C(C(C)C)C=C1C(C)C)=C1C2=C(P(C3CCCCC3)C4CCCCC4)C=CC=C2,O=C(OC)C1=NOC(C2=CC=CS2)=C1,CN1CCCN2C1=NCCC2,BrC1=NC=CC=C1,45.98390905
38cebe2b7345a08e,FullCV_01,346,CC(C)C(C=C(C(C)C)C=C1C(C)C)=C1C2=C(P([C@@]3(C[C@@H]4C5)C[C@H](C4)C[C@H]5C3)[C@]6(C7)C[C@@H](C[C@@H]7C8)C[C@@H]8C6)C(OC)=CC=C2OC,O=C(OC)C1=NOC(C2=CC=CS2)=C1,CN1CCCN2C1=NCCC2,ClC1=CC=C(CC)C=C1,0.553317014
bab8bc0d2a5ed3ee,FullCV_01,347,CC(C)C(C=C(C(C)C)C=C1C(C)C)=C1C2=C(P(C(C)(C)C)C(C)(C)C)C(OC)=CC=C2OC,C1(C2=CC=CC=C2)=NOC=C1,CN(C)P(N(C)C)(N(C)C)=NP(N(C)C)(N(C)C)=NCC,BrC1=CC=C(CC)C=C1,70.22907456
1dea0ea662b73a8e,FullCV_01,348,CC(C)C(C=C(C(C)C)C=C1C(C)C)=C1C2=C(P(C3CCCCC3)C4CCCCC4)C=CC=C2,FC(C=CC=C1F)=C1C2=CC=NO2,CN1CCCN2C1=NCCC2,BrC1=NC=CC=C1,28.7617291
f666fa5eef66b052,FullCV_01,349,CC(C)C(C=C(C(C)C)C=C1C(C)C)=C1C2=C(P(C(C)(C)C)C(C)(C)C)C=CC=C2,O=C(OC)C1=NOC(C2=CC=CO2)=C1,CN1CCCN2C1=NCCC2,ClC1=NC=CC=C1,84.64975432
2104322bb20554ec,FullCV_01,350,CC(C)C(C=C(C(C)C)C=C1C(C)C)=C1C2=C(P(C(C)(C)C)C(C)(C)C)C(OC)=CC=C2OC,O=C(OC)C1=CC=NO1,CN1CCCN2C1=NCCC2,BrC1=CC=C(CC)C=C1,32.02304313
52ad4d52f2075641,FullCV_01,351,CC(C)C(C=C(C(C)C)C=C1C(C)C)=C1C2=C(P(C(C)(C)C)C(C)(C)C)C=CC=C2,CC1=CC(N2C=CC=C2)=NO1,CN(C)P(N(C)C)(N(C)C)=NP(N(C)C)(N(C)C)=NCC,IC1=NC=CC=C1,63.44404456
99bfaec7cb7e80a9,FullCV_01,352,CC(C)C(C=C(C(C)C)C=C1C(C)C)=C1C2=C(P(C3CCCCC3)C4CCCCC4)C=CC=C2,COC1=NOC(C(OCC)=O)=C1,CN(C)P(N(C)C)(N(C)C)=NP(N(C)C)(N(C)C)=NCC,IC1=CN=CC=C1,52.2237426
a14df28299e26ef8,FullCV_01,353,CC(C)C(C=C(C(C)C)C=C1C(C)C)=C1C2=C(P(C3CCCCC3)C4CCCCC4)C=CC=C2,C1(N(CC2=CC=CC=C2)CC3=CC=CC=C3)=NOC=C1,CN1CCCN2C1=NCCC2,ClC1=NC=CC=C1,27.19452945
505a000a002daa7e,FullCV_01,354,CC(C)C(C=C(C(C)C)C=C1C(C)C)=C1C2=C(P([C@@]3(C[C@@H]4C5)C[C@H](C4)C[C@H]5C3)[C@]6(C7)C[C@@H](C[C@@H]7C8)C[C@@H]8C6)C(OC)=CC=C2OC,CC1=C(C(OCC)=O)C=NO1,CC(C)(C)/N=C(N(C)C)/N(C)C,IC1=CC=C(CC)C=C1,27.85496925
119e79a5acfd2a66,FullCV_01,355,CC(C)C(C=C(C(C)C)C=C1C(C)C)=C1C2=C(P(C3CCCCC3)C4CCCCC4)C=CC=C2,FC(C=CC=C1F)=C1C2=CC=NO2,CN(C)P(N(C)C)(N(C)C)=NP(N(C)C)(N(C)C)=NCC,BrC1=CC=C(C(F)(F)F)C=C1,15.08609068
250f3c5d35a08252,FullCV_01,356,CC(C)C(C=C(C(C)C)C=C1C(C)C)=C1C2=C(P(C(C)(C)C)C(C)(C)C)C(OC)=CC=C2OC,FC(C=CC=C1F)=C1C2=CC=NO2,CC(C)(C)/N=C(N(C)C)/N(C)C,BrC1=CC=C(CC)C=C1,24.96800216
776adf9667009875,FullCV_01,357,CC(C)C(C=C(C(C)C)C=C1C(C)C)=C1C2=C(P(C3CCCCC3)C4CCCCC4)C=CC=C2,C1(C2=CC=CC=C2)=NOC=C1,CN1CCCN2C1=NCCC2,BrC1=CC=C(C(F)(F)F)C=C1,40.07198822
63a42a033d09056b,FullCV_01,358,CC(C)C(C=C(C(C)C)C=C1C(C)C)=C1C2=C(P([C@@]3(C[C@@H]4C5)C[C@H](C4)C[C@H]5C3)[C@]6(C7)C[C@@H](C[C@@H]7C8)C[C@@H]8C6)C(OC)=CC=C2OC,O=C(OC)C1=CC=NO1,CC(C)(C)/N=C(N(C)C)/N(C)C,IC1=CC=C(CC)C=C1,39.2434395
e8a9b8d21cb94b29,FullCV_01,359,CC(C)C(C=C(C(C)C)C=C1C(C)C)=C1C2=C(P(C3CCCCC3)C4CCCCC4)C=CC=C2,CC1=NOC(C2=CC=CC=C2)=C1,CN(C)P(N(C)C)(N(C)C)=NP(N(C)C)(N(C)C)=NCC,BrC1=CC=C(CC)C=C1,69.98737297
4a847e36b1232ea9,FullCV_01,360,CC(C)C(C=C(C(C)C)C=C1C(C)C)=C1C2=C(P(C(C)(C)C)C(C)(C)C)C=CC=C2,CC1=CC(N2C=CC=C2)=NO1,CC(C)(C)/N=C(N(C)C)/N(C)C,ClC1=CN=CC=C1,36.30128303
f47bdbfdc0e2cc74,FullCV_01,361,CC(C)C(C=C(C(C)C)C=C1C(C)C)=C1C2=C(P(C3CCCCC3)C4CCCCC4)C=CC=C2,CCOC(C1=NOC=C1)=O,CN(C)P(N(C)C)(N(C)C)=NP(N(C)C)(N(C)C)=NCC,IC1=CC=C(CC)C=C1,0.0
d6dcb22aae251171,FullCV_01,362,CC(C)C(C=C(C(C)C)C=C1C(C)C)=C1C2=C(P(C3CCCCC3)C4CCCCC4)C=CC=C2,O=C(OC)C1=CC=NO1,CC(C)(C)/N=C(N(C)C)/N(C)C,BrC1=CC=C(OC)C=C1,0.665064231
c028a77bedf726a5,FullCV_01,363,CC(C)C(C=C(C(C)C)C=C1C(C)C)=C1C2=C(P([C@@]3(C[C@@H]4C5)C[C@H](C4)C[C@H]5C3)[C@]6(C7)C[C@@H](C[C@@H]7C8)C[C@@H]8C6)C(OC)=CC=C2OC,C1(N(CC2=CC=CC=C2)CC3=CC=CC=C3)=NOC=C1,CN1CCCN2C1=NCCC2,ClC1=CC=C(CC)C=C1,2.579355469
ae138a40d2186bf1,FullCV_01,364,CC(C)C(C=C(C(C)C)C=C1C(C)C)=C1C2=C(P([C@@]3(C[C@@H]4C5)C[C@H](C4)C[C@H]5C3)[C@]6(C7)C[C@@H](C[C@@H]7C8)C[C@@H]8C6)C(OC)=CC=C2OC,CC1=C(C(OCC)=O)C=NO1,CC(C)(C)/N=C(N(C)C)/N(C)C,ClC1=CC=C(OC)C=C1,0.0
fd2f2f703ba6e271,FullCV_01,365,CC(C)C(C=C(C(C)C)C=C1C(C)C)=C1C2=C(P([C@@]3(C[C@@H]4C5)C[C@H](C4)C[C@H]5C3)[C@]6(C7)C[C@@H](C[C@@H]7C8)C[C@@H]8C6)C(OC)=CC=C2OC,CCOC(C1=CON=C1)=O,CN(C)P(N(C)C)(N(C)C)=NP(N(C)C)(N(C)C)=NCC,BrC1=CC=C(OC)C=C1,0.489044772
05a860394ef6feb2,FullCV_01,366,CC(C)C(C=C(C(C)C)C=C1C(C)C)=C1C2=C(P(C3CCCCC3)C4CCCCC4)C=CC=C2,CC1=CC=NO1,CN(C)P(N(C)C)(N(C)C)=NP(N(C)C)(N(C)C)=NCC,BrC1=CC=C(OC)C=C1,4.215754471
e91680a5c0146b84,FullCV_01,367,CC(C)C(C=C(C(C)C)C=C1C(C)C)=C1C2=C(P(C(C)(C)C)C(C)(C)C)C=CC=C2,FC(C=CC=C1F)=C1C2=CC=NO2,CC(C)(C)/N=C(N(C)C)/N(C)C,IC1=NC=CC=C1,59.18255708
86841b20240badb9,FullCV_01,368,CC(C)C(C=C(C(C)C)C=C1C(C)C)=C1C2=C(P(C(C)(C)C)C(C)(C)C)C=CC=C2,CC1=NOC(C2=CC=CC=C2)=C1,CN1CCCN2C1=NCCC2,IC1=CN=CC=C1,78.2529931
3d206fdfe5309391,FullCV_01,369,CC(C)C(C=C(C(C)C)C=C1C(C)C)=C1C2=C(P(C(C)(C)C)C(C)(C)C)C=CC=C2,C1(N(CC2=CC=CC=C2)CC3=CC=CC=C3)=CC=NO1,CC(C)(C)/N=C(N(C)C)/N(C)C,BrC1=CC=C(OC)C=C1,5.935933533
c5471253a28f554a,FullCV_01,370,CC(C)C(C=C(C(C)C)C=C1C(C)C)=C1C2=C(P(C3CCCCC3)C4CCCCC4)C=CC=C2,C1(C2=CC=CC=C2)=CON=C1,CN(C)P(N(C)C)(N(C)C)=NP(N(C)C)(N(C)C)=NCC,ClC1=CC=C(CC)C=C1,8.323184663
b9c924d89b36d7d9,FullCV_01,371,CC(C)C(C=C(C(C)C)C=C1C(C)C)=C1C2=C(P(C(C)(C)C)C(C)(C)C)C(OC)=CC=C2OC,FC(C=CC=C1F)=C1C2=CC=NO2,CC(C)(C)/N=C(N(C)C)/N(C)C,ClC1=CC=C(OC)C=C1,0.328567973
d2f412dbf9ce9833,FullCV_01,372,CC(C)C(C=C(C(C)C)C=C1C(C)C)=C1C2=C(P(C(C)(C)C)C(C)(C)C)C=CC=C2,FC(C=CC=C1F)=C1C2=CC=NO2,CN1CCCN2C1=NCCC2,IC1=CC=C(OC)C=C1,47.90925553
8e2aea5a6eb13051,FullCV_01,373,CC(C)C(C=C(C(C)C)C=C1C(C)C)=C1C2=C(P(C(C)(C)C)C(C)(C)C)C=CC=C2,CC1=CC(C)=NO1,CN(C)P(N(C)C)(N(C)C)=NP(N(C)C)(N(C)C)=NCC,IC1=CN=CC=C1,78.29631742
f08bf2861a8dfdce,FullCV_01,374,CC(C)C(C=C(C(C)C)C=C1C(C)C)=C1C2=C(P(C(C)(C)C)C(C)(C)C)C=CC=C2,C1(C2=CC=CC=C2)=CON=C1,CC(C)(C)/N=C(N(C)C)/N(C)C,IC1=CC=C(CC)C=C1,77.78682066
861f9ce1072323f6,FullCV_01,375,CC(C)C(C=C(C(C)C)C=C1C(C)C)=C1C2=C(P(C3CCCCC3)C4CCCCC4)C=CC=C2,CCOC(C1=CON=C1)=O,CC(C)(C)/N=C(N(C)C)/N(C)C,BrC1=CN=CC=C1,0.0
1e66f4563a7e866d,FullCV_01,376,CC(C)C(C=C(C(C)C)C=C1C(C)C)=C1C2=C(P([C@@]3(C[C@@H]4C5)C[C@H](C4)C[C@H]5C3)[C@]6(C7)C[C@@H](C[C@@H]7C8)C[C@@H]8C6)C(OC)=CC=C2OC,CC1=CC(N2C=CC=C2)=NO1,CN1CCCN2C1=NCCC2,BrC1=NC=CC=C1,80.77035612
eb764acd3bde6a1a,FullCV_01,377,CC(C)C(C=C(C(C)C)C=C1C(C)C)=C1C2=C(P(C(C)(C)C)C(C)(C)C)C=CC=C2,CC1=CC(C(OCC)=O)=NO1,CN(C)P(N(C)C)(N(C)C)=NP(N(C)C)(N(C)C)=NCC,ClC1=NC=CC=C1,56.83280355
a8c0edb24af3454a,FullCV_01,378,CC(C)C(C=C(C(C)C)C=C1C(C)C)=C1C2=C(P(C(C)(C)C)C(C)(C)C)C=CC=C2,C12=C(C=CC=C2)ON=C1,CC(C)(C)/N=C(N(C)C)/N(C)C,ClC1=CC=C(C(F)(F)F)C=C1,18.75584418
a957d5ccb9e9f31f,FullCV_01,379,CC(C)C(C=C(C(C)C)C=C1C(C)C)=C1C2=C(P(C3CCCCC3)C4CCCCC4)C=CC=C2,C1(C2=CC=CC=C2)=CC=NO1,CN1CCCN2C1=NCCC2,BrC1=CC=C(C(F)(F)F)C=C1,30.28625472
c1422a1e21c47725,FullCV_01,380,CC(C)C(C=C(C(C)C)C=C1C(C)C)=C1C2=C(P(C(C)(C)C)C(C)(C)C)C=CC=C2,C1(N(CC2=CC=CC=C2)CC3=CC=CC=C3)=CC=NO1,CN1CCCN2C1=NCCC2,ClC1=CC=C(CC)C=C1,4.28271464
638458a6dd7de720,FullCV_01,381,CC(C)C(C=C(C(C)C)C=C1C(C)C)=C1C2=C(P(C3CCCCC3)C4CCCCC4)C=CC=C2,COC1=NOC(C(OCC)=O)=C1,CN1CCCN2C1=NCCC2,BrC1=CC=C(C(F)(F)F)C=C1,22.46669781
c637ce3d4ae1c8c5,FullCV_01,382,CC(C)C(C=C(C(C)C)C=C1C(C)C)=C1C2=C(P(C(C)(C)C)C(C)(C)C)C=CC=C2,CC1=CC(N2C=CC=C2)=NO1,CN(C)P(N(C)C)(N(C)C)=NP(N(C)C)(N(C)C)=NCC,ClC1=CC=C(C(F)(F)F)C=C1,30.59884697
b590f3b45a4dfe88,FullCV_01,383,CC(C)C(C=C(C(C)C)C=C1C(C)C)=C1C2=C(P(C(C)(C)C)C(C)(C)C)C=CC=C2,CCOC(C1=CON=C1)=O,CN(C)P(N(C)C)(N(C)C)=NP(N(C)C)(N(C)C)=NCC,IC1=CN=CC=C1,4.416019864
2010adbe4c8b36d4,FullCV_01,384,CC(C)C(C=C(C(C)C)C=C1C(C)C)=C1C2=C(P(C3CCCCC3)C4CCCCC4)C=CC=C2,CC1=CC(N2C=CC=C2)=NO1,CC(C)(C)/N=C(N(C)C)/N(C)C,ClC1=CC=C(OC)C=C1,2.069142775
4acfb7bad32df707,FullCV_01,385,CC(C)C(C=C(C(C)C)C=C1C(C)C)=C1C2=C(P(C3CCCCC3)C4CCCCC4)C=CC=C2,O=C(OC)C1=NOC(C2=CC=CS2)=C1,CN(C)P(N(C)C)(N(C)C)=NP(N(C)C)(N(C)C)=NCC,ClC1=CN=CC=C1,3.037744154
31687b0758dcbb4c,FullCV_01,386,CC(C)C(C=C(C(C)C)C=C1C(C)C)=C1C2=C(P(C(C)(C)C)C(C)(C)C)C=CC=C2,FC(C=CC=C1F)=C1C2=CC=NO2,CC(C)(C)/N=C(N(C)C)/N(C)C,ClC1=NC=CC=C1,56.99401844
18860f3cd91c652a,FullCV_01,387,CC(C)C(C=C(C(C)C)C=C1C(C)C)=C1C2=C(P(C(C)(C)C)C(C)(C)C)C=CC=C2,C1(C2=CC=CC=C2)=CC=NO1,CC(C)(C)/N=C(N(C)C)/N(C)C,BrC1=CC=C(C(F)(F)F)C=C1,41.29698409
386cbea5e35cfca6,FullCV_01,388,CC(C)C(C=C(C(C)C)C=C1C(C)C)=C1C2=C(P(C3CCCCC3)C4CCCCC4)C=CC=C2,C1(C2=CC=CC=C2)=NOC=C1,CC(C)(C)/N=C(N(C)C)/N(C)C,IC1=CC=C(OC)C=C1,28.37187434
13e844d21ccd6436,FullCV_01,389,CC(C)C(C=C(C(C)C)C=C1C(C)C)=C1C2=C(P([C@@]3(C[C@@H]4C5)C[C@H](C4)C[C@H]5C3)[C@]6(C7)C[C@@H](C[C@@H]7C8)C[C@@H]8C6)C(OC)=CC=C2OC,CC1=CC(C(OCC)=O)=NO1,CN(C)P(N(C)C)(N(C)C)=NP(N(C)C)(N(C)C)=NCC,IC1=NC=CC=C1,76.16070518
0f0cb72775162ad7,FullCV_01,390,CC(C)C(C=C(C(C)C)C=C1C(C)C)=C1C2=C(P(C3CCCCC3)C4CCCCC4)C=CC=C2,C1(C2=CC=CC=C2)=NOC=C1,CN1CCCN2C1=NCCC2,BrC1=CN=CC=C1,31.9937252
dce462aec4348a3c,FullCV_01,391,CC(C)C(C=C(C(C)C)C=C1C(C)C)=C1C2=C(P([C@@]3(C[C@@H]4C5)C[C@H](C4)C[C@H]5C3)[C@]6(C7)C[C@@H](C[C@@H]7C8)C[C@@H]8C6)C(OC)=CC=C2OC,O=C(OC)C1=NOC(C2=CC=CS2)=C1,CN(C)P(N(C)C)(N(C)C)=NP(N(C)C)(N(C)C)=NCC,IC1=CC=C(CC)C=C1,61.83593039
fd915081ec9635d5,FullCV_01,392,CC(C)C(C=C(C(C)C)C=C1C(C)C)=C1C2=C(P(C3CCCCC3)C4CCCCC4)C=CC=C2,CCOC(C1=NOC=C1)=O,CN1CCCN2C1=NCCC2,IC1=CC=C(CC)C=C1,50.86354716
3abfe282d7c7c1a1,FullCV_01,393,CC(C)C(C=C(C(C)C)C=C1C(C)C)=C1C2=C(P(C(C)(C)C)C(C)(C)C)C=CC=C2,O=C(OC)C1=NOC(C2=CC=CS2)=C1,CN1CCCN2C1=NCCC2,ClC1=CC=C(CC)C=C1,0.745430861
1b1f0b524e6846aa,FullCV_01,394,CC(C)C(C=C(C(C)C)C=C1C(C)C)=C1C2=C(P(C(C)(C)C)C(C)(C)C)C=CC=C2,CC1=NOC(C2=CC=CC=C2)=C1,CN1CCCN2C1=NCCC2,BrC1=CN=CC=C1,76.73725946
1488ca48fffab282,FullCV_01,395,CC(C)C(C=C(C(C)C)C=C1C(C)C)=C1C2=C(P(C(C)(C)C)C(C)(C)C)C=CC=C2,C1(N(CC2=CC=CC=C2)CC3=CC=CC=C3)=CC=NO1,CN1CCCN2C1=NCCC2,ClC1=CN=CC=C1,12.67223423
d30e61910c12f3cb,FullCV_01,396,CC(C)C(C=C(C(C)C)C=C1C(C)C)=C1C2=C(P(C(C)(C)C)C(C)(C)C)C=CC=C2,CC1=NOC(C2=CC=CC=C2)=C1,CN1CCCN2C1=NCCC2,IC1=CC=C(OC)C=C1,44.40779423
bcab72f286afcd07,FullCV_01,397,CC(C)C(C=C(C(C)C)C=C1C(C)C)=C1C2=C(P(C(C)(C)C)C(C)(C)C)C=CC=C2,CC1=CC=NO1,CN(C)P(N(C)C)(N(C)C)=NP(N(C)C)(N(C)C)=NCC,ClC1=CC=C(CC)C=C1,2.889330361
8074102060eedebf,FullCV_01,398,CC(C)C(C=C(C(C)C)C=C1C(C)C)=C1C2=C(P(C(C)(C)C)C(C)(C)C)C=CC=C2,C1(N(CC2=CC=CC=C2)CC3=CC=CC=C3)=CC=NO1,CN(C)P(N(C)C)(N(C)C)=NP(N(C)C)(N(C)C)=NCC,IC1=CC=C(OC)C=C1,11.09901507
3643c612fca4945b,FullCV_01,399,CC(C)C(C=C(C(C)C)C=C1C(C)C)=C1C2=C(P(C3CCCCC3)C4CCCCC4)C=CC=C2,CC1=CC(N2C=CC=C2)=NO1,CN1CCCN2C1=NCCC2,ClC1=CN=CC=C1,7.71156711
0c1889d7089b356e,FullCV_01,400,CC(C)C(C=C(C(C)C)C=C1C(C)C)=C1C2=C(P(C3CCCCC3)C4CCCCC4)C=CC=C2,CC1=CC(C)=NO1,CN(C)P(N(C)C)(N(C)C)=NP(N(C)C)(N(C)C)=NCC,ClC1=CC=C(C(F)(F)F)C=C1,18.46507819
48668e7b49019f64,FullCV_01,401,CC(C)C(C=C(C(C)C)C=C1C(C)C)=C1C2=C(P([C@@]3(C[C@@H]4C5)C[C@H](C4)C[C@H]5C3)[C@]6(C7)C[C@@H](C[C@@H]7C8)C[C@@H]8C6)C(OC)=CC=C2OC,C1(C2=CC=CC=C2)=NOC=C1,CN1CCCN2C1=NCCC2,ClC1=CN=CC=C1,41.58551371
aa35da058f6710a2,FullCV_01,402,CC(C)C(C=C(C(C)C)C=C1C(C)C)=C1C2=C(P(C(C)(C)C)C(C)(C)C)C(OC)=CC=C2OC,CC1=C(C(OCC)=O)C=NO1,CN(C)P(N(C)C)(N(C)C)=NP(N(C)C)(N(C)C)=NCC,BrC1=CC=C(CC)C=C1,23.73944169
bb159dd529f555a1,FullCV_01,403,CC(C)C(C=C(C(C)C)C=C1C(C)C)=C1C2=C(P(C(C)(C)C)C(C)(C)C)C=CC=C2,C1(N(CC2=CC=CC=C2)CC3=CC=CC=C3)=CC=NO1,CC(C)(C)/N=C(N(C)C)/N(C)C,IC1=CC=C(C(F)(F)F)C=C1,34.91039433
d851ac9bfbfa92c0,FullCV_01,404,CC(C)C(C=C(C(C)C)C=C1C(C)C)=C1C2=C(P(C3CCCCC3)C4CCCCC4)C=CC=C2,CC1=CC(N2C=CC=C2)=NO1,CN1CCCN2C1=NCCC2,BrC1=CC=C(CC)C=C1,28.74353219
e794fd8ea9a57fcf,FullCV_01,405,CC(C)C(C=C(C(C)C)C=C1C(C)C)=C1C2=C(P(C3CCCCC3)C4CCCCC4)C=CC=C2,CCOC(C1=NOC=C1)=O,CN(C)P(N(C)C)(N(C)C)=NP(N(C)C)(N(C)C)=NCC,IC1=CC=C(OC)C=C1,0.0
23f4405bd9c18e8c,FullCV_01,406,CC(C)C(C=C(C(C)C)C=C1C(C)C)=C1C2=C(P([C@@]3(C[C@@H]4C5)C[C@H](C4)C[C@H]5C3)[C@]6(C7)C[C@@H](C[C@@H]7C8)C[C@@H]8C6)C(OC)=CC=C2OC,C12=CON=C1C=CC=C2,CN1CCCN2C1=NCCC2,ClC1=CC=C(C(F)(F)F)C=C1,0.299153601
19a324a30dce1178,FullCV_01,407,CC(C)C(C=C(C(C)C)C=C1C(C)C)=C1C2=C(P([C@@]3(C[C@@H]4C5)C[C@H](C4)C[C@H]5C3)[C@]6(C7)C[C@@H](C[C@@H]7C8)C[C@@H]8C6)C(OC)=CC=C2OC,CC1=CC(C(OCC)=O)=NO1,CN(C)P(N(C)C)(N(C)C)=NP(N(C)C)(N(C)C)=NCC,BrC1=CC=C(CC)C=C1,74.13888356
e03dd05c0c004513,FullCV_01,408,CC(C)C(C=C(C(C)C)C=C1C(C)C)=C1C2=C(P([C@@]3(C[C@@H]4C5)C[C@H](C4)C[C@H]5C3)[C@]6(C7)C[C@@H](C[C@@H]7C8)C[C@@H]8C6)C(OC)=CC=C2OC,C1(C2=CC=CC=C2)=NOC=C1,CN1CCCN2C1=NCCC2,BrC1=CN=CC=C1,95.12897845
216418deb4e6bfaa,FullCV_01,409,CC(C)C(C=C(C(C)C)C=C1C(C)C)=C1C2=C(P(C(C)(C)C)C(C)(C)C)C=CC=C2,CC1=NOC(C2=CC=CC=C2)=C1,CC(C)(C)/N=C(N(C)C)/N(C)C,ClC1=CC=C(CC)C=C1,3.373624056
329c6ba476547d34,FullCV_01,410,CC(C)C(C=C(C(C)C)C=C1C(C)C)=C1C2=C(P([C@@]3(C[C@@H]4C5)C[C@H](C4)C[C@H]5C3)[C@]6(C7)C[C@@H](C[C@@H]7C8)C[C@@H]8C6)C(OC)=CC=C2OC,CC1=C(C(OCC)=O)C=NO1,CC(C)(C)/N=C(N(C)C)/N(C)C,IC1=CC=C(OC)C=C1,16.00671459
f0f4bb53072a2b0d,FullCV_01,411,CC(C)C(C=C(C(C)C)C=C1C(C)C)=C1C2=C(P(C(C)(C)C)C(C)(C)C)C=CC=C2,C1(C2=CC=CC=C2)=CON=C1,CN1CCCN2C1=NCCC2,IC1=CN=CC=C1,93.02887198
d943ee954f69ef5e,FullCV_01,412,CC(C)C(C=C(C(C)C)C=C1C(C)C)=C1C2=C(P([C@@]3(C[C@@H]4C5)C[C@H](C4)C[C@H]5C3)[C@]6(C7)C[C@@H](C[C@@H]7C8)C[C@@H]8C6)C(OC)=CC=C2OC,C1(N(CC2=CC=CC=C2)CC3=CC=CC=C3)=NOC=C1,CN(C)P(N(C)C)(N(C)C)=NP(N(C)C)(N(C)C)=NCC,ClC1=CC=C(C(F)(F)F)C=C1,4.618730656
bc7bf45a94e60b5f,FullCV_01,413,CC(C)C(C=C(C(C)C)C=C1C(C)C)=C1C2=C(P(C3CCCCC3)C4CCCCC4)C=CC=C2,O=C(OC)C1=NOC(C2=CC=CO2)=C1,CC(C)(C)/N=C(N(C)C)/N(C)C,ClC1=CC=C(CC)C=C1,0.72962294
a5d7d33485a98843,FullCV_01,414,CC(C)C(C=C(C(C)C)C=C1C(C)C)=C1C2=C(P(C3CCCCC3)C4CCCCC4)C=CC=C2,C1(N(CC2=CC=CC=C2)CC3=CC=CC=C3)=NOC=C1,CN(C)P(N(C)C)(N(C)C)=NP(N(C)C)(N(C)C)=NCC,ClC1=CC=C(OC)C=C1,10.03471889
0ade3e47317ceb3c,FullCV_01,415,CC(C)C(C=C(C(C)C)C=C1C(C)C)=C1C2=C(P(C(C)(C)C)C(C)(C)C)C(OC)=CC=C2OC,CCOC(C1=CON=C1)=O,CN(C)P(N(C)C)(N(C)C)=NP(N(C)C)(N(C)C)=NCC,BrC1=CC=C(OC)C=C1,3.26158183
4c1e33198a44731a,FullCV_01,416,CC(C)C(C=C(C(C)C)C=C1C(C)C)=C1C2=C(P(C(C)(C)C)C(C)(C)C)C(OC)=CC=C2OC,CC1=NOC(C(OCC)=O)=C1,CN1CCCN2C1=NCCC2,BrC1=CC=C(C(F)(F)F)C=C1,40.44190447
86bfd4564dca904e,FullCV_01,417,CC(C)C(C=C(C(C)C)C=C1C(C)C)=C1C2=C(P(C3CCCCC3)C4CCCCC4)C=CC=C2,CC1=NOC=C1,CN(C)P(N(C)C)(N(C)C)=NP(N(C)C)(N(C)C)=NCC,BrC1=CC=C(C(F)(F)F)C=C1,9.302544665
7c16e0a7d6ca91f3,FullCV_01,418,CC(C)C(C=C(C(C)C)C=C1C(C)C)=C1C2=C(P([C@@]3(C[C@@H]4C5)C[C@H](C4)C[C@H]5C3)[C@]6(C7)C[C@@H](C[C@@H]7C8)C[C@@H]8C6)C(OC)=CC=C2OC,CC1=CC=NO1,CN1CCCN2C1=NCCC2,IC1=NC=CC=C1,90.31730943
47dc7557126103f5,FullCV_01,419,CC(C)C(C=C(C(C)C)C=C1C(C)C)=C1C2=C(P(C3CCCCC3)C4CCCCC4)C=CC=C2,CC1=CC(N2C=CC=C2)=NO1,CC(C)(C)/N=C(N(C)C)/N(C)C,ClC1=CC=C(C(F)(F)F)C=C1,19.41980511
c70b875c2f38bab3,FullCV_01,420,CC(C)C(C=C(C(C)C)C=C1C(C)C)=C1C2=C(P(C(C)(C)C)C(C)(C)C)C=CC=C2,CCOC(C1=CON=C1)=O,CN(C)P(N(C)C)(N(C)C)=NP(N(C)C)(N(C)C)=NCC,BrC1=CC=C(CC)C=C1,5.425616594
03e26140ed01f446,FullCV_01,421,CC(C)C(C=C(C(C)C)C=C1C(C)C)=C1C2=C(P([C@@]3(C[C@@H]4C5)C[C@H](C4)C[C@H]5C3)[C@]6(C7)C[C@@H](C[C@@H]7C8)C[C@@H]8C6)C(OC)=CC=C2OC,CC1=CC(C(OCC)=O)=NO1,CN(C)P(N(C)C)(N(C)C)=NP(N(C)C)(N(C)C)=NCC,ClC1=CC=C(CC)C=C1,0.737631078
ea97ce8b5da4e910,FullCV_01,422,CC(C)C(C=C(C(C)C)C=C1C(C)C)=C1C2=C(P(C3CCCCC3)C4CCCCC4)C=CC=C2,FC(C=CC=C1F)=C1C2=CC=NO2,CN(C)P(N(C)C)(N(C)C)=NP(N(C)C)(N(C)C)=NCC,IC1=CN=CC=C1,12.79205877
ce9a32f3077cb700,FullCV_01,423,CC(C)C(C=C(C(C)C)C=C1C(C)C)=C1C2=C(P([C@@]3(C[C@@H]4C5)C[C@H](C4)C[C@H]5C3)[C@]6(C7)C[C@@H](C[C@@H]7C8)C[C@@H]8C6)C(OC)=CC=C2OC,C1(C2=CC=CC=C2)=CC=NO1,CN1CCCN2C1=NCCC2,ClC1=CC=C(CC)C=C1,2.173414859
48e6c8b426c17913,FullCV_01,424,CC(C)C(C=C(C(C)C)C=C1C(C)C)=C1C2=C(P(C(C)(C)C)C(C)(C)C)C=CC=C2,CC1=CC(N2C=CC=C2)=NO1,CC(C)(C)/N=C(N(C)C)/N(C)C,ClC1=CC=C(CC)C=C1,3.311093961
6cb5769cecd4c2a5,FullCV_01,425,CC(C)C(C=C(C(C)C)C=C1C(C)C)=C1C2=C(P(C(C)(C)C)C(C)(C)C)C(OC)=CC=C2OC,CC1=C(C(OCC)=O)C=NO1,CN(C)P(N(C)C)(N(C)C)=NP(N(C)C)(N(C)C)=NCC,IC1=CC=C(C(F)(F)F)C=C1,12.11048821
4758cdfcc13b047f,FullCV_01,426,CC(C)C(C=C(C(C)C)C=C1C(C)C)=C1C2=C(P([C@@]3(C[C@@H]4C5)C[C@H](C4)C[C@H]5C3)[C@]6(C7)C[C@@H](C[C@@H]7C8)C[C@@H]8C6)C(OC)=CC=C2OC,C12=CON=C1C=CC=C2,CC(C)(C)/N=C(N(C)C)/N(C)C,ClC1=CC=C(OC)C=C1,0.0
3b4ab981f1797a3a,FullCV_01,427,CC(C)C(C=C(C(C)C)C=C1C(C)C)=C1C2=C(P(C3CCCCC3)C4CCCCC4)C=CC=C2,CCOC(C1=CON=C1)=O,CC(C)(C)/N=C(N(C)C)/N(C)C,ClC1=CN=CC=C1,0.0
0d2de4f91e73da46,FullCV_01,428,CC(C)C(C=C(C(C)C)C=C1C(C)C)=C1C2=C(P(C(C)(C)C)C(C)(C)C)C(OC)=CC=C2OC,C12=CON=C1C=CC=C2,CN(C)P(N(C)C)(N(C)C)=NP(N(C)C)(N(C)C)=NCC,BrC1=CC=C(C(F)(F)F)C=C1,11.65626027
dfa0368790044213,FullCV_01,429,CC(C)C(C=C(C(C)C)C=C1C(C)C)=C1C2=C(P(C(C)(C)C)C(C)(C)C)C(OC)=CC=C2OC,FC(C=CC=C1F)=C1C2=CC=NO2,CN1CCCN2C1=NCCC2,BrC1=CN=CC=C1,55.99062735
1f1ea703c2679f31,FullCV_01,430,CC(C)C(C=C(C(C)C)C=C1C(C)C)=C1C2=C(P(C(C)(C)C)C(C)(C)C)C(OC)=CC=C2OC,C1(C2=CC=CC=C2)=CON=C1,CN(C)P(N(C)C)(N(C)C)=NP(N(C)C)(N(C)C)=NCC,BrC1=CC=C(OC)C=C1,11.12595571
8cabc757a66c6589,FullCV_01,431,CC(C)C(C=C(C(C)C)C=C1C(C)C)=C1C2=C(P(C(C)(C)C)C(C)(C)C)C(OC)=CC=C2OC,CC1=CC(N2C=CC=C2)=NO1,CC(C)(C)/N=C(N(C)C)/N(C)C,IC1=CC=C(C(F)(F)F)C=C1,36.4250561
bc7e576254528990,FullCV_01,432,CC(C)C(C=C(C(C)C)C=C1C(C)C)=C1C2=C(P([C@@]3(C[C@@H]4C5)C[C@H](C4)C[C@H]5C3)[C@]6(C7)C[C@@H](C[C@@H]7C8)C[C@@H]8C6)C(OC)=CC=C2OC,O=C(OC)C1=NOC(C2=CC=CO2)=C1,CN(C)P(N(C)C)(N(C)C)=NP(N(C)C)(N(C)C)=NCC,BrC1=NC=CC=C1,64.01092118
9e17c793c25cdaac,FullCV_01,433,CC(C)C(C=C(C(C)C)C=C1C(C)C)=C1C2=C(P(C3CCCCC3)C4CCCCC4)C=CC=C2,CC1=CC(N2C=CC=C2)=NO1,CC(C)(C)/N=C(N(C)C)/N(C)C,ClC1=CC=C(CC)C=C1,5.821778044
b8716697df19e677,FullCV_01,434,CC(C)C(C=C(C(C)C)C=C1C(C)C)=C1C2=C(P([C@@]3(C[C@@H]4C5)C[C@H](C4)C[C@H]5C3)[C@]6(C7)C[C@@H](C[C@@H]7C8)C[C@@H]8C6)C(OC)=CC=C2OC,C1(N(CC2=CC=CC=C2)CC3=CC=CC=C3)=CC=NO1,CN1CCCN2C1=NCCC2,ClC1=CC=C(C(F)(F)F)C=C1,5.071740985
02cece1055d8400c,FullCV_01,435,CC(C)C(C=C(C(C)C)C=C1C(C)C)=C1C2=C(P([C@@]3(C[C@@H]4C5)C[C@H](C4)C[C@H]5C3)[C@]6(C7)C[C@@H](C[C@@H]7C8)C[C@@H]8C6)C(OC)=CC=C2OC,CCOC(C1=CON=C1)=O,CN1CCCN2C1=NCCC2,ClC1=CN=CC=C1,18.37316337
421c8245010fe61a,FullCV_01,436,CC(C)C(C=C(C(C)C)C=C1C(C)C)=C1C2=C(P(C3CCCCC3)C4CCCCC4)C=CC=C2,C12=C(C=CC=C2)ON=C1,CN1CCCN2C1=NCCC2,ClC1=NC=CC=C1,16.58042552
028735549c1b37d5,FullCV_01,437,CC(C)C(C=C(C(C)C)C=C1C(C)C)=C1C2=C(P([C@@]3(C[C@@H]4C5)C[C@H](C4)C[C@H]5C3)[C@]6(C7)C[C@@H](C[C@@H]7C8)C[C@@H]8C6)C(OC)=CC=C2OC,C12=CON=C1C=CC=C2,CN(C)P(N(C)C)(N(C)C)=NP(N(C)C)(N(C)C)=NCC,BrC1=CC=C(C(F)(F)F)C=C1,5.105134806
b149a12dcfe7c463,FullCV_01,438,CC(C)C(C=C(C(C)C)C=C1C(C)C)=C1C2=C(P(C(C)(C)C)C(C)(C)C)C(OC)=CC=C2OC,CC1=C(C(OCC)=O)C=NO1,CC(C)(C)/N=C(N(C)C)/N(C)C,ClC1=CC=C(C(F)(F)F)C=C1,0.927604534
0269fed4eb9ba410,FullCV_01,439,CC(C)C(C=C(C(C)C)C=C1C(C)C)=C1C2=C(P(C(C)(C)C)C(C)(C)C)C(OC)=CC=C2OC,COC1=NOC(C(OCC)=O)=C1,CN(C)P(N(C)C)(N(C)C)=NP(N(C)C)(N(C)C)=NCC,IC1=CC=C(C(F)(F)F)C=C1,34.79607292
b40004761e7daa23,FullCV_01,440,CC(C)C(C=C(C(C)C)C=C1C(C)C)=C1C2=C(P(C3CCCCC3)C4CCCCC4)C=CC=C2,CC1=CC(C(OCC)=O)=NO1,CC(C)(C)/N=C(N(C)C)/N(C)C,BrC1=NC=CC=C1,51.21654271
8f9d68b586af35b0,FullCV_01,441,CC(C)C(C=C(C(C)C)C=C1C(C)C)=C1C2=C(P(C(C)(C)C)C(C)(C)C)C(OC)=CC=C2OC,C12=CON=C1C=CC=C2,CN1CCCN2C1=NCCC2,IC1=CC=C(CC)C=C1,73.16269955
a3f6a0ccb64dfeb1,FullCV_01,442,CC(C)C(C=C(C(C)C)C=C1C(C)C)=C1C2=C(P(C3CCCCC3)C4CCCCC4)C=CC=C2,C1(N(CC2=CC=CC=C2)CC3=CC=CC=C3)=CC=NO1,CN1CCCN2C1=NCCC2,IC1=CC=C(CC)C=C1,4.972241085
fbde2f33020edae5,FullCV_01,443,CC(C)C(C=C(C(C)C)C=C1C(C)C)=C1C2=C(P(C3CCCCC3)C4CCCCC4)C=CC=C2,C12=CON=C1C=CC=C2,CC(C)(C)/N=C(N(C)C)/N(C)C,ClC1=NC=CC=C1,4.510171982
ad0efcfce0bd929a,FullCV_01,444,CC(C)C(C=C(C(C)C)C=C1C(C)C)=C1C2=C(P([C@@]3(C[C@@H]4C5)C[C@H](C4)C[C@H]5C3)[C@]6(C7)C[C@@H](C[C@@H]7C8)C[C@@H]8C6)C(OC)=CC=C2OC,CC1=NOC(C(OCC)=O)=C1,CC(C)(C)/N=C(N(C)C)/N(C)C,BrC1=CC=C(C(F)(F)F)C=C1,32.38635793
7e66ffe09716611f,FullCV_01,445,CC(C)C(C=C(C(C)C)C=C1C(C)C)=C1C2=C(P(C(C)(C)C)C(C)(C)C)C=CC=C2,CC1=CC(N2C=CC=C2)=NO1,CC(C)(C)/N=C(N(C)C)/N(C)C,BrC1=CC=C(CC)C=C1,57.74229286
a8a43228c9864351,FullCV_01,446,CC(C)C(C=C(C(C)C)C=C1C(C)C)=C1C2=C(P(C(C)(C)C)C(C)(C)C)C=CC=C2,CCOC(C1=NOC=C1)=O,CN(C)P(N(C)C)(N(C)C)=NP(N(C)C)(N(C)C)=NCC,IC1=CC=C(OC)C=C1,2.97427716
8c786a18726e1da7,FullCV_01,447,CC(C)C(C=C(C(C)C)C=C1C(C)C)=C1C2=C(P([C@@]3(C[C@@H]4C5)C[C@H](C4)C[C@H]5C3)[C@]6(C7)C[C@@H](C[C@@H]7C8)C[C@@H]8C6)C(OC)=CC=C2OC,O=C(OC)C1=NOC(C2=CC=CO2)=C1,CN1CCCN2C1=NCCC2,BrC1=CC=C(CC)C=C1,39.51845686
b68064a9d5fe74fa,FullCV_01,448,CC(C)C(C=C(C(C)C)C=C1C(C)C)=C1C2=C(P(C3CCCCC3)C4CCCCC4)C=CC=C2,CCOC(C1=NOC=C1)=O,CN1CCCN2C1=NCCC2,ClC1=CC=C(C(F)(F)F)C=C1,18.14790513
96558857a7a11634,FullCV_01,449,CC(C)C(C=C(C(C)C)C=C1C(C)C)=C1C2=C(P(C(C)(C)C)C(C)(C)C)C=CC=C2,O=C(OC)C1=CC=NO1,CN1CCCN2C1=NCCC2,IC1=CC=C(OC)C=C1,42.55967392
ed0f55d5bb22f6cf,FullCV_01,450,CC(C)C(C=C(C(C)C)C=C1C(C)C)=C1C2=C(P([C@@]3(C[C@@H]4C5)C[C@H](C4)C[C@H]5C3)[C@]6(C7)C[C@@H](C[C@@H]7C8)C[C@@H]8C6)C(OC)=CC=C2OC,O=C(OC)C1=NOC(C2=CC=CS2)=C1,CC(C)(C)/N=C(N(C)C)/N(C)C,IC1=CC=C(CC)C=C1,57.87416713
565199ed79e2fdde,FullCV_01,451,CC(C)C(C=C(C(C)C)C=C1C(C)C)=C1C2=C(P([C@@]3(C[C@@H]4C5)C[C@H](C4)C[C@H]5C3)[C@]6(C7)C[C@@H](C[C@@H]7C8)C[C@@H]8C6)C(OC)=CC=C2OC,C12=CON=C1C=CC=C2,CC(C)(C)/N=C(N(C)C)/N(C)C,BrC1=CC=C(CC)C=C1,4.677881799
7d93be2443a76402,FullCV_01,452,CC(C)C(C=C(C(C)C)C=C1C(C)C)=C1C2=C(P(C(C)(C)C)C(C)(C)C)C=CC=C2,CCOC(C1=CON=C1)=O,CN1CCCN2C1=NCCC2,ClC1=CC=C(CC)C=C1,14.32160153
2b920dc9df21dd86,FullCV_01,453,CC(C)C(C=C(C(C)C)C=C1C(C)C)=C1C2=C(P(C(C)(C)C)C(C)(C)C)C=CC=C2,C1(C2=CC=CC=C2)=CON=C1,CC(C)(C)/N=C(N(C)C)/N(C)C,BrC1=CC=C(C(F)(F)F)C=C1,47.02427089
3b7952ae1fd1f560,FullCV_01,454,CC(C)C(C=C(C(C)C)C=C1C(C)C)=C1C2=C(P(C3CCCCC3)C4CCCCC4)C=CC=C2,C1(N(CC2=CC=CC=C2)CC3=CC=CC=C3)=CC=NO1,CC(C)(C)/N=C(N(C)C)/N(C)C,ClC1=NC=CC=C1,15.03293541
bced0dec0a920fdc,FullCV_01,455,CC(C)C(C=C(C(C)C)C=C1C(C)C)=C1C2=C(P(C(C)(C)C)C(C)(C)C)C(OC)=CC=C2OC,C12=C(C=CC=C2)ON=C1,CN(C)P(N(C)C)(N(C)C)=NP(N(C)C)(N(C)C)=NCC,ClC1=CN=CC=C1,36.10795647
415411a46ae509f3,FullCV_01,456,CC(C)C(C=C(C(C)C)C=C1C(C)C)=C1C2=C(P(C3CCCCC3)C4CCCCC4)C=CC=C2,CC1=NOC=C1,CN1CCCN2C1=NCCC2,BrC1=CC=C(C(F)(F)F)C=C1,44.03844861
e45c175daa6273b8,FullCV_01,457,CC(C)C(C=C(C(C)C)C=C1C(C)C)=C1C2=C(P(C(C)(C)C)C(C)(C)C)C=CC=C2,CC1=CC(N2C=CC=C2)=NO1,CN(C)P(N(C)C)(N(C)C)=NP(N(C)C)(N(C)C)=NCC,IC1=CC=C(OC)C=C1,44.44212826
1b296f4b9448ca5f,FullCV_01,458,CC(C)C(C=C(C(C)C)C=C1C(C)C)=C1C2=C(P(C(C)(C)C)C(C)(C)C)C=CC=C2,CC1=C(C(OCC)=O)C=NO1,CN1CCCN2C1=NCCC2,IC1=CC=C(CC)C=C1,61.5016932
a24deff6663d07bb,FullCV_01,459,CC(C)C(C=C(C(C)C)C=C1C(C)C)=C1C2=C(P([C@@]3(C[C@@H]4C5)C[C@H](C4)C[C@H]5C3)[C@]6(C7)C[C@@H](C[C@@H]7C8)C[C@@H]8C6)C(OC)=CC=C2OC,CCOC(C1=CON=C1)=O,CN1CCCN2C1=NCCC2,BrC1=CC=C(CC)C=C1,30.37188127
3ae55184966431f9,FullCV_01,460,CC(C)C(C=C(C(C)C)C=C1C(C)C)=C1C2=C(P([C@@]3(C[C@@H]4C5)C[C@H](C4)C[C@H]5C3)[C@]6(C7)C[C@@H](C[C@@H]7C8)C[C@@H]8C6)C(OC)=CC=C2OC,C1(C2=CC=CC=C2)=CON=C1,CC(C)(C)/N=C(N(C)C)/N(C)C,IC1=CC=C(CC)C=C1,67.48065191
9530dbaf9e040696,FullCV_01,461,CC(C)C(C=C(C(C)C)C=C1C(C)C)=C1C2=C(P(C(C)(C)C)C(C)(C)C)C=CC=C2,COC1=NOC(C(OCC)=O)=C1,CC(C)(C)/N=C(N(C)C)/N(C)C,ClC1=NC=CC=C1,61.13755675
d101216f7790761d,FullCV_01,462,CC(C)C(C=C(C(C)C)C=C1C(C)C)=C1C2=C(P(C(C)(C)C)C(C)(C)C)C=CC=C2,CC1=CC(N2C=CC=C2)=NO1,CN(C)P(N(C)C)(N(C)C)=NP(N(C)C)(N(C)C)=NCC,BrC1=CN=CC=C1,68.74074216
fbcd3bc70ea902f3,FullCV_01,463,CC(C)C(C=C(C(C)C)C=C1C(C)C)=C1C2=C(P([C@@]3(C[C@@H]4C5)C[C@H](C4)C[C@H]5C3)[C@]6(C7)C[C@@H](C[C@@H]7C8)C[C@@H]8C6)C(OC)=CC=C2OC,CC1=NOC(C2=CC=CC=C2)=C1,CC(C)(C)/N=C(N(C)C)/N(C)C,ClC1=CC=C(C(F)(F)F)C=C1,8.178111662
f73afe8e16706d0f,FullCV_01,464,CC(C)C(C=C(C(C)C)C=C1C(C)C)=C1C2=C(P(C3CCCCC3)C4CCCCC4)C=CC=C2,C1(N(CC2=CC=CC=C2)CC3=CC=CC=C3)=NOC=C1,CC(C)(C)/N=C(N(C)C)/N(C)C,ClC1=CN=CC=C1,10.87603871
9ba9af90a319ce09,FullCV_01,465,CC(C)C(C=C(C(C)C)C=C1C(C)C)=C1C2=C(P(C(C)(C)C)C(C)(C)C)C=CC=C2,CCOC(C1=NOC=C1)=O,CN1CCCN2C1=NCCC2,IC1=NC=CC=C1,88.51390693
469a28fed16a0514,FullCV_01,466,CC(C)C(C=C(C(C)C)C=C1C(C)C)=C1C2=C(P([C@@]3(C[C@@H]4C5)C[C@H](C4)C[C@H]5C3)[C@]6(C7)C[C@@H](C[C@@H]7C8)C[C@@H]8C6)C(OC)=CC=C2OC,C12=C(C=CC=C2)ON=C1,CC(C)(C)/N=C(N(C)C)/N(C)C,ClC1=CN=CC=C1,9.3964628
b7cb6482f6283968,FullCV_01,467,CC(C)C(C=C(C(C)C)C=C1C(C)C)=C1C2=C(P(C(C)(C)C)C(C)(C)C)C(OC)=CC=C2OC,CC1=CC(C)=NO1,CN(C)P(N(C)C)(N(C)C)=NP(N(C)C)(N(C)C)=NCC,IC1=CN=CC=C1,70.14574928
7028834295ea4a6b,FullCV_01,468,CC(C)C(C=C(C(C)C)C=C1C(C)C)=C1C2=C(P(C(C)(C)C)C(C)(C)C)C=CC=C2,O=C(OC)C1=NOC(C2=CC=CO2)=C1,CN1CCCN2C1=NCCC2,BrC1=CC=C(OC)C=C1,47.71503964
5eea3dff127cefdb,FullCV_01,469,CC(C)C(C=C(C(C)C)C=C1C(C)C)=C1C2=C(P([C@@]3(C[C@@H]4C5)C[C@H](C4)C[C@H]5C3)[C@]6(C7)C[C@@H](C[C@@H]7C8)C[C@@H]8C6)C(OC)=CC=C2OC,CC1=C(C(OCC)=O)C=NO1,CC(C)(C)/N=C(N(C)C)/N(C)C,IC1=CC=C(C(F)(F)F)C=C1,13.98397961
0f28e8514abadb70,FullCV_01,470,CC(C)C(C=C(C(C)C)C=C1C(C)C)=C1C2=C(P(C(C)(C)C)C(C)(C)C)C=CC=C2,C12=C(C=CC=C2)ON=C1,CC(C)(C)/N=C(N(C)C)/N(C)C,IC1=CC=C(OC)C=C1,15.92909866
323a3a127198ad5b,FullCV_01,471,CC(C)C(C=C(C(C)C)C=C1C(C)C)=C1C2=C(P([C@@]3(C[C@@H]4C5)C[C@H](C4)C[C@H]5C3)[C@]6(C7)C[C@@H](C[C@@H]7C8)C[C@@H]8C6)C(OC)=CC=C2OC,FC(C=CC=C1F)=C1C2=CC=NO2,CN1CCCN2C1=NCCC2,BrC1=CC=C(OC)C=C1,26.95590806
81814557d98bf18d,FullCV_01,472,CC(C)C(C=C(C(C)C)C=C1C(C)C)=C1C2=C(P([C@@]3(C[C@@H]4C5)C[C@H](C4)C[C@H]5C3)[C@]6(C7)C[C@@H](C[C@@H]7C8)C[C@@H]8C6)C(OC)=CC=C2OC,C1(N(CC2=CC=CC=C2)CC3=CC=CC=C3)=NOC=C1,CN1CCCN2C1=NCCC2,BrC1=NC=CC=C1,85.65923047
f8c6a4944d140ea3,FullCV_01,473,CC(C)C(C=C(C(C)C)C=C1C(C)C)=C1C2=C(P([C@@]3(C[C@@H]4C5)C[C@H](C4)C[C@H]5C3)[C@]6(C7)C[C@@H](C[C@@H]7C8)C[C@@H]8C6)C(OC)=CC=C2OC,C1(C2=CC=CC=C2)=CC=NO1,CC(C)(C)/N=C(N(C)C)/N(C)C,ClC1=CC=C(CC)C=C1,0.57693322
10459fdb0f07d584,FullCV_01,474,CC(C)C(C=C(C(C)C)C=C1C(C)C)=C1C2=C(P(C(C)(C)C)C(C)(C)C)C(OC)=CC=C2OC,CC1=CC=NO1,CN(C)P(N(C)C)(N(C)C)=NP(N(C)C)(N(C)C)=NCC,ClC1=CC=C(CC)C=C1,2.658633939
df724d0c8e6f5084,FullCV_01,475,CC(C)C(C=C(C(C)C)C=C1C(C)C)=C1C2=C(P(C3CCCCC3)C4CCCCC4)C=CC=C2,CC1=NOC(C2=CC=CC=C2)=C1,CN(C)P(N(C)C)(N(C)C)=NP(N(C)C)(N(C)C)=NCC,BrC1=CC=C(OC)C=C1,39.12148383
d41215866869ef5f,FullCV_01,476,CC(C)C(C=C(C(C)C)C=C1C(C)C)=C1C2=C(P([C@@]3(C[C@@H]4C5)C[C@H](C4)C[C@H]5C3)[C@]6(C7)C[C@@H](C[C@@H]7C8)C[C@@H]8C6)C(OC)=CC=C2OC,COC1=NOC(C(OCC)=O)=C1,CN1CCCN2C1=NCCC2,ClC1=CC=C(CC)C=C1,0.665471445
2b5e09400fd425b7,FullCV_01,477,CC(C)C(C=C(C(C)C)C=C1C(C)C)=C1C2=C(P(C(C)(C)C)C(C)(C)C)C=CC=C2,CC1=CC=NO1,CN1CCCN2C1=NCCC2,ClC1=NC=CC=C1,73.07610721
d09c012262f603c5,FullCV_01,478,CC(C)C(C=C(C(C)C)C=C1C(C)C)=C1C2=C(P(C(C)(C)C)C(C)(C)C)C=CC=C2,O=C(OC)C1=CC=NO1,CC(C)(C)/N=C(N(C)C)/N(C)C,ClC1=CN=CC=C1,3.496970929
f987da3094cb8e5f,FullCV_01,479,CC(C)C(C=C(C(C)C)C=C1C(C)C)=C1C2=C(P([C@@]3(C[C@@H]4C5)C[C@H](C4)C[C@H]5C3)[C@]6(C7)C[C@@H](C[C@@H]7C8)C[C@@H]8C6)C(OC)=CC=C2OC,CC1=NOC=C1,CC(C)(C)/N=C(N(C)C)/N(C)C,IC1=CC=C(C(F)(F)F)C=C1,52.24472601
b5be5a21994c3798,FullCV_01,480,CC(C)C(C=C(C(C)C)C=C1C(C)C)=C1C2=C(P(C(C)(C)C)C(C)(C)C)C(OC)=CC=C2OC,CC1=CC=NO1,CN(C)P(N(C)C)(N(C)C)=NP(N(C)C)(N(C)C)=NCC,IC1=CC=C(C(F)(F)F)C=C1,2.106143629
d82a5448e87380d4,FullCV_01,481,CC(C)C(C=C(C(C)C)C=C1C(C)C)=C1C2=C(P(C(C)(C)C)C(C)(C)C)C(OC)=CC=C2OC,C1(N(CC2=CC=CC=C2)CC3=CC=CC=C3)=CC=NO1,CN(C)P(N(C)C)(N(C)C)=NP(N(C)C)(N(C)C)=NCC,ClC1=NC=CC=C1,41.14460565
98ea3b0f2580105b,FullCV_01,482,CC(C)C(C=C(C(C)C)C=C1C(C)C)=C1C2=C(P(C(C)(C)C)C(C)(C)C)C=CC=C2,CC1=NOC=C1,CN(C)P(N(C)C)(N(C)C)=NP(N(C)C)(N(C)C)=NCC,BrC1=CC=C(CC)C=C1,75.31115449
ab7dd1f7337a68a5,FullCV_01,483,CC(C)C(C=C(C(C)C)C=C1C(C)C)=C1C2=C(P(C(C)(C)C)C(C)(C)C)C=CC=C2,C12=CON=C1C=CC=C2,CN(C)P(N(C)C)(N(C)C)=NP(N(C)C)(N(C)C)=NCC,BrC1=CC=C(CC)C=C1,14.62829911
e7acf48d35a5c660,FullCV_01,484,CC(C)C(C=C(C(C)C)C=C1C(C)C)=C1C2=C(P(C(C)(C)C)C(C)(C)C)C=CC=C2,CCOC(C1=NOC=C1)=O,CC(C)(C)/N=C(N(C)C)/N(C)C,IC1=CC=C(OC)C=C1,40.65115531
e8742de9f4c87de7,FullCV_01,485,CC(C)C(C=C(C(C)C)C=C1C(C)C)=C1C2=C(P([C@@]3(C[C@@H]4C5)C[C@H](C4)C[C@H]5C3)[C@]6(C7)C[C@@H](C[C@@H]7C8)C[C@@H]8C6)C(OC)=CC=C2OC,CC1=CC=NO1,CN1CCCN2C1=NCCC2,BrC1=CC=C(C(F)(F)F)C=C1,29.47262424
ef01e12720a1a00b,FullCV_01,486,CC(C)C(C=C(C(C)C)C=C1C(C)C)=C1C2=C(P(C(C)(C)C)C(C)(C)C)C=CC=C2,C1(C2=CC=CC=C2)=CON=C1,CC(C)(C)/N=C(N(C)C)/N(C)C,BrC1=CC=C(CC)C=C1,73.2728017
deae9acebc9ead35,FullCV_01,487,CC(C)C(C=C(C(C)C)C=C1C(C)C)=C1C2=C(P([C@@]3(C[C@@H]4C5)C[C@H](C4)C[C@H]5C3)[C@]6(C7)C[C@@H](C[C@@H]7C8)C[C@@H]8C6)C(OC)=CC=C2OC,C12=C(C=CC=C2)ON=C1,CC(C)(C)/N=C(N(C)C)/N(C)C,ClC1=CC=C(C(F)(F)F)C=C1,5.195732957
774b083cf798bd39,FullCV_01,488,CC(C)C(C=C(C(C)C)C=C1C(C)C)=C1C2=C(P([C@@]3(C[C@@H]4C5)C[C@H](C4)C[C@H]5C3)[C@]6(C7)C[C@@H](C[C@@H]7C8)C[C@@H]8C6)C(OC)=CC=C2OC,CC1=NOC=C1,CN(C)P(N(C)C)(N(C)C)=NP(N(C)C)(N(C)C)=NCC,BrC1=CC=C(C(F)(F)F)C=C1,12.61696696
2c3f8135cea45c67,FullCV_01,489,CC(C)C(C=C(C(C)C)C=C1C(C)C)=C1C2=C(P(C3CCCCC3)C4CCCCC4)C=CC=C2,C1(N(CC2=CC=CC=C2)CC3=CC=CC=C3)=CC=NO1,CN1CCCN2C1=NCCC2,IC1=CC=C(OC)C=C1,0.0
5204ae3caf1a7471,FullCV_01,490,CC(C)C(C=C(C(C)C)C=C1C(C)C)=C1C2=C(P(C(C)(C)C)C(C)(C)C)C(OC)=CC=C2OC,CC1=CC(C)=NO1,CN1CCCN2C1=NCCC2,ClC1=CC=C(C(F)(F)F)C=C1,14.2414228
f1407d83469e460a,FullCV_01,491,CC(C)C(C=C(C(C)C)C=C1C(C)C)=C1C2=C(P(C(C)(C)C)C(C)(C)C)C(OC)=CC=C2OC,COC1=NOC(C(OCC)=O)=C1,CC(C)(C)/N=C(N(C)C)/N(C)C,BrC1=NC=CC=C1,56.60877307
3dfb3ee5cf44f25c,FullCV_01,492,CC(C)C(C=C(C(C)C)C=C1C(C)C)=C1C2=C(P(C(C)(C)C)C(C)(C)C)C=CC=C2,CC1=CC=NO1,CN1CCCN2C1=NCCC2,BrC1=CC=C(CC)C=C1,68.26027768
28828dac9b24256d,FullCV_01,493,CC(C)C(C=C(C(C)C)C=C1C(C)C)=C1C2=C(P(C(C)(C)C)C(C)(C)C)C=CC=C2,C12=C(C=CC=C2)ON=C1,CN1CCCN2C1=NCCC2,ClC1=CC=C(C(F)(F)F)C=C1,29.17558441
a330e5b2f1d2078a,FullCV_01,494,CC(C)C(C=C(C(C)C)C=C1C(C)C)=C1C2=C(P(C(C)(C)C)C(C)(C)C)C=CC=C2,C1(C2=CC=CC=C2)=CC=NO1,CC(C)(C)/N=C(N(C)C)/N(C)C,IC1=CN=CC=C1,86.003404
cdb77290c6c0dbbd,FullCV_01,495,CC(C)C(C=C(C(C)C)C=C1C(C)C)=C1C2=C(P([C@@]3(C[C@@H]4C5)C[C@H](C4)C[C@H]5C3)[C@]6(C7)C[C@@H](C[C@@H]7C8)C[C@@H]8C6)C(OC)=CC=C2OC,C12=C(C=CC=C2)ON=C1,CN(C)P(N(C)C)(N(C)C)=NP(N(C)C)(N(C)C)=NCC,ClC1=CC=C(OC)C=C1,0.538585368
357e5feae52afc6a,FullCV_01,496,CC(C)C(C=C(C(C)C)C=C1C(C)C)=C1C2=C(P(C3CCCCC3)C4CCCCC4)C=CC=C2,CC1=CC=NO1,CN(C)P(N(C)C)(N(C)C)=NP(N(C)C)(N(C)C)=NCC,IC1=CC=C(CC)C=C1,18.40781284
d39cf5c4fc1aa0c5,FullCV_01,497,CC(C)C(C=C(C(C)C)C=C1C(C)C)=C1C2=C(P([C@@]3(C[C@@H]4C5)C[C@H](C4)C[C@H]5C3)[C@]6(C7)C[C@@H](C[C@@H]7C8)C[C@@H]8C6)C(OC)=CC=C2OC,C1(C2=CC=CC=C2)=CON=C1,CN(C)P(N(C)C)(N(C)C)=NP(N(C)C)(N(C)C)=NCC,IC1=CN=CC=C1,68.57486471
d0af4cedc1997d35,FullCV_01,498,CC(C)C(C=C(C(C)C)C=C1C(C)C)=C1C2=C(P(C(C)(C)C)C(C)(C)C)C=CC=C2,O=C(OC)C1=NOC(C2=CC=CO2)=C1,CN(C)P(N(C)C)(N(C)C)=NP(N(C)C)(N(C)C)=NCC,ClC1=CC=C(CC)C=C1,0.649110542
dc03fa9ab409cefc,FullCV_01,499,CC(C)C(C=C(C(C)C)C=C1C(C)C)=C1C2=C(P([C@@]3(C[C@@H]4C5)C[C@H](C4)C[C@H]5C3)[C@]6(C7)C[C@@H](C[C@@H]7C8)C[C@@H]8C6)C(OC)=CC=C2OC,CC1=NOC=C1,CC(C)(C)/N=C(N(C)C)/N(C)C,IC1=CN=CC=C1,90.73131654
6a2bbc65ab760e7f,FullCV_01,500,CC(C)C(C=C(C(C)C)C=C1C(C)C)=C1C2=C(P(C(C)(C)C)C(C)(C)C)C=CC=C2,CCOC(C1=CON=C1)=O,CN(C)P(N(C)C)(N(C)C)=NP(N(C)C)(N(C)C)=NCC,IC1=CC=C(OC)C=C1,3.876829723
ff8dc7a29d4c8d89,FullCV_01,501,CC(C)C(C=C(C(C)C)C=C1C(C)C)=C1C2=C(P(C(C)(C)C)C(C)(C)C)C=CC=C2,CC1=C(C(OCC)=O)C=NO1,CN(C)P(N(C)C)(N(C)C)=NP(N(C)C)(N(C)C)=NCC,BrC1=CC=C(OC)C=C1,14.85699263
1efe8cdf5d37529c,FullCV_01,502,CC(C)C(C=C(C(C)C)C=C1C(C)C)=C1C2=C(P(C(C)(C)C)C(C)(C)C)C=CC=C2,COC1=NOC(C(OCC)=O)=C1,CC(C)(C)/N=C(N(C)C)/N(C)C,BrC1=CC=C(CC)C=C1,57.33300234
95cb30012ceaf7b7,FullCV_01,503,CC(C)C(C=C(C(C)C)C=C1C(C)C)=C1C2=C(P(C(C)(C)C)C(C)(C)C)C=CC=C2,C1(C2=CC=CC=C2)=CC=NO1,CN(C)P(N(C)C)(N(C)C)=NP(N(C)C)(N(C)C)=NCC,BrC1=NC=CC=C1,36.30636065
26486a0356abd6d9,FullCV_01,504,CC(C)C(C=C(C(C)C)C=C1C(C)C)=C1C2=C(P(C3CCCCC3)C4CCCCC4)C=CC=C2,CCOC(C1=CON=C1)=O,CN(C)P(N(C)C)(N(C)C)=NP(N(C)C)(N(C)C)=NCC,IC1=CC=C(C(F)(F)F)C=C1,0.0
25fb64930793f6e6,FullCV_01,505,CC(C)C(C=C(C(C)C)C=C1C(C)C)=C1C2=C(P(C3CCCCC3)C4CCCCC4)C=CC=C2,CC1=NOC(C2=CC=CC=C2)=C1,CN1CCCN2C1=NCCC2,BrC1=CC=C(CC)C=C1,25.83582864
776e7f5b4324629a,FullCV_01,506,CC(C)C(C=C(C(C)C)C=C1C(C)C)=C1C2=C(P(C(C)(C)C)C(C)(C)C)C=CC=C2,CCOC(C1=NOC=C1)=O,CN(C)P(N(C)C)(N(C)C)=NP(N(C)C)(N(C)C)=NCC,ClC1=CC=C(OC)C=C1,0.0
7ee90def79975178,FullCV_01,507,CC(C)C(C=C(C(C)C)C=C1C(C)C)=C1C2=C(P(C3CCCCC3)C4CCCCC4)C=CC=C2,CC1=CC(C(OCC)=O)=NO1,CN(C)P(N(C)C)(N(C)C)=NP(N(C)C)(N(C)C)=NCC,IC1=CC=C(CC)C=C1,57.37548977
ac5e899d8eb57bb1,FullCV_01,508,CC(C)C(C=C(C(C)C)C=C1C(C)C)=C1C2=C(P(C(C)(C)C)C(C)(C)C)C(OC)=CC=C2OC,C1(C2=CC=CC=C2)=CON=C1,CN1CCCN2C1=NCCC2,BrC1=CC=C(CC)C=C1,52.90774845
662bc04865c2d3f2,FullCV_01,509,CC(C)C(C=C(C(C)C)C=C1C(C)C)=C1C2=C(P(C(C)(C)C)C(C)(C)C)C=CC=C2,CC1=NOC=C1,CN(C)P(N(C)C)(N(C)C)=NP(N(C)C)(N(C)C)=NCC,BrC1=CC=C(C(F)(F)F)C=C1,47.94242943
245512c52bf5d474,FullCV_01,510,CC(C)C(C=C(C(C)C)C=C1C(C)C)=C1C2=C(P(C3CCCCC3)C4CCCCC4)C=CC=C2,CC1=CC(N2C=CC=C2)=NO1,CN1CCCN2C1=NCCC2,BrC1=CN=CC=C1,25.62052054
7f43fd84cea7ff89,FullCV_01,511,CC(C)C(C=C(C(C)C)C=C1C(C)C)=C1C2=C(P(C3CCCCC3)C4CCCCC4)C=CC=C2,C1(C2=CC=CC=C2)=CC=NO1,CC(C)(C)/N=C(N(C)C)/N(C)C,IC1=CC=C(CC)C=C1,25.0736586
f8e860925443b3f6,FullCV_01,512,CC(C)C(C=C(C(C)C)C=C1C(C)C)=C1C2=C(P(C(C)(C)C)C(C)(C)C)C(OC)=CC=C2OC,O=C(OC)C1=CC=NO1,CN(C)P(N(C)C)(N(C)C)=NP(N(C)C)(N(C)C)=NCC,BrC1=CC=C(OC)C=C1,9.492103343
0168f1ff94756b44,FullCV_01,513,CC(C)C(C=C(C(C)C)C=C1C(C)C)=C1C2=C(P(C3CCCCC3)C4CCCCC4)C=CC=C2,C1(C2=CC=CC=C2)=CC=NO1,CC(C)(C)/N=C(N(C)C)/N(C)C,ClC1=CC=C(OC)C=C1,0.456472494
6ade00c44f7b203d,FullCV_01,514,CC(C)C(C=C(C(C)C)C=C1C(C)C)=C1C2=C(P(C(C)(C)C)C(C)(C)C)C=CC=C2,C1(N(CC2=CC=CC=C2)CC3=CC=CC=C3)=NOC=C1,CN1CCCN2C1=NCCC2,ClC1=NC=CC=C1,84.81458604
c045bfa49f865f69,FullCV_01,515,CC(C)C(C=C(C(C)C)C=C1C(C)C)=C1C2=C(P(C(C)(C)C)C(C)(C)C)C(OC)=CC=C2OC,C1(C2=CC=CC=C2)=NOC=C1,CN1CCCN2C1=NCCC2,ClC1=NC=CC=C1,86.12188158
7776df230ddee0f9,FullCV_01,516,CC(C)C(C=C(C(C)C)C=C1C(C)C)=C1C2=C(P(C(C)(C)C)C(C)(C)C)C(OC)=CC=C2OC,CC1=C(C(OCC)=O)C=NO1,CN(C)P(N(C)C)(N(C)C)=NP(N(C)C)(N(C)C)=NCC,IC1=CN=CC=C1,18.13660134
212bb7c92ebc3050,FullCV_01,517,CC(C)C(C=C(C(C)C)C=C1C(C)C)=C1C2=C(P(C(C)(C)C)C(C)(C)C)C=CC=C2,CCOC(C1=CON=C1)=O,CN(C)P(N(C)C)(N(C)C)=NP(N(C)C)(N(C)C)=NCC,IC1=NC=CC=C1,10.03634536
004f54f48a640540,FullCV_01,518,CC(C)C(C=C(C(C)C)C=C1C(C)C)=C1C2=C(P([C@@]3(C[C@@H]4C5)C[C@H](C4)C[C@H]5C3)[C@]6(C7)C[C@@H](C[C@@H]7C8)C[C@@H]8C6)C(OC)=CC=C2OC,CCOC(C1=CON=C1)=O,CN(C)P(N(C)C)(N(C)C)=NP(N(C)C)(N(C)C)=NCC,ClC1=CC=C(C(F)(F)F)C=C1,0.698318685
4be10290b4bf1997,FullCV_01,519,CC(C)C(C=C(C(C)C)C=C1C(C)C)=C1C2=C(P(C(C)(C)C)C(C)(C)C)C(OC)=CC=C2OC,C12=C(C=CC=C2)ON=C1,CC(C)(C)/N=C(N(C)C)/N(C)C,ClC1=CC=C(OC)C=C1,0.0
74b44df3c03eb693,FullCV_01,520,CC(C)C(C=C(C(C)C)C=C1C(C)C)=C1C2=C(P(C3CCCCC3)C4CCCCC4)C=CC=C2,C1(C2=CC=CC=C2)=NOC=C1,CN1CCCN2C1=NCCC2,ClC1=CC=C(OC)C=C1,0.844427684
fdccd4c1b1936a93,FullCV_01,521,CC(C)C(C=C(C(C)C)C=C1C(C)C)=C1C2=C(P(C3CCCCC3)C4CCCCC4)C=CC=C2,CC1=NOC(C2=CC=CC=C2)=C1,CC(C)(C)/N=C(N(C)C)/N(C)C,BrC1=CC=C(CC)C=C1,25.1224442
5c7e55351a59d46e,FullCV_01,522,CC(C)C(C=C(C(C)C)C=C1C(C)C)=C1C2=C(P(C(C)(C)C)C(C)(C)C)C(OC)=CC=C2OC,FC(C=CC=C1F)=C1C2=CC=NO2,CC(C)(C)/N=C(N(C)C)/N(C)C,BrC1=CN=CC=C1,42.1300284
bec63934344d2ef4,FullCV_01,523,CC(C)C(C=C(C(C)C)C=C1C(C)C)=C1C2=C(P([C@@]3(C[C@@H]4C5)C[C@H](C4)C[C@H]5C3)[C@]6(C7)C[C@@H](C[C@@H]7C8)C[C@@H]8C6)C(OC)=CC=C2OC,CC1=NOC(C2=CC=CC=C2)=C1,CN(C)P(N(C)C)(N(C)C)=NP(N(C)C)(N(C)C)=NCC,BrC1=CC=C(OC)C=C1,42.07740888
5c86fcce2b6c6f7c,FullCV_01,524,CC(C)C(C=C(C(C)C)C=C1C(C)C)=C1C2=C(P(C(C)(C)C)C(C)(C)C)C(OC)=CC=C2OC,CC1=CC(C)=NO1,CN(C)P(N(C)C)(N(C)C)=NP(N(C)C)(N(C)C)=NCC,BrC1=CC=C(C(F)(F)F)C=C1,19.65092582
a5be284fbee4ee76,FullCV_01,525,CC(C)C(C=C(C(C)C)C=C1C(C)C)=C1C2=C(P(C(C)(C)C)C(C)(C)C)C=CC=C2,C1(N(CC2=CC=CC=C2)CC3=CC=CC=C3)=CC=NO1,CN(C)P(N(C)C)(N(C)C)=NP(N(C)C)(N(C)C)=NCC,BrC1=CN=CC=C1,18.48421566
36f730763516adec,FullCV_01,526,CC(C)C(C=C(C(C)C)C=C1C(C)C)=C1C2=C(P([C@@]3(C[C@@H]4C5)C[C@H](C4)C[C@H]5C3)[C@]6(C7)C[C@@H](C[C@@H]7C8)C[C@@H]8C6)C(OC)=CC=C2OC,CCOC(C1=CON=C1)=O,CN1CCCN2C1=NCCC2,BrC1=CN=CC=C1,27.82910373
39facc8e284560ad,FullCV_01,527,CC(C)C(C=C(C(C)C)C=C1C(C)C)=C1C2=C(P(C3CCCCC3)C4CCCCC4)C=CC=C2,C1(N(CC2=CC=CC=C2)CC3=CC=CC=C3)=CC=NO1,CN(C)P(N(C)C)(N(C)C)=NP(N(C)C)(N(C)C)=NCC,BrC1=CC=C(CC)C=C1,14.02250347
1c1a833b4f6203fe,FullCV_01,528,CC(C)C(C=C(C(C)C)C=C1C(C)C)=C1C2=C(P(C(C)(C)C)C(C)(C)C)C=CC=C2,O=C(OC)C1=NOC(C2=CC=CO2)=C1,CC(C)(C)/N=C(N(C)C)/N(C)C,IC1=CC=C(CC)C=C1,59.93143231
4dd857729541a8e1,FullCV_01,529,CC(C)C(C=C(C(C)C)C=C1C(C)C)=C1C2=C(P([C@@]3(C[C@@H]4C5)C[C@H](C4)C[C@H]5C3)[C@]6(C7)C[C@@H](C[C@@H]7C8)C[C@@H]8C6)C(OC)=CC=C2OC,C1(C2=CC=CC=C2)=CON=C1,CN1CCCN2C1=NCCC2,BrC1=CC=C(CC)C=C1,49.40490981
623de1956b0e74bf,FullCV_01,530,CC(C)C(C=C(C(C)C)C=C1C(C)C)=C1C2=C(P(C(C)(C)C)C(C)(C)C)C=CC=C2,CC1=NOC(C2=CC=CC=C2)=C1,CN1CCCN2C1=NCCC2,ClC1=NC=CC=C1,82.51131881
8a1cc22ba3b804f1,FullCV_01,531,CC(C)C(C=C(C(C)C)C=C1C(C)C)=C1C2=C(P(C3CCCCC3)C4CCCCC4)C=CC=C2,C12=C(C=CC=C2)ON=C1,CN(C)P(N(C)C)(N(C)C)=NP(N(C)C)(N(C)C)=NCC,BrC1=CC=C(CC)C=C1,25.87549138
06764b8587904e80,FullCV_01,532,CC(C)C(C=C(C(C)C)C=C1C(C)C)=C1C2=C(P(C(C)(C)C)C(C)(C)C)C(OC)=CC=C2OC,C1(C2=CC=CC=C2)=CON=C1,CC(C)(C)/N=C(N(C)C)/N(C)C,BrC1=NC=CC=C1,55.46040564
e62d800bbce6a723,FullCV_01,533,CC(C)C(C=C(C(C)C)C=C1C(C)C)=C1C2=C(P(C(C)(C)C)C(C)(C)C)C(OC)=CC=C2OC,C12=CON=C1C=CC=C2,CN(C)P(N(C)C)(N(C)C)=NP(N(C)C)(N(C)C)=NCC,IC1=CC=C(OC)C=C1,15.44371593
a3d5714ac2d61e05,FullCV_01,534,CC(C)C(C=C(C(C)C)C=C1C(C)C)=C1C2=C(P(C(C)(C)C)C(C)(C)C)C(OC)=CC=C2OC,CCOC(C1=CON=C1)=O,CN1CCCN2C1=NCCC2,ClC1=NC=CC=C1,40.01187418
972f9a649b4e59bb,FullCV_01,535,CC(C)C(C=C(C(C)C)C=C1C(C)C)=C1C2=C(P([C@@]3(C[C@@H]4C5)C[C@H](C4)C[C@H]5C3)[C@]6(C7)C[C@@H](C[C@@H]7C8)C[C@@H]8C6)C(OC)=CC=C2OC,CC1=NOC(C2=CC=CC=C2)=C1,CN1CCCN2C1=NCCC2,ClC1=NC=CC=C1,72.98033012
d144806d6e8a3727,FullCV_01,536,CC(C)C(C=C(C(C)C)C=C1C(C)C)=C1C2=C(P([C@@]3(C[C@@H]4C5)C[C@H](C4)C[C@H]5C3)[C@]6(C7)C[C@@H](C[C@@H]7C8)C[C@@H]8C6)C(OC)=CC=C2OC,CCOC(C1=NOC=C1)=O,CN1CCCN2C1=NCCC2,ClC1=NC=CC=C1,83.03295526
d7ffa7823b40034c,FullCV_01,537,CC(C)C(C=C(C(C)C)C=C1C(C)C)=C1C2=C(P(C(C)(C)C)C(C)(C)C)C=CC=C2,CC1=CC(N2C=CC=C2)=NO1,CN(C)P(N(C)C)(N(C)C)=NP(N(C)C)(N(C)C)=NCC,ClC1=NC=CC=C1,53.37807808
9a05f3d9ac8bea4a,FullCV_01,538,CC(C)C(C=C(C(C)C)C=C1C(C)C)=C1C2=C(P(C3CCCCC3)C4CCCCC4)C=CC=C2,O=C(OC)C1=NOC(C2=CC=CS2)=C1,CN1CCCN2C1=NCCC2,ClC1=CN=CC=C1,3.35256921
eeeaad75491f9ea2,FullCV_01,539,CC(C)C(C=C(C(C)C)C=C1C(C)C)=C1C2=C(P(C(C)(C)C)C(C)(C)C)C=CC=C2,C1(N(CC2=CC=CC=C2)CC3=CC=CC=C3)=CC=NO1,CC(C)(C)/N=C(N(C)C)/N(C)C,BrC1=CN=CC=C1,41.72955132
b55b011838818bf4,FullCV_01,540,CC(C)C(C=C(C(C)C)C=C1C(C)C)=C1C2=C(P(C(C)(C)C)C(C)(C)C)C(OC)=CC=C2OC,CC1=CC(C(OCC)=O)=NO1,CN(C)P(N(C)C)(N(C)C)=NP(N(C)C)(N(C)C)=NCC,IC1=NC=CC=C1,73.13965753
18aea32acdf761f0,FullCV_01,541,CC(C)C(C=C(C(C)C)C=C1C(C)C)=C1C2=C(P(C3CCCCC3)C4CCCCC4)C=CC=C2,CCOC(C1=CON=C1)=O,CN1CCCN2C1=NCCC2,BrC1=NC=CC=C1,11.85200713
f3373a54937eca38,FullCV_01,542,CC(C)C(C=C(C(C)C)C=C1C(C)C)=C1C2=C(P(C(C)(C)C)C(C)(C)C)C=CC=C2,C12=C(C=CC=C2)ON=C1,CN1CCCN2C1=NCCC2,BrC1=CC=C(CC)C=C1,62.64758393
9abe2df5d610105d,FullCV_01,543,CC(C)C(C=C(C(C)C)C=C1C(C)C)=C1C2=C(P([C@@]3(C[C@@H]4C5)C[C@H](C4)C[C@H]5C3)[C@]6(C7)C[C@@H](C[C@@H]7C8)C[C@@H]8C6)C(OC)=CC=C2OC,CC1=CC=NO1,CN(C)P(N(C)C)(N(C)C)=NP(N(C)C)(N(C)C)=NCC,IC1=NC=CC=C1,27.05720868
8fd9c02da9291a60,FullCV_01,544,CC(C)C(C=C(C(C)C)C=C1C(C)C)=C1C2=C(P(C3CCCCC3)C4CCCCC4)C=CC=C2,FC(C=CC=C1F)=C1C2=CC=NO2,CN1CCCN2C1=NCCC2,ClC1=CC=C(C(F)(F)F)C=C1,13.18136791
9d4fe0dcfe462619,FullCV_01,545,CC(C)C(C=C(C(C)C)C=C1C(C)C)=C1C2=C(P(C3CCCCC3)C4CCCCC4)C=CC=C2,C1(C2=CC=CC=C2)=CC=NO1,CN1CCCN2C1=NCCC2,ClC1=CC=C(C(F)(F)F)C=C1,14.96739578
6708f238a91f7049,FullCV_01,546,CC(C)C(C=C(C(C)C)C=C1C(C)C)=C1C2=C(P(C3CCCCC3)C4CCCCC4)C=CC=C2,CC1=CC=NO1,CN1CCCN2C1=NCCC2,ClC1=CN=CC=C1,6.968929302
0a536a611b89afe0,FullCV_01,547,CC(C)C(C=C(C(C)C)C=C1C(C)C)=C1C2=C(P(C(C)(C)C)C(C)(C)C)C=CC=C2,CC1=CC(C(OCC)=O)=NO1,CN(C)P(N(C)C)(N(C)C)=NP(N(C)C)(N(C)C)=NCC,ClC1=CC=C(CC)C=C1,3.420166341
8927c911badd53ee,FullCV_01,548,CC(C)C(C=C(C(C)C)C=C1C(C)C)=C1C2=C(P(C3CCCCC3)C4CCCCC4)C=CC=C2,CC1=NOC(C(OCC)=O)=C1,CN1CCCN2C1=NCCC2,IC1=CC=C(CC)C=C1,68.84449525
d8bd96abab5963df,FullCV_01,549,CC(C)C(C=C(C(C)C)C=C1C(C)C)=C1C2=C(P(C(C)(C)C)C(C)(C)C)C=CC=C2,O=C(OC)C1=NOC(C2=CC=CS2)=C1,CN(C)P(N(C)C)(N(C)C)=NP(N(C)C)(N(C)C)=NCC,BrC1=CC=C(CC)C=C1,63.69608906
1541c74c49c77dc6,FullCV_01,550,CC(C)C(C=C(C(C)C)C=C1C(C)C)=C1C2=C(P(C3CCCCC3)C4CCCCC4)C=CC=C2,CC1=C(C(OCC)=O)C=NO1,CN(C)P(N(C)C)(N(C)C)=NP(N(C)C)(N(C)C)=NCC,BrC1=NC=CC=C1,18.58444117
5d1901e9117e1d5e,FullCV_01,551,CC(C)C(C=C(C(C)C)C=C1C(C)C)=C1C2=C(P(C(C)(C)C)C(C)(C)C)C(OC)=CC=C2OC,C1(C2=CC=CC=C2)=CON=C1,CN1CCCN2C1=NCCC2,IC1=CC=C(CC)C=C1,83.29437838
4b68b389c7d2e6e9,FullCV_01,552,CC(C)C(C=C(C(C)C)C=C1C(C)C)=C1C2=C(P(C(C)(C)C)C(C)(C)C)C(OC)=CC=C2OC,C1(C2=CC=CC=C2)=CON=C1,CN(C)P(N(C)C)(N(C)C)=NP(N(C)C)(N(C)C)=NCC,ClC1=NC=CC=C1,23.70056273
da6f273886cfa515,FullCV_01,553,CC(C)C(C=C(C(C)C)C=C1C(C)C)=C1C2=C(P(C(C)(C)C)C(C)(C)C)C=CC=C2,O=C(OC)C1=NOC(C2=CC=CS2)=C1,CC(C)(C)/N=C(N(C)C)/N(C)C,ClC1=NC=CC=C1,66.07394644
8e8aef607076c66f,FullCV_01,554,CC(C)C(C=C(C(C)C)C=C1C(C)C)=C1C2=C(P([C@@]3(C[C@@H]4C5)C[C@H](C4)C[C@H]5C3)[C@]6(C7)C[C@@H](C[C@@H]7C8)C[C@@H]8C6)C(OC)=CC=C2OC,O=C(OC)C1=CC=NO1,CN(C)P(N(C)C)(N(C)C)=NP(N(C)C)(N(C)C)=NCC,ClC1=CC=C(OC)C=C1,0.0
774ee53c514d4185,FullCV_01,555,CC(C)C(C=C(C(C)C)C=C1C(C)C)=C1C2=C(P(C(C)(C)C)C(C)(C)C)C(OC)=CC=C2OC,CC1=CC(N2C=CC=C2)=NO1,CN1CCCN2C1=NCCC2,ClC1=CN=CC=C1,21.70039266
a8f0e6a531845617,FullCV_01,556,CC(C)C(C=C(C(C)C)C=C1C(C)C)=C1C2=C(P(C3CCCCC3)C4CCCCC4)C=CC=C2,CCOC(C1=NOC=C1)=O,CN(C)P(N(C)C)(N(C)C)=NP(N(C)C)(N(C)C)=NCC,ClC1=CC=C(OC)C=C1,0.0
7ddc4e3602821564,FullCV_01,557,CC(C)C(C=C(C(C)C)C=C1C(C)C)=C1C2=C(P([C@@]3(C[C@@H]4C5)C[C@H](C4)C[C@H]5C3)[C@]6(C7)C[C@@H](C[C@@H]7C8)C[C@@H]8C6)C(OC)=CC=C2OC,C1(C2=CC=CC=C2)=CC=NO1,CN(C)P(N(C)C)(N(C)C)=NP(N(C)C)(N(C)C)=NCC,IC1=CC=C(OC)C=C1,16.85702349
2ec054f7d78d8a15,FullCV_01,558,CC(C)C(C=C(C(C)C)C=C1C(C)C)=C1C2=C(P(C(C)(C)C)C(C)(C)C)C=CC=C2,O=C(OC)C1=NOC(C2=CC=CS2)=C1,CN1CCCN2C1=NCCC2,ClC1=CC=C(OC)C=C1,0.381599662
ab6492780014421c,FullCV_01,559,CC(C)C(C=C(C(C)C)C=C1C(C)C)=C1C2=C(P([C@@]3(C[C@@H]4C5)C[C@H](C4)C[C@H]5C3)[C@]6(C7)C[C@@H](C[C@@H]7C8)C[C@@H]8C6)C(OC)=CC=C2OC,C1(N(CC2=CC=CC=C2)CC3=CC=CC=C3)=NOC=C1,CC(C)(C)/N=C(N(C)C)/N(C)C,ClC1=CC=C(C(F)(F)F)C=C1,19.16223306
6c08bd4596e50080,FullCV_01,560,CC(C)C(C=C(C(C)C)C=C1C(C)C)=C1C2=C(P(C(C)(C)C)C(C)(C)C)C(OC)=CC=C2OC,CC1=CC(C)=NO1,CN1CCCN2C1=NCCC2,BrC1=CN=CC=C1,86.07412603
187689bc39014af0,FullCV_01,561,CC(C)C(C=C(C(C)C)C=C1C(C)C)=C1C2=C(P(C3CCCCC3)C4CCCCC4)C=CC=C2,O=C(OC)C1=CC=NO1,CC(C)(C)/N=C(N(C)C)/N(C)C,BrC1=CN=CC=C1,2.546576237
e6abfc65014c0c74,FullCV_01,562,CC(C)C(C=C(C(C)C)C=C1C(C)C)=C1C2=C(P(C3CCCCC3)C4CCCCC4)C=CC=C2,C12=CON=C1C=CC=C2,CC(C)(C)/N=C(N(C)C)/N(C)C,IC1=CC=C(OC)C=C1,1.742923089
06ed93b684bf6a69,FullCV_01,563,CC(C)C(C=C(C(C)C)C=C1C(C)C)=C1C2=C(P([C@@]3(C[C@@H]4C5)C[C@H](C4)C[C@H]5C3)[C@]6(C7)C[C@@H](C[C@@H]7C8)C[C@@H]8C6)C(OC)=CC=C2OC,CC1=NOC(C(OCC)=O)=C1,CN1CCCN2C1=NCCC2,BrC1=CC=C(CC)C=C1,57.85208433
6ec212fed4e72332,FullCV_01,564,CC(C)C(C=C(C(C)C)C=C1C(C)C)=C1C2=C(P([C@@]3(C[C@@H]4C5)C[C@H](C4)C[C@H]5C3)[C@]6(C7)C[C@@H](C[C@@H]7C8)C[C@@H]8C6)C(OC)=CC=C2OC,O=C(OC)C1=CC=NO1,CC(C)(C)/N=C(N(C)C)/N(C)C,IC1=CC=C(C(F)(F)F)C=C1,18.53801466
948b26b047a4207a,FullCV_01,565,CC(C)C(C=C(C(C)C)C=C1C(C)C)=C1C2=C(P(C(C)(C)C)C(C)(C)C)C=CC=C2,COC1=NOC(C(OCC)=O)=C1,CN1CCCN2C1=NCCC2,BrC1=CN=CC=C1,79.51166554
ec0bce28f3219758,FullCV_01,566,CC(C)C(C=C(C(C)C)C=C1C(C)C)=C1C2=C(P([C@@]3(C[C@@H]4C5)C[C@H](C4)C[C@H]5C3)[C@]6(C7)C[C@@H](C[C@@H]7C8)C[C@@H]8C6)C(OC)=CC=C2OC,C1(N(CC2=CC=CC=C2)CC3=CC=CC=C3)=CC=NO1,CN1CCCN2C1=NCCC2,IC1=CN=CC=C1,67.35182955
7739eed0eaef1748,FullCV_01,567,CC(C)C(C=C(C(C)C)C=C1C(C)C)=C1C2=C(P(C3CCCCC3)C4CCCCC4)C=CC=C2,C12=C(C=CC=C2)ON=C1,CC(C)(C)/N=C(N(C)C)/N(C)C,BrC1=CC=C(C(F)(F)F)C=C1,22.22290277
bf61fe3c26ef4c0e,FullCV_01,568,CC(C)C(C=C(C(C)C)C=C1C(C)C)=C1C2=C(P(C(C)(C)C)C(C)(C)C)C(OC)=CC=C2OC,COC1=NOC(C(OCC)=O)=C1,CC(C)(C)/N=C(N(C)C)/N(C)C,IC1=CC=C(C(F)(F)F)C=C1,37.62624076
acc0c42db0281d6a,FullCV_01,569,CC(C)C(C=C(C(C)C)C=C1C(C)C)=C1C2=C(P(C(C)(C)C)C(C)(C)C)C=CC=C2,CCOC(C1=CON=C1)=O,CN1CCCN2C1=NCCC2,BrC1=CN=CC=C1,30.11566658
8099bc6292305115,FullCV_01,570,CC(C)C(C=C(C(C)C)C=C1C(C)C)=C1C2=C(P(C(C)(C)C)C(C)(C)C)C(OC)=CC=C2OC,C12=C(C=CC=C2)ON=C1,CN1CCCN2C1=NCCC2,BrC1=CN=CC=C1,80.00019125
30e1321504e3427b,FullCV_01,571,CC(C)C(C=C(C(C)C)C=C1C(C)C)=C1C2=C(P([C@@]3(C[C@@H]4C5)C[C@H](C4)C[C@H]5C3)[C@]6(C7)C[C@@H](C[C@@H]7C8)C[C@@H]8C6)C(OC)=CC=C2OC,C12=C(C=CC=C2)ON=C1,CN1CCCN2C1=NCCC2,BrC1=NC=CC=C1,67.75052852
790b075332fbf16d,FullCV_01,572,CC(C)C(C=C(C(C)C)C=C1C(C)C)=C1C2=C(P([C@@]3(C[C@@H]4C5)C[C@H](C4)C[C@H]5C3)[C@]6(C7)C[C@@H](C[C@@H]7C8)C[C@@H]8C6)C(OC)=CC=C2OC,CC1=NOC(C(OCC)=O)=C1,CN1CCCN2C1=NCCC2,BrC1=CN=CC=C1,86.53541708
de4462d07266ecab,FullCV_01,573,CC(C)C(C=C(C(C)C)C=C1C(C)C)=C1C2=C(P(C(C)(C)C)C(C)(C)C)C(OC)=CC=C2OC,C1(C2=CC=CC=C2)=NOC=C1,CN(C)P(N(C)C)(N(C)C)=NP(N(C)C)(N(C)C)=NCC,BrC1=CN=CC=C1,4.80921591
330c71bfbd404c9e,FullCV_01,574,CC(C)C(C=C(C(C)C)C=C1C(C)C)=C1C2=C(P(C(C)(C)C)C(C)(C)C)C=CC=C2,CC1=NOC(C(OCC)=O)=C1,CN1CCCN2C1=NCCC2,IC1=CC=C(CC)C=C1,84.89551287
a8ae77c2f9210be6,FullCV_01,575,CC(C)C(C=C(C(C)C)C=C1C(C)C)=C1C2=C(P(C(C)(C)C)C(C)(C)C)C=CC=C2,C12=C(C=CC=C2)ON=C1,CN1CCCN2C1=NCCC2,ClC1=NC=CC=C1,77.39811795
2e3f01b8955505ae,FullCV_01,576,CC(C)C(C=C(C(C)C)C=C1C(C)C)=C1C2=C(P([C@@]3(C[C@@H]4C5)C[C@H](C4)C[C@H]5C3)[C@]6(C7)C[C@@H](C[C@@H]7C8)C[C@@H]8C6)C(OC)=CC=C2OC,C1(N(CC2=CC=CC=C2)CC3=CC=CC=C3)=NOC=C1,CN(C)P(N(C)C)(N(C)C)=NP(N(C)C)(N(C)C)=NCC,IC1=CC=C(OC)C=C1,66.01585424
8948a98083daa22d,FullCV_01,577,CC(C)C(C=C(C(C)C)C=C1C(C)C)=C1C2=C(P(C(C)(C)C)C(C)(C)C)C(OC)=CC=C2OC,FC(C=CC=C1F)=C1C2=CC=NO2,CC(C)(C)/N=C(N(C)C)/N(C)C,IC1=NC=CC=C1,61.37532466
8af037a7d654203a,FullCV_01,578,CC(C)C(C=C(C(C)C)C=C1C(C)C)=C1C2=C(P(C3CCCCC3)C4CCCCC4)C=CC=C2,O=C(OC)C1=NOC(C2=CC=CO2)=C1,CN1CCCN2C1=NCCC2,BrC1=NC=CC=C1,49.96376516
2cd0c2c8ff0cbf16,FullCV_01,579,CC(C)C(C=C(C(C)C)C=C1C(C)C)=C1C2=C(P(C(C)(C)C)C(C)(C)C)C(OC)=CC=C2OC,C1(C2=CC=CC=C2)=CON=C1,CN1CCCN2C1=NCCC2,ClC1=CN=CC=C1,29.94942755
bfcad9d7ba7bc1b6,FullCV_01,580,CC(C)C(C=C(C(C)C)C=C1C(C)C)=C1C2=C(P(C3CCCCC3)C4CCCCC4)C=CC=C2,CCOC(C1=CON=C1)=O,CC(C)(C)/N=C(N(C)C)/N(C)C,ClC1=CC=C(CC)C=C1,0.0
b93a11204cc1cf9c,FullCV_01,581,CC(C)C(C=C(C(C)C)C=C1C(C)C)=C1C2=C(P(C(C)(C)C)C(C)(C)C)C=CC=C2,CC1=CC(C(OCC)=O)=NO1,CC(C)(C)/N=C(N(C)C)/N(C)C,IC1=CC=C(OC)C=C1,43.87183311
d63232879504d9b9,FullCV_01,582,CC(C)C(C=C(C(C)C)C=C1C(C)C)=C1C2=C(P([C@@]3(C[C@@H]4C5)C[C@H](C4)C[C@H]5C3)[C@]6(C7)C[C@@H](C[C@@H]7C8)C[C@@H]8C6)C(OC)=CC=C2OC,O=C(OC)C1=NOC(C2=CC=CO2)=C1,CN1CCCN2C1=NCCC2,IC1=NC=CC=C1,87.94083651
5c81cc11360c7f7b,FullCV_01,583,CC(C)C(C=C(C(C)C)C=C1C(C)C)=C1C2=C(P(C3CCCCC3)C4CCCCC4)C=CC=C2,COC1=NOC(C(OCC)=O)=C1,CC(C)(C)/N=C(N(C)C)/N(C)C,BrC1=CC=C(OC)C=C1,11.6535106
bfaa2a36f44371f4,FullCV_01,584,CC(C)C(C=C(C(C)C)C=C1C(C)C)=C1C2=C(P(C3CCCCC3)C4CCCCC4)C=CC=C2,O=C(OC)C1=NOC(C2=CC=CO2)=C1,CN1CCCN2C1=NCCC2,IC1=CC=C(C(F)(F)F)C=C1,34.0336157
418f386c255f553a,FullCV_01,585,CC(C)C(C=C(C(C)C)C=C1C(C)C)=C1C2=C(P(C(C)(C)C)C(C)(C)C)C=CC=C2,CC1=NOC(C(OCC)=O)=C1,CC(C)(C)/N=C(N(C)C)/N(C)C,BrC1=NC=CC=C1,83.08846167
316307b2be8daeab,FullCV_01,586,CC(C)C(C=C(C(C)C)C=C1C(C)C)=C1C2=C(P(C(C)(C)C)C(C)(C)C)C=CC=C2,CC1=NOC=C1,CN(C)P(N(C)C)(N(C)C)=NP(N(C)C)(N(C)C)=NCC,BrC1=CC=C(OC)C=C1,45.57576479
180ea6605023e863,FullCV_01,587,CC(C)C(C=C(C(C)C)C=C1C(C)C)=C1C2=C(P(C(C)(C)C)C(C)(C)C)C=CC=C2,C12=C(C=CC=C2)ON=C1,CC(C)(C)/N=C(N(C)C)/N(C)C,BrC1=CC=C(OC)C=C1,13.25145725
1616a6190381d0cf,FullCV_01,588,CC(C)C(C=C(C(C)C)C=C1C(C)C)=C1C2=C(P(C3CCCCC3)C4CCCCC4)C=CC=C2,CC1=NOC=C1,CN1CCCN2C1=NCCC2,IC1=CC=C(C(F)(F)F)C=C1,47.42870408
5535308c81e078f3,FullCV_01,589,CC(C)C(C=C(C(C)C)C=C1C(C)C)=C1C2=C(P([C@@]3(C[C@@H]4C5)C[C@H](C4)C[C@H]5C3)[C@]6(C7)C[C@@H](C[C@@H]7C8)C[C@@H]8C6)C(OC)=CC=C2OC,CC1=CC(C)=NO1,CN(C)P(N(C)C)(N(C)C)=NP(N(C)C)(N(C)C)=NCC,BrC1=CC=C(C(F)(F)F)C=C1,9.025273637
56ab41086493f517,FullCV_01,590,CC(C)C(C=C(C(C)C)C=C1C(C)C)=C1C2=C(P(C3CCCCC3)C4CCCCC4)C=CC=C2,C12=CON=C1C=CC=C2,CC(C)(C)/N=C(N(C)C)/N(C)C,BrC1=CC=C(OC)C=C1,0.0
e2ad7844dfcf0d00,FullCV_01,591,CC(C)C(C=C(C(C)C)C=C1C(C)C)=C1C2=C(P(C(C)(C)C)C(C)(C)C)C=CC=C2,CCOC(C1=CON=C1)=O,CN1CCCN2C1=NCCC2,ClC1=CC=C(C(F)(F)F)C=C1,21.36830036
7295d9064b7c9972,FullCV_01,592,CC(C)C(C=C(C(C)C)C=C1C(C)C)=C1C2=C(P(C3CCCCC3)C4CCCCC4)C=CC=C2,CC1=NOC(C2=CC=CC=C2)=C1,CN(C)P(N(C)C)(N(C)C)=NP(N(C)C)(N(C)C)=NCC,BrC1=NC=CC=C1,23.18775097
bc908ac6026f80b4,FullCV_01,593,CC(C)C(C=C(C(C)C)C=C1C(C)C)=C1C2=C(P(C3CCCCC3)C4CCCCC4)C=CC=C2,C1(C2=CC=CC=C2)=CON=C1,CN(C)P(N(C)C)(N(C)C)=NP(N(C)C)(N(C)C)=NCC,IC1=CC=C(C(F)(F)F)C=C1,15.0343232
5ab32e5fe2ff012e,FullCV_01,594,CC(C)C(C=C(C(C)C)C=C1C(C)C)=C1C2=C(P(C(C)(C)C)C(C)(C)C)C=CC=C2,CCOC(C1=CON=C1)=O,CC(C)(C)/N=C(N(C)C)/N(C)C,ClC1=CN=CC=C1,0.0
66169918ea0c1440,FullCV_01,595,CC(C)C(C=C(C(C)C)C=C1C(C)C)=C1C2=C(P(C(C)(C)C)C(C)(C)C)C=CC=C2,CCOC(C1=CON=C1)=O,CN(C)P(N(C)C)(N(C)C)=NP(N(C)C)(N(C)C)=NCC,BrC1=NC=CC=C1,4.84059533
6922e5cb74a62eb9,FullCV_01,596,CC(C)C(C=C(C(C)C)C=C1C(C)C)=C1C2=C(P(C3CCCCC3)C4CCCCC4)C=CC=C2,CCOC(C1=CON=C1)=O,CC(C)(C)/N=C(N(C)C)/N(C)C,IC1=CN=CC=C1,0.027450906
74beb4ec4c532c73,FullCV_01,597,CC(C)C(C=C(C(C)C)C=C1C(C)C)=C1C2=C(P(C(C)(C)C)C(C)(C)C)C=CC=C2,CC1=NOC=C1,CN1CCCN2C1=NCCC2,ClC1=CC=C(OC)C=C1,0.97555089
7c132e12d573d8c2,FullCV_01,598,CC(C)C(C=C(C(C)C)C=C1C(C)C)=C1C2=C(P(C3CCCCC3)C4CCCCC4)C=CC=C2,FC(C=CC=C1F)=C1C2=CC=NO2,CN1CCCN2C1=NCCC2,BrC1=CC=C(CC)C=C1,9.241578451
3ee2e8a84f434a2e,FullCV_01,599,CC(C)C(C=C(C(C)C)C=C1C(C)C)=C1C2=C(P(C(C)(C)C)C(C)(C)C)C(OC)=CC=C2OC,CCOC(C1=NOC=C1)=O,CN1CCCN2C1=NCCC2,IC1=CC=C(OC)C=C1,47.70226953
96aac08a5e1c29ab,FullCV_01,600,CC(C)C(C=C(C(C)C)C=C1C(C)C)=C1C2=C(P([C@@]3(C[C@@H]4C5)C[C@H](C4)C[C@H]5C3)[C@]6(C7)C[C@@H](C[C@@H]7C8)C[C@@H]8C6)C(OC)=CC=C2OC,CC1=NOC=C1,CN(C)P(N(C)C)(N(C)C)=NP(N(C)C)(N(C)C)=NCC,BrC1=NC=CC=C1,89.89767813
5e2fcf31c2809988,FullCV_01,601,CC(C)C(C=C(C(C)C)C=C1C(C)C)=C1C2=C(P(C(C)(C)C)C(C)(C)C)C(OC)=CC=C2OC,CC1=CC(C)=NO1,CN(C)P(N(C)C)(N(C)C)=NP(N(C)C)(N(C)C)=NCC,IC1=CC=C(CC)C=C1,74.23518284
621ee67d4ea4e691,FullCV_01,602,CC(C)C(C=C(C(C)C)C=C1C(C)C)=C1C2=C(P(C(C)(C)C)C(C)(C)C)C(OC)=CC=C2OC,C1(N(CC2=CC=CC=C2)CC3=CC=CC=C3)=NOC=C1,CN1CCCN2C1=NCCC2,ClC1=CC=C(OC)C=C1,41.98383636
89b3cf86988ad6a6,FullCV_01,603,CC(C)C(C=C(C(C)C)C=C1C(C)C)=C1C2=C(P(C3CCCCC3)C4CCCCC4)C=CC=C2,CC1=CC(C)=NO1,CC(C)(C)/N=C(N(C)C)/N(C)C,ClC1=CC=C(C(F)(F)F)C=C1,0.0
083e1fbf66ad899d,FullCV_01,604,CC(C)C(C=C(C(C)C)C=C1C(C)C)=C1C2=C(P([C@@]3(C[C@@H]4C5)C[C@H](C4)C[C@H]5C3)[C@]6(C7)C[C@@H](C[C@@H]7C8)C[C@@H]8C6)C(OC)=CC=C2OC,CC1=CC(N2C=CC=C2)=NO1,CC(C)(C)/N=C(N(C)C)/N(C)C,IC1=NC=CC=C1,58.26903703
740a37bd356600d2,FullCV_01,605,CC(C)C(C=C(C(C)C)C=C1C(C)C)=C1C2=C(P([C@@]3(C[C@@H]4C5)C[C@H](C4)C[C@H]5C3)[C@]6(C7)C[C@@H](C[C@@H]7C8)C[C@@H]8C6)C(OC)=CC=C2OC,C1(C2=CC=CC=C2)=CC=NO1,CN(C)P(N(C)C)(N(C)C)=NP(N(C)C)(N(C)C)=NCC,BrC1=CC=C(CC)C=C1,19.90273024
a70081db1fa2c344,FullCV_01,606,CC(C)C(C=C(C(C)C)C=C1C(C)C)=C1C2=C(P(C(C)(C)C)C(C)(C)C)C=CC=C2,CC1=NOC(C2=CC=CC=C2)=C1,CC(C)(C)/N=C(N(C)C)/N(C)C,BrC1=CC=C(CC)C=C1,54.46826622
05d354a6d5490408,FullCV_01,607,CC(C)C(C=C(C(C)C)C=C1C(C)C)=C1C2=C(P(C(C)(C)C)C(C)(C)C)C=CC=C2,C1(C2=CC=CC=C2)=NOC=C1,CN1CCCN2C1=NCCC2,BrC1=CC=C(C(F)(F)F)C=C1,52.01896484
28a7a77527256387,FullCV_01,608,CC(C)C(C=C(C(C)C)C=C1C(C)C)=C1C2=C(P(C(C)(C)C)C(C)(C)C)C=CC=C2,CC1=NOC(C2=CC=CC=C2)=C1,CC(C)(C)/N=C(N(C)C)/N(C)C,BrC1=NC=CC=C1,66.35401825
eec476e469df87e0,FullCV_01,609,CC(C)C(C=C(C(C)C)C=C1C(C)C)=C1C2=C(P(C(C)(C)C)C(C)(C)C)C=CC=C2,CC1=NOC(C2=CC=CC=C2)=C1,CN(C)P(N(C)C)(N(C)C)=NP(N(C)C)(N(C)C)=NCC,BrC1=NC=CC=C1,55.70352222
428316accdb37185,FullCV_01,610,CC(C)C(C=C(C(C)C)C=C1C(C)C)=C1C2=C(P([C@@]3(C[C@@H]4C5)C[C@H](C4)C[C@H]5C3)[C@]6(C7)C[C@@H](C[C@@H]7C8)C[C@@H]8C6)C(OC)=CC=C2OC,CC1=CC(N2C=CC=C2)=NO1,CN1CCCN2C1=NCCC2,IC1=NC=CC=C1,84.70172213
035b85010a045885,FullCV_01,611,CC(C)C(C=C(C(C)C)C=C1C(C)C)=C1C2=C(P(C3CCCCC3)C4CCCCC4)C=CC=C2,O=C(OC)C1=NOC(C2=CC=CO2)=C1,CN(C)P(N(C)C)(N(C)C)=NP(N(C)C)(N(C)C)=NCC,ClC1=CC=C(C(F)(F)F)C=C1,6.618305452
85a2549fb6f875dd,FullCV_01,612,CC(C)C(C=C(C(C)C)C=C1C(C)C)=C1C2=C(P(C(C)(C)C)C(C)(C)C)C(OC)=CC=C2OC,CC1=CC(N2C=CC=C2)=NO1,CN(C)P(N(C)C)(N(C)C)=NP(N(C)C)(N(C)C)=NCC,BrC1=CC=C(C(F)(F)F)C=C1,24.23482722
25a772bbe641cc5a,FullCV_01,613,CC(C)C(C=C(C(C)C)C=C1C(C)C)=C1C2=C(P(C(C)(C)C)C(C)(C)C)C=CC=C2,CC1=NOC=C1,CN(C)P(N(C)C)(N(C)C)=NP(N(C)C)(N(C)C)=NCC,ClC1=CC=C(CC)C=C1,3.622466468
3aa0bbc022a7a973,FullCV_01,614,CC(C)C(C=C(C(C)C)C=C1C(C)C)=C1C2=C(P(C3CCCCC3)C4CCCCC4)C=CC=C2,C1(C2=CC=CC=C2)=CC=NO1,CN1CCCN2C1=NCCC2,ClC1=CC=C(CC)C=C1,3.920306162
4b2064abc9077b83,FullCV_01,615,CC(C)C(C=C(C(C)C)C=C1C(C)C)=C1C2=C(P(C3CCCCC3)C4CCCCC4)C=CC=C2,C1(N(CC2=CC=CC=C2)CC3=CC=CC=C3)=NOC=C1,CC(C)(C)/N=C(N(C)C)/N(C)C,ClC1=CC=C(C(F)(F)F)C=C1,17.88950545
9e31b254dcfb2738,FullCV_01,616,CC(C)C(C=C(C(C)C)C=C1C(C)C)=C1C2=C(P(C(C)(C)C)C(C)(C)C)C=CC=C2,FC(C=CC=C1F)=C1C2=CC=NO2,CN(C)P(N(C)C)(N(C)C)=NP(N(C)C)(N(C)C)=NCC,ClC1=CC=C(C(F)(F)F)C=C1,13.16893511
fc86fb316c187be2,FullCV_01,617,CC(C)C(C=C(C(C)C)C=C1C(C)C)=C1C2=C(P(C3CCCCC3)C4CCCCC4)C=CC=C2,O=C(OC)C1=NOC(C2=CC=CS2)=C1,CN1CCCN2C1=NCCC2,ClC1=CC=C(OC)C=C1,0.0
4b2f21a403f273dc,FullCV_01,618,CC(C)C(C=C(C(C)C)C=C1C(C)C)=C1C2=C(P(C3CCCCC3)C4CCCCC4)C=CC=C2,C1(C2=CC=CC=C2)=CON=C1,CC(C)(C)/N=C(N(C)C)/N(C)C,ClC1=CN=CC=C1,2.917168593
cc969ed2b6304f89,FullCV_01,619,CC(C)C(C=C(C(C)C)C=C1C(C)C)=C1C2=C(P(C(C)(C)C)C(C)(C)C)C(OC)=CC=C2OC,COC1=NOC(C(OCC)=O)=C1,CC(C)(C)/N=C(N(C)C)/N(C)C,ClC1=CC=C(CC)C=C1,3.554195282
a3d6daf2842171a8,FullCV_01,620,CC(C)C(C=C(C(C)C)C=C1C(C)C)=C1C2=C(P([C@@]3(C[C@@H]4C5)C[C@H](C4)C[C@H]5C3)[C@]6(C7)C[C@@H](C[C@@H]7C8)C[C@@H]8C6)C(OC)=CC=C2OC,CC1=CC(C)=NO1,CN1CCCN2C1=NCCC2,ClC1=NC=CC=C1,75.55480498
03f292aea09d427d,FullCV_01,621,CC(C)C(C=C(C(C)C)C=C1C(C)C)=C1C2=C(P(C(C)(C)C)C(C)(C)C)C(OC)=CC=C2OC,C12=C(C=CC=C2)ON=C1,CC(C)(C)/N=C(N(C)C)/N(C)C,BrC1=CC=C(OC)C=C1,11.92095297
9d82bd3a5b2dcff4,FullCV_01,622,CC(C)C(C=C(C(C)C)C=C1C(C)C)=C1C2=C(P(C3CCCCC3)C4CCCCC4)C=CC=C2,C1(C2=CC=CC=C2)=CC=NO1,CN(C)P(N(C)C)(N(C)C)=NP(N(C)C)(N(C)C)=NCC,ClC1=NC=CC=C1,9.46569581
b5c653020819e3d9,FullCV_01,623,CC(C)C(C=C(C(C)C)C=C1C(C)C)=C1C2=C(P(C(C)(C)C)C(C)(C)C)C=CC=C2,C12=CON=C1C=CC=C2,CN1CCCN2C1=NCCC2,BrC1=CC=C(C(F)(F)F)C=C1,11.85943612
ced7398c2e1ccf5b,FullCV_01,624,CC(C)C(C=C(C(C)C)C=C1C(C)C)=C1C2=C(P(C3CCCCC3)C4CCCCC4)C=CC=C2,C1(N(CC2=CC=CC=C2)CC3=CC=CC=C3)=CC=NO1,CC(C)(C)/N=C(N(C)C)/N(C)C,IC1=NC=CC=C1,40.83653695
fc2b139cf1dd8813,FullCV_01,625,CC(C)C(C=C(C(C)C)C=C1C(C)C)=C1C2=C(P(C(C)(C)C)C(C)(C)C)C=CC=C2,CC1=CC=NO1,CN1CCCN2C1=NCCC2,BrC1=CC=C(OC)C=C1,44.39407022
86eda7ba53b315f5,FullCV_01,626,CC(C)C(C=C(C(C)C)C=C1C(C)C)=C1C2=C(P(C(C)(C)C)C(C)(C)C)C=CC=C2,O=C(OC)C1=CC=NO1,CN1CCCN2C1=NCCC2,ClC1=NC=CC=C1,63.35366236
e0720e55e3961acb,FullCV_01,627,CC(C)C(C=C(C(C)C)C=C1C(C)C)=C1C2=C(P(C(C)(C)C)C(C)(C)C)C=CC=C2,CC1=CC(N2C=CC=C2)=NO1,CC(C)(C)/N=C(N(C)C)/N(C)C,IC1=NC=CC=C1,62.35242374
e38351c87dae54c6,FullCV_01,628,CC(C)C(C=C(C(C)C)C=C1C(C)C)=C1C2=C(P(C(C)(C)C)C(C)(C)C)C(OC)=CC=C2OC,O=C(OC)C1=CC=NO1,CC(C)(C)/N=C(N(C)C)/N(C)C,BrC1=CN=CC=C1,26.20309393
2f5a1878a53f7159,FullCV_01,629,CC(C)C(C=C(C(C)C)C=C1C(C)C)=C1C2=C(P(C3CCCCC3)C4CCCCC4)C=CC=C2,CC1=CC=NO1,CN(C)P(N(C)C)(N(C)C)=NP(N(C)C)(N(C)C)=NCC,BrC1=CC=C(C(F)(F)F)C=C1,12.36887401
2486742e0bd2f8e3,FullCV_01,630,CC(C)C(C=C(C(C)C)C=C1C(C)C)=C1C2=C(P(C3CCCCC3)C4CCCCC4)C=CC=C2,CCOC(C1=CON=C1)=O,CN1CCCN2C1=NCCC2,IC1=CC=C(CC)C=C1,21.48672588
9ee936fd7c3f282c,FullCV_01,631,CC(C)C(C=C(C(C)C)C=C1C(C)C)=C1C2=C(P(C(C)(C)C)C(C)(C)C)C(OC)=CC=C2OC,CC1=NOC(C2=CC=CC=C2)=C1,CC(C)(C)/N=C(N(C)C)/N(C)C,ClC1=CC=C(CC)C=C1,4.7108856
af8f76a970c871d4,FullCV_01,632,CC(C)C(C=C(C(C)C)C=C1C(C)C)=C1C2=C(P(C(C)(C)C)C(C)(C)C)C=CC=C2,CCOC(C1=NOC=C1)=O,CN(C)P(N(C)C)(N(C)C)=NP(N(C)C)(N(C)C)=NCC,ClC1=CC=C(C(F)(F)F)C=C1,0.0
c5851c60f67ec6d7,FullCV_01,633,CC(C)C(C=C(C(C)C)C=C1C(C)C)=C1C2=C(P([C@@]3(C[C@@H]4C5)C[C@H](C4)C[C@H]5C3)[C@]6(C7)C[C@@H](C[C@@H]7C8)C[C@@H]8C6)C(OC)=CC=C2OC,FC(C=CC=C1F)=C1C2=CC=NO2,CN1CCCN2C1=NCCC2,ClC1=CN=CC=C1,0.0
64fdc1353d412f3e,FullCV_01,634,CC(C)C(C=C(C(C)C)C=C1C(C)C)=C1C2=C(P(C(C)(C)C)C(C)(C)C)C(OC)=CC=C2OC,O=C(OC)C1=NOC(C2=CC=CS2)=C1,CN1CCCN2C1=NCCC2,ClC1=NC=CC=C1,78.02488381
427c68f2114733b0,FullCV_01,635,CC(C)C(C=C(C(C)C)C=C1C(C)C)=C1C2=C(P(C3CCCCC3)C4CCCCC4)C=CC=C2,FC(C=CC=C1F)=C1C2=CC=NO2,CC(C)(C)/N=C(N(C)C)/N(C)C,BrC1=CC=C(CC)C=C1,9.250516466
b5fc137871ca11f6,FullCV_01,636,CC(C)C(C=C(C(C)C)C=C1C(C)C)=C1C2=C(P(C(C)(C)C)C(C)(C)C)C=CC=C2,C1(C2=CC=CC=C2)=CC=NO1,CN(C)P(N(C)C)(N(C)C)=NP(N(C)C)(N(C)C)=NCC,BrC1=CC=C(OC)C=C1,16.04854773
c051a5545e6697fd,FullCV_01,637,CC(C)C(C=C(C(C)C)C=C1C(C)C)=C1C2=C(P(C3CCCCC3)C4CCCCC4)C=CC=C2,C1(C2=CC=CC=C2)=NOC=C1,CN(C)P(N(C)C)(N(C)C)=NP(N(C)C)(N(C)C)=NCC,BrC1=CN=CC=C1,16.03639807
6e751048eb3ce0b3,FullCV_01,638,CC(C)C(C=C(C(C)C)C=C1C(C)C)=C1C2=C(P([C@@]3(C[C@@H]4C5)C[C@H](C4)C[C@H]5C3)[C@]6(C7)C[C@@H](C[C@@H]7C8)C[C@@H]8C6)C(OC)=CC=C2OC,C12=C(C=CC=C2)ON=C1,CC(C)(C)/N=C(N(C)C)/N(C)C,IC1=CC=C(OC)C=C1,23.34747951
e387eb5aa3ea7d8d,FullCV_01,639,CC(C)C(C=C(C(C)C)C=C1C(C)C)=C1C2=C(P(C3CCCCC3)C4CCCCC4)C=CC=C2,CC1=C(C(OCC)=O)C=NO1,CN1CCCN2C1=NCCC2,ClC1=NC=CC=C1,18.83260332
20a02b2371070688,FullCV_01,640,CC(C)C(C=C(C(C)C)C=C1C(C)C)=C1C2=C(P(C3CCCCC3)C4CCCCC4)C=CC=C2,CCOC(C1=CON=C1)=O,CC(C)(C)/N=C(N(C)C)/N(C)C,BrC1=CC=C(C(F)(F)F)C=C1,0.546791384
4f85db6c696a27de,FullCV_01,641,CC(C)C(C=C(C(C)C)C=C1C(C)C)=C1C2=C(P(C(C)(C)C)C(C)(C)C)C(OC)=CC=C2OC,C12=CON=C1C=CC=C2,CC(C)(C)/N=C(N(C)C)/N(C)C,BrC1=CN=CC=C1,11.61765415
55ae794a67f1916e,FullCV_01,642,CC(C)C(C=C(C(C)C)C=C1C(C)C)=C1C2=C(P(C(C)(C)C)C(C)(C)C)C(OC)=CC=C2OC,O=C(OC)C1=NOC(C2=CC=CS2)=C1,CN(C)P(N(C)C)(N(C)C)=NP(N(C)C)(N(C)C)=NCC,BrC1=CC=C(C(F)(F)F)C=C1,25.56755062
34277462fafee7e8,FullCV_01,643,CC(C)C(C=C(C(C)C)C=C1C(C)C)=C1C2=C(P([C@@]3(C[C@@H]4C5)C[C@H](C4)C[C@H]5C3)[C@]6(C7)C[C@@H](C[C@@H]7C8)C[C@@H]8C6)C(OC)=CC=C2OC,C1(N(CC2=CC=CC=C2)CC3=CC=CC=C3)=NOC=C1,CN(C)P(N(C)C)(N(C)C)=NP(N(C)C)(N(C)C)=NCC,BrC1=CC=C(OC)C=C1,65.46891846
d5dba2399479f5c1,FullCV_01,644,CC(C)C(C=C(C(C)C)C=C1C(C)C)=C1C2=C(P([C@@]3(C[C@@H]4C5)C[C@H](C4)C[C@H]5C3)[C@]6(C7)C[C@@H](C[C@@H]7C8)C[C@@H]8C6)C(OC)=CC=C2OC,CC1=NOC(C2=CC=CC=C2)=C1,CC(C)(C)/N=C(N(C)C)/N(C)C,IC1=CC=C(OC)C=C1,40.59375347
b464b2bd002d232d,FullCV_01,645,CC(C)C(C=C(C(C)C)C=C1C(C)C)=C1C2=C(P(C(C)(C)C)C(C)(C)C)C(OC)=CC=C2OC,O=C(OC)C1=NOC(C2=CC=CS2)=C1,CN1CCCN2C1=NCCC2,ClC1=CC=C(CC)C=C1,4.225486824
5dcdf7a5b374761e,FullCV_01,646,CC(C)C(C=C(C(C)C)C=C1C(C)C)=C1C2=C(P([C@@]3(C[C@@H]4C5)C[C@H](C4)C[C@H]5C3)[C@]6(C7)C[C@@H](C[C@@H]7C8)C[C@@H]8C6)C(OC)=CC=C2OC,C1(N(CC2=CC=CC=C2)CC3=CC=CC=C3)=CC=NO1,CN1CCCN2C1=NCCC2,ClC1=CN=CC=C1,0.0
b5ec45819ea5ce15,FullCV_01,647,CC(C)C(C=C(C(C)C)C=C1C(C)C)=C1C2=C(P(C3CCCCC3)C4CCCCC4)C=CC=C2,CC1=NOC(C(OCC)=O)=C1,CN(C)P(N(C)C)(N(C)C)=NP(N(C)C)(N(C)C)=NCC,BrC1=CC=C(C(F)(F)F)C=C1,35.07866175
35f13723f3766166,FullCV_01,648,CC(C)C(C=C(C(C)C)C=C1C(C)C)=C1C2=C(P([C@@]3(C[C@@H]4C5)C[C@H](C4)C[C@H]5C3)[C@]6(C7)C[C@@H](C[C@@H]7C8)C[C@@H]8C6)C(OC)=CC=C2OC,CCOC(C1=NOC=C1)=O,CC(C)(C)/N=C(N(C)C)/N(C)C,BrC1=CC=C(OC)C=C1,33.21564888
0b936d1397d68b59,FullCV_01,649,CC(C)C(C=C(C(C)C)C=C1C(C)C)=C1C2=C(P(C(C)(C)C)C(C)(C)C)C=CC=C2,CC1=C(C(OCC)=O)C=NO1,CN(C)P(N(C)C)(N(C)C)=NP(N(C)C)(N(C)C)=NCC,IC1=CC=C(C(F)(F)F)C=C1,15.87410565
2568c76252697f64,FullCV_01,650,CC(C)C(C=C(C(C)C)C=C1C(C)C)=C1C2=C(P([C@@]3(C[C@@H]4C5)C[C@H](C4)C[C@H]5C3)[C@]6(C7)C[C@@H](C[C@@H]7C8)C[C@@H]8C6)C(OC)=CC=C2OC,CCOC(C1=NOC=C1)=O,CN1CCCN2C1=NCCC2,IC1=CC=C(OC)C=C1,50.83768511
d0fb07a6d4e9a83e,FullCV_01,651,CC(C)C(C=C(C(C)C)C=C1C(C)C)=C1C2=C(P(C3CCCCC3)C4CCCCC4)C=CC=C2,FC(C=CC=C1F)=C1C2=CC=NO2,CC(C)(C)/N=C(N(C)C)/N(C)C,ClC1=NC=CC=C1,15.10135263
e02f3157c67fb891,FullCV_01,652,CC(C)C(C=C(C(C)C)C=C1C(C)C)=C1C2=C(P([C@@]3(C[C@@H]4C5)C[C@H](C4)C[C@H]5C3)[C@]6(C7)C[C@@H](C[C@@H]7C8)C[C@@H]8C6)C(OC)=CC=C2OC,CCOC(C1=CON=C1)=O,CN1CCCN2C1=NCCC2,BrC1=CC=C(OC)C=C1,18.44134196
4c92ac04d9228262,FullCV_01,653,CC(C)C(C=C(C(C)C)C=C1C(C)C)=C1C2=C(P([C@@]3(C[C@@H]4C5)C[C@H](C4)C[C@H]5C3)[C@]6(C7)C[C@@H](C[C@@H]7C8)C[C@@H]8C6)C(OC)=CC=C2OC,O=C(OC)C1=NOC(C2=CC=CS2)=C1,CN1CCCN2C1=NCCC2,BrC1=CN=CC=C1,43.53836522
9f2866609e065ebe,FullCV_01,654,CC(C)C(C=C(C(C)C)C=C1C(C)C)=C1C2=C(P(C3CCCCC3)C4CCCCC4)C=CC=C2,O=C(OC)C1=NOC(C2=CC=CS2)=C1,CC(C)(C)/N=C(N(C)C)/N(C)C,ClC1=NC=CC=C1,22.69659515
d6c66e73632ea88d,FullCV_01,655,CC(C)C(C=C(C(C)C)C=C1C(C)C)=C1C2=C(P(C(C)(C)C)C(C)(C)C)C(OC)=CC=C2OC,COC1=NOC(C(OCC)=O)=C1,CN(C)P(N(C)C)(N(C)C)=NP(N(C)C)(N(C)C)=NCC,BrC1=CC=C(C(F)(F)F)C=C1,28.25277351
db09bb631b85e7e7,FullCV_01,656,CC(C)C(C=C(C(C)C)C=C1C(C)C)=C1C2=C(P(C3CCCCC3)C4CCCCC4)C=CC=C2,CC1=NOC=C1,CN1CCCN2C1=NCCC2,IC1=CN=CC=C1,49.09682213
e91b4d78d7a45a35,FullCV_01,657,CC(C)C(C=C(C(C)C)C=C1C(C)C)=C1C2=C(P(C(C)(C)C)C(C)(C)C)C(OC)=CC=C2OC,O=C(OC)C1=NOC(C2=CC=CO2)=C1,CC(C)(C)/N=C(N(C)C)/N(C)C,IC1=CC=C(CC)C=C1,61.65083258
27754f84725d1d0f,FullCV_01,658,CC(C)C(C=C(C(C)C)C=C1C(C)C)=C1C2=C(P(C(C)(C)C)C(C)(C)C)C(OC)=CC=C2OC,CC1=C(C(OCC)=O)C=NO1,CN(C)P(N(C)C)(N(C)C)=NP(N(C)C)(N(C)C)=NCC,ClC1=CC=C(CC)C=C1,8.038113026
abe95acfe0774b20,FullCV_01,659,CC(C)C(C=C(C(C)C)C=C1C(C)C)=C1C2=C(P(C(C)(C)C)C(C)(C)C)C(OC)=CC=C2OC,CC1=CC(C)=NO1,CN1CCCN2C1=NCCC2,ClC1=CC=C(OC)C=C1,0.49264217
36dd68dc51f667c4,FullCV_01,660,CC(C)C(C=C(C(C)C)C=C1C(C)C)=C1C2=C(P([C@@]3(C[C@@H]4C5)C[C@H](C4)C[C@H]5C3)[C@]6(C7)C[C@@H](C[C@@H]7C8)C[C@@H]8C6)C(OC)=CC=C2OC,CC1=CC(C(OCC)=O)=NO1,CN1CCCN2C1=NCCC2,ClC1=CN=CC=C1,14.50083816
c69f51ca2312b76a,FullCV_01,661,CC(C)C(C=C(C(C)C)C=C1C(C)C)=C1C2=C(P(C(C)(C)C)C(C)(C)C)C(OC)=CC=C2OC,O=C(OC)C1=NOC(C2=CC=CS2)=C1,CN1CCCN2C1=NCCC2,IC1=CC=C(OC)C=C1,44.33872807
32b1f85c82068254,FullCV_01,662,CC(C)C(C=C(C(C)C)C=C1C(C)C)=C1C2=C(P(C(C)(C)C)C(C)(C)C)C(OC)=CC=C2OC,C1(C2=CC=CC=C2)=CC=NO1,CN1CCCN2C1=NCCC2,IC1=CC=C(OC)C=C1,54.89240735
0b0cb3fce30b3a88,FullCV_01,663,CC(C)C(C=C(C(C)C)C=C1C(C)C)=C1C2=C(P([C@@]3(C[C@@H]4C5)C[C@H](C4)C[C@H]5C3)[C@]6(C7)C[C@@H](C[C@@H]7C8)C[C@@H]8C6)C(OC)=CC=C2OC,C1(N(CC2=CC=CC=C2)CC3=CC=CC=C3)=CC=NO1,CC(C)(C)/N=C(N(C)C)/N(C)C,ClC1=NC=CC=C1,20.49711258
3af3b9773313526e,FullCV_01,664,CC(C)C(C=C(C(C)C)C=C1C(C)C)=C1C2=C(P(C(C)(C)C)C(C)(C)C)C(OC)=CC=C2OC,CC1=CC(N2C=CC=C2)=NO1,CN(C)P(N(C)C)(N(C)C)=NP(N(C)C)(N(C)C)=NCC,ClC1=CC=C(CC)C=C1,9.993569506
9481abaec134a464,FullCV_01,665,CC(C)C(C=C(C(C)C)C=C1C(C)C)=C1C2=C(P(C(C)(C)C)C(C)(C)C)C=CC=C2,C1(C2=CC=CC=C2)=CC=NO1,CN1CCCN2C1=NCCC2,ClC1=NC=CC=C1,86.68959994
35037d25dec02919,FullCV_01,666,CC(C)C(C=C(C(C)C)C=C1C(C)C)=C1C2=C(P(C(C)(C)C)C(C)(C)C)C(OC)=CC=C2OC,C12=C(C=CC=C2)ON=C1,CC(C)(C)/N=C(N(C)C)/N(C)C,IC1=CC=C(CC)C=C1,44.01604328
fac96a3036ad6422,FullCV_01,667,CC(C)C(C=C(C(C)C)C=C1C(C)C)=C1C2=C(P(C(C)(C)C)C(C)(C)C)C(OC)=CC=C2OC,C12=CON=C1C=CC=C2,CN(C)P(N(C)C)(N(C)C)=NP(N(C)C)(N(C)C)=NCC,IC1=CC=C(CC)C=C1,11.23128528
818c6a9102d6e76a,FullCV_01,668,CC(C)C(C=C(C(C)C)C=C1C(C)C)=C1C2=C(P([C@@]3(C[C@@H]4C5)C[C@H](C4)C[C@H]5C3)[C@]6(C7)C[C@@H](C[C@@H]7C8)C[C@@H]8C6)C(OC)=CC=C2OC,CC1=CC(C(OCC)=O)=NO1,CN1CCCN2C1=NCCC2,IC1=CC=C(C(F)(F)F)C=C1,48.86581696
fa5e40c799065411,FullCV_01,669,CC(C)C(C=C(C(C)C)C=C1C(C)C)=C1C2=C(P(C(C)(C)C)C(C)(C)C)C=CC=C2,CC1=C(C(OCC)=O)C=NO1,CC(C)(C)/N=C(N(C)C)/N(C)C,IC1=NC=CC=C1,44.53583158
844b7358b925fe29,FullCV_01,670,CC(C)C(C=C(C(C)C)C=C1C(C)C)=C1C2=C(P([C@@]3(C[C@@H]4C5)C[C@H](C4)C[C@H]5C3)[C@]6(C7)C[C@@H](C[C@@H]7C8)C[C@@H]8C6)C(OC)=CC=C2OC,COC1=NOC(C(OCC)=O)=C1,CN(C)P(N(C)C)(N(C)C)=NP(N(C)C)(N(C)C)=NCC,BrC1=CN=CC=C1,47.89881593
10814e2eb7c3b48f,FullCV_01,671,CC(C)C(C=C(C(C)C)C=C1C(C)C)=C1C2=C(P(C(C)(C)C)C(C)(C)C)C=CC=C2,C1(C2=CC=CC=C2)=CC=NO1,CN(C)P(N(C)C)(N(C)C)=NP(N(C)C)(N(C)C)=NCC,BrC1=CC=C(CC)C=C1,28.39231834
b99cdb282d9dd955,FullCV_01,672,CC(C)C(C=C(C(C)C)C=C1C(C)C)=C1C2=C(P(C(C)(C)C)C(C)(C)C)C=CC=C2,C1(C2=CC=CC=C2)=CC=NO1,CN1CCCN2C1=NCCC2,IC1=CC=C(CC)C=C1,77.57371189
15ef26b844834169,FullCV_01,673,CC(C)C(C=C(C(C)C)C=C1C(C)C)=C1C2=C(P(C3CCCCC3)C4CCCCC4)C=CC=C2,O=C(OC)C1=NOC(C2=CC=CS2)=C1,CN(C)P(N(C)C)(N(C)C)=NP(N(C)C)(N(C)C)=NCC,BrC1=NC=CC=C1,31.22952549
b722cecf47b131e2,FullCV_01,674,CC(C)C(C=C(C(C)C)C=C1C(C)C)=C1C2=C(P(C(C)(C)C)C(C)(C)C)C(OC)=CC=C2OC,COC1=NOC(C(OCC)=O)=C1,CN1CCCN2C1=NCCC2,ClC1=CC=C(OC)C=C1,0.0
03ee3a9f4cc782a9,FullCV_01,675,CC(C)C(C=C(C(C)C)C=C1C(C)C)=C1C2=C(P(C3CCCCC3)C4CCCCC4)C=CC=C2,CCOC(C1=NOC=C1)=O,CC(C)(C)/N=C(N(C)C)/N(C)C,IC1=CC=C(CC)C=C1,42.17741181
a3f84ed026d7f577,FullCV_01,676,CC(C)C(C=C(C(C)C)C=C1C(C)C)=C1C2=C(P(C3CCCCC3)C4CCCCC4)C=CC=C2,O=C(OC)C1=NOC(C2=CC=CS2)=C1,CN(C)P(N(C)C)(N(C)C)=NP(N(C)C)(N(C)C)=NCC,BrC1=CN=CC=C1,13.63572226
2357f7a1f97b7c50,FullCV_01,677,CC(C)C(C=C(C(C)C)C=C1C(C)C)=C1C2=C(P(C(C)(C)C)C(C)(C)C)C=CC=C2,C1(C2=CC=CC=C2)=NOC=C1,CN(C)P(N(C)C)(N(C)C)=NP(N(C)C)(N(C)C)=NCC,ClC1=CC=C(OC)C=C1,1.112505085
eea48220b2227f12,FullCV_01,678,CC(C)C(C=C(C(C)C)C=C1C(C)C)=C1C2=C(P(C(C)(C)C)C(C)(C)C)C(OC)=CC=C2OC,CC1=CC(C)=NO1,CN(C)P(N(C)C)(N(C)C)=NP(N(C)C)(N(C)C)=NCC,ClC1=CC=C(OC)C=C1,0.0
0206c5a03d03cea0,FullCV_01,679,CC(C)C(C=C(C(C)C)C=C1C(C)C)=C1C2=C(P(C3CCCCC3)C4CCCCC4)C=CC=C2,CC1=NOC(C(OCC)=O)=C1,CN(C)P(N(C)C)(N(C)C)=NP(N(C)C)(N(C)C)=NCC,ClC1=NC=CC=C1,35.13952712
52c94cd8156790e8,FullCV_01,680,CC(C)C(C=C(C(C)C)C=C1C(C)C)=C1C2=C(P([C@@]3(C[C@@H]4C5)C[C@H](C4)C[C@H]5C3)[C@]6(C7)C[C@@H](C[C@@H]7C8)C[C@@H]8C6)C(OC)=CC=C2OC,CC1=C(C(OCC)=O)C=NO1,CN(C)P(N(C)C)(N(C)C)=NP(N(C)C)(N(C)C)=NCC,ClC1=CC=C(OC)C=C1,0.613157833
c07ed754bdfad8f4,FullCV_01,681,CC(C)C(C=C(C(C)C)C=C1C(C)C)=C1C2=C(P(C(C)(C)C)C(C)(C)C)C=CC=C2,O=C(OC)C1=CC=NO1,CN(C)P(N(C)C)(N(C)C)=NP(N(C)C)(N(C)C)=NCC,ClC1=CC=C(CC)C=C1,4.278834497
8904e44a7624d6c5,FullCV_01,682,CC(C)C(C=C(C(C)C)C=C1C(C)C)=C1C2=C(P([C@@]3(C[C@@H]4C5)C[C@H](C4)C[C@H]5C3)[C@]6(C7)C[C@@H](C[C@@H]7C8)C[C@@H]8C6)C(OC)=CC=C2OC,O=C(OC)C1=NOC(C2=CC=CS2)=C1,CN(C)P(N(C)C)(N(C)C)=NP(N(C)C)(N(C)C)=NCC,IC1=CC=C(OC)C=C1,44.94211074
ff8bfebcc86474af,FullCV_01,683,CC(C)C(C=C(C(C)C)C=C1C(C)C)=C1C2=C(P([C@@]3(C[C@@H]4C5)C[C@H](C4)C[C@H]5C3)[C@]6(C7)C[C@@H](C[C@@H]7C8)C[C@@H]8C6)C(OC)=CC=C2OC,CC1=CC=NO1,CN(C)P(N(C)C)(N(C)C)=NP(N(C)C)(N(C)C)=NCC,IC1=CC=C(OC)C=C1,11.24955158
f51c7b8e6f9c5d26,FullCV_01,684,CC(C)C(C=C(C(C)C)C=C1C(C)C)=C1C2=C(P(C3CCCCC3)C4CCCCC4)C=CC=C2,C12=CON=C1C=CC=C2,CN1CCCN2C1=NCCC2,ClC1=CC=C(C(F)(F)F)C=C1,0.0
2e0a14c762038c4a,FullCV_01,685,CC(C)C(C=C(C(C)C)C=C1C(C)C)=C1C2=C(P(C(C)(C)C)C(C)(C)C)C=CC=C2,C1(C2=CC=CC=C2)=CC=NO1,CC(C)(C)/N=C(N(C)C)/N(C)C,BrC1=NC=CC=C1,82.1847816
928a60a65061c2db,FullCV_01,686,CC(C)C(C=C(C(C)C)C=C1C(C)C)=C1C2=C(P(C3CCCCC3)C4CCCCC4)C=CC=C2,O=C(OC)C1=NOC(C2=CC=CS2)=C1,CC(C)(C)/N=C(N(C)C)/N(C)C,ClC1=CN=CC=C1,4.58213428
2fbd552472fa5d55,FullCV_01,687,CC(C)C(C=C(C(C)C)C=C1C(C)C)=C1C2=C(P(C(C)(C)C)C(C)(C)C)C(OC)=CC=C2OC,O=C(OC)C1=NOC(C2=CC=CS2)=C1,CN(C)P(N(C)C)(N(C)C)=NP(N(C)C)(N(C)C)=NCC,ClC1=CN=CC=C1,0.810171959
862bd8ac87a15a51,FullCV_01,688,CC(C)C(C=C(C(C)C)C=C1C(C)C)=C1C2=C(P(C3CCCCC3)C4CCCCC4)C=CC=C2,O=C(OC)C1=NOC(C2=CC=CS2)=C1,CN1CCCN2C1=NCCC2,ClC1=CC=C(CC)C=C1,0.884950948
5f5aa682493269b4,FullCV_01,689,CC(C)C(C=C(C(C)C)C=C1C(C)C)=C1C2=C(P([C@@]3(C[C@@H]4C5)C[C@H](C4)C[C@H]5C3)[C@]6(C7)C[C@@H](C[C@@H]7C8)C[C@@H]8C6)C(OC)=CC=C2OC,CC1=NOC(C(OCC)=O)=C1,CC(C)(C)/N=C(N(C)C)/N(C)C,BrC1=CN=CC=C1,65.78374618
7e6208ba18b456c9,FullCV_01,690,CC(C)C(C=C(C(C)C)C=C1C(C)C)=C1C2=C(P([C@@]3(C[C@@H]4C5)C[C@H](C4)C[C@H]5C3)[C@]6(C7)C[C@@H](C[C@@H]7C8)C[C@@H]8C6)C(OC)=CC=C2OC,CC1=NOC(C(OCC)=O)=C1,CN(C)P(N(C)C)(N(C)C)=NP(N(C)C)(N(C)C)=NCC,ClC1=CC=C(C(F)(F)F)C=C1,2.038853369
e4552d4f27faaa61,FullCV_01,691,CC(C)C(C=C(C(C)C)C=C1C(C)C)=C1C2=C(P(C(C)(C)C)C(C)(C)C)C(OC)=CC=C2OC,O=C(OC)C1=NOC(C2=CC=CO2)=C1,CN(C)P(N(C)C)(N(C)C)=NP(N(C)C)(N(C)C)=NCC,ClC1=NC=CC=C1,75.99606764
fa1928cb801632fa,FullCV_01,692,CC(C)C(C=C(C(C)C)C=C1C(C)C)=C1C2=C(P([C@@]3(C[C@@H]4C5)C[C@H](C4)C[C@H]5C3)[C@]6(C7)C[C@@H](C[C@@H]7C8)C[C@@H]8C6)C(OC)=CC=C2OC,CC1=NOC=C1,CN(C)P(N(C)C)(N(C)C)=NP(N(C)C)(N(C)C)=NCC,IC1=CN=CC=C1,0.747631534
c241962e7937870d,FullCV_01,693,CC(C)C(C=C(C(C)C)C=C1C(C)C)=C1C2=C(P(C(C)(C)C)C(C)(C)C)C=CC=C2,CCOC(C1=CON=C1)=O,CN1CCCN2C1=NCCC2,BrC1=CC=C(C(F)(F)F)C=C1,21.54675104
3a80ef82b9110259,FullCV_01,694,CC(C)C(C=C(C(C)C)C=C1C(C)C)=C1C2=C(P([C@@]3(C[C@@H]4C5)C[C@H](C4)C[C@H]5C3)[C@]6(C7)C[C@@H](C[C@@H]7C8)C[C@@H]8C6)C(OC)=CC=C2OC,CC1=NOC(C2=CC=CC=C2)=C1,CN(C)P(N(C)C)(N(C)C)=NP(N(C)C)(N(C)C)=NCC,IC1=NC=CC=C1,83.08232968
17d05ffa2a502dec,FullCV_01,695,CC(C)C(C=C(C(C)C)C=C1C(C)C)=C1C2=C(P(C3CCCCC3)C4CCCCC4)C=CC=C2,C1(C2=CC=CC=C2)=CC=NO1,CN1CCCN2C1=NCCC2,BrC1=NC=CC=C1,42.69485888
52fbf39738bab152,FullCV_01,696,CC(C)C(C=C(C(C)C)C=C1C(C)C)=C1C2=C(P(C3CCCCC3)C4CCCCC4)C=CC=C2,CC1=CC=NO1,CC(C)(C)/N=C(N(C)C)/N(C)C,IC1=CN=CC=C1,32.75793304
56e951a6a0cad64b,FullCV_01,697,CC(C)C(C=C(C(C)C)C=C1C(C)C)=C1C2=C(P([C@@]3(C[C@@H]4C5)C[C@H](C4)C[C@H]5C3)[C@]6(C7)C[C@@H](C[C@@H]7C8)C[C@@H]8C6)C(OC)=CC=C2OC,CC1=NOC(C(OCC)=O)=C1,CC(C)(C)/N=C(N(C)C)/N(C)C,ClC1=CC=C(CC)C=C1,0.0
add66db9bc1d06e7,FullCV_01,698,CC(C)C(C=C(C(C)C)C=C1C(C)C)=C1C2=C(P(C(C)(C)C)C(C)(C)C)C(OC)=CC=C2OC,FC(C=CC=C1F)=C1C2=CC=NO2,CC(C)(C)/N=C(N(C)C)/N(C)C,IC1=CN=CC=C1,55.13286563
e3fead9e384c5bd6,FullCV_01,699,CC(C)C(C=C(C(C)C)C=C1C(C)C)=C1C2=C(P([C@@]3(C[C@@H]4C5)C[C@H](C4)C[C@H]5C3)[C@]6(C7)C[C@@H](C[C@@H]7C8)C[C@@H]8C6)C(OC)=CC=C2OC,CC1=NOC=C1,CN1CCCN2C1=NCCC2,ClC1=CN=CC=C1,9.967076399
83b8beadc3dd9747,FullCV_01,700,CC(C)C(C=C(C(C)C)C=C1C(C)C)=C1C2=C(P([C@@]3(C[C@@H]4C5)C[C@H](C4)C[C@H]5C3)[C@]6(C7)C[C@@H](C[C@@H]7C8)C[C@@H]8C6)C(OC)=CC=C2OC,C12=CON=C1C=CC=C2,CN(C)P(N(C)C)(N(C)C)=NP(N(C)C)(N(C)C)=NCC,ClC1=CN=CC=C1,0.750246803
56510dabf070b850,FullCV_01,701,CC(C)C(C=C(C(C)C)C=C1C(C)C)=C1C2=C(P([C@@]3(C[C@@H]4C5)C[C@H](C4)C[C@H]5C3)[C@]6(C7)C[C@@H](C[C@@H]7C8)C[C@@H]8C6)C(OC)=CC=C2OC,CCOC(C1=NOC=C1)=O,CN(C)P(N(C)C)(N(C)C)=NP(N(C)C)(N(C)C)=NCC,ClC1=NC=CC=C1,0.0
ec3a0f84ed4e1d80,FullCV_01,702,CC(C)C(C=C(C(C)C)C=C1C(C)C)=C1C2=C(P(C(C)(C)C)C(C)(C)C)C(OC)=CC=C2OC,C1(N(CC2=CC=CC=C2)CC3=CC=CC=C3)=NOC=C1,CC(C)(C)/N=C(N(C)C)/N(C)C,BrC1=NC=CC=C1,59.21092574
e57c8d844dab182b,FullCV_01,703,CC(C)C(C=C(C(C)C)C=C1C(C)C)=C1C2=C(P(C(C)(C)C)C(C)(C)C)C(OC)=CC=C2OC,COC1=NOC(C(OCC)=O)=C1,CN1CCCN2C1=NCCC2,ClC1=CC=C(CC)C=C1,4.04132523
c8ebf0c2e7128804,FullCV_01,704,CC(C)C(C=C(C(C)C)C=C1C(C)C)=C1C2=C(P(C(C)(C)C)C(C)(C)C)C=CC=C2,C1(N(CC2=CC=CC=C2)CC3=CC=CC=C3)=CC=NO1,CC(C)(C)/N=C(N(C)C)/N(C)C,IC1=CC=C(CC)C=C1,57.01120739
a0aab0bfbd8eb258,FullCV_01,705,CC(C)C(C=C(C(C)C)C=C1C(C)C)=C1C2=C(P(C(C)(C)C)C(C)(C)C)C(OC)=CC=C2OC,CC1=NOC=C1,CN1CCCN2C1=NCCC2,BrC1=CN=CC=C1,93.74857618
bfd9a599b5080faf,FullCV_01,706,CC(C)C(C=C(C(C)C)C=C1C(C)C)=C1C2=C(P(C3CCCCC3)C4CCCCC4)C=CC=C2,C1(C2=CC=CC=C2)=CC=NO1,CN(C)P(N(C)C)(N(C)C)=NP(N(C)C)(N(C)C)=NCC,BrC1=CC=C(CC)C=C1,14.23417841
4d14f1e5a2d74725,FullCV_01,707,CC(C)C(C=C(C(C)C)C=C1C(C)C)=C1C2=C(P(C(C)(C)C)C(C)(C)C)C(OC)=CC=C2OC,CC1=CC=NO1,CN(C)P(N(C)C)(N(C)C)=NP(N(C)C)(N(C)C)=NCC,BrC1=NC=CC=C1,32.01759643
dc5e88feccd4731c,FullCV_01,708,CC(C)C(C=C(C(C)C)C=C1C(C)C)=C1C2=C(P(C3CCCCC3)C4CCCCC4)C=CC=C2,FC(C=CC=C1F)=C1C2=CC=NO2,CN1CCCN2C1=NCCC2,ClC1=NC=CC=C1,14.60964787
7ef5069f26f5d2d4,FullCV_01,709,CC(C)C(C=C(C(C)C)C=C1C(C)C)=C1C2=C(P(C3CCCCC3)C4CCCCC4)C=CC=C2,C12=CON=C1C=CC=C2,CN(C)P(N(C)C)(N(C)C)=NP(N(C)C)(N(C)C)=NCC,BrC1=CC=C(CC)C=C1,8.876631997
9447c3f662423799,FullCV_01,710,CC(C)C(C=C(C(C)C)C=C1C(C)C)=C1C2=C(P(C(C)(C)C)C(C)(C)C)C(OC)=CC=C2OC,CC1=NOC(C2=CC=CC=C2)=C1,CN1CCCN2C1=NCCC2,IC1=CC=C(C(F)(F)F)C=C1,41.728023
ae1c2491300d90e4,FullCV_01,711,CC(C)C(C=C(C(C)C)C=C1C(C)C)=C1C2=C(P(C(C)(C)C)C(C)(C)C)C(OC)=CC=C2OC,O=C(OC)C1=NOC(C2=CC=CS2)=C1,CN1CCCN2C1=NCCC2,BrC1=NC=CC=C1,80.73687357
631343af416d91b4,FullCV_01,712,CC(C)C(C=C(C(C)C)C=C1C(C)C)=C1C2=C(P([C@@]3(C[C@@H]4C5)C[C@H](C4)C[C@H]5C3)[C@]6(C7)C[C@@H](C[C@@H]7C8)C[C@@H]8C6)C(OC)=CC=C2OC,CC1=CC=NO1,CN1CCCN2C1=NCCC2,IC1=CN=CC=C1,91.69839995
5a62d685970cc2ce,FullCV_01,713,CC(C)C(C=C(C(C)C)C=C1C(C)C)=C1C2=C(P(C(C)(C)C)C(C)(C)C)C=CC=C2,CC1=NOC=C1,CC(C)(C)/N=C(N(C)C)/N(C)C,ClC1=CC=C(C(F)(F)F)C=C1,34.30918762
f90db57a0db91fd0,FullCV_01,714,CC(C)C(C=C(C(C)C)C=C1C(C)C)=C1C2=C(P(C(C)(C)C)C(C)(C)C)C(OC)=CC=C2OC,C12=CON=C1C=CC=C2,CN1CCCN2C1=NCCC2,IC1=CC=C(OC)C=C1,35.33585167
99bb880831bace1d,FullCV_01,715,CC(C)C(C=C(C(C)C)C=C1C(C)C)=C1C2=C(P(C(C)(C)C)C(C)(C)C)C=CC=C2,CC1=CC(C(OCC)=O)=NO1,CN1CCCN2C1=NCCC2,ClC1=CC=C(C(F)(F)F)C=C1,42.28229272
964210d0e396bd61,FullCV_01,716,CC(C)C(C=C(C(C)C)C=C1C(C)C)=C1C2=C(P(C(C)(C)C)C(C)(C)C)C(OC)=CC=C2OC,C1(C2=CC=CC=C2)=CC=NO1,CN1CCCN2C1=NCCC2,BrC1=CC=C(CC)C=C1,57.45048731
caaf0426670bec1d,FullCV_01,717,CC(C)C(C=C(C(C)C)C=C1C(C)C)=C1C2=C(P(C(C)(C)C)C(C)(C)C)C=CC=C2,CC1=NOC(C(OCC)=O)=C1,CN1CCCN2C1=NCCC2,IC1=CN=CC=C1,94.69105416
739978aed3f5ab8b,FullCV_01,718,CC(C)C(C=C(C(C)C)C=C1C(C)C)=C1C2=C(P(C(C)(C)C)C(C)(C)C)C(OC)=CC=C2OC,C1(N(CC2=CC=CC=C2)CC3=CC=CC=C3)=NOC=C1,CN(C)P(N(C)C)(N(C)C)=NP(N(C)C)(N(C)C)=NCC,ClC1=CN=CC=C1,6.010382761
9f902b3947af140e,FullCV_01,719,CC(C)C(C=C(C(C)C)C=C1C(C)C)=C1C2=C(P(C(C)(C)C)C(C)(C)C)C(OC)=CC=C2OC,C12=C(C=CC=C2)ON=C1,CC(C)(C)/N=C(N(C)C)/N(C)C,IC1=CN=CC=C1,58.6831586
ca8ad29866fa4321,FullCV_01,720,CC(C)C(C=C(C(C)C)C=C1C(C)C)=C1C2=C(P(C3CCCCC3)C4CCCCC4)C=CC=C2,C1(C2=CC=CC=C2)=CON=C1,CN(C)P(N(C)C)(N(C)C)=NP(N(C)C)(N(C)C)=NCC,ClC1=NC=CC=C1,12.98584411
cc8058055186b5ac,FullCV_01,721,CC(C)C(C=C(C(C)C)C=C1C(C)C)=C1C2=C(P(C(C)(C)C)C(C)(C)C)C=CC=C2,CCOC(C1=CON=C1)=O,CN(C)P(N(C)C)(N(C)C)=NP(N(C)C)(N(C)C)=NCC,BrC1=CC=C(C(F)(F)F)C=C1,5.034974824
cf93445ed6cc937e,FullCV_01,722,CC(C)C(C=C(C(C)C)C=C1C(C)C)=C1C2=C(P(C(C)(C)C)C(C)(C)C)C(OC)=CC=C2OC,CCOC(C1=CON=C1)=O,CC(C)(C)/N=C(N(C)C)/N(C)C,BrC1=CC=C(CC)C=C1,2.370474153
b496000c0bff4592,FullCV_01,723,CC(C)C(C=C(C(C)C)C=C1C(C)C)=C1C2=C(P(C(C)(C)C)C(C)(C)C)C(OC)=CC=C2OC,CC1=NOC=C1,CN(C)P(N(C)C)(N(C)C)=NP(N(C)C)(N(C)C)=NCC,BrC1=CC=C(CC)C=C1,68.29340203
f0555a1edb4b55e3,FullCV_01,724,CC(C)C(C=C(C(C)C)C=C1C(C)C)=C1C2=C(P([C@@]3(C[C@@H]4C5)C[C@H](C4)C[C@H]5C3)[C@]6(C7)C[C@@H](C[C@@H]7C8)C[C@@H]8C6)C(OC)=CC=C2OC,CCOC(C1=CON=C1)=O,CN(C)P(N(C)C)(N(C)C)=NP(N(C)C)(N(C)C)=NCC,BrC1=CC=C(CC)C=C1,1.305562617
162277e477dc1b15,FullCV_01,725,CC(C)C(C=C(C(C)C)C=C1C(C)C)=C1C2=C(P(C(C)(C)C)C(C)(C)C)C=CC=C2,O=C(OC)C1=CC=NO1,CN(C)P(N(C)C)(N(C)C)=NP(N(C)C)(N(C)C)=NCC,IC1=CC=C(OC)C=C1,13.83920399
9aafca4b505a5ce6,FullCV_01,726,CC(C)C(C=C(C(C)C)C=C1C(C)C)=C1C2=C(P(C(C)(C)C)C(C)(C)C)C=CC=C2,C1(N(CC2=CC=CC=C2)CC3=CC=CC=C3)=NOC=C1,CN1CCCN2C1=NCCC2,IC1=CC=C(OC)C=C1,56.80622374
fd4462fa51f8099c,FullCV_01,727,CC(C)C(C=C(C(C)C)C=C1C(C)C)=C1C2=C(P(C(C)(C)C)C(C)(C)C)C=CC=C2,CC1=CC=NO1,CC(C)(C)/N=C(N(C)C)/N(C)C,BrC1=NC=CC=C1,63.56431346
68869ae5c0e2d7d2,FullCV_01,728,CC(C)C(C=C(C(C)C)C=C1C(C)C)=C1C2=C(P(C3CCCCC3)C4CCCCC4)C=CC=C2,CC1=CC(N2C=CC=C2)=NO1,CN(C)P(N(C)C)(N(C)C)=NP(N(C)C)(N(C)C)=NCC,IC1=CC=C(CC)C=C1,67.69619533
96a33fb5f9f4f2dc,FullCV_01,729,CC(C)C(C=C(C(C)C)C=C1C(C)C)=C1C2=C(P(C3CCCCC3)C4CCCCC4)C=CC=C2,FC(C=CC=C1F)=C1C2=CC=NO2,CN(C)P(N(C)C)(N(C)C)=NP(N(C)C)(N(C)C)=NCC,BrC1=CC=C(OC)C=C1,8.641168314
9d5ae4786ea77461,FullCV_01,730,CC(C)C(C=C(C(C)C)C=C1C(C)C)=C1C2=C(P(C(C)(C)C)C(C)(C)C)C(OC)=CC=C2OC,CC1=CC(C(OCC)=O)=NO1,CN(C)P(N(C)C)(N(C)C)=NP(N(C)C)(N(C)C)=NCC,BrC1=CC=C(OC)C=C1,43.42467948
8958afaea6ece9df,FullCV_01,731,CC(C)C(C=C(C(C)C)C=C1C(C)C)=C1C2=C(P([C@@]3(C[C@@H]4C5)C[C@H](C4)C[C@H]5C3)[C@]6(C7)C[C@@H](C[C@@H]7C8)C[C@@H]8C6)C(OC)=CC=C2OC,C1(C2=CC=CC=C2)=CC=NO1,CN(C)P(N(C)C)(N(C)C)=NP(N(C)C)(N(C)C)=NCC,ClC1=CC=C(CC)C=C1,3.595206135
a7351ab02bfc7cdc,FullCV_01,732,CC(C)C(C=C(C(C)C)C=C1C(C)C)=C1C2=C(P(C3CCCCC3)C4CCCCC4)C=CC=C2,C12=C(C=CC=C2)ON=C1,CN1CCCN2C1=NCCC2,ClC1=CC=C(OC)C=C1,0.0
47e36c4f26ae0ecf,FullCV_01,733,CC(C)C(C=C(C(C)C)C=C1C(C)C)=C1C2=C(P(C(C)(C)C)C(C)(C)C)C=CC=C2,CC1=C(C(OCC)=O)C=NO1,CN(C)P(N(C)C)(N(C)C)=NP(N(C)C)(N(C)C)=NCC,ClC1=CC=C(OC)C=C1,1.879419954
f6c7e49be3b7b1ef,FullCV_01,734,CC(C)C(C=C(C(C)C)C=C1C(C)C)=C1C2=C(P(C(C)(C)C)C(C)(C)C)C(OC)=CC=C2OC,COC1=NOC(C(OCC)=O)=C1,CN(C)P(N(C)C)(N(C)C)=NP(N(C)C)(N(C)C)=NCC,IC1=CC=C(OC)C=C1,42.82874785
4a8a404ac441030b,FullCV_01,735,CC(C)C(C=C(C(C)C)C=C1C(C)C)=C1C2=C(P(C3CCCCC3)C4CCCCC4)C=CC=C2,O=C(OC)C1=NOC(C2=CC=CS2)=C1,CN(C)P(N(C)C)(N(C)C)=NP(N(C)C)(N(C)C)=NCC,IC1=CC=C(CC)C=C1,31.41749034
0f7015fd7e215f42,FullCV_01,736,CC(C)C(C=C(C(C)C)C=C1C(C)C)=C1C2=C(P(C(C)(C)C)C(C)(C)C)C=CC=C2,C12=C(C=CC=C2)ON=C1,CN1CCCN2C1=NCCC2,IC1=NC=CC=C1,84.53852223
8cc2985af424dac2,FullCV_01,737,CC(C)C(C=C(C(C)C)C=C1C(C)C)=C1C2=C(P(C(C)(C)C)C(C)(C)C)C(OC)=CC=C2OC,CCOC(C1=CON=C1)=O,CN1CCCN2C1=NCCC2,IC1=CC=C(CC)C=C1,33.69627508
42b92d6bf3bd8c5d,FullCV_01,738,CC(C)C(C=C(C(C)C)C=C1C(C)C)=C1C2=C(P([C@@]3(C[C@@H]4C5)C[C@H](C4)C[C@H]5C3)[C@]6(C7)C[C@@H](C[C@@H]7C8)C[C@@H]8C6)C(OC)=CC=C2OC,O=C(OC)C1=NOC(C2=CC=CO2)=C1,CN1CCCN2C1=NCCC2,ClC1=CC=C(C(F)(F)F)C=C1,2.103607287
c77f5bf3b70ca889,FullCV_01,739,CC(C)C(C=C(C(C)C)C=C1C(C)C)=C1C2=C(P(C(C)(C)C)C(C)(C)C)C(OC)=CC=C2OC,O=C(OC)C1=NOC(C2=CC=CO2)=C1,CN(C)P(N(C)C)(N(C)C)=NP(N(C)C)(N(C)C)=NCC,IC1=CN=CC=C1,49.87050942
0c02fe784663c2a0,FullCV_01,740,CC(C)C(C=C(C(C)C)C=C1C(C)C)=C1C2=C(P(C(C)(C)C)C(C)(C)C)C(OC)=CC=C2OC,O=C(OC)C1=NOC(C2=CC=CS2)=C1,CN(C)P(N(C)C)(N(C)C)=NP(N(C)C)(N(C)C)=NCC,BrC1=CN=CC=C1,48.96975625
6c74d427bb61ced4,FullCV_01,741,CC(C)C(C=C(C(C)C)C=C1C(C)C)=C1C2=C(P([C@@]3(C[C@@H]4C5)C[C@H](C4)C[C@H]5C3)[C@]6(C7)C[C@@H](C[C@@H]7C8)C[C@@H]8C6)C(OC)=CC=C2OC,C1(C2=CC=CC=C2)=NOC=C1,CC(C)(C)/N=C(N(C)C)/N(C)C,BrC1=CC=C(OC)C=C1,46.19696168
3645a15f66865e5f,FullCV_01,742,CC(C)C(C=C(C(C)C)C=C1C(C)C)=C1C2=C(P(C(C)(C)C)C(C)(C)C)C(OC)=CC=C2OC,CC1=NOC=C1,CN(C)P(N(C)C)(N(C)C)=NP(N(C)C)(N(C)C)=NCC,ClC1=NC=CC=C1,69.08248124
e3a53d103816aa8c,FullCV_01,743,CC(C)C(C=C(C(C)C)C=C1C(C)C)=C1C2=C(P([C@@]3(C[C@@H]4C5)C[C@H](C4)C[C@H]5C3)[C@]6(C7)C[C@@H](C[C@@H]7C8)C[C@@H]8C6)C(OC)=CC=C2OC,CC1=CC(C)=NO1,CC(C)(C)/N=C(N(C)C)/N(C)C,ClC1=NC=CC=C1,33.09635306
959ac3f666b23e3b,FullCV_01,744,CC(C)C(C=C(C(C)C)C=C1C(C)C)=C1C2=C(P(C(C)(C)C)C(C)(C)C)C(OC)=CC=C2OC,C1(N(CC2=CC=CC=C2)CC3=CC=CC=C3)=CC=NO1,CC(C)(C)/N=C(N(C)C)/N(C)C,ClC1=CC=C(C(F)(F)F)C=C1,5.492602222
f592c3f08bedb111,FullCV_01,745,CC(C)C(C=C(C(C)C)C=C1C(C)C)=C1C2=C(P(C(C)(C)C)C(C)(C)C)C=CC=C2,CC1=NOC(C(OCC)=O)=C1,CN1CCCN2C1=NCCC2,ClC1=CC=C(OC)C=C1,0.0
2239c6ecc1aa1490,FullCV_01,746,CC(C)C(C=C(C(C)C)C=C1C(C)C)=C1C2=C(P(C(C)(C)C)C(C)(C)C)C=CC=C2,C1(N(CC2=CC=CC=C2)CC3=CC=CC=C3)=CC=NO1,CN(C)P(N(C)C)(N(C)C)=NP(N(C)C)(N(C)C)=NCC,IC1=CN=CC=C1,20.6070389
8c9360673323bd04,FullCV_01,747,CC(C)C(C=C(C(C)C)C=C1C(C)C)=C1C2=C(P(C(C)(C)C)C(C)(C)C)C(OC)=CC=C2OC,CC1=NOC(C2=CC=CC=C2)=C1,CN1CCCN2C1=NCCC2,IC1=CC=C(CC)C=C1,71.82751675
aad6238615fdbe15,FullCV_01,748,CC(C)C(C=C(C(C)C)C=C1C(C)C)=C1C2=C(P(C(C)(C)C)C(C)(C)C)C(OC)=CC=C2OC,C1(C2=CC=CC=C2)=NOC=C1,CN1CCCN2C1=NCCC2,ClC1=CC=C(CC)C=C1,9.034825048
f218d312f4e7a132,FullCV_01,749,CC(C)C(C=C(C(C)C)C=C1C(C)C)=C1C2=C(P([C@@]3(C[C@@H]4C5)C[C@H](C4)C[C@H]5C3)[C@]6(C7)C[C@@H](C[C@@H]7C8)C[C@@H]8C6)C(OC)=CC=C2OC,C1(C2=CC=CC=C2)=CC=NO1,CN1CCCN2C1=NCCC2,BrC1=NC=CC=C1,84.91024962
8c69d8ca078a2a59,FullCV_01,750,CC(C)C(C=C(C(C)C)C=C1C(C)C)=C1C2=C(P(C(C)(C)C)C(C)(C)C)C(OC)=CC=C2OC,C1(N(CC2=CC=CC=C2)CC3=CC=CC=C3)=CC=NO1,CN(C)P(N(C)C)(N(C)C)=NP(N(C)C)(N(C)C)=NCC,BrC1=CC=C(OC)C=C1,38.02062933
c09a87bca1ec69c4,FullCV_01,751,CC(C)C(C=C(C(C)C)C=C1C(C)C)=C1C2=C(P(C3CCCCC3)C4CCCCC4)C=CC=C2,CC1=CC=NO1,CN(C)P(N(C)C)(N(C)C)=NP(N(C)C)(N(C)C)=NCC,ClC1=CN=CC=C1,9.474964289
f6fcf6df6e431a49,FullCV_01,752,CC(C)C(C=C(C(C)C)C=C1C(C)C)=C1C2=C(P(C(C)(C)C)C(C)(C)C)C=CC=C2,O=C(OC)C1=CC=NO1,CN(C)P(N(C)C)(N(C)C)=NP(N(C)C)(N(C)C)=NCC,ClC1=CC=C(C(F)(F)F)C=C1,8.912186757
9850156cddede15e,FullCV_01,753,CC(C)C(C=C(C(C)C)C=C1C(C)C)=C1C2=C(P(C(C)(C)C)C(C)(C)C)C(OC)=CC=C2OC,C1(N(CC2=CC=CC=C2)CC3=CC=CC=C3)=CC=NO1,CC(C)(C)/N=C(N(C)C)/N(C)C,ClC1=NC=CC=C1,29.74076309
c778adec12a45838,FullCV_01,754,CC(C)C(C=C(C(C)C)C=C1C(C)C)=C1C2=C(P(C(C)(C)C)C(C)(C)C)C=CC=C2,CC1=CC=NO1,CN(C)P(N(C)C)(N(C)C)=NP(N(C)C)(N(C)C)=NCC,BrC1=CN=CC=C1,21.93776353
b2e12697ccbb7441,FullCV_01,755,CC(C)C(C=C(C(C)C)C=C1C(C)C)=C1C2=C(P([C@@]3(C[C@@H]4C5)C[C@H](C4)C[C@H]5C3)[C@]6(C7)C[C@@H](C[C@@H]7C8)C[C@@H]8C6)C(OC)=CC=C2OC,C1(C2=CC=CC=C2)=CON=C1,CN(C)P(N(C)C)(N(C)C)=NP(N(C)C)(N(C)C)=NCC,BrC1=NC=CC=C1,20.15990301
fd924b25d3ef2854,FullCV_01,756,CC(C)C(C=C(C(C)C)C=C1C(C)C)=C1C2=C(P(C(C)(C)C)C(C)(C)C)C=CC=C2,O=C(OC)C1=NOC(C2=CC=CO2)=C1,CN(C)P(N(C)C)(N(C)C)=NP(N(C)C)(N(C)C)=NCC,IC1=CN=CC=C1,75.28558302
7b22841973b7ec49,FullCV_01,757,CC(C)C(C=C(C(C)C)C=C1C(C)C)=C1C2=C(P([C@@]3(C[C@@H]4C5)C[C@H](C4)C[C@H]5C3)[C@]6(C7)C[C@@H](C[C@@H]7C8)C[C@@H]8C6)C(OC)=CC=C2OC,CC1=CC=NO1,CC(C)(C)/N=C(N(C)C)/N(C)C,IC1=CC=C(C(F)(F)F)C=C1,37.04718214
b464be40d36a4db7,FullCV_01,758,CC(C)C(C=C(C(C)C)C=C1C(C)C)=C1C2=C(P(C3CCCCC3)C4CCCCC4)C=CC=C2,CC1=NOC(C(OCC)=O)=C1,CN1CCCN2C1=NCCC2,IC1=CC=C(C(F)(F)F)C=C1,46.63249784
71150a88823fd7c2,FullCV_01,759,CC(C)C(C=C(C(C)C)C=C1C(C)C)=C1C2=C(P(C(C)(C)C)C(C)(C)C)C(OC)=CC=C2OC,CC1=CC(C)=NO1,CN(C)P(N(C)C)(N(C)C)=NP(N(C)C)(N(C)C)=NCC,BrC1=NC=CC=C1,79.65524299
aa002e80eea2b01e,FullCV_01,760,CC(C)C(C=C(C(C)C)C=C1C(C)C)=C1C2=C(P([C@@]3(C[C@@H]4C5)C[C@H](C4)C[C@H]5C3)[C@]6(C7)C[C@@H](C[C@@H]7C8)C[C@@H]8C6)C(OC)=CC=C2OC,CCOC(C1=CON=C1)=O,CN1CCCN2C1=NCCC2,ClC1=NC=CC=C1,34.48220577
ddbed98901a36ee8,FullCV_01,761,CC(C)C(C=C(C(C)C)C=C1C(C)C)=C1C2=C(P(C(C)(C)C)C(C)(C)C)C(OC)=CC=C2OC,C1(C2=CC=CC=C2)=CON=C1,CC(C)(C)/N=C(N(C)C)/N(C)C,BrC1=CC=C(C(F)(F)F)C=C1,31.17955703
f0b32e93ca9cdbe0,FullCV_01,762,CC(C)C(C=C(C(C)C)C=C1C(C)C)=C1C2=C(P([C@@]3(C[C@@H]4C5)C[C@H](C4)C[C@H]5C3)[C@]6(C7)C[C@@H](C[C@@H]7C8)C[C@@H]8C6)C(OC)=CC=C2OC,O=C(OC)C1=NOC(C2=CC=CS2)=C1,CN(C)P(N(C)C)(N(C)C)=NP(N(C)C)(N(C)C)=NCC,ClC1=NC=CC=C1,54.69797468
08096bbe630ee2cc,FullCV_01,763,CC(C)C(C=C(C(C)C)C=C1C(C)C)=C1C2=C(P(C(C)(C)C)C(C)(C)C)C=CC=C2,CC1=NOC(C2=CC=CC=C2)=C1,CN1CCCN2C1=NCCC2,ClC1=CC=C(C(F)(F)F)C=C1,33.9312366
db4601add198a3a3,FullCV_01,764,CC(C)C(C=C(C(C)C)C=C1C(C)C)=C1C2=C(P(C(C)(C)C)C(C)(C)C)C(OC)=CC=C2OC,CC1=CC(C(OCC)=O)=NO1,CC(C)(C)/N=C(N(C)C)/N(C)C,ClC1=CN=CC=C1,21.94834142
bc14c87a14b23471,FullCV_01,765,CC(C)C(C=C(C(C)C)C=C1C(C)C)=C1C2=C(P(C(C)(C)C)C(C)(C)C)C(OC)=CC=C2OC,CCOC(C1=NOC=C1)=O,CN1CCCN2C1=NCCC2,BrC1=CC=C(OC)C=C1,45.97256872
4ff53a5f2b7c13b7,FullCV_01,766,CC(C)C(C=C(C(C)C)C=C1C(C)C)=C1C2=C(P(C(C)(C)C)C(C)(C)C)C=CC=C2,C12=CON=C1C=CC=C2,CN(C)P(N(C)C)(N(C)C)=NP(N(C)C)(N(C)C)=NCC,BrC1=CC=C(OC)C=C1,13.33701887
9789f1248032e4b5,FullCV_01,767,CC(C)C(C=C(C(C)C)C=C1C(C)C)=C1C2=C(P(C(C)(C)C)C(C)(C)C)C=CC=C2,CC1=C(C(OCC)=O)C=NO1,CN1CCCN2C1=NCCC2,ClC1=CC=C(CC)C=C1,13.56968075
84ddd4a1792fc235,FullCV_01,768,CC(C)C(C=C(C(C)C)C=C1C(C)C)=C1C2=C(P(C(C)(C)C)C(C)(C)C)C(OC)=CC=C2OC,CCOC(C1=NOC=C1)=O,CC(C)(C)/N=C(N(C)C)/N(C)C,BrC1=CC=C(CC)C=C1,62.44858365
8f7264afa1492e70,FullCV_01,769,CC(C)C(C=C(C(C)C)C=C1C(C)C)=C1C2=C(P([C@@]3(C[C@@H]4C5)C[C@H](C4)C[C@H]5C3)[C@]6(C7)C[C@@H](C[C@@H]7C8)C[C@@H]8C6)C(OC)=CC=C2OC,CC1=CC(C)=NO1,CN1CCCN2C1=NCCC2,BrC1=CC=C(OC)C=C1,48.41843845
2f3def1c9105fdb2,FullCV_01,770,CC(C)C(C=C(C(C)C)C=C1C(C)C)=C1C2=C(P(C(C)(C)C)C(C)(C)C)C=CC=C2,COC1=NOC(C(OCC)=O)=C1,CC(C)(C)/N=C(N(C)C)/N(C)C,ClC1=CC=C(CC)C=C1,1.358946967
99916b1722d8d251,FullCV_01,771,CC(C)C(C=C(C(C)C)C=C1C(C)C)=C1C2=C(P([C@@]3(C[C@@H]4C5)C[C@H](C4)C[C@H]5C3)[C@]6(C7)C[C@@H](C[C@@H]7C8)C[C@@H]8C6)C(OC)=CC=C2OC,C1(N(CC2=CC=CC=C2)CC3=CC=CC=C3)=CC=NO1,CC(C)(C)/N=C(N(C)C)/N(C)C,BrC1=CC=C(CC)C=C1,30.16614104
10b5c65bb9b63e15,FullCV_01,772,CC(C)C(C=C(C(C)C)C=C1C(C)C)=C1C2=C(P(C(C)(C)C)C(C)(C)C)C(OC)=CC=C2OC,C1(C2=CC=CC=C2)=NOC=C1,CN1CCCN2C1=NCCC2,IC1=CC=C(CC)C=C1,78.10978605
2fdacf71b6adc0dc,FullCV_01,773,CC(C)C(C=C(C(C)C)C=C1C(C)C)=C1C2=C(P([C@@]3(C[C@@H]4C5)C[C@H](C4)C[C@H]5C3)[C@]6(C7)C[C@@H](C[C@@H]7C8)C[C@@H]8C6)C(OC)=CC=C2OC,CCOC(C1=NOC=C1)=O,CN1CCCN2C1=NCCC2,BrC1=CN=CC=C1,89.97416157
07e355ba8c9904d8,FullCV_01,774,CC(C)C(C=C(C(C)C)C=C1C(C)C)=C1C2=C(P(C(C)(C)C)C(C)(C)C)C=CC=C2,CC1=NOC(C2=CC=CC=C2)=C1,CC(C)(C)/N=C(N(C)C)/N(C)C,IC1=NC=CC=C1,65.50261834
de7a7cc6dd2577ca,FullCV_01,775,CC(C)C(C=C(C(C)C)C=C1C(C)C)=C1C2=C(P([C@@]3(C[C@@H]4C5)C[C@H](C4)C[C@H]5C3)[C@]6(C7)C[C@@H](C[C@@H]7C8)C[C@@H]8C6)C(OC)=CC=C2OC,CC1=C(C(OCC)=O)C=NO1,CC(C)(C)/N=C(N(C)C)/N(C)C,ClC1=CC=C(CC)C=C1,0.0
1fa374ca2c493a84,FullCV_01,776,CC(C)C(C=C(C(C)C)C=C1C(C)C)=C1C2=C(P(C(C)(C)C)C(C)(C)C)C=CC=C2,O=C(OC)C1=CC=NO1,CN(C)P(N(C)C)(N(C)C)=NP(N(C)C)(N(C)C)=NCC,IC1=NC=CC=C1,26.69194458
cf2ec099d123f536,FullCV_01,777,CC(C)C(C=C(C(C)C)C=C1C(C)C)=C1C2=C(P(C(C)(C)C)C(C)(C)C)C=CC=C2,C1(C2=CC=CC=C2)=CON=C1,CC(C)(C)/N=C(N(C)C)/N(C)C,IC1=NC=CC=C1,85.14015258
8a89b2310557155d,FullCV_01,778,CC(C)C(C=C(C(C)C)C=C1C(C)C)=C1C2=C(P(C3CCCCC3)C4CCCCC4)C=CC=C2,C12=CON=C1C=CC=C2,CN1CCCN2C1=NCCC2,IC1=CC=C(OC)C=C1,0.878081853
725ed35e302703fc,FullCV_01,779,CC(C)C(C=C(C(C)C)C=C1C(C)C)=C1C2=C(P(C(C)(C)C)C(C)(C)C)C(OC)=CC=C2OC,CC1=CC=NO1,CC(C)(C)/N=C(N(C)C)/N(C)C,IC1=CC=C(OC)C=C1,37.2145199
9fe91610f3076829,FullCV_01,780,CC(C)C(C=C(C(C)C)C=C1C(C)C)=C1C2=C(P(C(C)(C)C)C(C)(C)C)C=CC=C2,C1(C2=CC=CC=C2)=CON=C1,CN(C)P(N(C)C)(N(C)C)=NP(N(C)C)(N(C)C)=NCC,ClC1=CC=C(CC)C=C1,6.853480142
923c56f52a59e42e,FullCV_01,781,CC(C)C(C=C(C(C)C)C=C1C(C)C)=C1C2=C(P([C@@]3(C[C@@H]4C5)C[C@H](C4)C[C@H]5C3)[C@]6(C7)C[C@@H](C[C@@H]7C8)C[C@@H]8C6)C(OC)=CC=C2OC,C1(C2=CC=CC=C2)=CON=C1,CN(C)P(N(C)C)(N(C)C)=NP(N(C)C)(N(C)C)=NCC,IC1=CC=C(CC)C=C1,26.3918508
fc7231eaff55baf2,FullCV_01,782,CC(C)C(C=C(C(C)C)C=C1C(C)C)=C1C2=C(P([C@@]3(C[C@@H]4C5)C[C@H](C4)C[C@H]5C3)[C@]6(C7)C[C@@H](C[C@@H]7C8)C[C@@H]8C6)C(OC)=CC=C2OC,C1(N(CC2=CC=CC=C2)CC3=CC=CC=C3)=CC=NO1,CC(C)(C)/N=C(N(C)C)/N(C)C,IC1=CC=C(CC)C=C1,59.31991617
bd486923ce8ee72d,FullCV_01,783,CC(C)C(C=C(C(C)C)C=C1C(C)C)=C1C2=C(P(C(C)(C)C)C(C)(C)C)C=CC=C2,CC1=CC(N2C=CC=C2)=NO1,CN1CCCN2C1=NCCC2,ClC1=NC=CC=C1,83.76441682
22273e11f55b78d9,FullCV_01,784,CC(C)C(C=C(C(C)C)C=C1C(C)C)=C1C2=C(P(C3CCCCC3)C4CCCCC4)C=CC=C2,CCOC(C1=CON=C1)=O,CN1CCCN2C1=NCCC2,ClC1=CN=CC=C1,4.333466821
8f304db48e777b30,FullCV_01,785,CC(C)C(C=C(C(C)C)C=C1C(C)C)=C1C2=C(P([C@@]3(C[C@@H]4C5)C[C@H](C4)C[C@H]5C3)[C@]6(C7)C[C@@H](C[C@@H]7C8)C[C@@H]8C6)C(OC)=CC=C2OC,O=C(OC)C1=NOC(C2=CC=CO2)=C1,CC(C)(C)/N=C(N(C)C)/N(C)C,ClC1=NC=CC=C1,26.8260429
1e362d92861b4013,FullCV_01,786,CC(C)C(C=C(C(C)C)C=C1C(C)C)=C1C2=C(P(C(C)(C)C)C(C)(C)C)C(OC)=CC=C2OC,C1(N(CC2=CC=CC=C2)CC3=CC=CC=C3)=CC=NO1,CN1CCCN2C1=NCCC2,BrC1=NC=CC=C1,73.49750543
fe5f4b2bfd8d56ca,FullCV_01,787,CC(C)C(C=C(C(C)C)C=C1C(C)C)=C1C2=C(P(C3CCCCC3)C4CCCCC4)C=CC=C2,C1(N(CC2=CC=CC=C2)CC3=CC=CC=C3)=CC=NO1,CN(C)P(N(C)C)(N(C)C)=NP(N(C)C)(N(C)C)=NCC,BrC1=NC=CC=C1,12.48722349
4324fb32e9c43d03,FullCV_01,788,CC(C)C(C=C(C(C)C)C=C1C(C)C)=C1C2=C(P(C(C)(C)C)C(C)(C)C)C=CC=C2,CC1=C(C(OCC)=O)C=NO1,CN1CCCN2C1=NCCC2,BrC1=CN=CC=C1,54.8424453
fee3836ca8a6e001,FullCV_01,789,CC(C)C(C=C(C(C)C)C=C1C(C)C)=C1C2=C(P(C(C)(C)C)C(C)(C)C)C(OC)=CC=C2OC,COC1=NOC(C(OCC)=O)=C1,CN(C)P(N(C)C)(N(C)C)=NP(N(C)C)(N(C)C)=NCC,ClC1=CC=C(OC)C=C1,0.471327258
6f107cddf6f7edb9,FullCV_01,790,CC(C)C(C=C(C(C)C)C=C1C(C)C)=C1C2=C(P(C(C)(C)C)C(C)(C)C)C(OC)=CC=C2OC,CC1=CC(N2C=CC=C2)=NO1,CC(C)(C)/N=C(N(C)C)/N(C)C,BrC1=NC=CC=C1,65.86005497
4a77253e5af908c0,FullCV_01,791,CC(C)C(C=C(C(C)C)C=C1C(C)C)=C1C2=C(P([C@@]3(C[C@@H]4C5)C[C@H](C4)C[C@H]5C3)[C@]6(C7)C[C@@H](C[C@@H]7C8)C[C@@H]8C6)C(OC)=CC=C2OC,C1(N(CC2=CC=CC=C2)CC3=CC=CC=C3)=NOC=C1,CN1CCCN2C1=NCCC2,ClC1=CC=C(OC)C=C1,44.14137034
6a9e0e1be01f1115,FullCV_01,792,CC(C)C(C=C(C(C)C)C=C1C(C)C)=C1C2=C(P(C(C)(C)C)C(C)(C)C)C=CC=C2,C1(C2=CC=CC=C2)=CON=C1,CC(C)(C)/N=C(N(C)C)/N(C)C,IC1=CN=CC=C1,83.73721982
9f87da8282bbc7b2,FullCV_01,793,CC(C)C(C=C(C(C)C)C=C1C(C)C)=C1C2=C(P(C(C)(C)C)C(C)(C)C)C=CC=C2,CC1=CC=NO1,CN1CCCN2C1=NCCC2,IC1=CC=C(CC)C=C1,67.19924832
696f6d00ba7e6933,FullCV_01,794,CC(C)C(C=C(C(C)C)C=C1C(C)C)=C1C2=C(P(C3CCCCC3)C4CCCCC4)C=CC=C2,C1(C2=CC=CC=C2)=CON=C1,CN(C)P(N(C)C)(N(C)C)=NP(N(C)C)(N(C)C)=NCC,BrC1=CN=CC=C1,64.52902546
3d56a0ff0a07e1d7,FullCV_01,795,CC(C)C(C=C(C(C)C)C=C1C(C)C)=C1C2=C(P(C(C)(C)C)C(C)(C)C)C=CC=C2,CC1=CC(N2C=CC=C2)=NO1,CC(C)(C)/N=C(N(C)C)/N(C)C,BrC1=NC=CC=C1,61.25906652
e78f41731005445f,FullCV_01,796,CC(C)C(C=C(C(C)C)C=C1C(C)C)=C1C2=C(P([C@@]3(C[C@@H]4C5)C[C@H](C4)C[C@H]5C3)[C@]6(C7)C[C@@H](C[C@@H]7C8)C[C@@H]8C6)C(OC)=CC=C2OC,O=C(OC)C1=NOC(C2=CC=CS2)=C1,CN1CCCN2C1=NCCC2,ClC1=CC=C(OC)C=C1,0.0
0f7b31dd0d5f6660,FullCV_01,797,CC(C)C(C=C(C(C)C)C=C1C(C)C)=C1C2=C(P(C(C)(C)C)C(C)(C)C)C=CC=C2,CC1=CC(C)=NO1,CC(C)(C)/N=C(N(C)C)/N(C)C,IC1=NC=CC=C1,63.71103229
9687066bdfc1316e,FullCV_01,798,CC(C)C(C=C(C(C)C)C=C1C(C)C)=C1C2=C(P(C(C)(C)C)C(C)(C)C)C=CC=C2,CC1=CC(C)=NO1,CC(C)(C)/N=C(N(C)C)/N(C)C,BrC1=CC=C(OC)C=C1,39.32908802
9980afcd0923dda3,FullCV_01,799,CC(C)C(C=C(C(C)C)C=C1C(C)C)=C1C2=C(P(C3CCCCC3)C4CCCCC4)C=CC=C2,C1(N(CC2=CC=CC=C2)CC3=CC=CC=C3)=NOC=C1,CN1CCCN2C1=NCCC2,IC1=CC=C(C(F)(F)F)C=C1,38.95047983
dab87a1496526c5c,FullCV_01,800,CC(C)C(C=C(C(C)C)C=C1C(C)C)=C1C2=C(P(C(C)(C)C)C(C)(C)C)C(OC)=CC=C2OC,CCOC(C1=NOC=C1)=O,CN(C)P(N(C)C)(N(C)C)=NP(N(C)C)(N(C)C)=NCC,ClC1=CC=C(CC)C=C1,9.08121194
b8c32cf33f054d93,FullCV_01,801,CC(C)C(C=C(C(C)C)C=C1C(C)C)=C1C2=C(P(C(C)(C)C)C(C)(C)C)C=CC=C2,C12=C(C=CC=C2)ON=C1,CN(C)P(N(C)C)(N(C)C)=NP(N(C)C)(N(C)C)=NCC,ClC1=CC=C(C(F)(F)F)C=C1,20.05913492
7a5629d0fb8f58e1,FullCV_01,802,CC(C)C(C=C(C(C)C)C=C1C(C)C)=C1C2=C(P(C(C)(C)C)C(C)(C)C)C(OC)=CC=C2OC,C1(N(CC2=CC=CC=C2)CC3=CC=CC=C3)=NOC=C1,CC(C)(C)/N=C(N(C)C)/N(C)C,BrC1=CC=C(C(F)(F)F)C=C1,36.81475234
4c7bfd5ad5293812,FullCV_01,803,CC(C)C(C=C(C(C)C)C=C1C(C)C)=C1C2=C(P(C3CCCCC3)C4CCCCC4)C=CC=C2,CC1=CC(C)=NO1,CN1CCCN2C1=NCCC2,BrC1=NC=CC=C1,51.64764803
f39f48ec0c9e5f29,FullCV_01,804,CC(C)C(C=C(C(C)C)C=C1C(C)C)=C1C2=C(P([C@@]3(C[C@@H]4C5)C[C@H](C4)C[C@H]5C3)[C@]6(C7)C[C@@H](C[C@@H]7C8)C[C@@H]8C6)C(OC)=CC=C2OC,CCOC(C1=NOC=C1)=O,CN(C)P(N(C)C)(N(C)C)=NP(N(C)C)(N(C)C)=NCC,BrC1=NC=CC=C1,0.0
ea69bb9f73592187,FullCV_01,805,CC(C)C(C=C(C(C)C)C=C1C(C)C)=C1C2=C(P(C3CCCCC3)C4CCCCC4)C=CC=C2,CC1=NOC(C(OCC)=O)=C1,CC(C)(C)/N=C(N(C)C)/N(C)C,IC1=NC=CC=C1,59.4767437
dd94ff97b132c1aa,FullCV_01,806,CC(C)C(C=C(C(C)C)C=C1C(C)C)=C1C2=C(P(C(C)(C)C)C(C)(C)C)C(OC)=CC=C2OC,CC1=NOC(C(OCC)=O)=C1,CN(C)P(N(C)C)(N(C)C)=NP(N(C)C)(N(C)C)=NCC,IC1=CN=CC=C1,52.43589363
4c2ef23c16b16a09,FullCV_01,807,CC(C)C(C=C(C(C)C)C=C1C(C)C)=C1C2=C(P([C@@]3(C[C@@H]4C5)C[C@H](C4)C[C@H]5C3)[C@]6(C7)C[C@@H](C[C@@H]7C8)C[C@@H]8C6)C(OC)=CC=C2OC,CCOC(C1=CON=C1)=O,CN1CCCN2C1=NCCC2,IC1=CC=C(OC)C=C1,18.87491239
970ccece544e4c1a,FullCV_01,808,CC(C)C(C=C(C(C)C)C=C1C(C)C)=C1C2=C(P(C(C)(C)C)C(C)(C)C)C=CC=C2,C12=CON=C1C=CC=C2,CN1CCCN2C1=NCCC2,BrC1=CN=CC=C1,46.74806516
094c9d341cb5ad87,FullCV_01,809,CC(C)C(C=C(C(C)C)C=C1C(C)C)=C1C2=C(P(C(C)(C)C)C(C)(C)C)C(OC)=CC=C2OC,CC1=CC=NO1,CN(C)P(N(C)C)(N(C)C)=NP(N(C)C)(N(C)C)=NCC,ClC1=CC=C(C(F)(F)F)C=C1,3.167837071
992e4b66155e4b56,FullCV_01,810,CC(C)C(C=C(C(C)C)C=C1C(C)C)=C1C2=C(P([C@@]3(C[C@@H]4C5)C[C@H](C4)C[C@H]5C3)[C@]6(C7)C[C@@H](C[C@@H]7C8)C[C@@H]8C6)C(OC)=CC=C2OC,CC1=CC(N2C=CC=C2)=NO1,CN(C)P(N(C)C)(N(C)C)=NP(N(C)C)(N(C)C)=NCC,IC1=CC=C(OC)C=C1,49.50904012
9c2b9bed7bec45c2,FullCV_01,811,CC(C)C(C=C(C(C)C)C=C1C(C)C)=C1C2=C(P(C(C)(C)C)C(C)(C)C)C(OC)=CC=C2OC,C1(N(CC2=CC=CC=C2)CC3=CC=CC=C3)=NOC=C1,CC(C)(C)/N=C(N(C)C)/N(C)C,BrC1=CC=C(OC)C=C1,57.13220837
cec8daeddf05a764,FullCV_01,812,CC(C)C(C=C(C(C)C)C=C1C(C)C)=C1C2=C(P(C(C)(C)C)C(C)(C)C)C=CC=C2,C1(C2=CC=CC=C2)=CC=NO1,CN1CCCN2C1=NCCC2,ClC1=CC=C(C(F)(F)F)C=C1,30.01215681
d2d243ed7d6ba969,FullCV_01,813,CC(C)C(C=C(C(C)C)C=C1C(C)C)=C1C2=C(P(C3CCCCC3)C4CCCCC4)C=CC=C2,C12=C(C=CC=C2)ON=C1,CC(C)(C)/N=C(N(C)C)/N(C)C,IC1=CC=C(C(F)(F)F)C=C1,26.64038865
df481ace523ac34a,FullCV_01,814,CC(C)C(C=C(C(C)C)C=C1C(C)C)=C1C2=C(P([C@@]3(C[C@@H]4C5)C[C@H](C4)C[C@H]5C3)[C@]6(C7)C[C@@H](C[C@@H]7C8)C[C@@H]8C6)C(OC)=CC=C2OC,C1(C2=CC=CC=C2)=CON=C1,CN1CCCN2C1=NCCC2,BrC1=NC=CC=C1,59.28097568
fb65afd7d8913f1d,FullCV_01,815,CC(C)C(C=C(C(C)C)C=C1C(C)C)=C1C2=C(P([C@@]3(C[C@@H]4C5)C[C@H](C4)C[C@H]5C3)[C@]6(C7)C[C@@H](C[C@@H]7C8)C[C@@H]8C6)C(OC)=CC=C2OC,C1(C2=CC=CC=C2)=CC=NO1,CN1CCCN2C1=NCCC2,IC1=CN=CC=C1,92.13068227
40fd2b989a817a2b,FullCV_01,816,CC(C)C(C=C(C(C)C)C=C1C(C)C)=C1C2=C(P(C(C)(C)C)C(C)(C)C)C=CC=C2,C1(N(CC2=CC=CC=C2)CC3=CC=CC=C3)=NOC=C1,CN1CCCN2C1=NCCC2,BrC1=CN=CC=C1,78.63353277
192cd7f2cc139bca,FullCV_01,817,CC(C)C(C=C(C(C)C)C=C1C(C)C)=C1C2=C(P([C@@]3(C[C@@H]4C5)C[C@H](C4)C[C@H]5C3)[C@]6(C7)C[C@@H](C[C@@H]7C8)C[C@@H]8C6)C(OC)=CC=C2OC,C1(C2=CC=CC=C2)=NOC=C1,CN1CCCN2C1=NCCC2,IC1=CN=CC=C1,92.39124083
d62e04a8c71348d8,FullCV_01,818,CC(C)C(C=C(C(C)C)C=C1C(C)C)=C1C2=C(P(C(C)(C)C)C(C)(C)C)C=CC=C2,C1(N(CC2=CC=CC=C2)CC3=CC=CC=C3)=NOC=C1,CN(C)P(N(C)C)(N(C)C)=NP(N(C)C)(N(C)C)=NCC,ClC1=CC=C(OC)C=C1,8.38964842
5e6d9d1e782b55c8,FullCV_01,819,CC(C)C(C=C(C(C)C)C=C1C(C)C)=C1C2=C(P([C@@]3(C[C@@H]4C5)C[C@H](C4)C[C@H]5C3)[C@]6(C7)C[C@@H](C[C@@H]7C8)C[C@@H]8C6)C(OC)=CC=C2OC,C1(C2=CC=CC=C2)=CON=C1,CC(C)(C)/N=C(N(C)C)/N(C)C,ClC1=CC=C(C(F)(F)F)C=C1,3.309805744
30d5577b9995f042,FullCV_01,820,CC(C)C(C=C(C(C)C)C=C1C(C)C)=C1C2=C(P([C@@]3(C[C@@H]4C5)C[C@H](C4)C[C@H]5C3)[C@]6(C7)C[C@@H](C[C@@H]7C8)C[C@@H]8C6)C(OC)=CC=C2OC,C1(N(CC2=CC=CC=C2)CC3=CC=CC=C3)=NOC=C1,CN1CCCN2C1=NCCC2,IC1=CC=C(C(F)(F)F)C=C1,44.68109157
7cb885bc511dfee7,FullCV_01,821,CC(C)C(C=C(C(C)C)C=C1C(C)C)=C1C2=C(P([C@@]3(C[C@@H]4C5)C[C@H](C4)C[C@H]5C3)[C@]6(C7)C[C@@H](C[C@@H]7C8)C[C@@H]8C6)C(OC)=CC=C2OC,CCOC(C1=NOC=C1)=O,CC(C)(C)/N=C(N(C)C)/N(C)C,IC1=CC=C(OC)C=C1,37.49278178
04b3950f6d6f05cc,FullCV_01,822,CC(C)C(C=C(C(C)C)C=C1C(C)C)=C1C2=C(P(C(C)(C)C)C(C)(C)C)C=CC=C2,CC1=NOC(C2=CC=CC=C2)=C1,CN(C)P(N(C)C)(N(C)C)=NP(N(C)C)(N(C)C)=NCC,IC1=NC=CC=C1,57.7580975
bcb3e0f5e64cd301,FullCV_01,823,CC(C)C(C=C(C(C)C)C=C1C(C)C)=C1C2=C(P(C(C)(C)C)C(C)(C)C)C=CC=C2,O=C(OC)C1=CC=NO1,CC(C)(C)/N=C(N(C)C)/N(C)C,BrC1=CC=C(OC)C=C1,25.94022732
a2ae6015316841c0,FullCV_01,824,CC(C)C(C=C(C(C)C)C=C1C(C)C)=C1C2=C(P(C3CCCCC3)C4CCCCC4)C=CC=C2,C1(N(CC2=CC=CC=C2)CC3=CC=CC=C3)=CC=NO1,CN(C)P(N(C)C)(N(C)C)=NP(N(C)C)(N(C)C)=NCC,ClC1=NC=CC=C1,11.84842444
35a69bf4322d0d4d,FullCV_01,825,CC(C)C(C=C(C(C)C)C=C1C(C)C)=C1C2=C(P(C(C)(C)C)C(C)(C)C)C=CC=C2,CC1=CC(C(OCC)=O)=NO1,CN(C)P(N(C)C)(N(C)C)=NP(N(C)C)(N(C)C)=NCC,BrC1=CN=CC=C1,68.55764886
0e77e9205ed1e6a9,FullCV_01,826,CC(C)C(C=C(C(C)C)C=C1C(C)C)=C1C2=C(P(C(C)(C)C)C(C)(C)C)C=CC=C2,O=C(OC)C1=NOC(C2=CC=CS2)=C1,CN1CCCN2C1=NCCC2,IC1=CN=CC=C1,82.40046293
818b85e54156c211,FullCV_01,827,CC(C)C(C=C(C(C)C)C=C1C(C)C)=C1C2=C(P(C3CCCCC3)C4CCCCC4)C=CC=C2,C1(N(CC2=CC=CC=C2)CC3=CC=CC=C3)=NOC=C1,CN(C)P(N(C)C)(N(C)C)=NP(N(C)C)(N(C)C)=NCC,IC1=CC=C(OC)C=C1,50.81226991
ad06074979747818,FullCV_01,828,CC(C)C(C=C(C(C)C)C=C1C(C)C)=C1C2=C(P(C(C)(C)C)C(C)(C)C)C=CC=C2,FC(C=CC=C1F)=C1C2=CC=NO2,CN1CCCN2C1=NCCC2,BrC1=CC=C(OC)C=C1,45.52184766
42f3f81ca2d8ddad,FullCV_01,829,CC(C)C(C=C(C(C)C)C=C1C(C)C)=C1C2=C(P(C(C)(C)C)C(C)(C)C)C=CC=C2,CC1=NOC(C(OCC)=O)=C1,CN(C)P(N(C)C)(N(C)C)=NP(N(C)C)(N(C)C)=NCC,IC1=CN=CC=C1,72.63064909
385c4f62201874fc,FullCV_01,830,CC(C)C(C=C(C(C)C)C=C1C(C)C)=C1C2=C(P(C(C)(C)C)C(C)(C)C)C=CC=C2,C1(C2=CC=CC=C2)=CC=NO1,CN1CCCN2C1=NCCC2,BrC1=CN=CC=C1,98.73132029
a9c2d3b7d97da471,FullCV_01,831,CC(C)C(C=C(C(C)C)C=C1C(C)C)=C1C2=C(P(C(C)(C)C)C(C)(C)C)C(OC)=CC=C2OC,CC1=CC(N2C=CC=C2)=NO1,CN(C)P(N(C)C)(N(C)C)=NP(N(C)C)(N(C)C)=NCC,IC1=CC=C(C(F)(F)F)C=C1,31.2993075
5ec582eacf00dcde,FullCV_01,832,CC(C)C(C=C(C(C)C)C=C1C(C)C)=C1C2=C(P(C3CCCCC3)C4CCCCC4)C=CC=C2,C1(C2=CC=CC=C2)=NOC=C1,CN(C)P(N(C)C)(N(C)C)=NP(N(C)C)(N(C)C)=NCC,IC1=CC=C(CC)C=C1,53.23936389
a71d7b33ebd0c25d,FullCV_01,833,CC(C)C(C=C(C(C)C)C=C1C(C)C)=C1C2=C(P(C3CCCCC3)C4CCCCC4)C=CC=C2,CC1=CC(C(OCC)=O)=NO1,CN(C)P(N(C)C)(N(C)C)=NP(N(C)C)(N(C)C)=NCC,ClC1=CC=C(C(F)(F)F)C=C1,22.16644806
04bc185c1f0ba955,FullCV_01,834,CC(C)C(C=C(C(C)C)C=C1C(C)C)=C1C2=C(P(C(C)(C)C)C(C)(C)C)C=CC=C2,C1(N(CC2=CC=CC=C2)CC3=CC=CC=C3)=NOC=C1,CN(C)P(N(C)C)(N(C)C)=NP(N(C)C)(N(C)C)=NCC,BrC1=CC=C(C(F)(F)F)C=C1,36.56526068
bc2a77466a67ce80,FullCV_01,835,CC(C)C(C=C(C(C)C)C=C1C(C)C)=C1C2=C(P(C(C)(C)C)C(C)(C)C)C=CC=C2,CC1=NOC=C1,CC(C)(C)/N=C(N(C)C)/N(C)C,BrC1=CC=C(C(F)(F)F)C=C1,52.55061961
a41a2e238b2995ec,FullCV_01,836,CC(C)C(C=C(C(C)C)C=C1C(C)C)=C1C2=C(P([C@@]3(C[C@@H]4C5)C[C@H](C4)C[C@H]5C3)[C@]6(C7)C[C@@H](C[C@@H]7C8)C[C@@H]8C6)C(OC)=CC=C2OC,CCOC(C1=CON=C1)=O,CC(C)(C)/N=C(N(C)C)/N(C)C,IC1=CC=C(OC)C=C1,0.974444275
62bd8d1e2d572b8d,FullCV_01,837,CC(C)C(C=C(C(C)C)C=C1C(C)C)=C1C2=C(P([C@@]3(C[C@@H]4C5)C[C@H](C4)C[C@H]5C3)[C@]6(C7)C[C@@H](C[C@@H]7C8)C[C@@H]8C6)C(OC)=CC=C2OC,CC1=CC(C(OCC)=O)=NO1,CC(C)(C)/N=C(N(C)C)/N(C)C,BrC1=CC=C(CC)C=C1,65.05218409
0c15afc37bfbab2a,FullCV_01,838,CC(C)C(C=C(C(C)C)C=C1C(C)C)=C1C2=C(P(C(C)(C)C)C(C)(C)C)C=CC=C2,CC1=C(C(OCC)=O)C=NO1,CN(C)P(N(C)C)(N(C)C)=NP(N(C)C)(N(C)C)=NCC,IC1=CN=CC=C1,23.67114189
0db1770011c0aaa2,FullCV_01,839,CC(C)C(C=C(C(C)C)C=C1C(C)C)=C1C2=C(P([C@@]3(C[C@@H]4C5)C[C@H](C4)C[C@H]5C3)[C@]6(C7)C[C@@H](C[C@@H]7C8)C[C@@H]8C6)C(OC)=CC=C2OC,O=C(OC)C1=NOC(C2=CC=CS2)=C1,CN1CCCN2C1=NCCC2,BrC1=CC=C(CC)C=C1,32.70750682
bbf3dcba216755a5,FullCV_01,840,CC(C)C(C=C(C(C)C)C=C1C(C)C)=C1C2=C(P(C(C)(C)C)C(C)(C)C)C=CC=C2,O=C(OC)C1=NOC(C2=CC=CS2)=C1,CC(C)(C)/N=C(N(C)C)/N(C)C,IC1=CN=CC=C1,65.07775968
9573d5c405b35f0d,FullCV_01,841,CC(C)C(C=C(C(C)C)C=C1C(C)C)=C1C2=C(P(C(C)(C)C)C(C)(C)C)C(OC)=CC=C2OC,CC1=NOC(C(OCC)=O)=C1,CC(C)(C)/N=C(N(C)C)/N(C)C,BrC1=CN=CC=C1,71.60789091
855a1d0ffc8c165c,FullCV_01,842,CC(C)C(C=C(C(C)C)C=C1C(C)C)=C1C2=C(P([C@@]3(C[C@@H]4C5)C[C@H](C4)C[C@H]5C3)[C@]6(C7)C[C@@H](C[C@@H]7C8)C[C@@H]8C6)C(OC)=CC=C2OC,FC(C=CC=C1F)=C1C2=CC=NO2,CN1CCCN2C1=NCCC2,IC1=CC=C(C(F)(F)F)C=C1,47.10591975
5b4a9490cb2d5c61,FullCV_01,843,CC(C)C(C=C(C(C)C)C=C1C(C)C)=C1C2=C(P([C@@]3(C[C@@H]4C5)C[C@H](C4)C[C@H]5C3)[C@]6(C7)C[C@@H](C[C@@H]7C8)C[C@@H]8C6)C(OC)=CC=C2OC,CC1=C(C(OCC)=O)C=NO1,CC(C)(C)/N=C(N(C)C)/N(C)C,ClC1=NC=CC=C1,3.964447459
2a33fda3589e6332,FullCV_01,844,CC(C)C(C=C(C(C)C)C=C1C(C)C)=C1C2=C(P(C3CCCCC3)C4CCCCC4)C=CC=C2,O=C(OC)C1=CC=NO1,CC(C)(C)/N=C(N(C)C)/N(C)C,ClC1=NC=CC=C1,11.68964545
f8632dec55f4d962,FullCV_01,845,CC(C)C(C=C(C(C)C)C=C1C(C)C)=C1C2=C(P(C(C)(C)C)C(C)(C)C)C=CC=C2,CCOC(C1=CON=C1)=O,CC(C)(C)/N=C(N(C)C)/N(C)C,BrC1=CC=C(OC)C=C1,0.74784749
418e5bc99ad6c0bb,FullCV_01,846,CC(C)C(C=C(C(C)C)C=C1C(C)C)=C1C2=C(P(C(C)(C)C)C(C)(C)C)C(OC)=CC=C2OC,CC1=CC=NO1,CC(C)(C)/N=C(N(C)C)/N(C)C,BrC1=CC=C(OC)C=C1,19.70724871
41a3220b7736826d,FullCV_01,847,CC(C)C(C=C(C(C)C)C=C1C(C)C)=C1C2=C(P(C(C)(C)C)C(C)(C)C)C=CC=C2,O=C(OC)C1=NOC(C2=CC=CO2)=C1,CC(C)(C)/N=C(N(C)C)/N(C)C,IC1=CC=C(C(F)(F)F)C=C1,36.58867026
c93f08e1546cc15e,FullCV_01,848,CC(C)C(C=C(C(C)C)C=C1C(C)C)=C1C2=C(P(C(C)(C)C)C(C)(C)C)C(OC)=CC=C2OC,C1(C2=CC=CC=C2)=NOC=C1,CN1CCCN2C1=NCCC2,BrC1=CC=C(OC)C=C1,34.83452753
45beb7a0490cfcc2,FullCV_01,849,CC(C)C(C=C(C(C)C)C=C1C(C)C)=C1C2=C(P(C3CCCCC3)C4CCCCC4)C=CC=C2,CCOC(C1=CON=C1)=O,CC(C)(C)/N=C(N(C)C)/N(C)C,IC1=CC=C(CC)C=C1,0.602410789
0f2c3610fd556110,FullCV_01,850,CC(C)C(C=C(C(C)C)C=C1C(C)C)=C1C2=C(P(C(C)(C)C)C(C)(C)C)C=CC=C2,COC1=NOC(C(OCC)=O)=C1,CN(C)P(N(C)C)(N(C)C)=NP(N(C)C)(N(C)C)=NCC,ClC1=CN=CC=C1,27.32089436
c6ffa454baf2a5cc,FullCV_01,851,CC(C)C(C=C(C(C)C)C=C1C(C)C)=C1C2=C(P(C(C)(C)C)C(C)(C)C)C(OC)=CC=C2OC,C1(C2=CC=CC=C2)=NOC=C1,CC(C)(C)/N=C(N(C)C)/N(C)C,BrC1=NC=CC=C1,84.44355873
5137f991e42597b2,FullCV_01,852,CC(C)C(C=C(C(C)C)C=C1C(C)C)=C1C2=C(P([C@@]3(C[C@@H]4C5)C[C@H](C4)C[C@H]5C3)[C@]6(C7)C[C@@H](C[C@@H]7C8)C[C@@H]8C6)C(OC)=CC=C2OC,O=C(OC)C1=NOC(C2=CC=CO2)=C1,CN(C)P(N(C)C)(N(C)C)=NP(N(C)C)(N(C)C)=NCC,BrC1=CC=C(OC)C=C1,0.0
58637c68864a6e9e,FullCV_01,853,CC(C)C(C=C(C(C)C)C=C1C(C)C)=C1C2=C(P(C(C)(C)C)C(C)(C)C)C(OC)=CC=C2OC,C12=C(C=CC=C2)ON=C1,CN(C)P(N(C)C)(N(C)C)=NP(N(C)C)(N(C)C)=NCC,BrC1=CN=CC=C1,70.74157393
c46b658a63d0018e,FullCV_01,854,CC(C)C(C=C(C(C)C)C=C1C(C)C)=C1C2=C(P(C(C)(C)C)C(C)(C)C)C=CC=C2,CC1=CC(C(OCC)=O)=NO1,CN(C)P(N(C)C)(N(C)C)=NP(N(C)C)(N(C)C)=NCC,IC1=CC=C(CC)C=C1,65.31185167
b0f1a1afe3a4c294,FullCV_01,855,CC(C)C(C=C(C(C)C)C=C1C(C)C)=C1C2=C(P(C(C)(C)C)C(C)(C)C)C(OC)=CC=C2OC,O=C(OC)C1=CC=NO1,CN(C)P(N(C)C)(N(C)C)=NP(N(C)C)(N(C)C)=NCC,IC1=NC=CC=C1,24.6686189
ba2c835513124144,FullCV_01,856,CC(C)C(C=C(C(C)C)C=C1C(C)C)=C1C2=C(P(C(C)(C)C)C(C)(C)C)C=CC=C2,CC1=NOC=C1,CN1CCCN2C1=NCCC2,BrC1=CC=C(OC)C=C1,44.07099157
38575a35591b6423,FullCV_01,857,CC(C)C(C=C(C(C)C)C=C1C(C)C)=C1C2=C(P(C(C)(C)C)C(C)(C)C)C=CC=C2,CC1=CC=NO1,CN1CCCN2C1=NCCC2,BrC1=NC=CC=C1,81.15618498
9d6b916e0ac0c480,FullCV_01,858,CC(C)C(C=C(C(C)C)C=C1C(C)C)=C1C2=C(P(C(C)(C)C)C(C)(C)C)C=CC=C2,CCOC(C1=NOC=C1)=O,CN(C)P(N(C)C)(N(C)C)=NP(N(C)C)(N(C)C)=NCC,BrC1=CC=C(CC)C=C1,1.599458738
a916c364500985fd,FullCV_01,859,CC(C)C(C=C(C(C)C)C=C1C(C)C)=C1C2=C(P(C(C)(C)C)C(C)(C)C)C(OC)=CC=C2OC,CC1=NOC(C(OCC)=O)=C1,CC(C)(C)/N=C(N(C)C)/N(C)C,IC1=CN=CC=C1,72.77189285
4390dcce809a7581,FullCV_01,860,CC(C)C(C=C(C(C)C)C=C1C(C)C)=C1C2=C(P([C@@]3(C[C@@H]4C5)C[C@H](C4)C[C@H]5C3)[C@]6(C7)C[C@@H](C[C@@H]7C8)C[C@@H]8C6)C(OC)=CC=C2OC,CC1=NOC=C1,CC(C)(C)/N=C(N(C)C)/N(C)C,ClC1=CC=C(CC)C=C1,0.841459123
b960914b7163b312,FullCV_01,861,CC(C)C(C=C(C(C)C)C=C1C(C)C)=C1C2=C(P(C(C)(C)C)C(C)(C)C)C=CC=C2,CC1=NOC(C(OCC)=O)=C1,CC(C)(C)/N=C(N(C)C)/N(C)C,ClC1=CC=C(OC)C=C1,0.0
a6077eda3cee2031,FullCV_01,862,CC(C)C(C=C(C(C)C)C=C1C(C)C)=C1C2=C(P(C(C)(C)C)C(C)(C)C)C=CC=C2,O=C(OC)C1=NOC(C2=CC=CS2)=C1,CC(C)(C)/N=C(N(C)C)/N(C)C,ClC1=CC=C(C(F)(F)F)C=C1,12.88972347
0a43e006882874a5,FullCV_01,863,CC(C)C(C=C(C(C)C)C=C1C(C)C)=C1C2=C(P([C@@]3(C[C@@H]4C5)C[C@H](C4)C[C@H]5C3)[C@]6(C7)C[C@@H](C[C@@H]7C8)C[C@@H]8C6)C(OC)=CC=C2OC,C12=CON=C1C=CC=C2,CN1CCCN2C1=NCCC2,BrC1=CC=C(OC)C=C1,4.988380083
23d4cbc17e491176,FullCV_01,864,CC(C)C(C=C(C(C)C)C=C1C(C)C)=C1C2=C(P(C3CCCCC3)C4CCCCC4)C=CC=C2,C12=C(C=CC=C2)ON=C1,CN(C)P(N(C)C)(N(C)C)=NP(N(C)C)(N(C)C)=NCC,ClC1=NC=CC=C1,17.200701
6fbc7fa77d50e7df,FullCV_01,865,CC(C)C(C=C(C(C)C)C=C1C(C)C)=C1C2=C(P([C@@]3(C[C@@H]4C5)C[C@H](C4)C[C@H]5C3)[C@]6(C7)C[C@@H](C[C@@H]7C8)C[C@@H]8C6)C(OC)=CC=C2OC,O=C(OC)C1=NOC(C2=CC=CS2)=C1,CC(C)(C)/N=C(N(C)C)/N(C)C,BrC1=CC=C(C(F)(F)F)C=C1,28.74221631
23050ad3187fdc4e,FullCV_01,866,CC(C)C(C=C(C(C)C)C=C1C(C)C)=C1C2=C(P(C(C)(C)C)C(C)(C)C)C=CC=C2,CC1=NOC=C1,CN(C)P(N(C)C)(N(C)C)=NP(N(C)C)(N(C)C)=NCC,IC1=CC=C(CC)C=C1,67.19184926
c7d64267d48bbfab,FullCV_01,867,CC(C)C(C=C(C(C)C)C=C1C(C)C)=C1C2=C(P([C@@]3(C[C@@H]4C5)C[C@H](C4)C[C@H]5C3)[C@]6(C7)C[C@@H](C[C@@H]7C8)C[C@@H]8C6)C(OC)=CC=C2OC,CC1=CC(C)=NO1,CN(C)P(N(C)C)(N(C)C)=NP(N(C)C)(N(C)C)=NCC,IC1=CC=C(C(F)(F)F)C=C1,31.74709006
0e9c485587edefb7,FullCV_01,868,CC(C)C(C=C(C(C)C)C=C1C(C)C)=C1C2=C(P(C3CCCCC3)C4CCCCC4)C=CC=C2,C1(N(CC2=CC=CC=C2)CC3=CC=CC=C3)=CC=NO1,CN1CCCN2C1=NCCC2,BrC1=CC=C(CC)C=C1,3.304153664
6179260e33c52218,FullCV_01,869,CC(C)C(C=C(C(C)C)C=C1C(C)C)=C1C2=C(P(C(C)(C)C)C(C)(C)C)C=CC=C2,CC1=CC(N2C=CC=C2)=NO1,CN1CCCN2C1=NCCC2,BrC1=CC=C(OC)C=C1,49.69104828
873490bfabac8a9e,FullCV_01,870,CC(C)C(C=C(C(C)C)C=C1C(C)C)=C1C2=C(P(C(C)(C)C)C(C)(C)C)C(OC)=CC=C2OC,O=C(OC)C1=NOC(C2=CC=CS2)=C1,CN1CCCN2C1=NCCC2,IC1=CC=C(CC)C=C1,74.59845802
466624fb6a03e779,FullCV_01,871,CC(C)C(C=C(C(C)C)C=C1C(C)C)=C1C2=C(P(C3CCCCC3)C4CCCCC4)C=CC=C2,C1(N(CC2=CC=CC=C2)CC3=CC=CC=C3)=CC=NO1,CC(C)(C)/N=C(N(C)C)/N(C)C,IC1=CC=C(CC)C=C1,15.88279637
fec0fb6e8677e693,FullCV_01,872,CC(C)C(C=C(C(C)C)C=C1C(C)C)=C1C2=C(P(C(C)(C)C)C(C)(C)C)C(OC)=CC=C2OC,CC1=CC=NO1,CN1CCCN2C1=NCCC2,ClC1=CN=CC=C1,8.955957809
1e408211560839f8,FullCV_01,873,CC(C)C(C=C(C(C)C)C=C1C(C)C)=C1C2=C(P(C(C)(C)C)C(C)(C)C)C=CC=C2,C1(C2=CC=CC=C2)=NOC=C1,CN(C)P(N(C)C)(N(C)C)=NP(N(C)C)(N(C)C)=NCC,BrC1=CN=CC=C1,1.57607478
3f4d23a8792bb54c,FullCV_01,874,CC(C)C(C=C(C(C)C)C=C1C(C)C)=C1C2=C(P(C(C)(C)C)C(C)(C)C)C=CC=C2,CC1=CC(C(OCC)=O)=NO1,CN(C)P(N(C)C)(N(C)C)=NP(N(C)C)(N(C)C)=NCC,ClC1=CC=C(OC)C=C1,0.924541619
f25dd1ba52623e88,FullCV_01,875,CC(C)C(C=C(C(C)C)C=C1C(C)C)=C1C2=C(P(C(C)(C)C)C(C)(C)C)C=CC=C2,C1(C2=CC=CC=C2)=CC=NO1,CC(C)(C)/N=C(N(C)C)/N(C)C,ClC1=CC=C(C(F)(F)F)C=C1,16.88486051
db61b210b21d596b,FullCV_01,876,CC(C)C(C=C(C(C)C)C=C1C(C)C)=C1C2=C(P([C@@]3(C[C@@H]4C5)C[C@H](C4)C[C@H]5C3)[C@]6(C7)C[C@@H](C[C@@H]7C8)C[C@@H]8C6)C(OC)=CC=C2OC,C1(C2=CC=CC=C2)=NOC=C1,CN(C)P(N(C)C)(N(C)C)=NP(N(C)C)(N(C)C)=NCC,IC1=NC=CC=C1,91.37329051
1492995f4a637290,FullCV_01,877,CC(C)C(C=C(C(C)C)C=C1C(C)C)=C1C2=C(P(C(C)(C)C)C(C)(C)C)C(OC)=CC=C2OC,C1(C2=CC=CC=C2)=CON=C1,CC(C)(C)/N=C(N(C)C)/N(C)C,ClC1=NC=CC=C1,32.19059222
17b883811c28efbf,FullCV_01,878,CC(C)C(C=C(C(C)C)C=C1C(C)C)=C1C2=C(P([C@@]3(C[C@@H]4C5)C[C@H](C4)C[C@H]5C3)[C@]6(C7)C[C@@H](C[C@@H]7C8)C[C@@H]8C6)C(OC)=CC=C2OC,CC1=CC(N2C=CC=C2)=NO1,CC(C)(C)/N=C(N(C)C)/N(C)C,ClC1=CN=CC=C1,15.2876268
e6cc9c0a10aed440,FullCV_01,879,CC(C)C(C=C(C(C)C)C=C1C(C)C)=C1C2=C(P([C@@]3(C[C@@H]4C5)C[C@H](C4)C[C@H]5C3)[C@]6(C7)C[C@@H](C[C@@H]7C8)C[C@@H]8C6)C(OC)=CC=C2OC,CC1=C(C(OCC)=O)C=NO1,CN(C)P(N(C)C)(N(C)C)=NP(N(C)C)(N(C)C)=NCC,ClC1=CC=C(CC)C=C1,1.582170389
6b26564ccf731291,FullCV_01,880,CC(C)C(C=C(C(C)C)C=C1C(C)C)=C1C2=C(P(C(C)(C)C)C(C)(C)C)C(OC)=CC=C2OC,CC1=CC(C)=NO1,CN(C)P(N(C)C)(N(C)C)=NP(N(C)C)(N(C)C)=NCC,IC1=CC=C(C(F)(F)F)C=C1,39.13544884
0fe845fae74ed50b,FullCV_01,881,CC(C)C(C=C(C(C)C)C=C1C(C)C)=C1C2=C(P(C(C)(C)C)C(C)(C)C)C=CC=C2,O=C(OC)C1=NOC(C2=CC=CS2)=C1,CN1CCCN2C1=NCCC2,IC1=NC=CC=C1,82.3438198
f48ebe55fa266614,FullCV_01,882,CC(C)C(C=C(C(C)C)C=C1C(C)C)=C1C2=C(P([C@@]3(C[C@@H]4C5)C[C@H](C4)C[C@H]5C3)[C@]6(C7)C[C@@H](C[C@@H]7C8)C[C@@H]8C6)C(OC)=CC=C2OC,CCOC(C1=CON=C1)=O,CC(C)(C)/N=C(N(C)C)/N(C)C,BrC1=CC=C(OC)C=C1,0.0
5f07b0aa96477753,FullCV_01,883,CC(C)C(C=C(C(C)C)C=C1C(C)C)=C1C2=C(P(C3CCCCC3)C4CCCCC4)C=CC=C2,CC1=CC(C)=NO1,CN(C)P(N(C)C)(N(C)C)=NP(N(C)C)(N(C)C)=NCC,ClC1=CC=C(OC)C=C1,1.208332351
53ab7f77aadd461c,FullCV_01,884,CC(C)C(C=C(C(C)C)C=C1C(C)C)=C1C2=C(P(C(C)(C)C)C(C)(C)C)C=CC=C2,CC1=NOC(C(OCC)=O)=C1,CN1CCCN2C1=NCCC2,BrC1=NC=CC=C1,97.29293259
672dc7916f470b9a,FullCV_01,885,CC(C)C(C=C(C(C)C)C=C1C(C)C)=C1C2=C(P(C3CCCCC3)C4CCCCC4)C=CC=C2,O=C(OC)C1=NOC(C2=CC=CO2)=C1,CC(C)(C)/N=C(N(C)C)/N(C)C,IC1=CN=CC=C1,19.48013153
78b7acfebfec7636,FullCV_01,886,CC(C)C(C=C(C(C)C)C=C1C(C)C)=C1C2=C(P(C(C)(C)C)C(C)(C)C)C=CC=C2,CC1=NOC(C2=CC=CC=C2)=C1,CC(C)(C)/N=C(N(C)C)/N(C)C,IC1=CN=CC=C1,67.31022474
687e40f138a2eced,FullCV_01,887,CC(C)C(C=C(C(C)C)C=C1C(C)C)=C1C2=C(P([C@@]3(C[C@@H]4C5)C[C@H](C4)C[C@H]5C3)[C@]6(C7)C[C@@H](C[C@@H]7C8)C[C@@H]8C6)C(OC)=CC=C2OC,CC1=CC(N2C=CC=C2)=NO1,CN(C)P(N(C)C)(N(C)C)=NP(N(C)C)(N(C)C)=NCC,IC1=CC=C(C(F)(F)F)C=C1,29.76126623
c7a5f0a7302da2d4,FullCV_01,888,CC(C)C(C=C(C(C)C)C=C1C(C)C)=C1C2=C(P([C@@]3(C[C@@H]4C5)C[C@H](C4)C[C@H]5C3)[C@]6(C7)C[C@@H](C[C@@H]7C8)C[C@@H]8C6)C(OC)=CC=C2OC,CC1=NOC(C(OCC)=O)=C1,CN1CCCN2C1=NCCC2,BrC1=CC=C(C(F)(F)F)C=C1,36.61548208
cebdbe9bf9a1f68e,FullCV_01,889,CC(C)C(C=C(C(C)C)C=C1C(C)C)=C1C2=C(P(C(C)(C)C)C(C)(C)C)C=CC=C2,CC1=CC(C)=NO1,CN1CCCN2C1=NCCC2,ClC1=CC=C(CC)C=C1,5.620589612
8aeb8470d92db395,FullCV_01,890,CC(C)C(C=C(C(C)C)C=C1C(C)C)=C1C2=C(P(C3CCCCC3)C4CCCCC4)C=CC=C2,C12=CON=C1C=CC=C2,CN1CCCN2C1=NCCC2,BrC1=NC=CC=C1,46.5446166
8a70c213fb3af297,FullCV_01,891,CC(C)C(C=C(C(C)C)C=C1C(C)C)=C1C2=C(P(C3CCCCC3)C4CCCCC4)C=CC=C2,COC1=NOC(C(OCC)=O)=C1,CN(C)P(N(C)C)(N(C)C)=NP(N(C)C)(N(C)C)=NCC,ClC1=CN=CC=C1,21.44960942
b96c4942beb6153b,FullCV_01,892,CC(C)C(C=C(C(C)C)C=C1C(C)C)=C1C2=C(P(C(C)(C)C)C(C)(C)C)C=CC=C2,CC1=NOC(C2=CC=CC=C2)=C1,CN(C)P(N(C)C)(N(C)C)=NP(N(C)C)(N(C)C)=NCC,BrC1=CN=CC=C1,71.32414041
b84593aac0a6586a,FullCV_01,893,CC(C)C(C=C(C(C)C)C=C1C(C)C)=C1C2=C(P([C@@]3(C[C@@H]4C5)C[C@H](C4)C[C@H]5C3)[C@]6(C7)C[C@@H](C[C@@H]7C8)C[C@@H]8C6)C(OC)=CC=C2OC,O=C(OC)C1=CC=NO1,CN1CCCN2C1=NCCC2,IC1=CN=CC=C1,63.99072189
fd755de1c0aaa8ef,FullCV_01,894,CC(C)C(C=C(C(C)C)C=C1C(C)C)=C1C2=C(P(C3CCCCC3)C4CCCCC4)C=CC=C2,C12=CON=C1C=CC=C2,CN1CCCN2C1=NCCC2,ClC1=CC=C(OC)C=C1,0.0
67cdfa9ceed9225f,FullCV_01,895,CC(C)C(C=C(C(C)C)C=C1C(C)C)=C1C2=C(P(C3CCCCC3)C4CCCCC4)C=CC=C2,O=C(OC)C1=CC=NO1,CN(C)P(N(C)C)(N(C)C)=NP(N(C)C)(N(C)C)=NCC,ClC1=NC=CC=C1,7.147436012
28055c92a9006dff,FullCV_01,896,CC(C)C(C=C(C(C)C)C=C1C(C)C)=C1C2=C(P(C(C)(C)C)C(C)(C)C)C(OC)=CC=C2OC,CC1=CC(C(OCC)=O)=NO1,CN(C)P(N(C)C)(N(C)C)=NP(N(C)C)(N(C)C)=NCC,ClC1=NC=CC=C1,63.8547365
ddf2ff8dc9f565bb,FullCV_01,897,CC(C)C(C=C(C(C)C)C=C1C(C)C)=C1C2=C(P(C(C)(C)C)C(C)(C)C)C(OC)=CC=C2OC,FC(C=CC=C1F)=C1C2=CC=NO2,CN(C)P(N(C)C)(N(C)C)=NP(N(C)C)(N(C)C)=NCC,BrC1=NC=CC=C1,27.98543221
91048ced1325e4b6,FullCV_01,898,CC(C)C(C=C(C(C)C)C=C1C(C)C)=C1C2=C(P(C(C)(C)C)C(C)(C)C)C(OC)=CC=C2OC,CC1=NOC(C(OCC)=O)=C1,CC(C)(C)/N=C(N(C)C)/N(C)C,ClC1=CC=C(C(F)(F)F)C=C1,3.542495517
b631d44afc8b9be1,FullCV_01,899,CC(C)C(C=C(C(C)C)C=C1C(C)C)=C1C2=C(P(C3CCCCC3)C4CCCCC4)C=CC=C2,O=C(OC)C1=NOC(C2=CC=CS2)=C1,CN(C)P(N(C)C)(N(C)C)=NP(N(C)C)(N(C)C)=NCC,BrC1=CC=C(CC)C=C1,22.16483544
58e8a4c61683fcb9,FullCV_01,900,CC(C)C(C=C(C(C)C)C=C1C(C)C)=C1C2=C(P([C@@]3(C[C@@H]4C5)C[C@H](C4)C[C@H]5C3)[C@]6(C7)C[C@@H](C[C@@H]7C8)C[C@@H]8C6)C(OC)=CC=C2OC,FC(C=CC=C1F)=C1C2=CC=NO2,CC(C)(C)/N=C(N(C)C)/N(C)C,ClC1=NC=CC=C1,20.28381752
d671727511591f53,FullCV_01,901,CC(C)C(C=C(C(C)C)C=C1C(C)C)=C1C2=C(P([C@@]3(C[C@@H]4C5)C[C@H](C4)C[C@H]5C3)[C@]6(C7)C[C@@H](C[C@@H]7C8)C[C@@H]8C6)C(OC)=CC=C2OC,O=C(OC)C1=CC=NO1,CC(C)(C)/N=C(N(C)C)/N(C)C,ClC1=CC=C(CC)C=C1,0.0
53c80ce26e181521,FullCV_01,902,CC(C)C(C=C(C(C)C)C=C1C(C)C)=C1C2=C(P(C(C)(C)C)C(C)(C)C)C=CC=C2,CC1=C(C(OCC)=O)C=NO1,CC(C)(C)/N=C(N(C)C)/N(C)C,ClC1=CN=CC=C1,0.0
728849590ad6294a,FullCV_01,903,CC(C)C(C=C(C(C)C)C=C1C(C)C)=C1C2=C(P(C(C)(C)C)C(C)(C)C)C=CC=C2,CC1=CC(N2C=CC=C2)=NO1,CN(C)P(N(C)C)(N(C)C)=NP(N(C)C)(N(C)C)=NCC,BrC1=CC=C(OC)C=C1,47.27988184
f356d2320289a73d,FullCV_01,904,CC(C)C(C=C(C(C)C)C=C1C(C)C)=C1C2=C(P(C3CCCCC3)C4CCCCC4)C=CC=C2,C1(C2=CC=CC=C2)=NOC=C1,CC(C)(C)/N=C(N(C)C)/N(C)C,IC1=CC=C(CC)C=C1,36.02889558
ed4a90436d57453a,FullCV_01,905,CC(C)C(C=C(C(C)C)C=C1C(C)C)=C1C2=C(P(C3CCCCC3)C4CCCCC4)C=CC=C2,FC(C=CC=C1F)=C1C2=CC=NO2,CC(C)(C)/N=C(N(C)C)/N(C)C,IC1=NC=CC=C1,26.61192771
ef282ac966519bcd,FullCV_01,906,CC(C)C(C=C(C(C)C)C=C1C(C)C)=C1C2=C(P([C@@]3(C[C@@H]4C5)C[C@H](C4)C[C@H]5C3)[C@]6(C7)C[C@@H](C[C@@H]7C8)C[C@@H]8C6)C(OC)=CC=C2OC,O=C(OC)C1=NOC(C2=CC=CS2)=C1,CN(C)P(N(C)C)(N(C)C)=NP(N(C)C)(N(C)C)=NCC,ClC1=CC=C(OC)C=C1,0.0
bf80a0dbfd233838,FullCV_01,907,CC(C)C(C=C(C(C)C)C=C1C(C)C)=C1C2=C(P(C(C)(C)C)C(C)(C)C)C=CC=C2,CC1=NOC=C1,CN(C)P(N(C)C)(N(C)C)=NP(N(C)C)(N(C)C)=NCC,BrC1=CN=CC=C1,0.0
14d59860de2319c9,FullCV_01,908,CC(C)C(C=C(C(C)C)C=C1C(C)C)=C1C2=C(P(C(C)(C)C)C(C)(C)C)C(OC)=CC=C2OC,CC1=NOC(C(OCC)=O)=C1,CN(C)P(N(C)C)(N(C)C)=NP(N(C)C)(N(C)C)=NCC,ClC1=CC=C(CC)C=C1,0.910655456
cd64ec208805c8a7,FullCV_01,909,CC(C)C(C=C(C(C)C)C=C1C(C)C)=C1C2=C(P(C(C)(C)C)C(C)(C)C)C(OC)=CC=C2OC,CC1=NOC=C1,CN(C)P(N(C)C)(N(C)C)=NP(N(C)C)(N(C)C)=NCC,IC1=CC=C(CC)C=C1,71.5462211
e6c16f63717e7e51,FullCV_01,910,CC(C)C(C=C(C(C)C)C=C1C(C)C)=C1C2=C(P(C(C)(C)C)C(C)(C)C)C=CC=C2,CC1=CC(C)=NO1,CN1CCCN2C1=NCCC2,BrC1=CC=C(CC)C=C1,73.06292012
a91eafb190291d68,FullCV_01,911,CC(C)C(C=C(C(C)C)C=C1C(C)C)=C1C2=C(P(C(C)(C)C)C(C)(C)C)C(OC)=CC=C2OC,C1(C2=CC=CC=C2)=CON=C1,CN1CCCN2C1=NCCC2,BrC1=CC=C(C(F)(F)F)C=C1,41.46468331
1bd302672f9e13e4,FullCV_01,912,CC(C)C(C=C(C(C)C)C=C1C(C)C)=C1C2=C(P([C@@]3(C[C@@H]4C5)C[C@H](C4)C[C@H]5C3)[C@]6(C7)C[C@@H](C[C@@H]7C8)C[C@@H]8C6)C(OC)=CC=C2OC,C12=C(C=CC=C2)ON=C1,CN(C)P(N(C)C)(N(C)C)=NP(N(C)C)(N(C)C)=NCC,IC1=CC=C(CC)C=C1,50.52138402
0df88008df8af823,FullCV_01,913,CC(C)C(C=C(C(C)C)C=C1C(C)C)=C1C2=C(P(C3CCCCC3)C4CCCCC4)C=CC=C2,COC1=NOC(C(OCC)=O)=C1,CN1CCCN2C1=NCCC2,IC1=CC=C(CC)C=C1,53.28001638
abfff1d00414a8ed,FullCV_01,914,CC(C)C(C=C(C(C)C)C=C1C(C)C)=C1C2=C(P(C3CCCCC3)C4CCCCC4)C=CC=C2,C12=C(C=CC=C2)ON=C1,CC(C)(C)/N=C(N(C)C)/N(C)C,BrC1=CC=C(CC)C=C1,8.384736601
81b151870faa0012,FullCV_01,915,CC(C)C(C=C(C(C)C)C=C1C(C)C)=C1C2=C(P(C3CCCCC3)C4CCCCC4)C=CC=C2,C12=CON=C1C=CC=C2,CC(C)(C)/N=C(N(C)C)/N(C)C,BrC1=NC=CC=C1,34.38173794
22223994ce6eec0e,FullCV_01,916,CC(C)C(C=C(C(C)C)C=C1C(C)C)=C1C2=C(P(C(C)(C)C)C(C)(C)C)C(OC)=CC=C2OC,C1(C2=CC=CC=C2)=CC=NO1,CN1CCCN2C1=NCCC2,BrC1=CC=C(C(F)(F)F)C=C1,37.21381762
0b51876c9e388dc1,FullCV_01,917,CC(C)C(C=C(C(C)C)C=C1C(C)C)=C1C2=C(P(C(C)(C)C)C(C)(C)C)C(OC)=CC=C2OC,FC(C=CC=C1F)=C1C2=CC=NO2,CN1CCCN2C1=NCCC2,ClC1=CN=CC=C1,2.019729051
4fe5310c6e99c9b3,FullCV_01,918,CC(C)C(C=C(C(C)C)C=C1C(C)C)=C1C2=C(P(C(C)(C)C)C(C)(C)C)C(OC)=CC=C2OC,CC1=NOC(C(OCC)=O)=C1,CN1CCCN2C1=NCCC2,ClC1=CC=C(C(F)(F)F)C=C1,4.275083316
cb5784786a2cca9c,FullCV_01,919,CC(C)C(C=C(C(C)C)C=C1C(C)C)=C1C2=C(P([C@@]3(C[C@@H]4C5)C[C@H](C4)C[C@H]5C3)[C@]6(C7)C[C@@H](C[C@@H]7C8)C[C@@H]8C6)C(OC)=CC=C2OC,CC1=CC(N2C=CC=C2)=NO1,CC(C)(C)/N=C(N(C)C)/N(C)C,BrC1=CN=CC=C1,59.26239712
add730147925cd81,FullCV_01,920,CC(C)C(C=C(C(C)C)C=C1C(C)C)=C1C2=C(P(C(C)(C)C)C(C)(C)C)C=CC=C2,CC1=C(C(OCC)=O)C=NO1,CN1CCCN2C1=NCCC2,IC1=CC=C(OC)C=C1,35.07362546
ca01c5a917b0688f,FullCV_01,921,CC(C)C(C=C(C(C)C)C=C1C(C)C)=C1C2=C(P(C(C)(C)C)C(C)(C)C)C=CC=C2,CCOC(C1=CON=C1)=O,CC(C)(C)/N=C(N(C)C)/N(C)C,IC1=CC=C(C(F)(F)F)C=C1,3.141934656
b0bf49f58e2a260e,FullCV_01,922,CC(C)C(C=C(C(C)C)C=C1C(C)C)=C1C2=C(P([C@@]3(C[C@@H]4C5)C[C@H](C4)C[C@H]5C3)[C@]6(C7)C[C@@H](C[C@@H]7C8)C[C@@H]8C6)C(OC)=CC=C2OC,C12=C(C=CC=C2)ON=C1,CN(C)P(N(C)C)(N(C)C)=NP(N(C)C)(N(C)C)=NCC,IC1=CC=C(OC)C=C1,28.28230111
1d754bb802f824a1,FullCV_01,923,CC(C)C(C=C(C(C)C)C=C1C(C)C)=C1C2=C(P(C(C)(C)C)C(C)(C)C)C=CC=C2,CC1=NOC(C(OCC)=O)=C1,CC(C)(C)/N=C(N(C)C)/N(C)C,BrC1=CC=C(OC)C=C1,37.03037628
f20a8750bf07df66,FullCV_01,924,CC(C)C(C=C(C(C)C)C=C1C(C)C)=C1C2=C(P(C3CCCCC3)C4CCCCC4)C=CC=C2,CC1=CC(C)=NO1,CN(C)P(N(C)C)(N(C)C)=NP(N(C)C)(N(C)C)=NCC,ClC1=NC=CC=C1,19.78619625
2450f4d0cbfccd81,FullCV_01,925,CC(C)C(C=C(C(C)C)C=C1C(C)C)=C1C2=C(P(C(C)(C)C)C(C)(C)C)C(OC)=CC=C2OC,CC1=CC(C)=NO1,CN1CCCN2C1=NCCC2,IC1=NC=CC=C1,89.32312927
3f4c969d7643ee29,FullCV_01,926,CC(C)C(C=C(C(C)C)C=C1C(C)C)=C1C2=C(P(C3CCCCC3)C4CCCCC4)C=CC=C2,C1(N(CC2=CC=CC=C2)CC3=CC=CC=C3)=NOC=C1,CC(C)(C)/N=C(N(C)C)/N(C)C,IC1=NC=CC=C1,46.57912629
dd5063a5634b375c,FullCV_01,927,CC(C)C(C=C(C(C)C)C=C1C(C)C)=C1C2=C(P([C@@]3(C[C@@H]4C5)C[C@H](C4)C[C@H]5C3)[C@]6(C7)C[C@@H](C[C@@H]7C8)C[C@@H]8C6)C(OC)=CC=C2OC,O=C(OC)C1=NOC(C2=CC=CO2)=C1,CN1CCCN2C1=NCCC2,BrC1=CC=C(OC)C=C1,23.916357
b49f1effe361e8db,FullCV_01,928,CC(C)C(C=C(C(C)C)C=C1C(C)C)=C1C2=C(P(C(C)(C)C)C(C)(C)C)C(OC)=CC=C2OC,CC1=CC(C(OCC)=O)=NO1,CN1CCCN2C1=NCCC2,ClC1=CC=C(OC)C=C1,0.605197064
847c938761e83a60,FullCV_01,929,CC(C)C(C=C(C(C)C)C=C1C(C)C)=C1C2=C(P(C(C)(C)C)C(C)(C)C)C(OC)=CC=C2OC,CC1=NOC=C1,CN(C)P(N(C)C)(N(C)C)=NP(N(C)C)(N(C)C)=NCC,ClC1=CC=C(CC)C=C1,7.259312325
aa664e06586af6fd,FullCV_01,930,CC(C)C(C=C(C(C)C)C=C1C(C)C)=C1C2=C(P(C3CCCCC3)C4CCCCC4)C=CC=C2,C1(N(CC2=CC=CC=C2)CC3=CC=CC=C3)=NOC=C1,CN1CCCN2C1=NCCC2,IC1=CC=C(CC)C=C1,55.76912496
7e94b0ee3c333971,FullCV_01,931,CC(C)C(C=C(C(C)C)C=C1C(C)C)=C1C2=C(P(C(C)(C)C)C(C)(C)C)C(OC)=CC=C2OC,CC1=NOC(C(OCC)=O)=C1,CN1CCCN2C1=NCCC2,ClC1=CC=C(OC)C=C1,0.0
723ac21efd607dbe,FullCV_01,932,CC(C)C(C=C(C(C)C)C=C1C(C)C)=C1C2=C(P(C3CCCCC3)C4CCCCC4)C=CC=C2,CC1=NOC=C1,CC(C)(C)/N=C(N(C)C)/N(C)C,BrC1=CC=C(C(F)(F)F)C=C1,43.74297776
2b42aa32b5e8ee80,FullCV_01,933,CC(C)C(C=C(C(C)C)C=C1C(C)C)=C1C2=C(P(C3CCCCC3)C4CCCCC4)C=CC=C2,CC1=C(C(OCC)=O)C=NO1,CN(C)P(N(C)C)(N(C)C)=NP(N(C)C)(N(C)C)=NCC,IC1=CC=C(OC)C=C1,6.999679881
a20e85e0571ac9de,FullCV_01,934,CC(C)C(C=C(C(C)C)C=C1C(C)C)=C1C2=C(P([C@@]3(C[C@@H]4C5)C[C@H](C4)C[C@H]5C3)[C@]6(C7)C[C@@H](C[C@@H]7C8)C[C@@H]8C6)C(OC)=CC=C2OC,CC1=CC(C)=NO1,CN(C)P(N(C)C)(N(C)C)=NP(N(C)C)(N(C)C)=NCC,ClC1=CN=CC=C1,1.779970363
f2a8df8351687a8a,FullCV_01,935,CC(C)C(C=C(C(C)C)C=C1C(C)C)=C1C2=C(P(C(C)(C)C)C(C)(C)C)C=CC=C2,CC1=CC(C)=NO1,CN1CCCN2C1=NCCC2,ClC1=CC=C(OC)C=C1,1.413781414
44803fb38805f47e,FullCV_01,936,CC(C)C(C=C(C(C)C)C=C1C(C)C)=C1C2=C(P(C3CCCCC3)C4CCCCC4)C=CC=C2,O=C(OC)C1=NOC(C2=CC=CS2)=C1,CC(C)(C)/N=C(N(C)C)/N(C)C,IC1=CN=CC=C1,33.31806917
cd13669b78f7cea2,FullCV_01,937,CC(C)C(C=C(C(C)C)C=C1C(C)C)=C1C2=C(P([C@@]3(C[C@@H]4C5)C[C@H](C4)C[C@H]5C3)[C@]6(C7)C[C@@H](C[C@@H]7C8)C[C@@H]8C6)C(OC)=CC=C2OC,O=C(OC)C1=NOC(C2=CC=CO2)=C1,CC(C)(C)/N=C(N(C)C)/N(C)C,IC1=CC=C(CC)C=C1,56.47944581
d05b848efbc0a9b3,FullCV_01,938,CC(C)C(C=C(C(C)C)C=C1C(C)C)=C1C2=C(P(C(C)(C)C)C(C)(C)C)C(OC)=CC=C2OC,CC1=NOC(C2=CC=CC=C2)=C1,CN1CCCN2C1=NCCC2,ClC1=CN=CC=C1,6.458217991
b57046e27f8765ed,FullCV_01,939,CC(C)C(C=C(C(C)C)C=C1C(C)C)=C1C2=C(P(C3CCCCC3)C4CCCCC4)C=CC=C2,C1(N(CC2=CC=CC=C2)CC3=CC=CC=C3)=CC=NO1,CN1CCCN2C1=NCCC2,BrC1=NC=CC=C1,23.14100825
8b26d8e1b638a1bf,FullCV_01,940,CC(C)C(C=C(C(C)C)C=C1C(C)C)=C1C2=C(P(C(C)(C)C)C(C)(C)C)C=CC=C2,CC1=C(C(OCC)=O)C=NO1,CC(C)(C)/N=C(N(C)C)/N(C)C,IC1=CC=C(CC)C=C1,41.96736477
541485543fda764e,FullCV_01,941,CC(C)C(C=C(C(C)C)C=C1C(C)C)=C1C2=C(P(C(C)(C)C)C(C)(C)C)C=CC=C2,C1(N(CC2=CC=CC=C2)CC3=CC=CC=C3)=CC=NO1,CN1CCCN2C1=NCCC2,BrC1=CC=C(OC)C=C1,8.970204017
f28ef2c1dd22b764,FullCV_01,942,CC(C)C(C=C(C(C)C)C=C1C(C)C)=C1C2=C(P([C@@]3(C[C@@H]4C5)C[C@H](C4)C[C@H]5C3)[C@]6(C7)C[C@@H](C[C@@H]7C8)C[C@@H]8C6)C(OC)=CC=C2OC,C1(C2=CC=CC=C2)=NOC=C1,CC(C)(C)/N=C(N(C)C)/N(C)C,ClC1=CC=C(C(F)(F)F)C=C1,25.8434488
b8a53edff9bbcae1,FullCV_01,943,CC(C)C(C=C(C(C)C)C=C1C(C)C)=C1C2=C(P([C@@]3(C[C@@H]4C5)C[C@H](C4)C[C@H]5C3)[C@]6(C7)C[C@@H](C[C@@H]7C8)C[C@@H]8C6)C(OC)=CC=C2OC,CC1=NOC(C2=CC=CC=C2)=C1,CC(C)(C)/N=C(N(C)C)/N(C)C,ClC1=CC=C(OC)C=C1,0.0
6ec374f1f14db3dc,FullCV_01,944,CC(C)C(C=C(C(C)C)C=C1C(C)C)=C1C2=C(P([C@@]3(C[C@@H]4C5)C[C@H](C4)C[C@H]5C3)[C@]6(C7)C[C@@H](C[C@@H]7C8)C[C@@H]8C6)C(OC)=CC=C2OC,CC1=CC=NO1,CN1CCCN2C1=NCCC2,IC1=CC=C(OC)C=C1,50.10463357
dd03c174111a61d6,FullCV_01,945,CC(C)C(C=C(C(C)C)C=C1C(C)C)=C1C2=C(P([C@@]3(C[C@@H]4C5)C[C@H](C4)C[C@H]5C3)[C@]6(C7)C[C@@H](C[C@@H]7C8)C[C@@H]8C6)C(OC)=CC=C2OC,O=C(OC)C1=NOC(C2=CC=CS2)=C1,CC(C)(C)/N=C(N(C)C)/N(C)C,ClC1=CC=C(C(F)(F)F)C=C1,2.749074467
2d9696bfb7fdaad4,FullCV_01,946,CC(C)C(C=C(C(C)C)C=C1C(C)C)=C1C2=C(P(C(C)(C)C)C(C)(C)C)C=CC=C2,CC1=NOC=C1,CN(C)P(N(C)C)(N(C)C)=NP(N(C)C)(N(C)C)=NCC,ClC1=CN=CC=C1,20.39347896
a600ab8d7fd63297,FullCV_01,947,CC(C)C(C=C(C(C)C)C=C1C(C)C)=C1C2=C(P(C3CCCCC3)C4CCCCC4)C=CC=C2,CC1=CC(C(OCC)=O)=NO1,CC(C)(C)/N=C(N(C)C)/N(C)C,IC1=CN=CC=C1,40.41327646
fcb253c44d7eb276,FullCV_01,948,CC(C)C(C=C(C(C)C)C=C1C(C)C)=C1C2=C(P([C@@]3(C[C@@H]4C5)C[C@H](C4)C[C@H]5C3)[C@]6(C7)C[C@@H](C[C@@H]7C8)C[C@@H]8C6)C(OC)=CC=C2OC,C1(N(CC2=CC=CC=C2)CC3=CC=CC=C3)=NOC=C1,CC(C)(C)/N=C(N(C)C)/N(C)C,ClC1=CC=C(OC)C=C1,41.26452613
8d35f2d2bc19ff12,FullCV_01,949,CC(C)C(C=C(C(C)C)C=C1C(C)C)=C1C2=C(P([C@@]3(C[C@@H]4C5)C[C@H](C4)C[C@H]5C3)[C@]6(C7)C[C@@H](C[C@@H]7C8)C[C@@H]8C6)C(OC)=CC=C2OC,COC1=NOC(C(OCC)=O)=C1,CN(C)P(N(C)C)(N(C)C)=NP(N(C)C)(N(C)C)=NCC,BrC1=CC=C(CC)C=C1,62.78571552
6da63f5c18260f5f,FullCV_01,950,CC(C)C(C=C(C(C)C)C=C1C(C)C)=C1C2=C(P([C@@]3(C[C@@H]4C5)C[C@H](C4)C[C@H]5C3)[C@]6(C7)C[C@@H](C[C@@H]7C8)C[C@@H]8C6)C(OC)=CC=C2OC,CC1=NOC=C1,CN1CCCN2C1=NCCC2,IC1=CC=C(OC)C=C1,53.33497035
063a1f888f4d3289,FullCV_01,951,CC(C)C(C=C(C(C)C)C=C1C(C)C)=C1C2=C(P(C(C)(C)C)C(C)(C)C)C(OC)=CC=C2OC,O=C(OC)C1=CC=NO1,CN1CCCN2C1=NCCC2,BrC1=CC=C(OC)C=C1,17.55880282
226315eb846fd729,FullCV_01,952,CC(C)C(C=C(C(C)C)C=C1C(C)C)=C1C2=C(P(C3CCCCC3)C4CCCCC4)C=CC=C2,O=C(OC)C1=NOC(C2=CC=CS2)=C1,CN(C)P(N(C)C)(N(C)C)=NP(N(C)C)(N(C)C)=NCC,BrC1=CC=C(OC)C=C1,5.529906697
76758791b33a48fb,FullCV_01,953,CC(C)C(C=C(C(C)C)C=C1C(C)C)=C1C2=C(P(C(C)(C)C)C(C)(C)C)C=CC=C2,CC1=NOC=C1,CN(C)P(N(C)C)(N(C)C)=NP(N(C)C)(N(C)C)=NCC,IC1=CC=C(C(F)(F)F)C=C1,42.81292825
69c50787a6158154,FullCV_01,954,CC(C)C(C=C(C(C)C)C=C1C(C)C)=C1C2=C(P(C3CCCCC3)C4CCCCC4)C=CC=C2,CC1=NOC(C2=CC=CC=C2)=C1,CC(C)(C)/N=C(N(C)C)/N(C)C,BrC1=CC=C(OC)C=C1,13.27473408
fa9d92e1e6a65e14,FullCV_01,955,CC(C)C(C=C(C(C)C)C=C1C(C)C)=C1C2=C(P(C(C)(C)C)C(C)(C)C)C(OC)=CC=C2OC,C1(C2=CC=CC=C2)=CC=NO1,CN1CCCN2C1=NCCC2,ClC1=CC=C(CC)C=C1,0.0
f89dcd182639a7c3,FullCV_01,956,CC(C)C(C=C(C(C)C)C=C1C(C)C)=C1C2=C(P(C(C)(C)C)C(C)(C)C)C(OC)=CC=C2OC,CCOC(C1=CON=C1)=O,CN(C)P(N(C)C)(N(C)C)=NP(N(C)C)(N(C)C)=NCC,ClC1=NC=CC=C1,4.444109893
460c1d8806167c6d,FullCV_01,957,CC(C)C(C=C(C(C)C)C=C1C(C)C)=C1C2=C(P([C@@]3(C[C@@H]4C5)C[C@H](C4)C[C@H]5C3)[C@]6(C7)C[C@@H](C[C@@H]7C8)C[C@@H]8C6)C(OC)=CC=C2OC,FC(C=CC=C1F)=C1C2=CC=NO2,CC(C)(C)/N=C(N(C)C)/N(C)C,BrC1=CC=C(CC)C=C1,24.05265274
e34920b351f0ebfc,FullCV_01,958,CC(C)C(C=C(C(C)C)C=C1C(C)C)=C1C2=C(P(C(C)(C)C)C(C)(C)C)C=CC=C2,CC1=NOC(C2=CC=CC=C2)=C1,CN(C)P(N(C)C)(N(C)C)=NP(N(C)C)(N(C)C)=NCC,IC1=CN=CC=C1,78.36249844
6aeeca71d2fc1d91,FullCV_01,959,CC(C)C(C=C(C(C)C)C=C1C(C)C)=C1C2=C(P([C@@]3(C[C@@H]4C5)C[C@H](C4)C[C@H]5C3)[C@]6(C7)C[C@@H](C[C@@H]7C8)C[C@@H]8C6)C(OC)=CC=C2OC,CC1=CC(C(OCC)=O)=NO1,CN1CCCN2C1=NCCC2,ClC1=CC=C(C(F)(F)F)C=C1,14.49254361
f60d2eee8e299f01,FullCV_01,960,CC(C)C(C=C(C(C)C)C=C1C(C)C)=C1C2=C(P([C@@]3(C[C@@H]4C5)C[C@H](C4)C[C@H]5C3)[C@]6(C7)C[C@@H](C[C@@H]7C8)C[C@@H]8C6)C(OC)=CC=C2OC,C12=C(C=CC=C2)ON=C1,CC(C)(C)/N=C(N(C)C)/N(C)C,BrC1=CC=C(OC)C=C1,11.75749506
8765437b7e2919b5,FullCV_01,961,CC(C)C(C=C(C(C)C)C=C1C(C)C)=C1C2=C(P(C(C)(C)C)C(C)(C)C)C=CC=C2,C1(C2=CC=CC=C2)=CC=NO1,CC(C)(C)/N=C(N(C)C)/N(C)C,IC1=CC=C(OC)C=C1,41.48980841
7129a329e911eeeb,FullCV_01,962,CC(C)C(C=C(C(C)C)C=C1C(C)C)=C1C2=C(P(C(C)(C)C)C(C)(C)C)C=CC=C2,COC1=NOC(C(OCC)=O)=C1,CN1CCCN2C1=NCCC2,ClC1=CC=C(CC)C=C1,1.442502721
5ef004c566ba6127,FullCV_01,963,CC(C)C(C=C(C(C)C)C=C1C(C)C)=C1C2=C(P(C(C)(C)C)C(C)(C)C)C(OC)=CC=C2OC,CC1=CC(C(OCC)=O)=NO1,CN(C)P(N(C)C)(N(C)C)=NP(N(C)C)(N(C)C)=NCC,ClC1=CC=C(C(F)(F)F)C=C1,9.910073167
4ab2b077dbe56f5f,FullCV_01,964,CC(C)C(C=C(C(C)C)C=C1C(C)C)=C1C2=C(P(C(C)(C)C)C(C)(C)C)C=CC=C2,COC1=NOC(C(OCC)=O)=C1,CC(C)(C)/N=C(N(C)C)/N(C)C,IC1=CN=CC=C1,68.67316565
b61a69533a27aa6c,FullCV_01,965,CC(C)C(C=C(C(C)C)C=C1C(C)C)=C1C2=C(P(C3CCCCC3)C4CCCCC4)C=CC=C2,CC1=NOC(C(OCC)=O)=C1,CN1CCCN2C1=NCCC2,ClC1=CN=CC=C1,2.481415648
e7dd421c2373b091,FullCV_01,966,CC(C)C(C=C(C(C)C)C=C1C(C)C)=C1C2=C(P([C@@]3(C[C@@H]4C5)C[C@H](C4)C[C@H]5C3)[C@]6(C7)C[C@@H](C[C@@H]7C8)C[C@@H]8C6)C(OC)=CC=C2OC,C12=C(C=CC=C2)ON=C1,CN1CCCN2C1=NCCC2,IC1=CN=CC=C1,74.51133845
8adbb63ea6931b21,FullCV_01,967,CC(C)C(C=C(C(C)C)C=C1C(C)C)=C1C2=C(P(C3CCCCC3)C4CCCCC4)C=CC=C2,CC1=CC(C)=NO1,CC(C)(C)/N=C(N(C)C)/N(C)C,IC1=NC=CC=C1,48.23965662
22b95716a105ee33,FullCV_01,968,CC(C)C(C=C(C(C)C)C=C1C(C)C)=C1C2=C(P(C(C)(C)C)C(C)(C)C)C(OC)=CC=C2OC,CCOC(C1=CON=C1)=O,CN(C)P(N(C)C)(N(C)C)=NP(N(C)C)(N(C)C)=NCC,IC1=NC=CC=C1,12.05269157
90d0cafe88000553,FullCV_01,969,CC(C)C(C=C(C(C)C)C=C1C(C)C)=C1C2=C(P(C3CCCCC3)C4CCCCC4)C=CC=C2,CC1=NOC(C(OCC)=O)=C1,CN1CCCN2C1=NCCC2,ClC1=CC=C(C(F)(F)F)C=C1,4.820162197
56cd7408d7f8c767,FullCV_01,970,CC(C)C(C=C(C(C)C)C=C1C(C)C)=C1C2=C(P(C(C)(C)C)C(C)(C)C)C(OC)=CC=C2OC,CC1=CC=NO1,CN1CCCN2C1=NCCC2,ClC1=CC=C(CC)C=C1,5.688672061
43a184247b50ac40,FullCV_01,971,CC(C)C(C=C(C(C)C)C=C1C(C)C)=C1C2=C(P(C3CCCCC3)C4CCCCC4)C=CC=C2,C1(C2=CC=CC=C2)=CON=C1,CN(C)P(N(C)C)(N(C)C)=NP(N(C)C)(N(C)C)=NCC,BrC1=CC=C(CC)C=C1,13.24692026
938ad67ac065ab8e,FullCV_01,972,CC(C)C(C=C(C(C)C)C=C1C(C)C)=C1C2=C(P([C@@]3(C[C@@H]4C5)C[C@H](C4)C[C@H]5C3)[C@]6(C7)C[C@@H](C[C@@H]7C8)C[C@@H]8C6)C(OC)=CC=C2OC,O=C(OC)C1=CC=NO1,CC(C)(C)/N=C(N(C)C)/N(C)C,BrC1=CC=C(OC)C=C1,3.046255894
ebe6d4c48b71e781,FullCV_01,973,CC(C)C(C=C(C(C)C)C=C1C(C)C)=C1C2=C(P(C(C)(C)C)C(C)(C)C)C(OC)=CC=C2OC,CC1=CC=NO1,CC(C)(C)/N=C(N(C)C)/N(C)C,BrC1=CN=CC=C1,53.91867484
49d63f4f4bcab158,FullCV_01,974,CC(C)C(C=C(C(C)C)C=C1C(C)C)=C1C2=C(P(C(C)(C)C)C(C)(C)C)C=CC=C2,C12=CON=C1C=CC=C2,CN1CCCN2C1=NCCC2,IC1=CN=CC=C1,45.53588257
5dbd3fb022eec64f,FullCV_01,975,CC(C)C(C=C(C(C)C)C=C1C(C)C)=C1C2=C(P(C(C)(C)C)C(C)(C)C)C(OC)=CC=C2OC,O=C(OC)C1=CC=NO1,CN1CCCN2C1=NCCC2,ClC1=CC=C(C(F)(F)F)C=C1,7.387205125
f1782b67012d9bb7,FullCV_01,976,CC(C)C(C=C(C(C)C)C=C1C(C)C)=C1C2=C(P(C(C)(C)C)C(C)(C)C)C(OC)=CC=C2OC,O=C(OC)C1=NOC(C2=CC=CO2)=C1,CN(C)P(N(C)C)(N(C)C)=NP(N(C)C)(N(C)C)=NCC,BrC1=CC=C(C(F)(F)F)C=C1,27.00233561
fd2461d6d6347353,FullCV_01,977,CC(C)C(C=C(C(C)C)C=C1C(C)C)=C1C2=C(P([C@@]3(C[C@@H]4C5)C[C@H](C4)C[C@H]5C3)[C@]6(C7)C[C@@H](C[C@@H]7C8)C[C@@H]8C6)C(OC)=CC=C2OC,C1(C2=CC=CC=C2)=CON=C1,CN(C)P(N(C)C)(N(C)C)=NP(N(C)C)(N(C)C)=NCC,ClC1=CN=CC=C1,68.47251074
fbfa46430cfad6d0,FullCV_01,978,CC(C)C(C=C(C(C)C)C=C1C(C)C)=C1C2=C(P(C(C)(C)C)C(C)(C)C)C=CC=C2,C1(C2=CC=CC=C2)=NOC=C1,CN(C)P(N(C)C)(N(C)C)=NP(N(C)C)(N(C)C)=NCC,BrC1=CC=C(OC)C=C1,50.90618574
8a7e1a64cd7fc428,FullCV_01,979,CC(C)C(C=C(C(C)C)C=C1C(C)C)=C1C2=C(P([C@@]3(C[C@@H]4C5)C[C@H](C4)C[C@H]5C3)[C@]6(C7)C[C@@H](C[C@@H]7C8)C[C@@H]8C6)C(OC)=CC=C2OC,C1(C2=CC=CC=C2)=CON=C1,CN1CCCN2C1=NCCC2,ClC1=CN=CC=C1,28.30443344
3c3bd0228c5082f9,FullCV_01,980,CC(C)C(C=C(C(C)C)C=C1C(C)C)=C1C2=C(P([C@@]3(C[C@@H]4C5)C[C@H](C4)C[C@H]5C3)[C@]6(C7)C[C@@H](C[C@@H]7C8)C[C@@H]8C6)C(OC)=CC=C2OC,O=C(OC)C1=NOC(C2=CC=CS2)=C1,CN1CCCN2C1=NCCC2,IC1=CC=C(C(F)(F)F)C=C1,40.24019595
eb19fb6f8ab0853e,FullCV_01,981,CC(C)C(C=C(C(C)C)C=C1C(C)C)=C1C2=C(P(C3CCCCC3)C4CCCCC4)C=CC=C2,CC1=CC=NO1,CC(C)(C)/N=C(N(C)C)/N(C)C,ClC1=NC=CC=C1,22.49487977
f8d84d356a8fb8fb,FullCV_01,982,CC(C)C(C=C(C(C)C)C=C1C(C)C)=C1C2=C(P(C(C)(C)C)C(C)(C)C)C=CC=C2,C12=CON=C1C=CC=C2,CC(C)(C)/N=C(N(C)C)/N(C)C,BrC1=CC=C(OC)C=C1,6.77799041
33f19cc292017657,FullCV_01,983,CC(C)C(C=C(C(C)C)C=C1C(C)C)=C1C2=C(P(C(C)(C)C)C(C)(C)C)C=CC=C2,C12=CON=C1C=CC=C2,CN1CCCN2C1=NCCC2,ClC1=NC=CC=C1,14.03184959
f0a64deb1b4be8ba,FullCV_01,984,CC(C)C(C=C(C(C)C)C=C1C(C)C)=C1C2=C(P(C3CCCCC3)C4CCCCC4)C=CC=C2,CC1=CC(N2C=CC=C2)=NO1,CN(C)P(N(C)C)(N(C)C)=NP(N(C)C)(N(C)C)=NCC,ClC1=CC=C(C(F)(F)F)C=C1,25.79234273
9b352fd34b317847,FullCV_01,985,CC(C)C(C=C(C(C)C)C=C1C(C)C)=C1C2=C(P(C(C)(C)C)C(C)(C)C)C=CC=C2,CCOC(C1=CON=C1)=O,CN1CCCN2C1=NCCC2,IC1=NC=CC=C1,51.15306518
12dbd48f7fea20aa,FullCV_01,986,CC(C)C(C=C(C(C)C)C=C1C(C)C)=C1C2=C(P([C@@]3(C[C@@H]4C5)C[C@H](C4)C[C@H]5C3)[C@]6(C7)C[C@@H](C[C@@H]7C8)C[C@@H]8C6)C(OC)=CC=C2OC,O=C(OC)C1=CC=NO1,CC(C)(C)/N=C(N(C)C)/N(C)C,BrC1=NC=CC=C1,6.703331473
ea47c6ca4479dcec,FullCV_01,987,CC(C)C(C=C(C(C)C)C=C1C(C)C)=C1C2=C(P([C@@]3(C[C@@H]4C5)C[C@H](C4)C[C@H]5C3)[C@]6(C7)C[C@@H](C[C@@H]7C8)C[C@@H]8C6)C(OC)=CC=C2OC,COC1=NOC(C(OCC)=O)=C1,CC(C)(C)/N=C(N(C)C)/N(C)C,BrC1=CC=C(OC)C=C1,23.50114845
91f4b19268098ddc,FullCV_01,988,CC(C)C(C=C(C(C)C)C=C1C(C)C)=C1C2=C(P(C(C)(C)C)C(C)(C)C)C(OC)=CC=C2OC,CC1=NOC(C(OCC)=O)=C1,CN(C)P(N(C)C)(N(C)C)=NP(N(C)C)(N(C)C)=NCC,BrC1=CC=C(C(F)(F)F)C=C1,28.35051675
070be13ea708e0a8,FullCV_01,989,CC(C)C(C=C(C(C)C)C=C1C(C)C)=C1C2=C(P(C(C)(C)C)C(C)(C)C)C(OC)=CC=C2OC,C1(N(CC2=CC=CC=C2)CC3=CC=CC=C3)=CC=NO1,CN(C)P(N(C)C)(N(C)C)=NP(N(C)C)(N(C)C)=NCC,BrC1=CC=C(CC)C=C1,60.55316321
ba435b7d87a9e603,FullCV_01,990,CC(C)C(C=C(C(C)C)C=C1C(C)C)=C1C2=C(P(C(C)(C)C)C(C)(C)C)C=CC=C2,CCOC(C1=NOC=C1)=O,CN(C)P(N(C)C)(N(C)C)=NP(N(C)C)(N(C)C)=NCC,BrC1=NC=CC=C1,8.008432112
3ab5df999f95d37b,FullCV_01,991,CC(C)C(C=C(C(C)C)C=C1C(C)C)=C1C2=C(P(C(C)(C)C)C(C)(C)C)C(OC)=CC=C2OC,FC(C=CC=C1F)=C1C2=CC=NO2,CN1CCCN2C1=NCCC2,IC1=CC=C(CC)C=C1,73.95398123
8568484abae8f5a0,FullCV_01,992,CC(C)C(C=C(C(C)C)C=C1C(C)C)=C1C2=C(P(C3CCCCC3)C4CCCCC4)C=CC=C2,CC1=NOC=C1,CC(C)(C)/N=C(N(C)C)/N(C)C,ClC1=CC=C(OC)C=C1,0.43718104
ca5547a10e43271d,FullCV_01,993,CC(C)C(C=C(C(C)C)C=C1C(C)C)=C1C2=C(P(C(C)(C)C)C(C)(C)C)C(OC)=CC=C2OC,CCOC(C1=CON=C1)=O,CN(C)P(N(C)C)(N(C)C)=NP(N(C)C)(N(C)C)=NCC,IC1=CC=C(OC)C=C1,6.286120839
b4dbffb2ec6b9770,FullCV_01,994,CC(C)C(C=C(C(C)C)C=C1C(C)C)=C1C2=C(P(C(C)(C)C)C(C)(C)C)C(OC)=CC=C2OC,O=C(OC)C1=NOC(C2=CC=CO2)=C1,CN(C)P(N(C)C)(N(C)C)=NP(N(C)C)(N(C)C)=NCC,IC1=CC=C(CC)C=C1,64.23525691
4ddf1d754424da84,FullCV_01,995,CC(C)C(C=C(C(C)C)C=C1C(C)C)=C1C2=C(P(C(C)(C)C)C(C)(C)C)C=CC=C2,C1(C2=CC=CC=C2)=NOC=C1,CN1CCCN2C1=NCCC2,IC1=NC=CC=C1,95.38648822
ce9281994eaaa708,FullCV_01,996,CC(C)C(C=C(C(C)C)C=C1C(C)C)=C1C2=C(P(C(C)(C)C)C(C)(C)C)C(OC)=CC=C2OC,CC1=NOC(C2=CC=CC=C2)=C1,CN(C)P(N(C)C)(N(C)C)=NP(N(C)C)(N(C)C)=NCC,BrC1=CC=C(CC)C=C1,64.56169067
605e7f3219aec56a,FullCV_01,997,CC(C)C(C=C(C(C)C)C=C1C(C)C)=C1C2=C(P(C(C)(C)C)C(C)(C)C)C=CC=C2,C1(C2=CC=CC=C2)=CON=C1,CN1CCCN2C1=NCCC2,IC1=NC=CC=C1,99.99999
507bcf6813afeef4,FullCV_01,998,CC(C)C(C=C(C(C)C)C=C1C(C)C)=C1C2=C(P(C(C)(C)C)C(C)(C)C)C(OC)=CC=C2OC,O=C(OC)C1=CC=NO1,CN(C)P(N(C)C)(N(C)C)=NP(N(C)C)(N(C)C)=NCC,IC1=CN=CC=C1,13.1837798
7f93482e076b0ae9,FullCV_01,999,CC(C)C(C=C(C(C)C)C=C1C(C)C)=C1C2=C(P(C3CCCCC3)C4CCCCC4)C=CC=C2,CCOC(C1=NOC=C1)=O,CN(C)P(N(C)C)(N(C)C)=NP(N(C)C)(N(C)C)=NCC,BrC1=CN=CC=C1,0.0
ed3f1b6ba3f8c058,FullCV_01,1000,CC(C)C(C=C(C(C)C)C=C1C(C)C)=C1C2=C(P(C(C)(C)C)C(C)(C)C)C(OC)=CC=C2OC,C12=CON=C1C=CC=C2,CN1CCCN2C1=NCCC2,IC1=NC=CC=C1,78.78970759
8fe115cab5f82fa4,FullCV_01,1001,CC(C)C(C=C(C(C)C)C=C1C(C)C)=C1C2=C(P(C(C)(C)C)C(C)(C)C)C(OC)=CC=C2OC,O=C(OC)C1=NOC(C2=CC=CO2)=C1,CN1CCCN2C1=NCCC2,BrC1=CC=C(OC)C=C1,37.72387007
11e2bfcb49e10928,FullCV_01,1002,CC(C)C(C=C(C(C)C)C=C1C(C)C)=C1C2=C(P(C(C)(C)C)C(C)(C)C)C(OC)=CC=C2OC,CC1=NOC(C(OCC)=O)=C1,CN(C)P(N(C)C)(N(C)C)=NP(N(C)C)(N(C)C)=NCC,IC1=CC=C(C(F)(F)F)C=C1,40.1812432
83c662b1149228f1,FullCV_01,1003,CC(C)C(C=C(C(C)C)C=C1C(C)C)=C1C2=C(P([C@@]3(C[C@@H]4C5)C[C@H](C4)C[C@H]5C3)[C@]6(C7)C[C@@H](C[C@@H]7C8)C[C@@H]8C6)C(OC)=CC=C2OC,C1(C2=CC=CC=C2)=CON=C1,CN1CCCN2C1=NCCC2,IC1=CC=C(OC)C=C1,49.32388819
af5f14822d473681,FullCV_01,1004,CC(C)C(C=C(C(C)C)C=C1C(C)C)=C1C2=C(P([C@@]3(C[C@@H]4C5)C[C@H](C4)C[C@H]5C3)[C@]6(C7)C[C@@H](C[C@@H]7C8)C[C@@H]8C6)C(OC)=CC=C2OC,C1(N(CC2=CC=CC=C2)CC3=CC=CC=C3)=CC=NO1,CN(C)P(N(C)C)(N(C)C)=NP(N(C)C)(N(C)C)=NCC,BrC1=CN=CC=C1,52.20286143
94bf5d345d0519bd,FullCV_01,1005,CC(C)C(C=C(C(C)C)C=C1C(C)C)=C1C2=C(P(C(C)(C)C)C(C)(C)C)C=CC=C2,C12=CON=C1C=CC=C2,CC(C)(C)/N=C(N(C)C)/N(C)C,BrC1=CC=C(C(F)(F)F)C=C1,5.800095284
22368d33c339d358,FullCV_01,1006,CC(C)C(C=C(C(C)C)C=C1C(C)C)=C1C2=C(P([C@@]3(C[C@@H]4C5)C[C@H](C4)C[C@H]5C3)[C@]6(C7)C[C@@H](C[C@@H]7C8)C[C@@H]8C6)C(OC)=CC=C2OC,CCOC(C1=NOC=C1)=O,CC(C)(C)/N=C(N(C)C)/N(C)C,IC1=CC=C(CC)C=C1,58.15311301
e2cded1b2894bf8f,FullCV_01,1007,CC(C)C(C=C(C(C)C)C=C1C(C)C)=C1C2=C(P(C3CCCCC3)C4CCCCC4)C=CC=C2,C1(C2=CC=CC=C2)=NOC=C1,CN(C)P(N(C)C)(N(C)C)=NP(N(C)C)(N(C)C)=NCC,IC1=NC=CC=C1,12.7214048
797d82cfe2d6af6d,FullCV_01,1008,CC(C)C(C=C(C(C)C)C=C1C(C)C)=C1C2=C(P(C(C)(C)C)C(C)(C)C)C=CC=C2,O=C(OC)C1=CC=NO1,CC(C)(C)/N=C(N(C)C)/N(C)C,BrC1=CC=C(CC)C=C1,47.92550874
8257528308481cc9,FullCV_01,1009,CC(C)C(C=C(C(C)C)C=C1C(C)C)=C1C2=C(P([C@@]3(C[C@@H]4C5)C[C@H](C4)C[C@H]5C3)[C@]6(C7)C[C@@H](C[C@@H]7C8)C[C@@H]8C6)C(OC)=CC=C2OC,CC1=NOC(C2=CC=CC=C2)=C1,CN(C)P(N(C)C)(N(C)C)=NP(N(C)C)(N(C)C)=NCC,BrC1=CN=CC=C1,22.62644976
2af84b02ce18c4e1,FullCV_01,1010,CC(C)C(C=C(C(C)C)C=C1C(C)C)=C1C2=C(P(C(C)(C)C)C(C)(C)C)C=CC=C2,CC1=CC=NO1,CN(C)P(N(C)C)(N(C)C)=NP(N(C)C)(N(C)C)=NCC,BrC1=CC=C(OC)C=C1,16.4358293
083184b809656a70,FullCV_01,1011,CC(C)C(C=C(C(C)C)C=C1C(C)C)=C1C2=C(P(C(C)(C)C)C(C)(C)C)C(OC)=CC=C2OC,C1(C2=CC=CC=C2)=CC=NO1,CC(C)(C)/N=C(N(C)C)/N(C)C,ClC1=NC=CC=C1,32.00160024
ae31ead7ef67e883,FullCV_01,1012,CC(C)C(C=C(C(C)C)C=C1C(C)C)=C1C2=C(P(C(C)(C)C)C(C)(C)C)C(OC)=CC=C2OC,CCOC(C1=NOC=C1)=O,CC(C)(C)/N=C(N(C)C)/N(C)C,IC1=CC=C(OC)C=C1,34.24307349
91e25e5a73898de2,FullCV_01,1013,CC(C)C(C=C(C(C)C)C=C1C(C)C)=C1C2=C(P(C(C)(C)C)C(C)(C)C)C(OC)=CC=C2OC,C12=C(C=CC=C2)ON=C1,CN(C)P(N(C)C)(N(C)C)=NP(N(C)C)(N(C)C)=NCC,IC1=CC=C(C(F)(F)F)C=C1,42.70251629
f15c24b527562562,FullCV_01,1014,CC(C)C(C=C(C(C)C)C=C1C(C)C)=C1C2=C(P([C@@]3(C[C@@H]4C5)C[C@H](C4)C[C@H]5C3)[C@]6(C7)C[C@@H](C[C@@H]7C8)C[C@@H]8C6)C(OC)=CC=C2OC,O=C(OC)C1=CC=NO1,CN(C)P(N(C)C)(N(C)C)=NP(N(C)C)(N(C)C)=NCC,BrC1=CN=CC=C1,8.862814974
5bc881b4f77b96ac,FullCV_01,1015,CC(C)C(C=C(C(C)C)C=C1C(C)C)=C1C2=C(P(C3CCCCC3)C4CCCCC4)C=CC=C2,CC1=C(C(OCC)=O)C=NO1,CC(C)(C)/N=C(N(C)C)/N(C)C,ClC1=CC=C(C(F)(F)F)C=C1,2.550915003
07a99f9ed1479f3e,FullCV_01,1016,CC(C)C(C=C(C(C)C)C=C1C(C)C)=C1C2=C(P(C3CCCCC3)C4CCCCC4)C=CC=C2,C1(N(CC2=CC=CC=C2)CC3=CC=CC=C3)=CC=NO1,CN(C)P(N(C)C)(N(C)C)=NP(N(C)C)(N(C)C)=NCC,ClC1=CC=C(OC)C=C1,2.086409943
7acd44f9b4912084,FullCV_01,1017,CC(C)C(C=C(C(C)C)C=C1C(C)C)=C1C2=C(P([C@@]3(C[C@@H]4C5)C[C@H](C4)C[C@H]5C3)[C@]6(C7)C[C@@H](C[C@@H]7C8)C[C@@H]8C6)C(OC)=CC=C2OC,C1(C2=CC=CC=C2)=CON=C1,CC(C)(C)/N=C(N(C)C)/N(C)C,BrC1=CC=C(C(F)(F)F)C=C1,19.84794125
d1a7ada489c41130,FullCV_01,1018,CC(C)C(C=C(C(C)C)C=C1C(C)C)=C1C2=C(P(C(C)(C)C)C(C)(C)C)C(OC)=CC=C2OC,CC1=CC(C(OCC)=O)=NO1,CC(C)(C)/N=C(N(C)C)/N(C)C,BrC1=CC=C(CC)C=C1,68.06627781
4a7b0ff06565f3d3,FullCV_01,1019,CC(C)C(C=C(C(C)C)C=C1C(C)C)=C1C2=C(P(C(C)(C)C)C(C)(C)C)C=CC=C2,COC1=NOC(C(OCC)=O)=C1,CN(C)P(N(C)C)(N(C)C)=NP(N(C)C)(N(C)C)=NCC,BrC1=NC=CC=C1,70.25926715
1f06a9d9414f13f8,FullCV_01,1020,CC(C)C(C=C(C(C)C)C=C1C(C)C)=C1C2=C(P(C3CCCCC3)C4CCCCC4)C=CC=C2,COC1=NOC(C(OCC)=O)=C1,CC(C)(C)/N=C(N(C)C)/N(C)C,IC1=NC=CC=C1,42.79858664
22ccdb52e74bae7d,FullCV_01,1021,CC(C)C(C=C(C(C)C)C=C1C(C)C)=C1C2=C(P(C(C)(C)C)C(C)(C)C)C=CC=C2,O=C(OC)C1=NOC(C2=CC=CO2)=C1,CN(C)P(N(C)C)(N(C)C)=NP(N(C)C)(N(C)C)=NCC,BrC1=CC=C(C(F)(F)F)C=C1,38.94339394
2cef0fea565ca3bb,FullCV_01,1022,CC(C)C(C=C(C(C)C)C=C1C(C)C)=C1C2=C(P(C(C)(C)C)C(C)(C)C)C=CC=C2,C1(N(CC2=CC=CC=C2)CC3=CC=CC=C3)=CC=NO1,CC(C)(C)/N=C(N(C)C)/N(C)C,ClC1=CN=CC=C1,2.249906301
58fbe2d1d5c512ad,FullCV_01,1023,CC(C)C(C=C(C(C)C)C=C1C(C)C)=C1C2=C(P(C(C)(C)C)C(C)(C)C)C=CC=C2,C12=CON=C1C=CC=C2,CN(C)P(N(C)C)(N(C)C)=NP(N(C)C)(N(C)C)=NCC,BrC1=CC=C(C(F)(F)F)C=C1,12.33593597
6e93c9c0fe55b04c,FullCV_01,1024,CC(C)C(C=C(C(C)C)C=C1C(C)C)=C1C2=C(P([C@@]3(C[C@@H]4C5)C[C@H](C4)C[C@H]5C3)[C@]6(C7)C[C@@H](C[C@@H]7C8)C[C@@H]8C6)C(OC)=CC=C2OC,C1(N(CC2=CC=CC=C2)CC3=CC=CC=C3)=CC=NO1,CC(C)(C)/N=C(N(C)C)/N(C)C,IC1=CC=C(OC)C=C1,49.985461
9701ff1bc8cfddad,FullCV_01,1025,CC(C)C(C=C(C(C)C)C=C1C(C)C)=C1C2=C(P(C(C)(C)C)C(C)(C)C)C(OC)=CC=C2OC,FC(C=CC=C1F)=C1C2=CC=NO2,CN(C)P(N(C)C)(N(C)C)=NP(N(C)C)(N(C)C)=NCC,ClC1=NC=CC=C1,24.72320112
24b58e2503cae4de,FullCV_01,1026,CC(C)C(C=C(C(C)C)C=C1C(C)C)=C1C2=C(P([C@@]3(C[C@@H]4C5)C[C@H](C4)C[C@H]5C3)[C@]6(C7)C[C@@H](C[C@@H]7C8)C[C@@H]8C6)C(OC)=CC=C2OC,CCOC(C1=CON=C1)=O,CN1CCCN2C1=NCCC2,ClC1=CC=C(OC)C=C1,1.682541771
c3cb4caed4c26689,FullCV_01,1027,CC(C)C(C=C(C(C)C)C=C1C(C)C)=C1C2=C(P([C@@]3(C[C@@H]4C5)C[C@H](C4)C[C@H]5C3)[C@]6(C7)C[C@@H](C[C@@H]7C8)C[C@@H]8C6)C(OC)=CC=C2OC,FC(C=CC=C1F)=C1C2=CC=NO2,CN(C)P(N(C)C)(N(C)C)=NP(N(C)C)(N(C)C)=NCC,IC1=CN=CC=C1,19.96336659
24fec232e9e00f2a,FullCV_01,1028,CC(C)C(C=C(C(C)C)C=C1C(C)C)=C1C2=C(P([C@@]3(C[C@@H]4C5)C[C@H](C4)C[C@H]5C3)[C@]6(C7)C[C@@H](C[C@@H]7C8)C[C@@H]8C6)C(OC)=CC=C2OC,CC1=C(C(OCC)=O)C=NO1,CN(C)P(N(C)C)(N(C)C)=NP(N(C)C)(N(C)C)=NCC,BrC1=NC=CC=C1,16.4099085
9bd750778e1836d8,FullCV_01,1029,CC(C)C(C=C(C(C)C)C=C1C(C)C)=C1C2=C(P(C(C)(C)C)C(C)(C)C)C(OC)=CC=C2OC,CCOC(C1=CON=C1)=O,CN(C)P(N(C)C)(N(C)C)=NP(N(C)C)(N(C)C)=NCC,BrC1=NC=CC=C1,2.413308832
afc48ce476faa600,FullCV_01,1030,CC(C)C(C=C(C(C)C)C=C1C(C)C)=C1C2=C(P(C3CCCCC3)C4CCCCC4)C=CC=C2,C12=C(C=CC=C2)ON=C1,CN1CCCN2C1=NCCC2,IC1=CC=C(CC)C=C1,29.83775681
0b0e079c7e4e766c,FullCV_01,1031,CC(C)C(C=C(C(C)C)C=C1C(C)C)=C1C2=C(P(C(C)(C)C)C(C)(C)C)C=CC=C2,C1(C2=CC=CC=C2)=CC=NO1,CC(C)(C)/N=C(N(C)C)/N(C)C,BrC1=CN=CC=C1,83.87445444
46b2e57fae42416b,FullCV_01,1032,CC(C)C(C=C(C(C)C)C=C1C(C)C)=C1C2=C(P(C(C)(C)C)C(C)(C)C)C=CC=C2,FC(C=CC=C1F)=C1C2=CC=NO2,CC(C)(C)/N=C(N(C)C)/N(C)C,BrC1=CN=CC=C1,54.77135423
cac5468564f9c70c,FullCV_01,1033,CC(C)C(C=C(C(C)C)C=C1C(C)C)=C1C2=C(P([C@@]3(C[C@@H]4C5)C[C@H](C4)C[C@H]5C3)[C@]6(C7)C[C@@H](C[C@@H]7C8)C[C@@H]8C6)C(OC)=CC=C2OC,FC(C=CC=C1F)=C1C2=CC=NO2,CC(C)(C)/N=C(N(C)C)/N(C)C,IC1=CC=C(CC)C=C1,60.8676331
73c9ca1a0e3d6343,FullCV_01,1034,CC(C)C(C=C(C(C)C)C=C1C(C)C)=C1C2=C(P(C3CCCCC3)C4CCCCC4)C=CC=C2,CC1=CC(N2C=CC=C2)=NO1,CN1CCCN2C1=NCCC2,IC1=CC=C(C(F)(F)F)C=C1,38.74519603
21ea29df4983aae3,FullCV_01,1035,CC(C)C(C=C(C(C)C)C=C1C(C)C)=C1C2=C(P(C3CCCCC3)C4CCCCC4)C=CC=C2,C12=CON=C1C=CC=C2,CN(C)P(N(C)C)(N(C)C)=NP(N(C)C)(N(C)C)=NCC,ClC1=CC=C(CC)C=C1,0.689951869
90fb021767a3ca7d,FullCV_01,1036,CC(C)C(C=C(C(C)C)C=C1C(C)C)=C1C2=C(P(C3CCCCC3)C4CCCCC4)C=CC=C2,O=C(OC)C1=CC=NO1,CN(C)P(N(C)C)(N(C)C)=NP(N(C)C)(N(C)C)=NCC,ClC1=CC=C(OC)C=C1,1.468935867
0caf313f909a3b46,FullCV_01,1037,CC(C)C(C=C(C(C)C)C=C1C(C)C)=C1C2=C(P([C@@]3(C[C@@H]4C5)C[C@H](C4)C[C@H]5C3)[C@]6(C7)C[C@@H](C[C@@H]7C8)C[C@@H]8C6)C(OC)=CC=C2OC,CCOC(C1=CON=C1)=O,CN(C)P(N(C)C)(N(C)C)=NP(N(C)C)(N(C)C)=NCC,IC1=CC=C(OC)C=C1,4.88514688
9ddbf0093bfc63c9,FullCV_01,1038,CC(C)C(C=C(C(C)C)C=C1C(C)C)=C1C2=C(P([C@@]3(C[C@@H]4C5)C[C@H](C4)C[C@H]5C3)[C@]6(C7)C[C@@H](C[C@@H]7C8)C[C@@H]8C6)C(OC)=CC=C2OC,CC1=CC(C)=NO1,CN1CCCN2C1=NCCC2,IC1=CC=C(CC)C=C1,76.98654081
3a344ca35ce1d694,FullCV_01,1039,CC(C)C(C=C(C(C)C)C=C1C(C)C)=C1C2=C(P(C(C)(C)C)C(C)(C)C)C=CC=C2,CC1=CC(N2C=CC=C2)=NO1,CC(C)(C)/N=C(N(C)C)/N(C)C,BrC1=CN=CC=C1,63.06191521
a557d3aca48eed64,FullCV_01,1040,CC(C)C(C=C(C(C)C)C=C1C(C)C)=C1C2=C(P(C3CCCCC3)C4CCCCC4)C=CC=C2,CC1=CC=NO1,CN1CCCN2C1=NCCC2,IC1=NC=CC=C1,55.00354925
23a1725ca3d068f9,FullCV_01,1041,CC(C)C(C=C(C(C)C)C=C1C(C)C)=C1C2=C(P(C(C)(C)C)C(C)(C)C)C=CC=C2,CCOC(C1=NOC=C1)=O,CC(C)(C)/N=C(N(C)C)/N(C)C,BrC1=NC=CC=C1,60.25206697
d851249396ad591b,FullCV_01,1042,CC(C)C(C=C(C(C)C)C=C1C(C)C)=C1C2=C(P(C3CCCCC3)C4CCCCC4)C=CC=C2,C1(N(CC2=CC=CC=C2)CC3=CC=CC=C3)=CC=NO1,CC(C)(C)/N=C(N(C)C)/N(C)C,BrC1=CC=C(C(F)(F)F)C=C1,11.73173458
8624770043119903,FullCV_01,1043,CC(C)C(C=C(C(C)C)C=C1C(C)C)=C1C2=C(P(C(C)(C)C)C(C)(C)C)C=CC=C2,CCOC(C1=CON=C1)=O,CC(C)(C)/N=C(N(C)C)/N(C)C,ClC1=CC=C(CC)C=C1,0.518126221
63572e2c34d7d8d8,FullCV_01,1044,CC(C)C(C=C(C(C)C)C=C1C(C)C)=C1C2=C(P([C@@]3(C[C@@H]4C5)C[C@H](C4)C[C@H]5C3)[C@]6(C7)C[C@@H](C[C@@H]7C8)C[C@@H]8C6)C(OC)=CC=C2OC,C12=CON=C1C=CC=C2,CC(C)(C)/N=C(N(C)C)/N(C)C,BrC1=CN=CC=C1,6.275458681
f5b0480c731ee2ed,FullCV_01,1045,CC(C)C(C=C(C(C)C)C=C1C(C)C)=C1C2=C(P(C(C)(C)C)C(C)(C)C)C(OC)=CC=C2OC,CC1=NOC(C(OCC)=O)=C1,CC(C)(C)/N=C(N(C)C)/N(C)C,BrC1=CC=C(C(F)(F)F)C=C1,39.19686382
6afb5ff2fc2528de,FullCV_01,1046,CC(C)C(C=C(C(C)C)C=C1C(C)C)=C1C2=C(P([C@@]3(C[C@@H]4C5)C[C@H](C4)C[C@H]5C3)[C@]6(C7)C[C@@H](C[C@@H]7C8)C[C@@H]8C6)C(OC)=CC=C2OC,C1(C2=CC=CC=C2)=CON=C1,CN(C)P(N(C)C)(N(C)C)=NP(N(C)C)(N(C)C)=NCC,BrC1=CC=C(C(F)(F)F)C=C1,13.5242012
0f1b237011a4cb8b,FullCV_01,1047,CC(C)C(C=C(C(C)C)C=C1C(C)C)=C1C2=C(P(C3CCCCC3)C4CCCCC4)C=CC=C2,CCOC(C1=NOC=C1)=O,CN(C)P(N(C)C)(N(C)C)=NP(N(C)C)(N(C)C)=NCC,ClC1=CC=C(C(F)(F)F)C=C1,0.0
c56539672c2dfb7c,FullCV_01,1048,CC(C)C(C=C(C(C)C)C=C1C(C)C)=C1C2=C(P(C(C)(C)C)C(C)(C)C)C(OC)=CC=C2OC,CCOC(C1=NOC=C1)=O,CN(C)P(N(C)C)(N(C)C)=NP(N(C)C)(N(C)C)=NCC,ClC1=CC=C(C(F)(F)F)C=C1,0.0
165532ed8bdd6252,FullCV_01,1049,CC(C)C(C=C(C(C)C)C=C1C(C)C)=C1C2=C(P(C3CCCCC3)C4CCCCC4)C=CC=C2,CC1=NOC(C(OCC)=O)=C1,CC(C)(C)/N=C(N(C)C)/N(C)C,BrC1=CC=C(C(F)(F)F)C=C1,35.08872433
f69fb9234aeddb43,FullCV_01,1050,CC(C)C(C=C(C(C)C)C=C1C(C)C)=C1C2=C(P(C(C)(C)C)C(C)(C)C)C=CC=C2,COC1=NOC(C(OCC)=O)=C1,CN1CCCN2C1=NCCC2,ClC1=NC=CC=C1,83.17489955
b8bbd20acf882d08,FullCV_01,1051,CC(C)C(C=C(C(C)C)C=C1C(C)C)=C1C2=C(P(C3CCCCC3)C4CCCCC4)C=CC=C2,FC(C=CC=C1F)=C1C2=CC=NO2,CN1CCCN2C1=NCCC2,BrC1=CC=C(C(F)(F)F)C=C1,22.67787637
b0080e56ead4f294,FullCV_01,1052,CC(C)C(C=C(C(C)C)C=C1C(C)C)=C1C2=C(P(C(C)(C)C)C(C)(C)C)C(OC)=CC=C2OC,O=C(OC)C1=NOC(C2=CC=CS2)=C1,CC(C)(C)/N=C(N(C)C)/N(C)C,BrC1=CN=CC=C1,58.35068095
fe9ab4b5ed5dbae6,FullCV_01,1053,CC(C)C(C=C(C(C)C)C=C1C(C)C)=C1C2=C(P([C@@]3(C[C@@H]4C5)C[C@H](C4)C[C@H]5C3)[C@]6(C7)C[C@@H](C[C@@H]7C8)C[C@@H]8C6)C(OC)=CC=C2OC,O=C(OC)C1=CC=NO1,CN(C)P(N(C)C)(N(C)C)=NP(N(C)C)(N(C)C)=NCC,IC1=CN=CC=C1,10.8296376
d061f4894f31cb9a,FullCV_01,1054,CC(C)C(C=C(C(C)C)C=C1C(C)C)=C1C2=C(P(C(C)(C)C)C(C)(C)C)C=CC=C2,CC1=CC(C)=NO1,CC(C)(C)/N=C(N(C)C)/N(C)C,BrC1=CC=C(CC)C=C1,61.04819615
81a7b61ef92fdcb0,FullCV_01,1055,CC(C)C(C=C(C(C)C)C=C1C(C)C)=C1C2=C(P([C@@]3(C[C@@H]4C5)C[C@H](C4)C[C@H]5C3)[C@]6(C7)C[C@@H](C[C@@H]7C8)C[C@@H]8C6)C(OC)=CC=C2OC,C1(C2=CC=CC=C2)=NOC=C1,CC(C)(C)/N=C(N(C)C)/N(C)C,IC1=NC=CC=C1,69.8410056
89bf5e9c68b0a130,FullCV_01,1056,CC(C)C(C=C(C(C)C)C=C1C(C)C)=C1C2=C(P(C(C)(C)C)C(C)(C)C)C=CC=C2,C12=C(C=CC=C2)ON=C1,CN(C)P(N(C)C)(N(C)C)=NP(N(C)C)(N(C)C)=NCC,BrC1=NC=CC=C1,65.48767084
43ed0bc417b75250,FullCV_01,1057,CC(C)C(C=C(C(C)C)C=C1C(C)C)=C1C2=C(P(C3CCCCC3)C4CCCCC4)C=CC=C2,O=C(OC)C1=NOC(C2=CC=CS2)=C1,CN(C)P(N(C)C)(N(C)C)=NP(N(C)C)(N(C)C)=NCC,IC1=CC=C(OC)C=C1,6.840870887
e7682af4ef5f595b,FullCV_01,1058,CC(C)C(C=C(C(C)C)C=C1C(C)C)=C1C2=C(P(C(C)(C)C)C(C)(C)C)C(OC)=CC=C2OC,CC1=CC(C)=NO1,CN1CCCN2C1=NCCC2,BrC1=NC=CC=C1,86.78620377
c432a11d494e5fa7,FullCV_01,1059,CC(C)C(C=C(C(C)C)C=C1C(C)C)=C1C2=C(P([C@@]3(C[C@@H]4C5)C[C@H](C4)C[C@H]5C3)[C@]6(C7)C[C@@H](C[C@@H]7C8)C[C@@H]8C6)C(OC)=CC=C2OC,CC1=CC=NO1,CC(C)(C)/N=C(N(C)C)/N(C)C,ClC1=CC=C(CC)C=C1,0.375286042
199b3c38b2956cf7,FullCV_01,1060,CC(C)C(C=C(C(C)C)C=C1C(C)C)=C1C2=C(P([C@@]3(C[C@@H]4C5)C[C@H](C4)C[C@H]5C3)[C@]6(C7)C[C@@H](C[C@@H]7C8)C[C@@H]8C6)C(OC)=CC=C2OC,CCOC(C1=CON=C1)=O,CN1CCCN2C1=NCCC2,IC1=CC=C(CC)C=C1,33.47151562
00dec3ee88d41f47,FullCV_01,1061,CC(C)C(C=C(C(C)C)C=C1C(C)C)=C1C2=C(P(C(C)(C)C)C(C)(C)C)C=CC=C2,CCOC(C1=NOC=C1)=O,CN1CCCN2C1=NCCC2,IC1=CC=C(C(F)(F)F)C=C1,48.69500261
63baee498f04252f,FullCV_01,1062,CC(C)C(C=C(C(C)C)C=C1C(C)C)=C1C2=C(P([C@@]3(C[C@@H]4C5)C[C@H](C4)C[C@H]5C3)[C@]6(C7)C[C@@H](C[C@@H]7C8)C[C@@H]8C6)C(OC)=CC=C2OC,C1(C2=CC=CC=C2)=CC=NO1,CN1CCCN2C1=NCCC2,ClC1=CN=CC=C1,15.22347574
580db900a20f8002,FullCV_01,1063,CC(C)C(C=C(C(C)C)C=C1C(C)C)=C1C2=C(P(C3CCCCC3)C4CCCCC4)C=CC=C2,CC1=NOC(C(OCC)=O)=C1,CN1CCCN2C1=NCCC2,ClC1=CC=C(OC)C=C1,0.0
9226ae4186354bf6,FullCV_01,1064,CC(C)C(C=C(C(C)C)C=C1C(C)C)=C1C2=C(P(C(C)(C)C)C(C)(C)C)C(OC)=CC=C2OC,CC1=NOC(C2=CC=CC=C2)=C1,CN(C)P(N(C)C)(N(C)C)=NP(N(C)C)(N(C)C)=NCC,BrC1=NC=CC=C1,77.62777181
2810974a3308c20d,FullCV_01,1065,CC(C)C(C=C(C(C)C)C=C1C(C)C)=C1C2=C(P(C(C)(C)C)C(C)(C)C)C=CC=C2,C1(C2=CC=CC=C2)=NOC=C1,CN(C)P(N(C)C)(N(C)C)=NP(N(C)C)(N(C)C)=NCC,BrC1=CC=C(C(F)(F)F)C=C1,51.07128287
01745d3df92976d6,FullCV_01,1066,CC(C)C(C=C(C(C)C)C=C1C(C)C)=C1C2=C(P(C(C)(C)C)C(C)(C)C)C=CC=C2,CC1=CC(C)=NO1,CN(C)P(N(C)C)(N(C)C)=NP(N(C)C)(N(C)C)=NCC,IC1=NC=CC=C1,70.35430221
25df24f10a349e42,FullCV_01,1067,CC(C)C(C=C(C(C)C)C=C1C(C)C)=C1C2=C(P(C3CCCCC3)C4CCCCC4)C=CC=C2,FC(C=CC=C1F)=C1C2=CC=NO2,CN(C)P(N(C)C)(N(C)C)=NP(N(C)C)(N(C)C)=NCC,ClC1=CN=CC=C1,12.13886151
69e9b8855def1ce3,FullCV_01,1068,CC(C)C(C=C(C(C)C)C=C1C(C)C)=C1C2=C(P(C(C)(C)C)C(C)(C)C)C(OC)=CC=C2OC,C12=CON=C1C=CC=C2,CN(C)P(N(C)C)(N(C)C)=NP(N(C)C)(N(C)C)=NCC,IC1=NC=CC=C1,13.88482007
17fecceb73534e4f,FullCV_01,1069,CC(C)C(C=C(C(C)C)C=C1C(C)C)=C1C2=C(P(C3CCCCC3)C4CCCCC4)C=CC=C2,C12=CON=C1C=CC=C2,CN1CCCN2C1=NCCC2,IC1=CC=C(C(F)(F)F)C=C1,14.24693951
d8787f8e712bc3e6,FullCV_01,1070,CC(C)C(C=C(C(C)C)C=C1C(C)C)=C1C2=C(P(C(C)(C)C)C(C)(C)C)C(OC)=CC=C2OC,C1(C2=CC=CC=C2)=NOC=C1,CN1CCCN2C1=NCCC2,BrC1=NC=CC=C1,87.95919128
cd31fae5024e02d6,FullCV_01,1071,CC(C)C(C=C(C(C)C)C=C1C(C)C)=C1C2=C(P(C3CCCCC3)C4CCCCC4)C=CC=C2,O=C(OC)C1=NOC(C2=CC=CO2)=C1,CC(C)(C)/N=C(N(C)C)/N(C)C,BrC1=CN=CC=C1,16.01570816
14ebf8570aefc5ef,FullCV_01,1072,CC(C)C(C=C(C(C)C)C=C1C(C)C)=C1C2=C(P(C(C)(C)C)C(C)(C)C)C=CC=C2,FC(C=CC=C1F)=C1C2=CC=NO2,CN1CCCN2C1=NCCC2,IC1=NC=CC=C1,82.21280375
f3f832fd49546225,FullCV_01,1073,CC(C)C(C=C(C(C)C)C=C1C(C)C)=C1C2=C(P(C(C)(C)C)C(C)(C)C)C(OC)=CC=C2OC,C1(C2=CC=CC=C2)=CON=C1,CN(C)P(N(C)C)(N(C)C)=NP(N(C)C)(N(C)C)=NCC,ClC1=CC=C(OC)C=C1,0.862512473
fece531f0aacd6bb,FullCV_01,1074,CC(C)C(C=C(C(C)C)C=C1C(C)C)=C1C2=C(P(C(C)(C)C)C(C)(C)C)C(OC)=CC=C2OC,CC1=CC(C)=NO1,CN1CCCN2C1=NCCC2,ClC1=CN=CC=C1,20.99661905
8324c5729849ffe8,FullCV_01,1075,CC(C)C(C=C(C(C)C)C=C1C(C)C)=C1C2=C(P([C@@]3(C[C@@H]4C5)C[C@H](C4)C[C@H]5C3)[C@]6(C7)C[C@@H](C[C@@H]7C8)C[C@@H]8C6)C(OC)=CC=C2OC,CCOC(C1=NOC=C1)=O,CN(C)P(N(C)C)(N(C)C)=NP(N(C)C)(N(C)C)=NCC,ClC1=CC=C(C(F)(F)F)C=C1,0.0
5d820f06a29b267b,FullCV_01,1076,CC(C)C(C=C(C(C)C)C=C1C(C)C)=C1C2=C(P(C3CCCCC3)C4CCCCC4)C=CC=C2,C1(N(CC2=CC=CC=C2)CC3=CC=CC=C3)=NOC=C1,CN(C)P(N(C)C)(N(C)C)=NP(N(C)C)(N(C)C)=NCC,BrC1=CC=C(CC)C=C1,66.43295508
4583a514465cf495,FullCV_01,1077,CC(C)C(C=C(C(C)C)C=C1C(C)C)=C1C2=C(P([C@@]3(C[C@@H]4C5)C[C@H](C4)C[C@H]5C3)[C@]6(C7)C[C@@H](C[C@@H]7C8)C[C@@H]8C6)C(OC)=CC=C2OC,CC1=NOC=C1,CC(C)(C)/N=C(N(C)C)/N(C)C,BrC1=NC=CC=C1,59.55424843
1058dce7f67851ee,FullCV_01,1078,CC(C)C(C=C(C(C)C)C=C1C(C)C)=C1C2=C(P([C@@]3(C[C@@H]4C5)C[C@H](C4)C[C@H]5C3)[C@]6(C7)C[C@@H](C[C@@H]7C8)C[C@@H]8C6)C(OC)=CC=C2OC,C12=C(C=CC=C2)ON=C1,CN1CCCN2C1=NCCC2,IC1=CC=C(OC)C=C1,41.68551837
f318c3b44ab941ed,FullCV_01,1079,CC(C)C(C=C(C(C)C)C=C1C(C)C)=C1C2=C(P(C3CCCCC3)C4CCCCC4)C=CC=C2,COC1=NOC(C(OCC)=O)=C1,CN1CCCN2C1=NCCC2,ClC1=CC=C(CC)C=C1,0.662349524
f4c52b2cba7457b7,FullCV_01,1080,CC(C)C(C=C(C(C)C)C=C1C(C)C)=C1C2=C(P(C(C)(C)C)C(C)(C)C)C(OC)=CC=C2OC,CC1=NOC(C(OCC)=O)=C1,CC(C)(C)/N=C(N(C)C)/N(C)C,IC1=CC=C(C(F)(F)F)C=C1,45.87563784
2195c2fb10d29c09,FullCV_01,1081,CC(C)C(C=C(C(C)C)C=C1C(C)C)=C1C2=C(P([C@@]3(C[C@@H]4C5)C[C@H](C4)C[C@H]5C3)[C@]6(C7)C[C@@H](C[C@@H]7C8)C[C@@H]8C6)C(OC)=CC=C2OC,CC1=CC(C)=NO1,CC(C)(C)/N=C(N(C)C)/N(C)C,ClC1=CN=CC=C1,13.31813914
00de166144160495,FullCV_01,1082,CC(C)C(C=C(C(C)C)C=C1C(C)C)=C1C2=C(P(C(C)(C)C)C(C)(C)C)C(OC)=CC=C2OC,O=C(OC)C1=CC=NO1,CN1CCCN2C1=NCCC2,IC1=NC=CC=C1,87.75322874
c5014beb2a99dd6b,FullCV_01,1083,CC(C)C(C=C(C(C)C)C=C1C(C)C)=C1C2=C(P(C(C)(C)C)C(C)(C)C)C(OC)=CC=C2OC,CC1=NOC(C2=CC=CC=C2)=C1,CC(C)(C)/N=C(N(C)C)/N(C)C,BrC1=CN=CC=C1,56.79309437
172acb4bce325df9,FullCV_01,1084,CC(C)C(C=C(C(C)C)C=C1C(C)C)=C1C2=C(P(C(C)(C)C)C(C)(C)C)C=CC=C2,CCOC(C1=CON=C1)=O,CN(C)P(N(C)C)(N(C)C)=NP(N(C)C)(N(C)C)=NCC,IC1=CC=C(C(F)(F)F)C=C1,4.765281768
2ddc5f627cd5b639,FullCV_01,1085,CC(C)C(C=C(C(C)C)C=C1C(C)C)=C1C2=C(P([C@@]3(C[C@@H]4C5)C[C@H](C4)C[C@H]5C3)[C@]6(C7)C[C@@H](C[C@@H]7C8)C[C@@H]8C6)C(OC)=CC=C2OC,CC1=NOC(C(OCC)=O)=C1,CN1CCCN2C1=NCCC2,IC1=CC=C(C(F)(F)F)C=C1,52.67302388
62cb3c85f81fa42d,FullCV_01,1086,CC(C)C(C=C(C(C)C)C=C1C(C)C)=C1C2=C(P(C(C)(C)C)C(C)(C)C)C=CC=C2,CC1=C(C(OCC)=O)C=NO1,CN(C)P(N(C)C)(N(C)C)=NP(N(C)C)(N(C)C)=NCC,ClC1=NC=CC=C1,21.68221926
772438232b3fc525,FullCV_01,1087,CC(C)C(C=C(C(C)C)C=C1C(C)C)=C1C2=C(P(C(C)(C)C)C(C)(C)C)C=CC=C2,C1(C2=CC=CC=C2)=CON=C1,CN1CCCN2C1=NCCC2,ClC1=CC=C(CC)C=C1,16.2490011
5d886ba4104f996c,FullCV_01,1088,CC(C)C(C=C(C(C)C)C=C1C(C)C)=C1C2=C(P(C(C)(C)C)C(C)(C)C)C(OC)=CC=C2OC,C12=CON=C1C=CC=C2,CN1CCCN2C1=NCCC2,BrC1=CN=CC=C1,12.90161423
2081aefaa42e494d,FullCV_01,1089,CC(C)C(C=C(C(C)C)C=C1C(C)C)=C1C2=C(P(C(C)(C)C)C(C)(C)C)C(OC)=CC=C2OC,O=C(OC)C1=NOC(C2=CC=CS2)=C1,CN1CCCN2C1=NCCC2,BrC1=CC=C(CC)C=C1,59.21946541
fb045d8382d631d4,FullCV_01,1090,CC(C)C(C=C(C(C)C)C=C1C(C)C)=C1C2=C(P(C3CCCCC3)C4CCCCC4)C=CC=C2,C1(N(CC2=CC=CC=C2)CC3=CC=CC=C3)=CC=NO1,CN(C)P(N(C)C)(N(C)C)=NP(N(C)C)(N(C)C)=NCC,BrC1=CC=C(OC)C=C1,3.898269895
aacd7eb0ec6b6f2f,FullCV_01,1091,CC(C)C(C=C(C(C)C)C=C1C(C)C)=C1C2=C(P([C@@]3(C[C@@H]4C5)C[C@H](C4)C[C@H]5C3)[C@]6(C7)C[C@@H](C[C@@H]7C8)C[C@@H]8C6)C(OC)=CC=C2OC,CC1=C(C(OCC)=O)C=NO1,CC(C)(C)/N=C(N(C)C)/N(C)C,BrC1=CC=C(C(F)(F)F)C=C1,3.835722246
aa79b55c9e0f1b65,FullCV_01,1092,CC(C)C(C=C(C(C)C)C=C1C(C)C)=C1C2=C(P(C3CCCCC3)C4CCCCC4)C=CC=C2,C1(C2=CC=CC=C2)=CC=NO1,CN1CCCN2C1=NCCC2,IC1=CC=C(CC)C=C1,22.45064906
d7e463343e156027,FullCV_01,1093,CC(C)C(C=C(C(C)C)C=C1C(C)C)=C1C2=C(P([C@@]3(C[C@@H]4C5)C[C@H](C4)C[C@H]5C3)[C@]6(C7)C[C@@H](C[C@@H]7C8)C[C@@H]8C6)C(OC)=CC=C2OC,O=C(OC)C1=NOC(C2=CC=CS2)=C1,CC(C)(C)/N=C(N(C)C)/N(C)C,IC1=CC=C(C(F)(F)F)C=C1,33.74215602
8a7f345880fc5413,FullCV_01,1094,CC(C)C(C=C(C(C)C)C=C1C(C)C)=C1C2=C(P(C(C)(C)C)C(C)(C)C)C=CC=C2,CC1=CC(C)=NO1,CC(C)(C)/N=C(N(C)C)/N(C)C,ClC1=CC=C(C(F)(F)F)C=C1,26.29043032
2cef76b7b4884506,FullCV_01,1095,CC(C)C(C=C(C(C)C)C=C1C(C)C)=C1C2=C(P(C3CCCCC3)C4CCCCC4)C=CC=C2,CC1=CC(C(OCC)=O)=NO1,CN1CCCN2C1=NCCC2,IC1=CC=C(CC)C=C1,66.76359549
4ad860d611fac89b,FullCV_01,1096,CC(C)C(C=C(C(C)C)C=C1C(C)C)=C1C2=C(P(C(C)(C)C)C(C)(C)C)C(OC)=CC=C2OC,C1(C2=CC=CC=C2)=CC=NO1,CN(C)P(N(C)C)(N(C)C)=NP(N(C)C)(N(C)C)=NCC,IC1=NC=CC=C1,33.33065232
a2f929b51fb248b2,FullCV_01,1097,CC(C)C(C=C(C(C)C)C=C1C(C)C)=C1C2=C(P(C(C)(C)C)C(C)(C)C)C(OC)=CC=C2OC,CC1=NOC=C1,CN1CCCN2C1=NCCC2,ClC1=CC=C(CC)C=C1,4.228381568
414062f8754ee2a0,FullCV_01,1098,CC(C)C(C=C(C(C)C)C=C1C(C)C)=C1C2=C(P(C(C)(C)C)C(C)(C)C)C(OC)=CC=C2OC,O=C(OC)C1=NOC(C2=CC=CS2)=C1,CN(C)P(N(C)C)(N(C)C)=NP(N(C)C)(N(C)C)=NCC,ClC1=CC=C(CC)C=C1,5.761815995
4d12d3064104d7ae,FullCV_01,1099,CC(C)C(C=C(C(C)C)C=C1C(C)C)=C1C2=C(P(C(C)(C)C)C(C)(C)C)C(OC)=CC=C2OC,CC1=NOC(C2=CC=CC=C2)=C1,CC(C)(C)/N=C(N(C)C)/N(C)C,IC1=CC=C(C(F)(F)F)C=C1,36.0162633
ae6be2f801500aef,FullCV_01,1100,CC(C)C(C=C(C(C)C)C=C1C(C)C)=C1C2=C(P(C(C)(C)C)C(C)(C)C)C=CC=C2,CCOC(C1=CON=C1)=O,CC(C)(C)/N=C(N(C)C)/N(C)C,ClC1=CC=C(C(F)(F)F)C=C1,0.0
66e78d9eee8b5983,FullCV_01,1101,CC(C)C(C=C(C(C)C)C=C1C(C)C)=C1C2=C(P(C(C)(C)C)C(C)(C)C)C(OC)=CC=C2OC,CCOC(C1=CON=C1)=O,CN(C)P(N(C)C)(N(C)C)=NP(N(C)C)(N(C)C)=NCC,BrC1=CN=CC=C1,6.360003901
0bb812493678123f,FullCV_01,1102,CC(C)C(C=C(C(C)C)C=C1C(C)C)=C1C2=C(P([C@@]3(C[C@@H]4C5)C[C@H](C4)C[C@H]5C3)[C@]6(C7)C[C@@H](C[C@@H]7C8)C[C@@H]8C6)C(OC)=CC=C2OC,O=C(OC)C1=NOC(C2=CC=CO2)=C1,CN1CCCN2C1=NCCC2,IC1=CN=CC=C1,83.95560608
fe17e862abc7d83e,FullCV_01,1103,CC(C)C(C=C(C(C)C)C=C1C(C)C)=C1C2=C(P(C(C)(C)C)C(C)(C)C)C(OC)=CC=C2OC,C1(C2=CC=CC=C2)=CON=C1,CC(C)(C)/N=C(N(C)C)/N(C)C,IC1=CC=C(OC)C=C1,33.79435982
06fe5766a25dbf29,FullCV_01,1104,CC(C)C(C=C(C(C)C)C=C1C(C)C)=C1C2=C(P(C(C)(C)C)C(C)(C)C)C=CC=C2,CC1=NOC(C(OCC)=O)=C1,CC(C)(C)/N=C(N(C)C)/N(C)C,BrC1=CC=C(CC)C=C1,70.54955286
4bf117993f875ab8,FullCV_01,1105,CC(C)C(C=C(C(C)C)C=C1C(C)C)=C1C2=C(P(C(C)(C)C)C(C)(C)C)C=CC=C2,C1(C2=CC=CC=C2)=CON=C1,CC(C)(C)/N=C(N(C)C)/N(C)C,ClC1=CC=C(C(F)(F)F)C=C1,12.56300254
250d96215a59c9ee,FullCV_01,1106,CC(C)C(C=C(C(C)C)C=C1C(C)C)=C1C2=C(P(C3CCCCC3)C4CCCCC4)C=CC=C2,COC1=NOC(C(OCC)=O)=C1,CC(C)(C)/N=C(N(C)C)/N(C)C,IC1=CC=C(CC)C=C1,27.27757284
fa7ddca6edea5136,FullCV_01,1107,CC(C)C(C=C(C(C)C)C=C1C(C)C)=C1C2=C(P(C3CCCCC3)C4CCCCC4)C=CC=C2,C1(N(CC2=CC=CC=C2)CC3=CC=CC=C3)=CC=NO1,CC(C)(C)/N=C(N(C)C)/N(C)C,ClC1=CC=C(CC)C=C1,1.378417368
aa3347d13444032f,FullCV_01,1108,CC(C)C(C=C(C(C)C)C=C1C(C)C)=C1C2=C(P(C(C)(C)C)C(C)(C)C)C(OC)=CC=C2OC,C1(C2=CC=CC=C2)=CON=C1,CN1CCCN2C1=NCCC2,ClC1=CC=C(CC)C=C1,7.805738503
470e1cf8e095aa97,FullCV_01,1109,CC(C)C(C=C(C(C)C)C=C1C(C)C)=C1C2=C(P(C(C)(C)C)C(C)(C)C)C(OC)=CC=C2OC,CCOC(C1=NOC=C1)=O,CC(C)(C)/N=C(N(C)C)/N(C)C,ClC1=CN=CC=C1,18.36789148
c0c61714d900da00,FullCV_01,1110,CC(C)C(C=C(C(C)C)C=C1C(C)C)=C1C2=C(P(C(C)(C)C)C(C)(C)C)C(OC)=CC=C2OC,CCOC(C1=NOC=C1)=O,CN(C)P(N(C)C)(N(C)C)=NP(N(C)C)(N(C)C)=NCC,BrC1=NC=CC=C1,2.145304957
6e54e784fd555be0,FullCV_01,1111,CC(C)C(C=C(C(C)C)C=C1C(C)C)=C1C2=C(P(C(C)(C)C)C(C)(C)C)C(OC)=CC=C2OC,CC1=NOC(C2=CC=CC=C2)=C1,CC(C)(C)/N=C(N(C)C)/N(C)C,BrC1=NC=CC=C1,60.94658978
7bb1a5f0cb109a44,FullCV_01,1112,CC(C)C(C=C(C(C)C)C=C1C(C)C)=C1C2=C(P([C@@]3(C[C@@H]4C5)C[C@H](C4)C[C@H]5C3)[C@]6(C7)C[C@@H](C[C@@H]7C8)C[C@@H]8C6)C(OC)=CC=C2OC,COC1=NOC(C(OCC)=O)=C1,CN1CCCN2C1=NCCC2,ClC1=NC=CC=C1,52.59936901
d120c2d3863383ed,FullCV_01,1113,CC(C)C(C=C(C(C)C)C=C1C(C)C)=C1C2=C(P(C(C)(C)C)C(C)(C)C)C=CC=C2,C1(N(CC2=CC=CC=C2)CC3=CC=CC=C3)=NOC=C1,CC(C)(C)/N=C(N(C)C)/N(C)C,IC1=CC=C(OC)C=C1,52.14546944
fcd6c2a37093f408,FullCV_01,1114,CC(C)C(C=C(C(C)C)C=C1C(C)C)=C1C2=C(P(C(C)(C)C)C(C)(C)C)C=CC=C2,CCOC(C1=CON=C1)=O,CC(C)(C)/N=C(N(C)C)/N(C)C,BrC1=CC=C(C(F)(F)F)C=C1,1.785587557
35ba393cd2705139,FullCV_01,1115,CC(C)C(C=C(C(C)C)C=C1C(C)C)=C1C2=C(P(C(C)(C)C)C(C)(C)C)C=CC=C2,CC1=NOC(C2=CC=CC=C2)=C1,CC(C)(C)/N=C(N(C)C)/N(C)C,IC1=CC=C(C(F)(F)F)C=C1,36.57290373
805a66b4f092aa24,FullCV_01,1116,CC(C)C(C=C(C(C)C)C=C1C(C)C)=C1C2=C(P(C(C)(C)C)C(C)(C)C)C=CC=C2,CC1=NOC(C(OCC)=O)=C1,CN(C)P(N(C)C)(N(C)C)=NP(N(C)C)(N(C)C)=NCC,ClC1=CC=C(C(F)(F)F)C=C1,5.980979595
f245933bb31e6f29,FullCV_01,1117,CC(C)C(C=C(C(C)C)C=C1C(C)C)=C1C2=C(P(C3CCCCC3)C4CCCCC4)C=CC=C2,CC1=CC(C)=NO1,CN(C)P(N(C)C)(N(C)C)=NP(N(C)C)(N(C)C)=NCC,IC1=CC=C(C(F)(F)F)C=C1,37.38354754
ba8a0abf04991435,FullCV_01,1118,CC(C)C(C=C(C(C)C)C=C1C(C)C)=C1C2=C(P(C(C)(C)C)C(C)(C)C)C(OC)=CC=C2OC,C1(C2=CC=CC=C2)=NOC=C1,CC(C)(C)/N=C(N(C)C)/N(C)C,ClC1=NC=CC=C1,78.17281005
fbc88ee1b28b1fac,FullCV_01,1119,CC(C)C(C=C(C(C)C)C=C1C(C)C)=C1C2=C(P(C(C)(C)C)C(C)(C)C)C=CC=C2,C12=CON=C1C=CC=C2,CN1CCCN2C1=NCCC2,IC1=CC=C(C(F)(F)F)C=C1,33.82793233
dafb54e29523f442,FullCV_01,1120,CC(C)C(C=C(C(C)C)C=C1C(C)C)=C1C2=C(P(C(C)(C)C)C(C)(C)C)C(OC)=CC=C2OC,C12=CON=C1C=CC=C2,CN(C)P(N(C)C)(N(C)C)=NP(N(C)C)(N(C)C)=NCC,ClC1=CC=C(CC)C=C1,1.034854608
7a392d6f6f9e52fa,FullCV_01,1121,CC(C)C(C=C(C(C)C)C=C1C(C)C)=C1C2=C(P(C(C)(C)C)C(C)(C)C)C(OC)=CC=C2OC,C1(C2=CC=CC=C2)=CC=NO1,CC(C)(C)/N=C(N(C)C)/N(C)C,BrC1=CC=C(OC)C=C1,15.16664871
616f6436f7330650,FullCV_01,1122,CC(C)C(C=C(C(C)C)C=C1C(C)C)=C1C2=C(P([C@@]3(C[C@@H]4C5)C[C@H](C4)C[C@H]5C3)[C@]6(C7)C[C@@H](C[C@@H]7C8)C[C@@H]8C6)C(OC)=CC=C2OC,CC1=CC(C(OCC)=O)=NO1,CN(C)P(N(C)C)(N(C)C)=NP(N(C)C)(N(C)C)=NCC,IC1=CC=C(CC)C=C1,71.26504827
60b7a9a013286728,FullCV_01,1123,CC(C)C(C=C(C(C)C)C=C1C(C)C)=C1C2=C(P([C@@]3(C[C@@H]4C5)C[C@H](C4)C[C@H]5C3)[C@]6(C7)C[C@@H](C[C@@H]7C8)C[C@@H]8C6)C(OC)=CC=C2OC,CC1=CC(N2C=CC=C2)=NO1,CC(C)(C)/N=C(N(C)C)/N(C)C,ClC1=NC=CC=C1,44.04139335
4cdbc995d2afa3d0,FullCV_01,1124,CC(C)C(C=C(C(C)C)C=C1C(C)C)=C1C2=C(P(C(C)(C)C)C(C)(C)C)C(OC)=CC=C2OC,CC1=CC=NO1,CC(C)(C)/N=C(N(C)C)/N(C)C,BrC1=CC=C(CC)C=C1,38.82629912
9915e7b88ae180fb,FullCV_01,1125,CC(C)C(C=C(C(C)C)C=C1C(C)C)=C1C2=C(P(C3CCCCC3)C4CCCCC4)C=CC=C2,FC(C=CC=C1F)=C1C2=CC=NO2,CN1CCCN2C1=NCCC2,ClC1=CN=CC=C1,3.338911929
c97da5f7c9a351bf,FullCV_01,1126,CC(C)C(C=C(C(C)C)C=C1C(C)C)=C1C2=C(P([C@@]3(C[C@@H]4C5)C[C@H](C4)C[C@H]5C3)[C@]6(C7)C[C@@H](C[C@@H]7C8)C[C@@H]8C6)C(OC)=CC=C2OC,O=C(OC)C1=CC=NO1,CN(C)P(N(C)C)(N(C)C)=NP(N(C)C)(N(C)C)=NCC,BrC1=CC=C(CC)C=C1,9.746425367
05cb2580a8912d83,FullCV_01,1127,CC(C)C(C=C(C(C)C)C=C1C(C)C)=C1C2=C(P(C(C)(C)C)C(C)(C)C)C(OC)=CC=C2OC,CC1=NOC=C1,CC(C)(C)/N=C(N(C)C)/N(C)C,IC1=CC=C(C(F)(F)F)C=C1,50.86308576
756cf0388c712b1b,FullCV_01,1128,CC(C)C(C=C(C(C)C)C=C1C(C)C)=C1C2=C(P(C3CCCCC3)C4CCCCC4)C=CC=C2,CC1=CC(C(OCC)=O)=NO1,CN1CCCN2C1=NCCC2,ClC1=CC=C(OC)C=C1,0.828206999
c39cdde8f6e86c81,FullCV_01,1129,CC(C)C(C=C(C(C)C)C=C1C(C)C)=C1C2=C(P([C@@]3(C[C@@H]4C5)C[C@H](C4)C[C@H]5C3)[C@]6(C7)C[C@@H](C[C@@H]7C8)C[C@@H]8C6)C(OC)=CC=C2OC,FC(C=CC=C1F)=C1C2=CC=NO2,CN(C)P(N(C)C)(N(C)C)=NP(N(C)C)(N(C)C)=NCC,IC1=CC=C(C(F)(F)F)C=C1,10.78771766
0571bf343cba1dd4,FullCV_01,1130,CC(C)C(C=C(C(C)C)C=C1C(C)C)=C1C2=C(P(C(C)(C)C)C(C)(C)C)C(OC)=CC=C2OC,COC1=NOC(C(OCC)=O)=C1,CN(C)P(N(C)C)(N(C)C)=NP(N(C)C)(N(C)C)=NCC,ClC1=CC=C(CC)C=C1,6.975926865
b430d21e149fcd21,FullCV_01,1131,CC(C)C(C=C(C(C)C)C=C1C(C)C)=C1C2=C(P(C(C)(C)C)C(C)(C)C)C=CC=C2,C12=CON=C1C=CC=C2,CN1CCCN2C1=NCCC2,BrC1=NC=CC=C1,60.85990802
7112bce32c861bd9,FullCV_01,1132,CC(C)C(C=C(C(C)C)C=C1C(C)C)=C1C2=C(P(C(C)(C)C)C(C)(C)C)C=CC=C2,C1(C2=CC=CC=C2)=CON=C1,CN(C)P(N(C)C)(N(C)C)=NP(N(C)C)(N(C)C)=NCC,IC1=CN=CC=C1,70.58038327
f6b8d629b0c39249,FullCV_01,1133,CC(C)C(C=C(C(C)C)C=C1C(C)C)=C1C2=C(P(C(C)(C)C)C(C)(C)C)C=CC=C2,CCOC(C1=NOC=C1)=O,CC(C)(C)/N=C(N(C)C)/N(C)C,BrC1=CN=CC=C1,60.28357539
d4fea43ca001ffe7,FullCV_01,1134,CC(C)C(C=C(C(C)C)C=C1C(C)C)=C1C2=C(P(C(C)(C)C)C(C)(C)C)C(OC)=CC=C2OC,C12=CON=C1C=CC=C2,CN(C)P(N(C)C)(N(C)C)=NP(N(C)C)(N(C)C)=NCC,ClC1=CC=C(OC)C=C1,0.1532428
22337f2431f0c271,FullCV_01,1135,CC(C)C(C=C(C(C)C)C=C1C(C)C)=C1C2=C(P(C(C)(C)C)C(C)(C)C)C(OC)=CC=C2OC,C1(N(CC2=CC=CC=C2)CC3=CC=CC=C3)=NOC=C1,CN1CCCN2C1=NCCC2,IC1=CC=C(C(F)(F)F)C=C1,41.71330917
98a574881e79fddc,FullCV_01,1136,CC(C)C(C=C(C(C)C)C=C1C(C)C)=C1C2=C(P(C(C)(C)C)C(C)(C)C)C=CC=C2,CC1=CC(N2C=CC=C2)=NO1,CN1CCCN2C1=NCCC2,IC1=CN=CC=C1,81.27546311
626934076a02e81a,FullCV_01,1137,CC(C)C(C=C(C(C)C)C=C1C(C)C)=C1C2=C(P(C(C)(C)C)C(C)(C)C)C(OC)=CC=C2OC,C1(C2=CC=CC=C2)=NOC=C1,CN(C)P(N(C)C)(N(C)C)=NP(N(C)C)(N(C)C)=NCC,ClC1=NC=CC=C1,68.99091328
5cd25cb21f8f6740,FullCV_01,1138,CC(C)C(C=C(C(C)C)C=C1C(C)C)=C1C2=C(P(C(C)(C)C)C(C)(C)C)C=CC=C2,C1(C2=CC=CC=C2)=CC=NO1,CN1CCCN2C1=NCCC2,IC1=CC=C(C(F)(F)F)C=C1,50.13634297
2054da17e58378bd,FullCV_01,1139,CC(C)C(C=C(C(C)C)C=C1C(C)C)=C1C2=C(P(C3CCCCC3)C4CCCCC4)C=CC=C2,CCOC(C1=NOC=C1)=O,CN(C)P(N(C)C)(N(C)C)=NP(N(C)C)(N(C)C)=NCC,ClC1=CC=C(CC)C=C1,0.0
2a701c6a28357c0a,FullCV_01,1140,CC(C)C(C=C(C(C)C)C=C1C(C)C)=C1C2=C(P(C3CCCCC3)C4CCCCC4)C=CC=C2,CC1=NOC(C2=CC=CC=C2)=C1,CN1CCCN2C1=NCCC2,BrC1=NC=CC=C1,50.91041247
c1c5363cb4348e4e,FullCV_01,1141,CC(C)C(C=C(C(C)C)C=C1C(C)C)=C1C2=C(P(C3CCCCC3)C4CCCCC4)C=CC=C2,C1(C2=CC=CC=C2)=CC=NO1,CC(C)(C)/N=C(N(C)C)/N(C)C,ClC1=CC=C(C(F)(F)F)C=C1,14.01864146
d67e675a2413bfcb,FullCV_01,1142,CC(C)C(C=C(C(C)C)C=C1C(C)C)=C1C2=C(P(C3CCCCC3)C4CCCCC4)C=CC=C2,C1(N(CC2=CC=CC=C2)CC3=CC=CC=C3)=CC=NO1,CN(C)P(N(C)C)(N(C)C)=NP(N(C)C)(N(C)C)=NCC,IC1=CC=C(CC)C=C1,13.30215474
7b3ec579cf1ceb82,FullCV_01,1143,CC(C)C(C=C(C(C)C)C=C1C(C)C)=C1C2=C(P(C(C)(C)C)C(C)(C)C)C=CC=C2,CC1=CC(N2C=CC=C2)=NO1,CC(C)(C)/N=C(N(C)C)/N(C)C,ClC1=CC=C(C(F)(F)F)C=C1,34.08344524
06cfd64d7deb7c24,FullCV_01,1144,CC(C)C(C=C(C(C)C)C=C1C(C)C)=C1C2=C(P(C(C)(C)C)C(C)(C)C)C=CC=C2,CC1=C(C(OCC)=O)C=NO1,CC(C)(C)/N=C(N(C)C)/N(C)C,BrC1=NC=CC=C1,33.74087377
a85446cf5d520047,FullCV_01,1145,CC(C)C(C=C(C(C)C)C=C1C(C)C)=C1C2=C(P(C(C)(C)C)C(C)(C)C)C=CC=C2,C1(C2=CC=CC=C2)=CC=NO1,CC(C)(C)/N=C(N(C)C)/N(C)C,ClC1=NC=CC=C1,68.84655406
38536ea7e726d68b,FullCV_01,1146,CC(C)C(C=C(C(C)C)C=C1C(C)C)=C1C2=C(P(C3CCCCC3)C4CCCCC4)C=CC=C2,FC(C=CC=C1F)=C1C2=CC=NO2,CC(C)(C)/N=C(N(C)C)/N(C)C,ClC1=CC=C(CC)C=C1,1.896990139
f01b16ba0ba051fe,FullCV_01,1147,CC(C)C(C=C(C(C)C)C=C1C(C)C)=C1C2=C(P(C(C)(C)C)C(C)(C)C)C(OC)=CC=C2OC,CC1=NOC(C2=CC=CC=C2)=C1,CN(C)P(N(C)C)(N(C)C)=NP(N(C)C)(N(C)C)=NCC,IC1=CC=C(C(F)(F)F)C=C1,33.55651029
f73b40a9b9b69a85,FullCV_01,1148,CC(C)C(C=C(C(C)C)C=C1C(C)C)=C1C2=C(P(C(C)(C)C)C(C)(C)C)C(OC)=CC=C2OC,CCOC(C1=CON=C1)=O,CN1CCCN2C1=NCCC2,IC1=CC=C(C(F)(F)F)C=C1,22.47082227
c7387fbc4276eb48,FullCV_01,1149,CC(C)C(C=C(C(C)C)C=C1C(C)C)=C1C2=C(P(C(C)(C)C)C(C)(C)C)C(OC)=CC=C2OC,CC1=CC(N2C=CC=C2)=NO1,CC(C)(C)/N=C(N(C)C)/N(C)C,BrC1=CC=C(CC)C=C1,59.10146589
f62859f109c3591c,FullCV_01,1150,CC(C)C(C=C(C(C)C)C=C1C(C)C)=C1C2=C(P(C(C)(C)C)C(C)(C)C)C(OC)=CC=C2OC,C1(N(CC2=CC=CC=C2)CC3=CC=CC=C3)=NOC=C1,CN(C)P(N(C)C)(N(C)C)=NP(N(C)C)(N(C)C)=NCC,ClC1=NC=CC=C1,78.76794462
935fd6224fa4ea28,FullCV_01,1151,CC(C)C(C=C(C(C)C)C=C1C(C)C)=C1C2=C(P(C(C)(C)C)C(C)(C)C)C(OC)=CC=C2OC,CC1=CC(C(OCC)=O)=NO1,CC(C)(C)/N=C(N(C)C)/N(C)C,BrC1=CC=C(OC)C=C1,40.97949244
e57bc17ff503464e,FullCV_01,1152,CC(C)C(C=C(C(C)C)C=C1C(C)C)=C1C2=C(P(C(C)(C)C)C(C)(C)C)C(OC)=CC=C2OC,CCOC(C1=NOC=C1)=O,CN1CCCN2C1=NCCC2,ClC1=CC=C(OC)C=C1,0.578158424
02cb3fb16484d2f5,FullCV_01,1153,CC(C)C(C=C(C(C)C)C=C1C(C)C)=C1C2=C(P(C(C)(C)C)C(C)(C)C)C(OC)=CC=C2OC,CC1=CC(C)=NO1,CC(C)(C)/N=C(N(C)C)/N(C)C,IC1=CC=C(OC)C=C1,40.47969677
5657d36428d55f57,FullCV_01,1154,CC(C)C(C=C(C(C)C)C=C1C(C)C)=C1C2=C(P(C(C)(C)C)C(C)(C)C)C=CC=C2,CCOC(C1=CON=C1)=O,CN(C)P(N(C)C)(N(C)C)=NP(N(C)C)(N(C)C)=NCC,BrC1=CN=CC=C1,2.689766175
da2ce26f6d22d9ee,FullCV_01,1155,CC(C)C(C=C(C(C)C)C=C1C(C)C)=C1C2=C(P(C3CCCCC3)C4CCCCC4)C=CC=C2,CC1=C(C(OCC)=O)C=NO1,CN(C)P(N(C)C)(N(C)C)=NP(N(C)C)(N(C)C)=NCC,IC1=NC=CC=C1,17.39978172
724eb81f2cc86488,FullCV_01,1156,CC(C)C(C=C(C(C)C)C=C1C(C)C)=C1C2=C(P([C@@]3(C[C@@H]4C5)C[C@H](C4)C[C@H]5C3)[C@]6(C7)C[C@@H](C[C@@H]7C8)C[C@@H]8C6)C(OC)=CC=C2OC,C1(C2=CC=CC=C2)=NOC=C1,CN1CCCN2C1=NCCC2,ClC1=CC=C(CC)C=C1,3.135484875
a6241d91caef95e1,FullCV_01,1157,CC(C)C(C=C(C(C)C)C=C1C(C)C)=C1C2=C(P(C(C)(C)C)C(C)(C)C)C=CC=C2,C1(C2=CC=CC=C2)=NOC=C1,CC(C)(C)/N=C(N(C)C)/N(C)C,BrC1=CC=C(CC)C=C1,77.85802389
2d3fe328f19e4338,FullCV_01,1158,CC(C)C(C=C(C(C)C)C=C1C(C)C)=C1C2=C(P([C@@]3(C[C@@H]4C5)C[C@H](C4)C[C@H]5C3)[C@]6(C7)C[C@@H](C[C@@H]7C8)C[C@@H]8C6)C(OC)=CC=C2OC,CCOC(C1=NOC=C1)=O,CC(C)(C)/N=C(N(C)C)/N(C)C,IC1=CN=CC=C1,55.78951841
48a3450e37280c7b,FullCV_01,1159,CC(C)C(C=C(C(C)C)C=C1C(C)C)=C1C2=C(P(C(C)(C)C)C(C)(C)C)C(OC)=CC=C2OC,CC1=NOC=C1,CC(C)(C)/N=C(N(C)C)/N(C)C,ClC1=CC=C(CC)C=C1,0.0
88cb593df9c670b9,FullCV_01,1160,CC(C)C(C=C(C(C)C)C=C1C(C)C)=C1C2=C(P(C(C)(C)C)C(C)(C)C)C=CC=C2,CCOC(C1=CON=C1)=O,CN(C)P(N(C)C)(N(C)C)=NP(N(C)C)(N(C)C)=NCC,ClC1=CC=C(CC)C=C1,0.400015161
425dd8eb9f0ef2a6,FullCV_01,1161,CC(C)C(C=C(C(C)C)C=C1C(C)C)=C1C2=C(P([C@@]3(C[C@@H]4C5)C[C@H](C4)C[C@H]5C3)[C@]6(C7)C[C@@H](C[C@@H]7C8)C[C@@H]8C6)C(OC)=CC=C2OC,C1(N(CC2=CC=CC=C2)CC3=CC=CC=C3)=CC=NO1,CN(C)P(N(C)C)(N(C)C)=NP(N(C)C)(N(C)C)=NCC,IC1=CC=C(CC)C=C1,49.28704587
3a4dc4750ccfa026,FullCV_01,1162,CC(C)C(C=C(C(C)C)C=C1C(C)C)=C1C2=C(P([C@@]3(C[C@@H]4C5)C[C@H](C4)C[C@H]5C3)[C@]6(C7)C[C@@H](C[C@@H]7C8)C[C@@H]8C6)C(OC)=CC=C2OC,C1(C2=CC=CC=C2)=CON=C1,CN(C)P(N(C)C)(N(C)C)=NP(N(C)C)(N(C)C)=NCC,ClC1=CC=C(C(F)(F)F)C=C1,9.062775444
823342277e264844,FullCV_01,1163,CC(C)C(C=C(C(C)C)C=C1C(C)C)=C1C2=C(P(C(C)(C)C)C(C)(C)C)C(OC)=CC=C2OC,CC1=CC(C(OCC)=O)=NO1,CC(C)(C)/N=C(N(C)C)/N(C)C,ClC1=CC=C(CC)C=C1,1.497954505
1a2cffa606ef18bc,FullCV_01,1164,CC(C)C(C=C(C(C)C)C=C1C(C)C)=C1C2=C(P(C3CCCCC3)C4CCCCC4)C=CC=C2,C1(C2=CC=CC=C2)=CON=C1,CC(C)(C)/N=C(N(C)C)/N(C)C,IC1=CC=C(CC)C=C1,11.40684881
9850332f210a45af,FullCV_01,1165,CC(C)C(C=C(C(C)C)C=C1C(C)C)=C1C2=C(P([C@@]3(C[C@@H]4C5)C[C@H](C4)C[C@H]5C3)[C@]6(C7)C[C@@H](C[C@@H]7C8)C[C@@H]8C6)C(OC)=CC=C2OC,CC1=CC=NO1,CN(C)P(N(C)C)(N(C)C)=NP(N(C)C)(N(C)C)=NCC,ClC1=NC=CC=C1,17.08713871
f1a78823d7db2931,FullCV_01,1166,CC(C)C(C=C(C(C)C)C=C1C(C)C)=C1C2=C(P(C3CCCCC3)C4CCCCC4)C=CC=C2,C1(C2=CC=CC=C2)=CON=C1,CN1CCCN2C1=NCCC2,BrC1=NC=CC=C1,27.33482675
8427550e20ad7ecd,FullCV_01,1167,CC(C)C(C=C(C(C)C)C=C1C(C)C)=C1C2=C(P(C(C)(C)C)C(C)(C)C)C(OC)=CC=C2OC,CC1=NOC(C2=CC=CC=C2)=C1,CN(C)P(N(C)C)(N(C)C)=NP(N(C)C)(N(C)C)=NCC,BrC1=CC=C(C(F)(F)F)C=C1,24.60563466
2391275adac23e05,FullCV_01,1168,CC(C)C(C=C(C(C)C)C=C1C(C)C)=C1C2=C(P([C@@]3(C[C@@H]4C5)C[C@H](C4)C[C@H]5C3)[C@]6(C7)C[C@@H](C[C@@H]7C8)C[C@@H]8C6)C(OC)=CC=C2OC,O=C(OC)C1=NOC(C2=CC=CO2)=C1,CC(C)(C)/N=C(N(C)C)/N(C)C,BrC1=CC=C(C(F)(F)F)C=C1,28.78693437
7425d522d7f80849,FullCV_01,1169,CC(C)C(C=C(C(C)C)C=C1C(C)C)=C1C2=C(P(C(C)(C)C)C(C)(C)C)C=CC=C2,CC1=CC(C(OCC)=O)=NO1,CN1CCCN2C1=NCCC2,IC1=CC=C(OC)C=C1,49.9274003
a309288cc315a2ba,FullCV_01,1170,CC(C)C(C=C(C(C)C)C=C1C(C)C)=C1C2=C(P([C@@]3(C[C@@H]4C5)C[C@H](C4)C[C@H]5C3)[C@]6(C7)C[C@@H](C[C@@H]7C8)C[C@@H]8C6)C(OC)=CC=C2OC,CC1=C(C(OCC)=O)C=NO1,CN(C)P(N(C)C)(N(C)C)=NP(N(C)C)(N(C)C)=NCC,BrC1=CC=C(C(F)(F)F)C=C1,9.576264128
b18df141c9ba119b,FullCV_01,1171,CC(C)C(C=C(C(C)C)C=C1C(C)C)=C1C2=C(P([C@@]3(C[C@@H]4C5)C[C@H](C4)C[C@H]5C3)[C@]6(C7)C[C@@H](C[C@@H]7C8)C[C@@H]8C6)C(OC)=CC=C2OC,CC1=C(C(OCC)=O)C=NO1,CN1CCCN2C1=NCCC2,ClC1=CN=CC=C1,3.647451971
6e4b2d772383d8d8,FullCV_01,1172,CC(C)C(C=C(C(C)C)C=C1C(C)C)=C1C2=C(P(C3CCCCC3)C4CCCCC4)C=CC=C2,CC1=CC(N2C=CC=C2)=NO1,CN1CCCN2C1=NCCC2,IC1=CC=C(CC)C=C1,53.88645108
428a829c6e2804cf,FullCV_01,1173,CC(C)C(C=C(C(C)C)C=C1C(C)C)=C1C2=C(P(C(C)(C)C)C(C)(C)C)C(OC)=CC=C2OC,FC(C=CC=C1F)=C1C2=CC=NO2,CN1CCCN2C1=NCCC2,IC1=CC=C(OC)C=C1,44.42036094
7456211a675013f3,FullCV_01,1174,CC(C)C(C=C(C(C)C)C=C1C(C)C)=C1C2=C(P(C3CCCCC3)C4CCCCC4)C=CC=C2,O=C(OC)C1=NOC(C2=CC=CS2)=C1,CC(C)(C)/N=C(N(C)C)/N(C)C,IC1=CC=C(C(F)(F)F)C=C1,23.69345333
eb9c4e2dd573f4ba,FullCV_01,1175,CC(C)C(C=C(C(C)C)C=C1C(C)C)=C1C2=C(P(C3CCCCC3)C4CCCCC4)C=CC=C2,C12=CON=C1C=CC=C2,CN1CCCN2C1=NCCC2,BrC1=CC=C(CC)C=C1,0.830867403
b8a31f9e8b612487,FullCV_01,1176,CC(C)C(C=C(C(C)C)C=C1C(C)C)=C1C2=C(P(C3CCCCC3)C4CCCCC4)C=CC=C2,CC1=CC(N2C=CC=C2)=NO1,CN(C)P(N(C)C)(N(C)C)=NP(N(C)C)(N(C)C)=NCC,BrC1=CC=C(OC)C=C1,41.22664286
4bb03a7e4623e498,FullCV_01,1177,CC(C)C(C=C(C(C)C)C=C1C(C)C)=C1C2=C(P(C3CCCCC3)C4CCCCC4)C=CC=C2,CC1=C(C(OCC)=O)C=NO1,CN1CCCN2C1=NCCC2,IC1=CC=C(C(F)(F)F)C=C1,23.3532112
fff3d5c7bfcad33d,FullCV_01,1178,CC(C)C(C=C(C(C)C)C=C1C(C)C)=C1C2=C(P(C(C)(C)C)C(C)(C)C)C(OC)=CC=C2OC,COC1=NOC(C(OCC)=O)=C1,CN(C)P(N(C)C)(N(C)C)=NP(N(C)C)(N(C)C)=NCC,IC1=CC=C(CC)C=C1,68.43167679
36dcfb0866093958,FullCV_01,1179,CC(C)C(C=C(C(C)C)C=C1C(C)C)=C1C2=C(P(C3CCCCC3)C4CCCCC4)C=CC=C2,C1(C2=CC=CC=C2)=CC=NO1,CN1CCCN2C1=NCCC2,BrC1=CC=C(OC)C=C1,3.12306153
de7f5612cac7a063,FullCV_01,1180,CC(C)C(C=C(C(C)C)C=C1C(C)C)=C1C2=C(P([C@@]3(C[C@@H]4C5)C[C@H](C4)C[C@H]5C3)[C@]6(C7)C[C@@H](C[C@@H]7C8)C[C@@H]8C6)C(OC)=CC=C2OC,CC1=NOC(C2=CC=CC=C2)=C1,CN(C)P(N(C)C)(N(C)C)=NP(N(C)C)(N(C)C)=NCC,BrC1=CC=C(CC)C=C1,63.12102891
30c6027882876f05,FullCV_01,1181,CC(C)C(C=C(C(C)C)C=C1C(C)C)=C1C2=C(P(C(C)(C)C)C(C)(C)C)C(OC)=CC=C2OC,CC1=CC(C(OCC)=O)=NO1,CC(C)(C)/N=C(N(C)C)/N(C)C,BrC1=CC=C(C(F)(F)F)C=C1,42.64405348
4efa9d5d42987fac,FullCV_01,1182,CC(C)C(C=C(C(C)C)C=C1C(C)C)=C1C2=C(P(C(C)(C)C)C(C)(C)C)C(OC)=CC=C2OC,C1(C2=CC=CC=C2)=CON=C1,CN(C)P(N(C)C)(N(C)C)=NP(N(C)C)(N(C)C)=NCC,IC1=CN=CC=C1,66.6354412
f8db8652b131bad7,FullCV_01,1183,CC(C)C(C=C(C(C)C)C=C1C(C)C)=C1C2=C(P(C(C)(C)C)C(C)(C)C)C=CC=C2,C1(C2=CC=CC=C2)=CON=C1,CN1CCCN2C1=NCCC2,ClC1=CC=C(OC)C=C1,3.500057239
b559a60001e76117,FullCV_01,1184,CC(C)C(C=C(C(C)C)C=C1C(C)C)=C1C2=C(P([C@@]3(C[C@@H]4C5)C[C@H](C4)C[C@H]5C3)[C@]6(C7)C[C@@H](C[C@@H]7C8)C[C@@H]8C6)C(OC)=CC=C2OC,C1(C2=CC=CC=C2)=NOC=C1,CN(C)P(N(C)C)(N(C)C)=NP(N(C)C)(N(C)C)=NCC,ClC1=CC=C(C(F)(F)F)C=C1,5.298717423
2b1894128291097a,FullCV_01,1185,CC(C)C(C=C(C(C)C)C=C1C(C)C)=C1C2=C(P([C@@]3(C[C@@H]4C5)C[C@H](C4)C[C@H]5C3)[C@]6(C7)C[C@@H](C[C@@H]7C8)C[C@@H]8C6)C(OC)=CC=C2OC,FC(C=CC=C1F)=C1C2=CC=NO2,CC(C)(C)/N=C(N(C)C)/N(C)C,IC1=NC=CC=C1,53.5695113
4c3b16953b49d460,FullCV_01,1186,CC(C)C(C=C(C(C)C)C=C1C(C)C)=C1C2=C(P(C(C)(C)C)C(C)(C)C)C=CC=C2,CC1=NOC(C(OCC)=O)=C1,CN(C)P(N(C)C)(N(C)C)=NP(N(C)C)(N(C)C)=NCC,BrC1=CC=C(C(F)(F)F)C=C1,50.58289676
57496b2e67740487,FullCV_01,1187,CC(C)C(C=C(C(C)C)C=C1C(C)C)=C1C2=C(P(C(C)(C)C)C(C)(C)C)C=CC=C2,O=C(OC)C1=NOC(C2=CC=CS2)=C1,CN(C)P(N(C)C)(N(C)C)=NP(N(C)C)(N(C)C)=NCC,IC1=NC=CC=C1,70.29330199
a1b8c48ecb5dbc0e,FullCV_01,1188,CC(C)C(C=C(C(C)C)C=C1C(C)C)=C1C2=C(P(C(C)(C)C)C(C)(C)C)C(OC)=CC=C2OC,C1(C2=CC=CC=C2)=CC=NO1,CC(C)(C)/N=C(N(C)C)/N(C)C,ClC1=CC=C(C(F)(F)F)C=C1,3.88663609
368fd0552d2c00fa,FullCV_01,1189,CC(C)C(C=C(C(C)C)C=C1C(C)C)=C1C2=C(P([C@@]3(C[C@@H]4C5)C[C@H](C4)C[C@H]5C3)[C@]6(C7)C[C@@H](C[C@@H]7C8)C[C@@H]8C6)C(OC)=CC=C2OC,O=C(OC)C1=CC=NO1,CN(C)P(N(C)C)(N(C)C)=NP(N(C)C)(N(C)C)=NCC,BrC1=CC=C(C(F)(F)F)C=C1,3.932288397
065b1164a3f24b69,FullCV_01,1190,CC(C)C(C=C(C(C)C)C=C1C(C)C)=C1C2=C(P(C3CCCCC3)C4CCCCC4)C=CC=C2,C12=CON=C1C=CC=C2,CN(C)P(N(C)C)(N(C)C)=NP(N(C)C)(N(C)C)=NCC,ClC1=CC=C(OC)C=C1,0.121773863
7cd1885a58c6f721,FullCV_01,1191,CC(C)C(C=C(C(C)C)C=C1C(C)C)=C1C2=C(P(C3CCCCC3)C4CCCCC4)C=CC=C2,CC1=NOC=C1,CC(C)(C)/N=C(N(C)C)/N(C)C,BrC1=CC=C(CC)C=C1,50.97511306
af2021c7fa1ac3f7,FullCV_01,1192,CC(C)C(C=C(C(C)C)C=C1C(C)C)=C1C2=C(P([C@@]3(C[C@@H]4C5)C[C@H](C4)C[C@H]5C3)[C@]6(C7)C[C@@H](C[C@@H]7C8)C[C@@H]8C6)C(OC)=CC=C2OC,CC1=CC(C)=NO1,CN1CCCN2C1=NCCC2,BrC1=CN=CC=C1,83.80386815
ccc2766f77e635f0,FullCV_01,1193,CC(C)C(C=C(C(C)C)C=C1C(C)C)=C1C2=C(P(C(C)(C)C)C(C)(C)C)C=CC=C2,CC1=NOC(C2=CC=CC=C2)=C1,CN(C)P(N(C)C)(N(C)C)=NP(N(C)C)(N(C)C)=NCC,BrC1=CC=C(OC)C=C1,46.04956103
c679ebbe9420b35b,FullCV_01,1194,CC(C)C(C=C(C(C)C)C=C1C(C)C)=C1C2=C(P([C@@]3(C[C@@H]4C5)C[C@H](C4)C[C@H]5C3)[C@]6(C7)C[C@@H](C[C@@H]7C8)C[C@@H]8C6)C(OC)=CC=C2OC,CCOC(C1=CON=C1)=O,CC(C)(C)/N=C(N(C)C)/N(C)C,BrC1=NC=CC=C1,0.0
047850aa5179b317,FullCV_01,1195,CC(C)C(C=C(C(C)C)C=C1C(C)C)=C1C2=C(P([C@@]3(C[C@@H]4C5)C[C@H](C4)C[C@H]5C3)[C@]6(C7)C[C@@H](C[C@@H]7C8)C[C@@H]8C6)C(OC)=CC=C2OC,FC(C=CC=C1F)=C1C2=CC=NO2,CN1CCCN2C1=NCCC2,IC1=NC=CC=C1,86.42573792
ffc915ef5310b1cf,FullCV_01,1196,CC(C)C(C=C(C(C)C)C=C1C(C)C)=C1C2=C(P(C3CCCCC3)C4CCCCC4)C=CC=C2,C1(N(CC2=CC=CC=C2)CC3=CC=CC=C3)=NOC=C1,CN(C)P(N(C)C)(N(C)C)=NP(N(C)C)(N(C)C)=NCC,BrC1=CC=C(C(F)(F)F)C=C1,15.00790512
697e1718baf1b884,FullCV_01,1197,CC(C)C(C=C(C(C)C)C=C1C(C)C)=C1C2=C(P(C(C)(C)C)C(C)(C)C)C=CC=C2,C1(C2=CC=CC=C2)=CON=C1,CN(C)P(N(C)C)(N(C)C)=NP(N(C)C)(N(C)C)=NCC,BrC1=CC=C(CC)C=C1,26.75645727
9fdf8a1d12ca8be0,FullCV_01,1198,CC(C)C(C=C(C(C)C)C=C1C(C)C)=C1C2=C(P([C@@]3(C[C@@H]4C5)C[C@H](C4)C[C@H]5C3)[C@]6(C7)C[C@@H](C[C@@H]7C8)C[C@@H]8C6)C(OC)=CC=C2OC,CC1=NOC=C1,CN(C)P(N(C)C)(N(C)C)=NP(N(C)C)(N(C)C)=NCC,BrC1=CC=C(OC)C=C1,52.34346738
54d15e109a651da2,FullCV_01,1199,CC(C)C(C=C(C(C)C)C=C1C(C)C)=C1C2=C(P(C3CCCCC3)C4CCCCC4)C=CC=C2,CC1=NOC(C(OCC)=O)=C1,CN(C)P(N(C)C)(N(C)C)=NP(N(C)C)(N(C)C)=NCC,ClC1=CN=CC=C1,3.963450153
adb1bdf2c483f7e9,FullCV_01,1200,CC(C)C(C=C(C(C)C)C=C1C(C)C)=C1C2=C(P([C@@]3(C[C@@H]4C5)C[C@H](C4)C[C@H]5C3)[C@]6(C7)C[C@@H](C[C@@H]7C8)C[C@@H]8C6)C(OC)=CC=C2OC,C1(C2=CC=CC=C2)=NOC=C1,CN1CCCN2C1=NCCC2,BrC1=CC=C(OC)C=C1,54.23706273
475eb6ad48b8679e,FullCV_01,1201,CC(C)C(C=C(C(C)C)C=C1C(C)C)=C1C2=C(P(C(C)(C)C)C(C)(C)C)C(OC)=CC=C2OC,CC1=CC(C(OCC)=O)=NO1,CN(C)P(N(C)C)(N(C)C)=NP(N(C)C)(N(C)C)=NCC,IC1=CC=C(CC)C=C1,64.60847653
dbea9506ac759096,FullCV_01,1202,CC(C)C(C=C(C(C)C)C=C1C(C)C)=C1C2=C(P(C(C)(C)C)C(C)(C)C)C(OC)=CC=C2OC,CC1=C(C(OCC)=O)C=NO1,CC(C)(C)/N=C(N(C)C)/N(C)C,BrC1=CC=C(OC)C=C1,3.292807267
2e340ecaba830d08,FullCV_01,1203,CC(C)C(C=C(C(C)C)C=C1C(C)C)=C1C2=C(P(C(C)(C)C)C(C)(C)C)C(OC)=CC=C2OC,CC1=CC(C)=NO1,CN(C)P(N(C)C)(N(C)C)=NP(N(C)C)(N(C)C)=NCC,BrC1=CN=CC=C1,48.47717448
ffd4596908466228,FullCV_01,1204,CC(C)C(C=C(C(C)C)C=C1C(C)C)=C1C2=C(P(C(C)(C)C)C(C)(C)C)C(OC)=CC=C2OC,CC1=CC=NO1,CN1CCCN2C1=NCCC2,ClC1=CC=C(C(F)(F)F)C=C1,4.68080841
e6dc313b3c707852,FullCV_01,1205,CC(C)C(C=C(C(C)C)C=C1C(C)C)=C1C2=C(P(C3CCCCC3)C4CCCCC4)C=CC=C2,CC1=CC(N2C=CC=C2)=NO1,CC(C)(C)/N=C(N(C)C)/N(C)C,IC1=NC=CC=C1,44.76424476
b4173b6ffde97361,FullCV_01,1206,CC(C)C(C=C(C(C)C)C=C1C(C)C)=C1C2=C(P(C(C)(C)C)C(C)(C)C)C(OC)=CC=C2OC,C1(C2=CC=CC=C2)=CC=NO1,CN1CCCN2C1=NCCC2,ClC1=CC=C(C(F)(F)F)C=C1,9.564949769
7374090a62a4aff3,FullCV_01,1207,CC(C)C(C=C(C(C)C)C=C1C(C)C)=C1C2=C(P(C3CCCCC3)C4CCCCC4)C=CC=C2,C1(C2=CC=CC=C2)=CC=NO1,CC(C)(C)/N=C(N(C)C)/N(C)C,BrC1=NC=CC=C1,48.48749388
5fbcce460388c4fe,FullCV_01,1208,CC(C)C(C=C(C(C)C)C=C1C(C)C)=C1C2=C(P([C@@]3(C[C@@H]4C5)C[C@H](C4)C[C@H]5C3)[C@]6(C7)C[C@@H](C[C@@H]7C8)C[C@@H]8C6)C(OC)=CC=C2OC,O=C(OC)C1=NOC(C2=CC=CS2)=C1,CN1CCCN2C1=NCCC2,IC1=CC=C(OC)C=C1,46.31398784
6e3a30123ded3945,FullCV_01,1209,CC(C)C(C=C(C(C)C)C=C1C(C)C)=C1C2=C(P(C(C)(C)C)C(C)(C)C)C=CC=C2,C12=CON=C1C=CC=C2,CN(C)P(N(C)C)(N(C)C)=NP(N(C)C)(N(C)C)=NCC,IC1=CN=CC=C1,11.72782605
f730fa0bb05d3c45,FullCV_01,1210,CC(C)C(C=C(C(C)C)C=C1C(C)C)=C1C2=C(P(C(C)(C)C)C(C)(C)C)C(OC)=CC=C2OC,CC1=C(C(OCC)=O)C=NO1,CN1CCCN2C1=NCCC2,BrC1=CC=C(C(F)(F)F)C=C1,29.08430143
f84e008736321de3,FullCV_01,1211,CC(C)C(C=C(C(C)C)C=C1C(C)C)=C1C2=C(P([C@@]3(C[C@@H]4C5)C[C@H](C4)C[C@H]5C3)[C@]6(C7)C[C@@H](C[C@@H]7C8)C[C@@H]8C6)C(OC)=CC=C2OC,COC1=NOC(C(OCC)=O)=C1,CN1CCCN2C1=NCCC2,BrC1=CC=C(CC)C=C1,50.28049867
36b30903fb45f368,FullCV_01,1212,CC(C)C(C=C(C(C)C)C=C1C(C)C)=C1C2=C(P(C(C)(C)C)C(C)(C)C)C=CC=C2,C12=C(C=CC=C2)ON=C1,CN1CCCN2C1=NCCC2,ClC1=CC=C(OC)C=C1,1.858400826
bfeb62970e6d5578,FullCV_01,1213,CC(C)C(C=C(C(C)C)C=C1C(C)C)=C1C2=C(P(C3CCCCC3)C4CCCCC4)C=CC=C2,CC1=C(C(OCC)=O)C=NO1,CN(C)P(N(C)C)(N(C)C)=NP(N(C)C)(N(C)C)=NCC,ClC1=CN=CC=C1,17.22825534
8fcaf1b157c4e2c1,FullCV_01,1214,CC(C)C(C=C(C(C)C)C=C1C(C)C)=C1C2=C(P([C@@]3(C[C@@H]4C5)C[C@H](C4)C[C@H]5C3)[C@]6(C7)C[C@@H](C[C@@H]7C8)C[C@@H]8C6)C(OC)=CC=C2OC,O=C(OC)C1=NOC(C2=CC=CO2)=C1,CN(C)P(N(C)C)(N(C)C)=NP(N(C)C)(N(C)C)=NCC,IC1=CC=C(C(F)(F)F)C=C1,30.7124479
f0f82782e88de628,FullCV_01,1215,CC(C)C(C=C(C(C)C)C=C1C(C)C)=C1C2=C(P([C@@]3(C[C@@H]4C5)C[C@H](C4)C[C@H]5C3)[C@]6(C7)C[C@@H](C[C@@H]7C8)C[C@@H]8C6)C(OC)=CC=C2OC,O=C(OC)C1=NOC(C2=CC=CO2)=C1,CN1CCCN2C1=NCCC2,ClC1=CC=C(CC)C=C1,0.490842961
26baeb893b8b0f2f,FullCV_01,1216,CC(C)C(C=C(C(C)C)C=C1C(C)C)=C1C2=C(P([C@@]3(C[C@@H]4C5)C[C@H](C4)C[C@H]5C3)[C@]6(C7)C[C@@H](C[C@@H]7C8)C[C@@H]8C6)C(OC)=CC=C2OC,C1(N(CC2=CC=CC=C2)CC3=CC=CC=C3)=NOC=C1,CN(C)P(N(C)C)(N(C)C)=NP(N(C)C)(N(C)C)=NCC,BrC1=CC=C(C(F)(F)F)C=C1,15.74680272
fbd8887abf05671b,FullCV_01,1217,CC(C)C(C=C(C(C)C)C=C1C(C)C)=C1C2=C(P(C(C)(C)C)C(C)(C)C)C(OC)=CC=C2OC,C12=C(C=CC=C2)ON=C1,CN1CCCN2C1=NCCC2,IC1=NC=CC=C1,89.5987779
392c6de880cc7761,FullCV_01,1218,CC(C)C(C=C(C(C)C)C=C1C(C)C)=C1C2=C(P(C(C)(C)C)C(C)(C)C)C(OC)=CC=C2OC,FC(C=CC=C1F)=C1C2=CC=NO2,CN1CCCN2C1=NCCC2,ClC1=CC=C(OC)C=C1,0.568210949
f4df084abca0ddb0,FullCV_01,1219,CC(C)C(C=C(C(C)C)C=C1C(C)C)=C1C2=C(P([C@@]3(C[C@@H]4C5)C[C@H](C4)C[C@H]5C3)[C@]6(C7)C[C@@H](C[C@@H]7C8)C[C@@H]8C6)C(OC)=CC=C2OC,C1(N(CC2=CC=CC=C2)CC3=CC=CC=C3)=NOC=C1,CN1CCCN2C1=NCCC2,ClC1=NC=CC=C1,89.07661609
77541a4c884945aa,FullCV_01,1220,CC(C)C(C=C(C(C)C)C=C1C(C)C)=C1C2=C(P(C(C)(C)C)C(C)(C)C)C=CC=C2,COC1=NOC(C(OCC)=O)=C1,CN1CCCN2C1=NCCC2,IC1=CC=C(C(F)(F)F)C=C1,42.68462411
4611c6dfbdeea799,FullCV_01,1221,CC(C)C(C=C(C(C)C)C=C1C(C)C)=C1C2=C(P(C(C)(C)C)C(C)(C)C)C(OC)=CC=C2OC,O=C(OC)C1=NOC(C2=CC=CO2)=C1,CC(C)(C)/N=C(N(C)C)/N(C)C,BrC1=CC=C(CC)C=C1,50.63065751
4b1ff7d33d251298,FullCV_01,1222,CC(C)C(C=C(C(C)C)C=C1C(C)C)=C1C2=C(P(C(C)(C)C)C(C)(C)C)C(OC)=CC=C2OC,C1(N(CC2=CC=CC=C2)CC3=CC=CC=C3)=CC=NO1,CC(C)(C)/N=C(N(C)C)/N(C)C,ClC1=CN=CC=C1,4.069080612
a100df235a3a30d0,FullCV_01,1223,CC(C)C(C=C(C(C)C)C=C1C(C)C)=C1C2=C(P([C@@]3(C[C@@H]4C5)C[C@H](C4)C[C@H]5C3)[C@]6(C7)C[C@@H](C[C@@H]7C8)C[C@@H]8C6)C(OC)=CC=C2OC,CC1=CC(C(OCC)=O)=NO1,CN(C)P(N(C)C)(N(C)C)=NP(N(C)C)(N(C)C)=NCC,BrC1=CC=C(OC)C=C1,47.71300168
ba0b643b1800bf86,FullCV_01,1224,CC(C)C(C=C(C(C)C)C=C1C(C)C)=C1C2=C(P(C(C)(C)C)C(C)(C)C)C(OC)=CC=C2OC,CC1=C(C(OCC)=O)C=NO1,CN1CCCN2C1=NCCC2,ClC1=CC=C(CC)C=C1,7.689322987
389679190bad0004,FullCV_01,1225,CC(C)C(C=C(C(C)C)C=C1C(C)C)=C1C2=C(P(C(C)(C)C)C(C)(C)C)C=CC=C2,C1(N(CC2=CC=CC=C2)CC3=CC=CC=C3)=NOC=C1,CN(C)P(N(C)C)(N(C)C)=NP(N(C)C)(N(C)C)=NCC,IC1=CN=CC=C1,76.79526891
4b546af1b689c6c5,FullCV_01,1226,CC(C)C(C=C(C(C)C)C=C1C(C)C)=C1C2=C(P(C3CCCCC3)C4CCCCC4)C=CC=C2,CC1=NOC=C1,CN1CCCN2C1=NCCC2,BrC1=CN=CC=C1,35.81675951
b58ddea214dff510,FullCV_01,1227,CC(C)C(C=C(C(C)C)C=C1C(C)C)=C1C2=C(P([C@@]3(C[C@@H]4C5)C[C@H](C4)C[C@H]5C3)[C@]6(C7)C[C@@H](C[C@@H]7C8)C[C@@H]8C6)C(OC)=CC=C2OC,CC1=CC(C(OCC)=O)=NO1,CN(C)P(N(C)C)(N(C)C)=NP(N(C)C)(N(C)C)=NCC,BrC1=CN=CC=C1,52.86647451
c932d5afd97c211b,FullCV_01,1228,CC(C)C(C=C(C(C)C)C=C1C(C)C)=C1C2=C(P([C@@]3(C[C@@H]4C5)C[C@H](C4)C[C@H]5C3)[C@]6(C7)C[C@@H](C[C@@H]7C8)C[C@@H]8C6)C(OC)=CC=C2OC,CC1=CC(N2C=CC=C2)=NO1,CN1CCCN2C1=NCCC2,BrC1=CC=C(OC)C=C1,43.83894822
ac425ff5caef10bc,FullCV_01,1229,CC(C)C(C=C(C(C)C)C=C1C(C)C)=C1C2=C(P(C3CCCCC3)C4CCCCC4)C=CC=C2,CC1=CC(C(OCC)=O)=NO1,CN1CCCN2C1=NCCC2,IC1=CC=C(C(F)(F)F)C=C1,43.5835106
5d6c513d089acdc5,FullCV_01,1230,CC(C)C(C=C(C(C)C)C=C1C(C)C)=C1C2=C(P(C3CCCCC3)C4CCCCC4)C=CC=C2,CCOC(C1=CON=C1)=O,CN(C)P(N(C)C)(N(C)C)=NP(N(C)C)(N(C)C)=NCC,ClC1=NC=CC=C1,0.0
2a86bff88b90b083,FullCV_01,1231,CC(C)C(C=C(C(C)C)C=C1C(C)C)=C1C2=C(P(C(C)(C)C)C(C)(C)C)C(OC)=CC=C2OC,CC1=NOC=C1,CN(C)P(N(C)C)(N(C)C)=NP(N(C)C)(N(C)C)=NCC,IC1=CC=C(OC)C=C1,37.40734019
2ab3c6252f4e7ad6,FullCV_01,1232,CC(C)C(C=C(C(C)C)C=C1C(C)C)=C1C2=C(P(C(C)(C)C)C(C)(C)C)C(OC)=CC=C2OC,C12=CON=C1C=CC=C2,CN(C)P(N(C)C)(N(C)C)=NP(N(C)C)(N(C)C)=NCC,ClC1=CN=CC=C1,6.968372781
c9f9e9f9ad16f019,FullCV_01,1233,CC(C)C(C=C(C(C)C)C=C1C(C)C)=C1C2=C(P(C(C)(C)C)C(C)(C)C)C(OC)=CC=C2OC,C1(N(CC2=CC=CC=C2)CC3=CC=CC=C3)=CC=NO1,CN(C)P(N(C)C)(N(C)C)=NP(N(C)C)(N(C)C)=NCC,ClC1=CC=C(OC)C=C1,0.572188732
57efd3e3a8b08c27,FullCV_01,1234,CC(C)C(C=C(C(C)C)C=C1C(C)C)=C1C2=C(P(C3CCCCC3)C4CCCCC4)C=CC=C2,CC1=CC=NO1,CN1CCCN2C1=NCCC2,BrC1=CN=CC=C1,18.1188647
a900981f6bb0c6a6,FullCV_01,1235,CC(C)C(C=C(C(C)C)C=C1C(C)C)=C1C2=C(P(C3CCCCC3)C4CCCCC4)C=CC=C2,CC1=CC(C(OCC)=O)=NO1,CN(C)P(N(C)C)(N(C)C)=NP(N(C)C)(N(C)C)=NCC,BrC1=CC=C(OC)C=C1,16.64966496
3a8c879f6816818f,FullCV_01,1236,CC(C)C(C=C(C(C)C)C=C1C(C)C)=C1C2=C(P([C@@]3(C[C@@H]4C5)C[C@H](C4)C[C@H]5C3)[C@]6(C7)C[C@@H](C[C@@H]7C8)C[C@@H]8C6)C(OC)=CC=C2OC,CC1=NOC(C(OCC)=O)=C1,CN1CCCN2C1=NCCC2,ClC1=NC=CC=C1,67.67136056
0a6c455107994697,FullCV_01,1237,CC(C)C(C=C(C(C)C)C=C1C(C)C)=C1C2=C(P([C@@]3(C[C@@H]4C5)C[C@H](C4)C[C@H]5C3)[C@]6(C7)C[C@@H](C[C@@H]7C8)C[C@@H]8C6)C(OC)=CC=C2OC,CC1=CC(N2C=CC=C2)=NO1,CN1CCCN2C1=NCCC2,IC1=CC=C(CC)C=C1,74.90352783
f53a3679b5a72a14,FullCV_01,1238,CC(C)C(C=C(C(C)C)C=C1C(C)C)=C1C2=C(P([C@@]3(C[C@@H]4C5)C[C@H](C4)C[C@H]5C3)[C@]6(C7)C[C@@H](C[C@@H]7C8)C[C@@H]8C6)C(OC)=CC=C2OC,C1(N(CC2=CC=CC=C2)CC3=CC=CC=C3)=CC=NO1,CC(C)(C)/N=C(N(C)C)/N(C)C,IC1=CN=CC=C1,59.16216512
afe81366a2275acd,FullCV_01,1239,CC(C)C(C=C(C(C)C)C=C1C(C)C)=C1C2=C(P(C3CCCCC3)C4CCCCC4)C=CC=C2,CCOC(C1=CON=C1)=O,CN1CCCN2C1=NCCC2,ClC1=CC=C(CC)C=C1,3.525705852
a9c2308da8c75782,FullCV_01,1240,CC(C)C(C=C(C(C)C)C=C1C(C)C)=C1C2=C(P(C3CCCCC3)C4CCCCC4)C=CC=C2,CC1=CC(C(OCC)=O)=NO1,CC(C)(C)/N=C(N(C)C)/N(C)C,IC1=CC=C(CC)C=C1,37.1696242
68d4ce3e659e250e,FullCV_01,1241,CC(C)C(C=C(C(C)C)C=C1C(C)C)=C1C2=C(P(C(C)(C)C)C(C)(C)C)C(OC)=CC=C2OC,CCOC(C1=NOC=C1)=O,CN1CCCN2C1=NCCC2,IC1=CN=CC=C1,87.237545
52c6ac74063f9b60,FullCV_01,1242,CC(C)C(C=C(C(C)C)C=C1C(C)C)=C1C2=C(P(C3CCCCC3)C4CCCCC4)C=CC=C2,O=C(OC)C1=CC=NO1,CC(C)(C)/N=C(N(C)C)/N(C)C,ClC1=CC=C(C(F)(F)F)C=C1,7.131859569
feb41f206ff2fd1f,FullCV_01,1243,CC(C)C(C=C(C(C)C)C=C1C(C)C)=C1C2=C(P(C(C)(C)C)C(C)(C)C)C(OC)=CC=C2OC,C1(C2=CC=CC=C2)=CON=C1,CN(C)P(N(C)C)(N(C)C)=NP(N(C)C)(N(C)C)=NCC,BrC1=CN=CC=C1,70.56509529
a1dd3c6ebf4f95ae,FullCV_01,1244,CC(C)C(C=C(C(C)C)C=C1C(C)C)=C1C2=C(P([C@@]3(C[C@@H]4C5)C[C@H](C4)C[C@H]5C3)[C@]6(C7)C[C@@H](C[C@@H]7C8)C[C@@H]8C6)C(OC)=CC=C2OC,CC1=NOC(C2=CC=CC=C2)=C1,CN1CCCN2C1=NCCC2,IC1=CN=CC=C1,82.20776042
e2d132cede34d101,FullCV_01,1245,CC(C)C(C=C(C(C)C)C=C1C(C)C)=C1C2=C(P([C@@]3(C[C@@H]4C5)C[C@H](C4)C[C@H]5C3)[C@]6(C7)C[C@@H](C[C@@H]7C8)C[C@@H]8C6)C(OC)=CC=C2OC,CC1=NOC=C1,CC(C)(C)/N=C(N(C)C)/N(C)C,BrC1=CC=C(OC)C=C1,43.34412585
cff2854f56638c8d,FullCV_01,1246,CC(C)C(C=C(C(C)C)C=C1C(C)C)=C1C2=C(P(C(C)(C)C)C(C)(C)C)C(OC)=CC=C2OC,CC1=C(C(OCC)=O)C=NO1,CC(C)(C)/N=C(N(C)C)/N(C)C,IC1=NC=CC=C1,36.05690183
c2f7f59bfb848e47,FullCV_01,1247,CC(C)C(C=C(C(C)C)C=C1C(C)C)=C1C2=C(P(C3CCCCC3)C4CCCCC4)C=CC=C2,CC1=CC=NO1,CC(C)(C)/N=C(N(C)C)/N(C)C,BrC1=CC=C(C(F)(F)F)C=C1,28.39895545
99f856d4de3985d5,FullCV_01,1248,CC(C)C(C=C(C(C)C)C=C1C(C)C)=C1C2=C(P(C(C)(C)C)C(C)(C)C)C(OC)=CC=C2OC,C12=C(C=CC=C2)ON=C1,CC(C)(C)/N=C(N(C)C)/N(C)C,IC1=NC=CC=C1,47.63381676
9a4671812bcdd19d,FullCV_01,1249,CC(C)C(C=C(C(C)C)C=C1C(C)C)=C1C2=C(P([C@@]3(C[C@@H]4C5)C[C@H](C4)C[C@H]5C3)[C@]6(C7)C[C@@H](C[C@@H]7C8)C[C@@H]8C6)C(OC)=CC=C2OC,CC1=NOC(C(OCC)=O)=C1,CN1CCCN2C1=NCCC2,IC1=NC=CC=C1,99.03446213
edd276f870b8b125,FullCV_01,1250,CC(C)C(C=C(C(C)C)C=C1C(C)C)=C1C2=C(P(C(C)(C)C)C(C)(C)C)C(OC)=CC=C2OC,COC1=NOC(C(OCC)=O)=C1,CN1CCCN2C1=NCCC2,ClC1=CC=C(C(F)(F)F)C=C1,3.638207936
a05cc127104079cf,FullCV_01,1251,CC(C)C(C=C(C(C)C)C=C1C(C)C)=C1C2=C(P(C(C)(C)C)C(C)(C)C)C=CC=C2,O=C(OC)C1=NOC(C2=CC=CO2)=C1,CN1CCCN2C1=NCCC2,IC1=NC=CC=C1,86.49714531
3982d0563a1604fb,FullCV_01,1252,CC(C)C(C=C(C(C)C)C=C1C(C)C)=C1C2=C(P(C(C)(C)C)C(C)(C)C)C(OC)=CC=C2OC,CC1=NOC(C(OCC)=O)=C1,CN(C)P(N(C)C)(N(C)C)=NP(N(C)C)(N(C)C)=NCC,ClC1=CC=C(C(F)(F)F)C=C1,1.297818598
221a7024bc44cabb,FullCV_01,1253,CC(C)C(C=C(C(C)C)C=C1C(C)C)=C1C2=C(P(C3CCCCC3)C4CCCCC4)C=CC=C2,O=C(OC)C1=NOC(C2=CC=CO2)=C1,CC(C)(C)/N=C(N(C)C)/N(C)C,IC1=CC=C(C(F)(F)F)C=C1,26.99117029
68dab0e8b9e8870f,FullCV_01,1254,CC(C)C(C=C(C(C)C)C=C1C(C)C)=C1C2=C(P(C3CCCCC3)C4CCCCC4)C=CC=C2,C1(C2=CC=CC=C2)=CC=NO1,CN1CCCN2C1=NCCC2,ClC1=CN=CC=C1,6.351542297
0ab41d040b02dfd6,FullCV_01,1255,CC(C)C(C=C(C(C)C)C=C1C(C)C)=C1C2=C(P(C3CCCCC3)C4CCCCC4)C=CC=C2,COC1=NOC(C(OCC)=O)=C1,CN(C)P(N(C)C)(N(C)C)=NP(N(C)C)(N(C)C)=NCC,IC1=CC=C(CC)C=C1,64.50667156
5fdb4f8cfc1c6aa5,FullCV_01,1256,CC(C)C(C=C(C(C)C)C=C1C(C)C)=C1C2=C(P(C3CCCCC3)C4CCCCC4)C=CC=C2,C1(C2=CC=CC=C2)=CON=C1,CN(C)P(N(C)C)(N(C)C)=NP(N(C)C)(N(C)C)=NCC,IC1=CN=CC=C1,64.66756982
35b91df6b0dbfb3e,FullCV_01,1257,CC(C)C(C=C(C(C)C)C=C1C(C)C)=C1C2=C(P([C@@]3(C[C@@H]4C5)C[C@H](C4)C[C@H]5C3)[C@]6(C7)C[C@@H](C[C@@H]7C8)C[C@@H]8C6)C(OC)=CC=C2OC,FC(C=CC=C1F)=C1C2=CC=NO2,CN1CCCN2C1=NCCC2,ClC1=CC=C(CC)C=C1,0.727174946
f73e23dff0901cce,FullCV_01,1258,CC(C)C(C=C(C(C)C)C=C1C(C)C)=C1C2=C(P(C3CCCCC3)C4CCCCC4)C=CC=C2,COC1=NOC(C(OCC)=O)=C1,CN(C)P(N(C)C)(N(C)C)=NP(N(C)C)(N(C)C)=NCC,BrC1=CC=C(C(F)(F)F)C=C1,32.87780619
d1d3d14dd52cc542,FullCV_01,1259,CC(C)C(C=C(C(C)C)C=C1C(C)C)=C1C2=C(P(C(C)(C)C)C(C)(C)C)C(OC)=CC=C2OC,CC1=NOC=C1,CN1CCCN2C1=NCCC2,ClC1=NC=CC=C1,87.76406197
c7f4217e111a981e,FullCV_01,1260,CC(C)C(C=C(C(C)C)C=C1C(C)C)=C1C2=C(P(C(C)(C)C)C(C)(C)C)C=CC=C2,FC(C=CC=C1F)=C1C2=CC=NO2,CN(C)P(N(C)C)(N(C)C)=NP(N(C)C)(N(C)C)=NCC,BrC1=CC=C(C(F)(F)F)C=C1,16.79477369
65f411fe4ae7037d,FullCV_01,1261,CC(C)C(C=C(C(C)C)C=C1C(C)C)=C1C2=C(P(C(C)(C)C)C(C)(C)C)C(OC)=CC=C2OC,CC1=NOC=C1,CN1CCCN2C1=NCCC2,ClC1=CC=C(C(F)(F)F)C=C1,18.21528105
e118cb636095bbe5,FullCV_01,1262,CC(C)C(C=C(C(C)C)C=C1C(C)C)=C1C2=C(P(C3CCCCC3)C4CCCCC4)C=CC=C2,CC1=NOC(C(OCC)=O)=C1,CN(C)P(N(C)C)(N(C)C)=NP(N(C)C)(N(C)C)=NCC,ClC1=CC=C(C(F)(F)F)C=C1,3.606676847
c481475a3276f7d8,FullCV_01,1263,CC(C)C(C=C(C(C)C)C=C1C(C)C)=C1C2=C(P(C(C)(C)C)C(C)(C)C)C(OC)=CC=C2OC,C1(N(CC2=CC=CC=C2)CC3=CC=CC=C3)=CC=NO1,CN(C)P(N(C)C)(N(C)C)=NP(N(C)C)(N(C)C)=NCC,IC1=NC=CC=C1,58.17261114
a467b8cbadb3fba2,FullCV_01,1264,CC(C)C(C=C(C(C)C)C=C1C(C)C)=C1C2=C(P(C(C)(C)C)C(C)(C)C)C=CC=C2,C1(N(CC2=CC=CC=C2)CC3=CC=CC=C3)=CC=NO1,CN1CCCN2C1=NCCC2,BrC1=NC=CC=C1,78.70773698
33ad6aaa9617ef6d,FullCV_01,1265,CC(C)C(C=C(C(C)C)C=C1C(C)C)=C1C2=C(P(C(C)(C)C)C(C)(C)C)C=CC=C2,CC1=CC=NO1,CN1CCCN2C1=NCCC2,ClC1=CN=CC=C1,39.62688642
100b4664b1cdffe4,FullCV_01,1266,CC(C)C(C=C(C(C)C)C=C1C(C)C)=C1C2=C(P(C(C)(C)C)C(C)(C)C)C(OC)=CC=C2OC,O=C(OC)C1=CC=NO1,CN1CCCN2C1=NCCC2,BrC1=NC=CC=C1,46.16924796
5e2321b57b2fca3f,FullCV_01,1267,CC(C)C(C=C(C(C)C)C=C1C(C)C)=C1C2=C(P(C(C)(C)C)C(C)(C)C)C(OC)=CC=C2OC,CC1=CC=NO1,CC(C)(C)/N=C(N(C)C)/N(C)C,IC1=NC=CC=C1,65.15148191
5591c62b283dc5f9,FullCV_01,1268,CC(C)C(C=C(C(C)C)C=C1C(C)C)=C1C2=C(P(C3CCCCC3)C4CCCCC4)C=CC=C2,CC1=NOC(C2=CC=CC=C2)=C1,CN(C)P(N(C)C)(N(C)C)=NP(N(C)C)(N(C)C)=NCC,ClC1=CN=CC=C1,18.04784884
09c6ccb09359e8ca,FullCV_01,1269,CC(C)C(C=C(C(C)C)C=C1C(C)C)=C1C2=C(P([C@@]3(C[C@@H]4C5)C[C@H](C4)C[C@H]5C3)[C@]6(C7)C[C@@H](C[C@@H]7C8)C[C@@H]8C6)C(OC)=CC=C2OC,O=C(OC)C1=NOC(C2=CC=CO2)=C1,CN1CCCN2C1=NCCC2,IC1=CC=C(CC)C=C1,69.71995068
9d7a965051f8d06e,FullCV_01,1270,CC(C)C(C=C(C(C)C)C=C1C(C)C)=C1C2=C(P(C(C)(C)C)C(C)(C)C)C(OC)=CC=C2OC,C1(C2=CC=CC=C2)=CON=C1,CN1CCCN2C1=NCCC2,IC1=NC=CC=C1,99.99999
0bf762a68ae460ff,FullCV_01,1271,CC(C)C(C=C(C(C)C)C=C1C(C)C)=C1C2=C(P([C@@]3(C[C@@H]4C5)C[C@H](C4)C[C@H]5C3)[C@]6(C7)C[C@@H](C[C@@H]7C8)C[C@@H]8C6)C(OC)=CC=C2OC,C1(C2=CC=CC=C2)=CON=C1,CN1CCCN2C1=NCCC2,BrC1=CC=C(OC)C=C1,28.52881836
9f21578cac4ae6ea,FullCV_01,1272,CC(C)C(C=C(C(C)C)C=C1C(C)C)=C1C2=C(P(C(C)(C)C)C(C)(C)C)C(OC)=CC=C2OC,CC1=CC=NO1,CN1CCCN2C1=NCCC2,BrC1=CC=C(CC)C=C1,64.99704829
a1cbf659c3eadc05,FullCV_01,1273,CC(C)C(C=C(C(C)C)C=C1C(C)C)=C1C2=C(P(C3CCCCC3)C4CCCCC4)C=CC=C2,C1(C2=CC=CC=C2)=NOC=C1,CC(C)(C)/N=C(N(C)C)/N(C)C,ClC1=CN=CC=C1,18.46342998
ab0d678d33e36266,FullCV_01,1274,CC(C)C(C=C(C(C)C)C=C1C(C)C)=C1C2=C(P(C(C)(C)C)C(C)(C)C)C(OC)=CC=C2OC,O=C(OC)C1=NOC(C2=CC=CO2)=C1,CN(C)P(N(C)C)(N(C)C)=NP(N(C)C)(N(C)C)=NCC,ClC1=CC=C(CC)C=C1,4.950264204
8b430a51ae2ac5cb,FullCV_01,1275,CC(C)C(C=C(C(C)C)C=C1C(C)C)=C1C2=C(P(C(C)(C)C)C(C)(C)C)C(OC)=CC=C2OC,C1(C2=CC=CC=C2)=NOC=C1,CC(C)(C)/N=C(N(C)C)/N(C)C,ClC1=CC=C(CC)C=C1,2.461539411
8220e10186b03ca7,FullCV_01,1276,CC(C)C(C=C(C(C)C)C=C1C(C)C)=C1C2=C(P(C3CCCCC3)C4CCCCC4)C=CC=C2,C1(N(CC2=CC=CC=C2)CC3=CC=CC=C3)=NOC=C1,CN1CCCN2C1=NCCC2,IC1=NC=CC=C1,64.88423444
feb983902efb3f1c,FullCV_01,1277,CC(C)C(C=C(C(C)C)C=C1C(C)C)=C1C2=C(P(C(C)(C)C)C(C)(C)C)C(OC)=CC=C2OC,CCOC(C1=CON=C1)=O,CN1CCCN2C1=NCCC2,ClC1=CC=C(CC)C=C1,13.65409275
0ddead36bd704ec3,FullCV_01,1278,CC(C)C(C=C(C(C)C)C=C1C(C)C)=C1C2=C(P(C3CCCCC3)C4CCCCC4)C=CC=C2,CCOC(C1=CON=C1)=O,CN(C)P(N(C)C)(N(C)C)=NP(N(C)C)(N(C)C)=NCC,IC1=NC=CC=C1,0.0
b27478493f172fc0,FullCV_01,1279,CC(C)C(C=C(C(C)C)C=C1C(C)C)=C1C2=C(P(C3CCCCC3)C4CCCCC4)C=CC=C2,O=C(OC)C1=NOC(C2=CC=CO2)=C1,CN1CCCN2C1=NCCC2,ClC1=CC=C(OC)C=C1,0.0
2572f7f33582a763,FullCV_01,1280,CC(C)C(C=C(C(C)C)C=C1C(C)C)=C1C2=C(P(C(C)(C)C)C(C)(C)C)C=CC=C2,CC1=CC=NO1,CN(C)P(N(C)C)(N(C)C)=NP(N(C)C)(N(C)C)=NCC,BrC1=NC=CC=C1,38.88072897
a6e137aab7847988,FullCV_01,1281,CC(C)C(C=C(C(C)C)C=C1C(C)C)=C1C2=C(P(C(C)(C)C)C(C)(C)C)C=CC=C2,C1(N(CC2=CC=CC=C2)CC3=CC=CC=C3)=CC=NO1,CN1CCCN2C1=NCCC2,BrC1=CC=C(CC)C=C1,39.55034963
70860375af555f04,FullCV_01,1282,CC(C)C(C=C(C(C)C)C=C1C(C)C)=C1C2=C(P(C(C)(C)C)C(C)(C)C)C(OC)=CC=C2OC,C1(N(CC2=CC=CC=C2)CC3=CC=CC=C3)=CC=NO1,CN(C)P(N(C)C)(N(C)C)=NP(N(C)C)(N(C)C)=NCC,ClC1=CN=CC=C1,13.53376242
40346c2c4c99c791,FullCV_01,1283,CC(C)C(C=C(C(C)C)C=C1C(C)C)=C1C2=C(P(C(C)(C)C)C(C)(C)C)C(OC)=CC=C2OC,CC1=CC(C)=NO1,CN(C)P(N(C)C)(N(C)C)=NP(N(C)C)(N(C)C)=NCC,ClC1=CN=CC=C1,8.990373152
5e1bb3f60c148722,FullCV_01,1284,CC(C)C(C=C(C(C)C)C=C1C(C)C)=C1C2=C(P(C(C)(C)C)C(C)(C)C)C=CC=C2,C1(C2=CC=CC=C2)=CON=C1,CC(C)(C)/N=C(N(C)C)/N(C)C,BrC1=CN=CC=C1,78.00495066
8be5cf55ebb4eb4c,FullCV_01,1285,CC(C)C(C=C(C(C)C)C=C1C(C)C)=C1C2=C(P(C(C)(C)C)C(C)(C)C)C(OC)=CC=C2OC,CC1=CC(N2C=CC=C2)=NO1,CN(C)P(N(C)C)(N(C)C)=NP(N(C)C)(N(C)C)=NCC,BrC1=CN=CC=C1,17.80357266
5d94663c9795db4e,FullCV_01,1286,CC(C)C(C=C(C(C)C)C=C1C(C)C)=C1C2=C(P([C@@]3(C[C@@H]4C5)C[C@H](C4)C[C@H]5C3)[C@]6(C7)C[C@@H](C[C@@H]7C8)C[C@@H]8C6)C(OC)=CC=C2OC,CC1=CC(C(OCC)=O)=NO1,CC(C)(C)/N=C(N(C)C)/N(C)C,BrC1=CC=C(OC)C=C1,40.29418927
c35791bc6fcb7bf2,FullCV_01,1287,CC(C)C(C=C(C(C)C)C=C1C(C)C)=C1C2=C(P(C3CCCCC3)C4CCCCC4)C=CC=C2,CC1=NOC(C(OCC)=O)=C1,CN(C)P(N(C)C)(N(C)C)=NP(N(C)C)(N(C)C)=NCC,IC1=CC=C(CC)C=C1,70.96873006
2ed48c9acb6ee1fe,FullCV_01,1288,CC(C)C(C=C(C(C)C)C=C1C(C)C)=C1C2=C(P(C(C)(C)C)C(C)(C)C)C=CC=C2,CC1=CC(N2C=CC=C2)=NO1,CN1CCCN2C1=NCCC2,ClC1=CN=CC=C1,44.56568658
c1ae021a3e37dd7c,FullCV_01,1289,CC(C)C(C=C(C(C)C)C=C1C(C)C)=C1C2=C(P(C(C)(C)C)C(C)(C)C)C(OC)=CC=C2OC,O=C(OC)C1=CC=NO1,CN1CCCN2C1=NCCC2,IC1=CN=CC=C1,70.18702806
0987c5308dc79a4c,FullCV_01,1290,CC(C)C(C=C(C(C)C)C=C1C(C)C)=C1C2=C(P(C(C)(C)C)C(C)(C)C)C=CC=C2,C12=CON=C1C=CC=C2,CN(C)P(N(C)C)(N(C)C)=NP(N(C)C)(N(C)C)=NCC,ClC1=CC=C(C(F)(F)F)C=C1,10.05139356
67342b8ac01cec05,FullCV_01,1291,CC(C)C(C=C(C(C)C)C=C1C(C)C)=C1C2=C(P([C@@]3(C[C@@H]4C5)C[C@H](C4)C[C@H]5C3)[C@]6(C7)C[C@@H](C[C@@H]7C8)C[C@@H]8C6)C(OC)=CC=C2OC,CC1=NOC(C2=CC=CC=C2)=C1,CN(C)P(N(C)C)(N(C)C)=NP(N(C)C)(N(C)C)=NCC,IC1=CN=CC=C1,62.72600186
8671c44ac067fe5a,FullCV_01,1292,CC(C)C(C=C(C(C)C)C=C1C(C)C)=C1C2=C(P(C3CCCCC3)C4CCCCC4)C=CC=C2,CC1=C(C(OCC)=O)C=NO1,CC(C)(C)/N=C(N(C)C)/N(C)C,ClC1=CC=C(OC)C=C1,0.0
2cfcf53923d5dcca,FullCV_01,1293,CC(C)C(C=C(C(C)C)C=C1C(C)C)=C1C2=C(P([C@@]3(C[C@@H]4C5)C[C@H](C4)C[C@H]5C3)[C@]6(C7)C[C@@H](C[C@@H]7C8)C[C@@H]8C6)C(OC)=CC=C2OC,CC1=CC(C)=NO1,CN1CCCN2C1=NCCC2,ClC1=CC=C(C(F)(F)F)C=C1,10.68115857
aac48b2a3c73c754,FullCV_01,1294,CC(C)C(C=C(C(C)C)C=C1C(C)C)=C1C2=C(P(C(C)(C)C)C(C)(C)C)C=CC=C2,CC1=CC=NO1,CN(C)P(N(C)C)(N(C)C)=NP(N(C)C)(N(C)C)=NCC,ClC1=CC=C(C(F)(F)F)C=C1,9.616112883
a79ff75345768461,FullCV_01,1295,CC(C)C(C=C(C(C)C)C=C1C(C)C)=C1C2=C(P(C3CCCCC3)C4CCCCC4)C=CC=C2,COC1=NOC(C(OCC)=O)=C1,CN1CCCN2C1=NCCC2,BrC1=CC=C(OC)C=C1,8.034140762
260f135d6e614ceb,FullCV_01,1296,CC(C)C(C=C(C(C)C)C=C1C(C)C)=C1C2=C(P([C@@]3(C[C@@H]4C5)C[C@H](C4)C[C@H]5C3)[C@]6(C7)C[C@@H](C[C@@H]7C8)C[C@@H]8C6)C(OC)=CC=C2OC,C12=CON=C1C=CC=C2,CN1CCCN2C1=NCCC2,BrC1=CC=C(CC)C=C1,10.46965924
67ae8700c38ae961,FullCV_01,1297,CC(C)C(C=C(C(C)C)C=C1C(C)C)=C1C2=C(P(C3CCCCC3)C4CCCCC4)C=CC=C2,CCOC(C1=CON=C1)=O,CN1CCCN2C1=NCCC2,IC1=CN=CC=C1,18.54827099
88b017be58203f51,FullCV_01,1298,CC(C)C(C=C(C(C)C)C=C1C(C)C)=C1C2=C(P(C(C)(C)C)C(C)(C)C)C(OC)=CC=C2OC,C12=CON=C1C=CC=C2,CN(C)P(N(C)C)(N(C)C)=NP(N(C)C)(N(C)C)=NCC,ClC1=CC=C(C(F)(F)F)C=C1,2.887815395
e565d5cb9971c920,FullCV_01,1299,CC(C)C(C=C(C(C)C)C=C1C(C)C)=C1C2=C(P(C3CCCCC3)C4CCCCC4)C=CC=C2,FC(C=CC=C1F)=C1C2=CC=NO2,CN1CCCN2C1=NCCC2,ClC1=CC=C(CC)C=C1,2.067024275
e8f9a90d90a3a0a2,FullCV_01,1300,CC(C)C(C=C(C(C)C)C=C1C(C)C)=C1C2=C(P(C(C)(C)C)C(C)(C)C)C(OC)=CC=C2OC,C1(N(CC2=CC=CC=C2)CC3=CC=CC=C3)=CC=NO1,CN(C)P(N(C)C)(N(C)C)=NP(N(C)C)(N(C)C)=NCC,BrC1=CN=CC=C1,53.60304102
6737a912703fc9b2,FullCV_01,1301,CC(C)C(C=C(C(C)C)C=C1C(C)C)=C1C2=C(P([C@@]3(C[C@@H]4C5)C[C@H](C4)C[C@H]5C3)[C@]6(C7)C[C@@H](C[C@@H]7C8)C[C@@H]8C6)C(OC)=CC=C2OC,COC1=NOC(C(OCC)=O)=C1,CC(C)(C)/N=C(N(C)C)/N(C)C,IC1=CC=C(OC)C=C1,39.99682926
af49d6dd4b0ec440,FullCV_01,1302,CC(C)C(C=C(C(C)C)C=C1C(C)C)=C1C2=C(P(C3CCCCC3)C4CCCCC4)C=CC=C2,CC1=CC(C(OCC)=O)=NO1,CC(C)(C)/N=C(N(C)C)/N(C)C,BrC1=CN=CC=C1,26.58751317
9f49dc0ae267fb71,FullCV_01,1303,CC(C)C(C=C(C(C)C)C=C1C(C)C)=C1C2=C(P(C(C)(C)C)C(C)(C)C)C(OC)=CC=C2OC,CC1=NOC(C(OCC)=O)=C1,CN(C)P(N(C)C)(N(C)C)=NP(N(C)C)(N(C)C)=NCC,IC1=NC=CC=C1,66.37274183
716a0b33b6d92590,FullCV_01,1304,CC(C)C(C=C(C(C)C)C=C1C(C)C)=C1C2=C(P([C@@]3(C[C@@H]4C5)C[C@H](C4)C[C@H]5C3)[C@]6(C7)C[C@@H](C[C@@H]7C8)C[C@@H]8C6)C(OC)=CC=C2OC,C1(C2=CC=CC=C2)=NOC=C1,CN1CCCN2C1=NCCC2,ClC1=CC=C(C(F)(F)F)C=C1,28.68684159
942df767bafcac34,FullCV_01,1305,CC(C)C(C=C(C(C)C)C=C1C(C)C)=C1C2=C(P(C(C)(C)C)C(C)(C)C)C(OC)=CC=C2OC,O=C(OC)C1=CC=NO1,CC(C)(C)/N=C(N(C)C)/N(C)C,BrC1=NC=CC=C1,24.95867786
80e0830ad1b85811,FullCV_01,1306,CC(C)C(C=C(C(C)C)C=C1C(C)C)=C1C2=C(P(C(C)(C)C)C(C)(C)C)C=CC=C2,C12=CON=C1C=CC=C2,CC(C)(C)/N=C(N(C)C)/N(C)C,ClC1=CC=C(CC)C=C1,0.0
e4f7ccc153a4d40a,FullCV_01,1307,CC(C)C(C=C(C(C)C)C=C1C(C)C)=C1C2=C(P(C3CCCCC3)C4CCCCC4)C=CC=C2,CCOC(C1=CON=C1)=O,CN1CCCN2C1=NCCC2,BrC1=CC=C(CC)C=C1,17.85871647
365fd0513357ce76,FullCV_01,1308,CC(C)C(C=C(C(C)C)C=C1C(C)C)=C1C2=C(P(C(C)(C)C)C(C)(C)C)C=CC=C2,C1(C2=CC=CC=C2)=CON=C1,CN1CCCN2C1=NCCC2,BrC1=NC=CC=C1,93.09950718
5d853ca7ad0f1ec7,FullCV_01,1309,CC(C)C(C=C(C(C)C)C=C1C(C)C)=C1C2=C(P(C3CCCCC3)C4CCCCC4)C=CC=C2,COC1=NOC(C(OCC)=O)=C1,CN1CCCN2C1=NCCC2,IC1=CN=CC=C1,42.00065126
5e4e28c56a67bb87,FullCV_01,1310,CC(C)C(C=C(C(C)C)C=C1C(C)C)=C1C2=C(P(C(C)(C)C)C(C)(C)C)C(OC)=CC=C2OC,C12=CON=C1C=CC=C2,CN1CCCN2C1=NCCC2,ClC1=CN=CC=C1,0.0
856e07dfebcb0a4d,FullCV_01,1311,CC(C)C(C=C(C(C)C)C=C1C(C)C)=C1C2=C(P([C@@]3(C[C@@H]4C5)C[C@H](C4)C[C@H]5C3)[C@]6(C7)C[C@@H](C[C@@H]7C8)C[C@@H]8C6)C(OC)=CC=C2OC,FC(C=CC=C1F)=C1C2=CC=NO2,CN(C)P(N(C)C)(N(C)C)=NP(N(C)C)(N(C)C)=NCC,ClC1=NC=CC=C1,21.50066765
26b066e80094b16d,FullCV_01,1312,CC(C)C(C=C(C(C)C)C=C1C(C)C)=C1C2=C(P([C@@]3(C[C@@H]4C5)C[C@H](C4)C[C@H]5C3)[C@]6(C7)C[C@@H](C[C@@H]7C8)C[C@@H]8C6)C(OC)=CC=C2OC,COC1=NOC(C(OCC)=O)=C1,CC(C)(C)/N=C(N(C)C)/N(C)C,ClC1=CC=C(CC)C=C1,0.695599064
9972aabac4a19a5d,FullCV_01,1313,CC(C)C(C=C(C(C)C)C=C1C(C)C)=C1C2=C(P(C(C)(C)C)C(C)(C)C)C=CC=C2,C1(C2=CC=CC=C2)=NOC=C1,CN1CCCN2C1=NCCC2,IC1=CC=C(CC)C=C1,79.26160687
191fce6f36e9f5ec,FullCV_01,1314,CC(C)C(C=C(C(C)C)C=C1C(C)C)=C1C2=C(P(C(C)(C)C)C(C)(C)C)C(OC)=CC=C2OC,CC1=NOC(C(OCC)=O)=C1,CC(C)(C)/N=C(N(C)C)/N(C)C,BrC1=CC=C(CC)C=C1,50.04747607
fe596c1b0329aa23,FullCV_01,1315,CC(C)C(C=C(C(C)C)C=C1C(C)C)=C1C2=C(P(C(C)(C)C)C(C)(C)C)C(OC)=CC=C2OC,C1(C2=CC=CC=C2)=NOC=C1,CC(C)(C)/N=C(N(C)C)/N(C)C,IC1=CC=C(C(F)(F)F)C=C1,47.29404915
024b93ad72f9a00a,FullCV_01,1316,CC(C)C(C=C(C(C)C)C=C1C(C)C)=C1C2=C(P(C(C)(C)C)C(C)(C)C)C=CC=C2,C12=C(C=CC=C2)ON=C1,CN(C)P(N(C)C)(N(C)C)=NP(N(C)C)(N(C)C)=NCC,BrC1=CC=C(OC)C=C1,27.35092133
015c53f9a250c949,FullCV_01,1317,CC(C)C(C=C(C(C)C)C=C1C(C)C)=C1C2=C(P(C(C)(C)C)C(C)(C)C)C(OC)=CC=C2OC,C12=CON=C1C=CC=C2,CN(C)P(N(C)C)(N(C)C)=NP(N(C)C)(N(C)C)=NCC,ClC1=NC=CC=C1,13.20129952
29eca5bf7b81cae1,FullCV_01,1318,CC(C)C(C=C(C(C)C)C=C1C(C)C)=C1C2=C(P([C@@]3(C[C@@H]4C5)C[C@H](C4)C[C@H]5C3)[C@]6(C7)C[C@@H](C[C@@H]7C8)C[C@@H]8C6)C(OC)=CC=C2OC,O=C(OC)C1=NOC(C2=CC=CO2)=C1,CN1CCCN2C1=NCCC2,BrC1=NC=CC=C1,65.99016493
c49838b7b255b9d3,FullCV_01,1319,CC(C)C(C=C(C(C)C)C=C1C(C)C)=C1C2=C(P(C(C)(C)C)C(C)(C)C)C=CC=C2,O=C(OC)C1=CC=NO1,CN(C)P(N(C)C)(N(C)C)=NP(N(C)C)(N(C)C)=NCC,IC1=CC=C(C(F)(F)F)C=C1,11.81277895
d16e3fc813cb9cc3,FullCV_01,1320,CC(C)C(C=C(C(C)C)C=C1C(C)C)=C1C2=C(P(C3CCCCC3)C4CCCCC4)C=CC=C2,C12=C(C=CC=C2)ON=C1,CC(C)(C)/N=C(N(C)C)/N(C)C,BrC1=CN=CC=C1,5.972926182
2382bfbf4a2f1eee,FullCV_01,1321,CC(C)C(C=C(C(C)C)C=C1C(C)C)=C1C2=C(P(C(C)(C)C)C(C)(C)C)C(OC)=CC=C2OC,COC1=NOC(C(OCC)=O)=C1,CN(C)P(N(C)C)(N(C)C)=NP(N(C)C)(N(C)C)=NCC,BrC1=CN=CC=C1,47.63735715
4087d1cf18ba5ffb,FullCV_01,1322,CC(C)C(C=C(C(C)C)C=C1C(C)C)=C1C2=C(P(C(C)(C)C)C(C)(C)C)C=CC=C2,C1(C2=CC=CC=C2)=NOC=C1,CN1CCCN2C1=NCCC2,BrC1=NC=CC=C1,91.26694463
a415d2c3c1e3b920,FullCV_01,1323,CC(C)C(C=C(C(C)C)C=C1C(C)C)=C1C2=C(P([C@@]3(C[C@@H]4C5)C[C@H](C4)C[C@H]5C3)[C@]6(C7)C[C@@H](C[C@@H]7C8)C[C@@H]8C6)C(OC)=CC=C2OC,CCOC(C1=NOC=C1)=O,CC(C)(C)/N=C(N(C)C)/N(C)C,BrC1=NC=CC=C1,46.59177534
db20aee52ad88dcd,FullCV_01,1324,CC(C)C(C=C(C(C)C)C=C1C(C)C)=C1C2=C(P([C@@]3(C[C@@H]4C5)C[C@H](C4)C[C@H]5C3)[C@]6(C7)C[C@@H](C[C@@H]7C8)C[C@@H]8C6)C(OC)=CC=C2OC,C1(C2=CC=CC=C2)=CC=NO1,CN(C)P(N(C)C)(N(C)C)=NP(N(C)C)(N(C)C)=NCC,IC1=CN=CC=C1,14.36737015
fc08ba8a137d8629,FullCV_01,1325,CC(C)C(C=C(C(C)C)C=C1C(C)C)=C1C2=C(P(C(C)(C)C)C(C)(C)C)C(OC)=CC=C2OC,C12=CON=C1C=CC=C2,CN1CCCN2C1=NCCC2,BrC1=NC=CC=C1,48.23235239
bb2cc0f2d5b25628,FullCV_01,1326,CC(C)C(C=C(C(C)C)C=C1C(C)C)=C1C2=C(P(C(C)(C)C)C(C)(C)C)C=CC=C2,O=C(OC)C1=NOC(C2=CC=CO2)=C1,CC(C)(C)/N=C(N(C)C)/N(C)C,ClC1=CC=C(C(F)(F)F)C=C1,12.26279814
ba448dfc803f55ca,FullCV_01,1327,CC(C)C(C=C(C(C)C)C=C1C(C)C)=C1C2=C(P(C(C)(C)C)C(C)(C)C)C(OC)=CC=C2OC,CCOC(C1=NOC=C1)=O,CC(C)(C)/N=C(N(C)C)/N(C)C,IC1=CC=C(CC)C=C1,65.94190973
bedb0c89229c3de9,FullCV_01,1328,CC(C)C(C=C(C(C)C)C=C1C(C)C)=C1C2=C(P(C3CCCCC3)C4CCCCC4)C=CC=C2,CC1=CC(C)=NO1,CN1CCCN2C1=NCCC2,ClC1=NC=CC=C1,32.16531055
e14c07cb3b4d5164,FullCV_01,1329,CC(C)C(C=C(C(C)C)C=C1C(C)C)=C1C2=C(P(C3CCCCC3)C4CCCCC4)C=CC=C2,CC1=NOC=C1,CN(C)P(N(C)C)(N(C)C)=NP(N(C)C)(N(C)C)=NCC,BrC1=NC=CC=C1,17.56349703
6d7950208ed32638,FullCV_01,1330,CC(C)C(C=C(C(C)C)C=C1C(C)C)=C1C2=C(P(C(C)(C)C)C(C)(C)C)C=CC=C2,COC1=NOC(C(OCC)=O)=C1,CN(C)P(N(C)C)(N(C)C)=NP(N(C)C)(N(C)C)=NCC,IC1=NC=CC=C1,73.95050649
3b37cc90f25e703a,FullCV_01,1331,CC(C)C(C=C(C(C)C)C=C1C(C)C)=C1C2=C(P(C(C)(C)C)C(C)(C)C)C=CC=C2,CC1=CC(N2C=CC=C2)=NO1,CN(C)P(N(C)C)(N(C)C)=NP(N(C)C)(N(C)C)=NCC,BrC1=CC=C(CC)C=C1,66.1081674
e994a23953a0d4b5,FullCV_01,1332,CC(C)C(C=C(C(C)C)C=C1C(C)C)=C1C2=C(P([C@@]3(C[C@@H]4C5)C[C@H](C4)C[C@H]5C3)[C@]6(C7)C[C@@H](C[C@@H]7C8)C[C@@H]8C6)C(OC)=CC=C2OC,C12=CON=C1C=CC=C2,CN(C)P(N(C)C)(N(C)C)=NP(N(C)C)(N(C)C)=NCC,BrC1=NC=CC=C1,4.952408524
f04726f406e8bf89,FullCV_01,1333,CC(C)C(C=C(C(C)C)C=C1C(C)C)=C1C2=C(P(C(C)(C)C)C(C)(C)C)C(OC)=CC=C2OC,CC1=CC(C)=NO1,CN1CCCN2C1=NCCC2,ClC1=CC=C(CC)C=C1,7.18319285
7708012a0e22eb33,FullCV_01,1334,CC(C)C(C=C(C(C)C)C=C1C(C)C)=C1C2=C(P([C@@]3(C[C@@H]4C5)C[C@H](C4)C[C@H]5C3)[C@]6(C7)C[C@@H](C[C@@H]7C8)C[C@@H]8C6)C(OC)=CC=C2OC,CC1=CC=NO1,CC(C)(C)/N=C(N(C)C)/N(C)C,ClC1=CN=CC=C1,3.063860217
4c4b7c15f146e95b,FullCV_01,1335,CC(C)C(C=C(C(C)C)C=C1C(C)C)=C1C2=C(P(C(C)(C)C)C(C)(C)C)C=CC=C2,CC1=CC(C)=NO1,CN(C)P(N(C)C)(N(C)C)=NP(N(C)C)(N(C)C)=NCC,BrC1=CC=C(C(F)(F)F)C=C1,23.00642082
de54ce5a34b849ac,FullCV_01,1336,CC(C)C(C=C(C(C)C)C=C1C(C)C)=C1C2=C(P(C(C)(C)C)C(C)(C)C)C(OC)=CC=C2OC,C1(N(CC2=CC=CC=C2)CC3=CC=CC=C3)=NOC=C1,CN(C)P(N(C)C)(N(C)C)=NP(N(C)C)(N(C)C)=NCC,BrC1=CC=C(C(F)(F)F)C=C1,28.32846401
d04080fe4d66da9c,FullCV_01,1337,CC(C)C(C=C(C(C)C)C=C1C(C)C)=C1C2=C(P(C(C)(C)C)C(C)(C)C)C=CC=C2,CC1=CC(C)=NO1,CN1CCCN2C1=NCCC2,IC1=CN=CC=C1,84.40416295
4da257287a06d225,FullCV_01,1338,CC(C)C(C=C(C(C)C)C=C1C(C)C)=C1C2=C(P(C(C)(C)C)C(C)(C)C)C(OC)=CC=C2OC,C1(C2=CC=CC=C2)=NOC=C1,CN1CCCN2C1=NCCC2,BrC1=CN=CC=C1,89.5866498
2cea4a2824946a63,FullCV_01,1339,CC(C)C(C=C(C(C)C)C=C1C(C)C)=C1C2=C(P([C@@]3(C[C@@H]4C5)C[C@H](C4)C[C@H]5C3)[C@]6(C7)C[C@@H](C[C@@H]7C8)C[C@@H]8C6)C(OC)=CC=C2OC,CC1=NOC(C(OCC)=O)=C1,CC(C)(C)/N=C(N(C)C)/N(C)C,ClC1=CC=C(OC)C=C1,0.0
14ad4d18b91bc6d2,FullCV_01,1340,CC(C)C(C=C(C(C)C)C=C1C(C)C)=C1C2=C(P([C@@]3(C[C@@H]4C5)C[C@H](C4)C[C@H]5C3)[C@]6(C7)C[C@@H](C[C@@H]7C8)C[C@@H]8C6)C(OC)=CC=C2OC,C1(N(CC2=CC=CC=C2)CC3=CC=CC=C3)=NOC=C1,CN(C)P(N(C)C)(N(C)C)=NP(N(C)C)(N(C)C)=NCC,IC1=CN=CC=C1,62.08187356
5770fce291dd6555,FullCV_01,1341,CC(C)C(C=C(C(C)C)C=C1C(C)C)=C1C2=C(P([C@@]3(C[C@@H]4C5)C[C@H](C4)C[C@H]5C3)[C@]6(C7)C[C@@H](C[C@@H]7C8)C[C@@H]8C6)C(OC)=CC=C2OC,FC(C=CC=C1F)=C1C2=CC=NO2,CN(C)P(N(C)C)(N(C)C)=NP(N(C)C)(N(C)C)=NCC,BrC1=CN=CC=C1,17.65611496
83277fe74d0dc51c,FullCV_01,1342,CC(C)C(C=C(C(C)C)C=C1C(C)C)=C1C2=C(P(C(C)(C)C)C(C)(C)C)C=CC=C2,CCOC(C1=NOC=C1)=O,CN(C)P(N(C)C)(N(C)C)=NP(N(C)C)(N(C)C)=NCC,IC1=CC=C(C(F)(F)F)C=C1,0.0
b358e0d754f2d494,FullCV_01,1343,CC(C)C(C=C(C(C)C)C=C1C(C)C)=C1C2=C(P(C(C)(C)C)C(C)(C)C)C(OC)=CC=C2OC,C1(C2=CC=CC=C2)=NOC=C1,CC(C)(C)/N=C(N(C)C)/N(C)C,ClC1=CC=C(C(F)(F)F)C=C1,25.85124884
a048a159053ea9d9,FullCV_01,1344,CC(C)C(C=C(C(C)C)C=C1C(C)C)=C1C2=C(P([C@@]3(C[C@@H]4C5)C[C@H](C4)C[C@H]5C3)[C@]6(C7)C[C@@H](C[C@@H]7C8)C[C@@H]8C6)C(OC)=CC=C2OC,COC1=NOC(C(OCC)=O)=C1,CN1CCCN2C1=NCCC2,BrC1=CC=C(C(F)(F)F)C=C1,31.53029931
f674d49a4205ff21,FullCV_01,1345,CC(C)C(C=C(C(C)C)C=C1C(C)C)=C1C2=C(P(C3CCCCC3)C4CCCCC4)C=CC=C2,CC1=CC=NO1,CN1CCCN2C1=NCCC2,ClC1=CC=C(C(F)(F)F)C=C1,11.65330714
0ae7a4b456b3ef63,FullCV_01,1346,CC(C)C(C=C(C(C)C)C=C1C(C)C)=C1C2=C(P(C3CCCCC3)C4CCCCC4)C=CC=C2,C1(C2=CC=CC=C2)=CC=NO1,CN(C)P(N(C)C)(N(C)C)=NP(N(C)C)(N(C)C)=NCC,BrC1=CC=C(C(F)(F)F)C=C1,14.7478961
214135c85041cac0,FullCV_01,1347,CC(C)C(C=C(C(C)C)C=C1C(C)C)=C1C2=C(P(C(C)(C)C)C(C)(C)C)C=CC=C2,C12=C(C=CC=C2)ON=C1,CN1CCCN2C1=NCCC2,ClC1=CC=C(CC)C=C1,11.31698923
085eebe5c8745f03,FullCV_01,1348,CC(C)C(C=C(C(C)C)C=C1C(C)C)=C1C2=C(P(C(C)(C)C)C(C)(C)C)C(OC)=CC=C2OC,CC1=CC(C(OCC)=O)=NO1,CN1CCCN2C1=NCCC2,ClC1=NC=CC=C1,84.69021766
82843ef0b41ca244,FullCV_01,1349,CC(C)C(C=C(C(C)C)C=C1C(C)C)=C1C2=C(P(C(C)(C)C)C(C)(C)C)C=CC=C2,CC1=CC(C(OCC)=O)=NO1,CN(C)P(N(C)C)(N(C)C)=NP(N(C)C)(N(C)C)=NCC,BrC1=NC=CC=C1,76.33726193
54df90ec8db81956,FullCV_01,1350,CC(C)C(C=C(C(C)C)C=C1C(C)C)=C1C2=C(P(C(C)(C)C)C(C)(C)C)C=CC=C2,CC1=CC(N2C=CC=C2)=NO1,CN(C)P(N(C)C)(N(C)C)=NP(N(C)C)(N(C)C)=NCC,ClC1=CC=C(CC)C=C1,12.51112995
681bc9354f0e1ae1,FullCV_01,1351,CC(C)C(C=C(C(C)C)C=C1C(C)C)=C1C2=C(P(C3CCCCC3)C4CCCCC4)C=CC=C2,O=C(OC)C1=CC=NO1,CN1CCCN2C1=NCCC2,IC1=CC=C(OC)C=C1,3.936030958
cf7d89d06bd6b939,FullCV_01,1352,CC(C)C(C=C(C(C)C)C=C1C(C)C)=C1C2=C(P([C@@]3(C[C@@H]4C5)C[C@H](C4)C[C@H]5C3)[C@]6(C7)C[C@@H](C[C@@H]7C8)C[C@@H]8C6)C(OC)=CC=C2OC,CC1=CC(C(OCC)=O)=NO1,CC(C)(C)/N=C(N(C)C)/N(C)C,ClC1=NC=CC=C1,45.30738516
959af234868fc680,FullCV_01,1353,CC(C)C(C=C(C(C)C)C=C1C(C)C)=C1C2=C(P([C@@]3(C[C@@H]4C5)C[C@H](C4)C[C@H]5C3)[C@]6(C7)C[C@@H](C[C@@H]7C8)C[C@@H]8C6)C(OC)=CC=C2OC,O=C(OC)C1=NOC(C2=CC=CO2)=C1,CN(C)P(N(C)C)(N(C)C)=NP(N(C)C)(N(C)C)=NCC,ClC1=CN=CC=C1,0.868429678
b96a48684010c6e9,FullCV_01,1354,CC(C)C(C=C(C(C)C)C=C1C(C)C)=C1C2=C(P(C(C)(C)C)C(C)(C)C)C(OC)=CC=C2OC,O=C(OC)C1=NOC(C2=CC=CO2)=C1,CN(C)P(N(C)C)(N(C)C)=NP(N(C)C)(N(C)C)=NCC,BrC1=NC=CC=C1,73.60085469
1836722a55fe9c57,FullCV_01,1355,CC(C)C(C=C(C(C)C)C=C1C(C)C)=C1C2=C(P(C3CCCCC3)C4CCCCC4)C=CC=C2,C12=CON=C1C=CC=C2,CN(C)P(N(C)C)(N(C)C)=NP(N(C)C)(N(C)C)=NCC,ClC1=CN=CC=C1,3.23775549
e50388d1ea20670a,FullCV_01,1356,CC(C)C(C=C(C(C)C)C=C1C(C)C)=C1C2=C(P(C3CCCCC3)C4CCCCC4)C=CC=C2,C1(C2=CC=CC=C2)=CC=NO1,CC(C)(C)/N=C(N(C)C)/N(C)C,BrC1=CC=C(CC)C=C1,18.8690087
b62dc7d369941892,FullCV_01,1357,CC(C)C(C=C(C(C)C)C=C1C(C)C)=C1C2=C(P(C(C)(C)C)C(C)(C)C)C=CC=C2,CCOC(C1=NOC=C1)=O,CN1CCCN2C1=NCCC2,ClC1=CC=C(CC)C=C1,2.853941347
d04a44937903c604,FullCV_01,1358,CC(C)C(C=C(C(C)C)C=C1C(C)C)=C1C2=C(P(C3CCCCC3)C4CCCCC4)C=CC=C2,C1(C2=CC=CC=C2)=NOC=C1,CC(C)(C)/N=C(N(C)C)/N(C)C,BrC1=CN=CC=C1,36.80966237
68e8a0346a22010d,FullCV_01,1359,CC(C)C(C=C(C(C)C)C=C1C(C)C)=C1C2=C(P(C(C)(C)C)C(C)(C)C)C(OC)=CC=C2OC,CCOC(C1=NOC=C1)=O,CN1CCCN2C1=NCCC2,ClC1=NC=CC=C1,84.9300227
87b18ffb353717ba,FullCV_01,1360,CC(C)C(C=C(C(C)C)C=C1C(C)C)=C1C2=C(P(C(C)(C)C)C(C)(C)C)C=CC=C2,O=C(OC)C1=NOC(C2=CC=CS2)=C1,CN(C)P(N(C)C)(N(C)C)=NP(N(C)C)(N(C)C)=NCC,ClC1=NC=CC=C1,63.65319734
966d934e6698aafa,FullCV_01,1361,CC(C)C(C=C(C(C)C)C=C1C(C)C)=C1C2=C(P([C@@]3(C[C@@H]4C5)C[C@H](C4)C[C@H]5C3)[C@]6(C7)C[C@@H](C[C@@H]7C8)C[C@@H]8C6)C(OC)=CC=C2OC,O=C(OC)C1=NOC(C2=CC=CS2)=C1,CN1CCCN2C1=NCCC2,IC1=NC=CC=C1,86.23315653
fa9e6d304e655563,FullCV_01,1362,CC(C)C(C=C(C(C)C)C=C1C(C)C)=C1C2=C(P(C(C)(C)C)C(C)(C)C)C(OC)=CC=C2OC,CC1=NOC(C(OCC)=O)=C1,CC(C)(C)/N=C(N(C)C)/N(C)C,IC1=CC=C(CC)C=C1,74.62438876
4b501961b2eefad1,FullCV_01,1363,CC(C)C(C=C(C(C)C)C=C1C(C)C)=C1C2=C(P(C(C)(C)C)C(C)(C)C)C(OC)=CC=C2OC,O=C(OC)C1=NOC(C2=CC=CS2)=C1,CN1CCCN2C1=NCCC2,ClC1=CC=C(OC)C=C1,0.0
b8a6edd09f3f6813,FullCV_01,1364,CC(C)C(C=C(C(C)C)C=C1C(C)C)=C1C2=C(P([C@@]3(C[C@@H]4C5)C[C@H](C4)C[C@H]5C3)[C@]6(C7)C[C@@H](C[C@@H]7C8)C[C@@H]8C6)C(OC)=CC=C2OC,CCOC(C1=NOC=C1)=O,CN(C)P(N(C)C)(N(C)C)=NP(N(C)C)(N(C)C)=NCC,IC1=CC=C(C(F)(F)F)C=C1,12.15190247
8b3ecfcf396c8b59,FullCV_01,1365,CC(C)C(C=C(C(C)C)C=C1C(C)C)=C1C2=C(P(C3CCCCC3)C4CCCCC4)C=CC=C2,CC1=C(C(OCC)=O)C=NO1,CN(C)P(N(C)C)(N(C)C)=NP(N(C)C)(N(C)C)=NCC,BrC1=CC=C(CC)C=C1,19.33424545
dc40ca3241f0bbd1,FullCV_01,1366,CC(C)C(C=C(C(C)C)C=C1C(C)C)=C1C2=C(P(C(C)(C)C)C(C)(C)C)C(OC)=CC=C2OC,CC1=NOC(C(OCC)=O)=C1,CC(C)(C)/N=C(N(C)C)/N(C)C,BrC1=CC=C(OC)C=C1,24.02819715
bf88e629ecc63e91,FullCV_01,1367,CC(C)C(C=C(C(C)C)C=C1C(C)C)=C1C2=C(P(C3CCCCC3)C4CCCCC4)C=CC=C2,C1(C2=CC=CC=C2)=NOC=C1,CN(C)P(N(C)C)(N(C)C)=NP(N(C)C)(N(C)C)=NCC,BrC1=NC=CC=C1,12.24156469
e938faa8ec9841ce,FullCV_01,1368,CC(C)C(C=C(C(C)C)C=C1C(C)C)=C1C2=C(P([C@@]3(C[C@@H]4C5)C[C@H](C4)C[C@H]5C3)[C@]6(C7)C[C@@H](C[C@@H]7C8)C[C@@H]8C6)C(OC)=CC=C2OC,CC1=CC(C(OCC)=O)=NO1,CN(C)P(N(C)C)(N(C)C)=NP(N(C)C)(N(C)C)=NCC,IC1=CC=C(OC)C=C1,54.76985941
baae33304df77463,FullCV_01,1369,CC(C)C(C=C(C(C)C)C=C1C(C)C)=C1C2=C(P([C@@]3(C[C@@H]4C5)C[C@H](C4)C[C@H]5C3)[C@]6(C7)C[C@@H](C[C@@H]7C8)C[C@@H]8C6)C(OC)=CC=C2OC,FC(C=CC=C1F)=C1C2=CC=NO2,CN1CCCN2C1=NCCC2,ClC1=CC=C(OC)C=C1,0.256451547
6b0fc0732e0f84f3,FullCV_01,1370,CC(C)C(C=C(C(C)C)C=C1C(C)C)=C1C2=C(P(C(C)(C)C)C(C)(C)C)C(OC)=CC=C2OC,CC1=CC(C)=NO1,CN1CCCN2C1=NCCC2,IC1=CC=C(OC)C=C1,49.57379186
4eff2d7eb6e98bf4,FullCV_01,1371,CC(C)C(C=C(C(C)C)C=C1C(C)C)=C1C2=C(P(C3CCCCC3)C4CCCCC4)C=CC=C2,CC1=NOC=C1,CN1CCCN2C1=NCCC2,ClC1=CN=CC=C1,11.65114169
eba729d5e852ed8c,FullCV_01,1372,CC(C)C(C=C(C(C)C)C=C1C(C)C)=C1C2=C(P(C3CCCCC3)C4CCCCC4)C=CC=C2,CC1=C(C(OCC)=O)C=NO1,CN(C)P(N(C)C)(N(C)C)=NP(N(C)C)(N(C)C)=NCC,IC1=CC=C(CC)C=C1,12.44362591
7ccb73daabaced4f,FullCV_01,1373,CC(C)C(C=C(C(C)C)C=C1C(C)C)=C1C2=C(P(C3CCCCC3)C4CCCCC4)C=CC=C2,CC1=NOC=C1,CN1CCCN2C1=NCCC2,ClC1=CC=C(OC)C=C1,0.389738186
33d03d757558855d,FullCV_01,1374,CC(C)C(C=C(C(C)C)C=C1C(C)C)=C1C2=C(P(C(C)(C)C)C(C)(C)C)C(OC)=CC=C2OC,CC1=CC=NO1,CN(C)P(N(C)C)(N(C)C)=NP(N(C)C)(N(C)C)=NCC,ClC1=CC=C(OC)C=C1,0.295056228
46722ac3d93a4671,FullCV_01,1375,CC(C)C(C=C(C(C)C)C=C1C(C)C)=C1C2=C(P(C(C)(C)C)C(C)(C)C)C(OC)=CC=C2OC,C1(C2=CC=CC=C2)=CC=NO1,CN1CCCN2C1=NCCC2,ClC1=CN=CC=C1,21.86178566
e0602d641990fdc5,FullCV_01,1376,CC(C)C(C=C(C(C)C)C=C1C(C)C)=C1C2=C(P(C3CCCCC3)C4CCCCC4)C=CC=C2,CC1=CC=NO1,CN(C)P(N(C)C)(N(C)C)=NP(N(C)C)(N(C)C)=NCC,IC1=NC=CC=C1,19.49452071
6fadb284af3c4a10,FullCV_01,1377,CC(C)C(C=C(C(C)C)C=C1C(C)C)=C1C2=C(P(C(C)(C)C)C(C)(C)C)C=CC=C2,C1(C2=CC=CC=C2)=NOC=C1,CN1CCCN2C1=NCCC2,ClC1=CN=CC=C1,63.26443611
e343fae3e63840f0,FullCV_01,1378,CC(C)C(C=C(C(C)C)C=C1C(C)C)=C1C2=C(P(C(C)(C)C)C(C)(C)C)C=CC=C2,O=C(OC)C1=NOC(C2=CC=CO2)=C1,CN(C)P(N(C)C)(N(C)C)=NP(N(C)C)(N(C)C)=NCC,ClC1=CN=CC=C1,8.776630533
4baa238a3ef8f291,FullCV_01,1379,CC(C)C(C=C(C(C)C)C=C1C(C)C)=C1C2=C(P(C3CCCCC3)C4CCCCC4)C=CC=C2,O=C(OC)C1=CC=NO1,CN(C)P(N(C)C)(N(C)C)=NP(N(C)C)(N(C)C)=NCC,BrC1=CN=CC=C1,4.546819288
1808594e9fa9004f,FullCV_01,1380,CC(C)C(C=C(C(C)C)C=C1C(C)C)=C1C2=C(P(C(C)(C)C)C(C)(C)C)C(OC)=CC=C2OC,COC1=NOC(C(OCC)=O)=C1,CN1CCCN2C1=NCCC2,IC1=CC=C(OC)C=C1,49.97942971
91e270cd40c94720,FullCV_01,1381,CC(C)C(C=C(C(C)C)C=C1C(C)C)=C1C2=C(P(C3CCCCC3)C4CCCCC4)C=CC=C2,CC1=CC(C(OCC)=O)=NO1,CN(C)P(N(C)C)(N(C)C)=NP(N(C)C)(N(C)C)=NCC,IC1=NC=CC=C1,26.98890626
79839a83ea855469,FullCV_01,1382,CC(C)C(C=C(C(C)C)C=C1C(C)C)=C1C2=C(P(C3CCCCC3)C4CCCCC4)C=CC=C2,CC1=CC(N2C=CC=C2)=NO1,CN(C)P(N(C)C)(N(C)C)=NP(N(C)C)(N(C)C)=NCC,ClC1=CN=CC=C1,38.7528241
4abc5dd50ad658ee,FullCV_01,1383,CC(C)C(C=C(C(C)C)C=C1C(C)C)=C1C2=C(P(C3CCCCC3)C4CCCCC4)C=CC=C2,C12=CON=C1C=CC=C2,CC(C)(C)/N=C(N(C)C)/N(C)C,ClC1=CC=C(C(F)(F)F)C=C1,0.0
009f15b0a6f3b508,FullCV_01,1384,CC(C)C(C=C(C(C)C)C=C1C(C)C)=C1C2=C(P(C3CCCCC3)C4CCCCC4)C=CC=C2,FC(C=CC=C1F)=C1C2=CC=NO2,CC(C)(C)/N=C(N(C)C)/N(C)C,BrC1=CN=CC=C1,6.251282484
701e3b8defa9b3a9,FullCV_01,1385,CC(C)C(C=C(C(C)C)C=C1C(C)C)=C1C2=C(P(C(C)(C)C)C(C)(C)C)C(OC)=CC=C2OC,FC(C=CC=C1F)=C1C2=CC=NO2,CC(C)(C)/N=C(N(C)C)/N(C)C,IC1=CC=C(OC)C=C1,33.66516566
3a1ddd447e7132e7,FullCV_01,1386,CC(C)C(C=C(C(C)C)C=C1C(C)C)=C1C2=C(P([C@@]3(C[C@@H]4C5)C[C@H](C4)C[C@H]5C3)[C@]6(C7)C[C@@H](C[C@@H]7C8)C[C@@H]8C6)C(OC)=CC=C2OC,CC1=CC(C)=NO1,CN(C)P(N(C)C)(N(C)C)=NP(N(C)C)(N(C)C)=NCC,ClC1=CC=C(OC)C=C1,0.0
0f789ea76d42c226,FullCV_01,1387,CC(C)C(C=C(C(C)C)C=C1C(C)C)=C1C2=C(P([C@@]3(C[C@@H]4C5)C[C@H](C4)C[C@H]5C3)[C@]6(C7)C[C@@H](C[C@@H]7C8)C[C@@H]8C6)C(OC)=CC=C2OC,C1(C2=CC=CC=C2)=NOC=C1,CN(C)P(N(C)C)(N(C)C)=NP(N(C)C)(N(C)C)=NCC,BrC1=CN=CC=C1,1.707595349
189e7e2dd74c5355,FullCV_01,1388,CC(C)C(C=C(C(C)C)C=C1C(C)C)=C1C2=C(P(C(C)(C)C)C(C)(C)C)C=CC=C2,O=C(OC)C1=CC=NO1,CN1CCCN2C1=NCCC2,ClC1=CN=CC=C1,26.57993699
35daab576374d74d,FullCV_01,1389,CC(C)C(C=C(C(C)C)C=C1C(C)C)=C1C2=C(P(C(C)(C)C)C(C)(C)C)C=CC=C2,C12=CON=C1C=CC=C2,CN(C)P(N(C)C)(N(C)C)=NP(N(C)C)(N(C)C)=NCC,BrC1=NC=CC=C1,21.66443641
3e67ebee76f886b3,FullCV_01,1390,CC(C)C(C=C(C(C)C)C=C1C(C)C)=C1C2=C(P(C(C)(C)C)C(C)(C)C)C(OC)=CC=C2OC,C12=C(C=CC=C2)ON=C1,CN1CCCN2C1=NCCC2,ClC1=NC=CC=C1,80.10225068
ec6e8e52b6dec5be,FullCV_01,1391,CC(C)C(C=C(C(C)C)C=C1C(C)C)=C1C2=C(P(C(C)(C)C)C(C)(C)C)C=CC=C2,C1(N(CC2=CC=CC=C2)CC3=CC=CC=C3)=CC=NO1,CC(C)(C)/N=C(N(C)C)/N(C)C,BrC1=NC=CC=C1,51.21151631
8f485c39f7dc4207,FullCV_01,1392,CC(C)C(C=C(C(C)C)C=C1C(C)C)=C1C2=C(P(C(C)(C)C)C(C)(C)C)C=CC=C2,C1(N(CC2=CC=CC=C2)CC3=CC=CC=C3)=NOC=C1,CN(C)P(N(C)C)(N(C)C)=NP(N(C)C)(N(C)C)=NCC,IC1=CC=C(CC)C=C1,63.41514905
b965c38084957e94,FullCV_01,1393,CC(C)C(C=C(C(C)C)C=C1C(C)C)=C1C2=C(P([C@@]3(C[C@@H]4C5)C[C@H](C4)C[C@H]5C3)[C@]6(C7)C[C@@H](C[C@@H]7C8)C[C@@H]8C6)C(OC)=CC=C2OC,CC1=NOC(C2=CC=CC=C2)=C1,CN(C)P(N(C)C)(N(C)C)=NP(N(C)C)(N(C)C)=NCC,IC1=CC=C(C(F)(F)F)C=C1,29.68665622
d862f59ea1e40e24,FullCV_01,1394,CC(C)C(C=C(C(C)C)C=C1C(C)C)=C1C2=C(P(C(C)(C)C)C(C)(C)C)C=CC=C2,C1(C2=CC=CC=C2)=NOC=C1,CN(C)P(N(C)C)(N(C)C)=NP(N(C)C)(N(C)C)=NCC,ClC1=NC=CC=C1,52.85443039
a51d13fd8c36de9c,FullCV_01,1395,CC(C)C(C=C(C(C)C)C=C1C(C)C)=C1C2=C(P(C(C)(C)C)C(C)(C)C)C=CC=C2,CC1=CC=NO1,CN1CCCN2C1=NCCC2,IC1=NC=CC=C1,79.52732954
e842ecffb808ad20,FullCV_01,1396,CC(C)C(C=C(C(C)C)C=C1C(C)C)=C1C2=C(P(C(C)(C)C)C(C)(C)C)C(OC)=CC=C2OC,CC1=CC=NO1,CN(C)P(N(C)C)(N(C)C)=NP(N(C)C)(N(C)C)=NCC,ClC1=CN=CC=C1,1.859601121
6cf449434dbd2db5,FullCV_01,1397,CC(C)C(C=C(C(C)C)C=C1C(C)C)=C1C2=C(P([C@@]3(C[C@@H]4C5)C[C@H](C4)C[C@H]5C3)[C@]6(C7)C[C@@H](C[C@@H]7C8)C[C@@H]8C6)C(OC)=CC=C2OC,CC1=CC=NO1,CC(C)(C)/N=C(N(C)C)/N(C)C,IC1=CC=C(OC)C=C1,37.1376218
3da7638af605e311,FullCV_01,1398,CC(C)C(C=C(C(C)C)C=C1C(C)C)=C1C2=C(P(C3CCCCC3)C4CCCCC4)C=CC=C2,CC1=NOC(C(OCC)=O)=C1,CC(C)(C)/N=C(N(C)C)/N(C)C,IC1=CC=C(CC)C=C1,31.81837229
395e7a3b2b0971b8,FullCV_01,1399,CC(C)C(C=C(C(C)C)C=C1C(C)C)=C1C2=C(P(C3CCCCC3)C4CCCCC4)C=CC=C2,C12=C(C=CC=C2)ON=C1,CN1CCCN2C1=NCCC2,BrC1=CC=C(OC)C=C1,1.79441071
5d37973893a70839,FullCV_01,1400,CC(C)C(C=C(C(C)C)C=C1C(C)C)=C1C2=C(P(C3CCCCC3)C4CCCCC4)C=CC=C2,CC1=CC(C)=NO1,CC(C)(C)/N=C(N(C)C)/N(C)C,IC1=CC=C(CC)C=C1,35.15374563
e53acffb45a19de2,FullCV_01,1401,CC(C)C(C=C(C(C)C)C=C1C(C)C)=C1C2=C(P([C@@]3(C[C@@H]4C5)C[C@H](C4)C[C@H]5C3)[C@]6(C7)C[C@@H](C[C@@H]7C8)C[C@@H]8C6)C(OC)=CC=C2OC,C1(C2=CC=CC=C2)=CC=NO1,CC(C)(C)/N=C(N(C)C)/N(C)C,ClC1=CC=C(OC)C=C1,0.0
5314586f399062c2,FullCV_01,1402,CC(C)C(C=C(C(C)C)C=C1C(C)C)=C1C2=C(P([C@@]3(C[C@@H]4C5)C[C@H](C4)C[C@H]5C3)[C@]6(C7)C[C@@H](C[C@@H]7C8)C[C@@H]8C6)C(OC)=CC=C2OC,COC1=NOC(C(OCC)=O)=C1,CC(C)(C)/N=C(N(C)C)/N(C)C,BrC1=CC=C(C(F)(F)F)C=C1,26.24845362
cb7aa18dfaa02d73,FullCV_01,1403,CC(C)C(C=C(C(C)C)C=C1C(C)C)=C1C2=C(P(C(C)(C)C)C(C)(C)C)C=CC=C2,CC1=NOC(C2=CC=CC=C2)=C1,CN1CCCN2C1=NCCC2,BrC1=CC=C(C(F)(F)F)C=C1,40.60161129
0ea244fa1d9a4b75,FullCV_01,1404,CC(C)C(C=C(C(C)C)C=C1C(C)C)=C1C2=C(P(C(C)(C)C)C(C)(C)C)C=CC=C2,C1(C2=CC=CC=C2)=CC=NO1,CN(C)P(N(C)C)(N(C)C)=NP(N(C)C)(N(C)C)=NCC,IC1=CC=C(C(F)(F)F)C=C1,16.81589184
966339570229fdfa,FullCV_01,1405,CC(C)C(C=C(C(C)C)C=C1C(C)C)=C1C2=C(P(C3CCCCC3)C4CCCCC4)C=CC=C2,CCOC(C1=NOC=C1)=O,CN(C)P(N(C)C)(N(C)C)=NP(N(C)C)(N(C)C)=NCC,BrC1=CC=C(C(F)(F)F)C=C1,0.296524645
61a6592ded3d0f71,FullCV_01,1406,CC(C)C(C=C(C(C)C)C=C1C(C)C)=C1C2=C(P(C3CCCCC3)C4CCCCC4)C=CC=C2,CC1=C(C(OCC)=O)C=NO1,CC(C)(C)/N=C(N(C)C)/N(C)C,IC1=CC=C(CC)C=C1,3.546985039
f553be82ebe93564,FullCV_01,1407,CC(C)C(C=C(C(C)C)C=C1C(C)C)=C1C2=C(P(C(C)(C)C)C(C)(C)C)C=CC=C2,C1(C2=CC=CC=C2)=CON=C1,CC(C)(C)/N=C(N(C)C)/N(C)C,IC1=CC=C(C(F)(F)F)C=C1,48.56121582
44150859a44c216a,FullCV_01,1408,CC(C)C(C=C(C(C)C)C=C1C(C)C)=C1C2=C(P(C(C)(C)C)C(C)(C)C)C(OC)=CC=C2OC,C1(N(CC2=CC=CC=C2)CC3=CC=CC=C3)=NOC=C1,CN(C)P(N(C)C)(N(C)C)=NP(N(C)C)(N(C)C)=NCC,IC1=CC=C(OC)C=C1,60.98476598
6ceee689f1578942,FullCV_01,1409,CC(C)C(C=C(C(C)C)C=C1C(C)C)=C1C2=C(P([C@@]3(C[C@@H]4C5)C[C@H](C4)C[C@H]5C3)[C@]6(C7)C[C@@H](C[C@@H]7C8)C[C@@H]8C6)C(OC)=CC=C2OC,C1(C2=CC=CC=C2)=NOC=C1,CN(C)P(N(C)C)(N(C)C)=NP(N(C)C)(N(C)C)=NCC,ClC1=CC=C(CC)C=C1,4.246823607
ff53c2791ab16a95,FullCV_01,1410,CC(C)C(C=C(C(C)C)C=C1C(C)C)=C1C2=C(P(C(C)(C)C)C(C)(C)C)C(OC)=CC=C2OC,C1(N(CC2=CC=CC=C2)CC3=CC=CC=C3)=CC=NO1,CN1CCCN2C1=NCCC2,ClC1=CN=CC=C1,2.394294255
8642e236e1d82e23,FullCV_01,1411,CC(C)C(C=C(C(C)C)C=C1C(C)C)=C1C2=C(P([C@@]3(C[C@@H]4C5)C[C@H](C4)C[C@H]5C3)[C@]6(C7)C[C@@H](C[C@@H]7C8)C[C@@H]8C6)C(OC)=CC=C2OC,C12=C(C=CC=C2)ON=C1,CC(C)(C)/N=C(N(C)C)/N(C)C,BrC1=CN=CC=C1,40.58293806
4326bcea8335da32,FullCV_01,1412,CC(C)C(C=C(C(C)C)C=C1C(C)C)=C1C2=C(P(C3CCCCC3)C4CCCCC4)C=CC=C2,CC1=C(C(OCC)=O)C=NO1,CN1CCCN2C1=NCCC2,ClC1=CN=CC=C1,4.247160433
a2a1609657e301d7,FullCV_01,1413,CC(C)C(C=C(C(C)C)C=C1C(C)C)=C1C2=C(P(C(C)(C)C)C(C)(C)C)C(OC)=CC=C2OC,C12=CON=C1C=CC=C2,CC(C)(C)/N=C(N(C)C)/N(C)C,ClC1=CC=C(C(F)(F)F)C=C1,0.0
cec285613d688ec5,FullCV_01,1414,CC(C)C(C=C(C(C)C)C=C1C(C)C)=C1C2=C(P(C(C)(C)C)C(C)(C)C)C(OC)=CC=C2OC,CC1=NOC(C2=CC=CC=C2)=C1,CN(C)P(N(C)C)(N(C)C)=NP(N(C)C)(N(C)C)=NCC,IC1=CN=CC=C1,55.96628365
4cc5d6337340d7ec,FullCV_01,1415,CC(C)C(C=C(C(C)C)C=C1C(C)C)=C1C2=C(P([C@@]3(C[C@@H]4C5)C[C@H](C4)C[C@H]5C3)[C@]6(C7)C[C@@H](C[C@@H]7C8)C[C@@H]8C6)C(OC)=CC=C2OC,CC1=NOC=C1,CN(C)P(N(C)C)(N(C)C)=NP(N(C)C)(N(C)C)=NCC,IC1=NC=CC=C1,94.29690562
b04ad2fbb4fbe4aa,FullCV_01,1416,CC(C)C(C=C(C(C)C)C=C1C(C)C)=C1C2=C(P(C(C)(C)C)C(C)(C)C)C=CC=C2,C1(C2=CC=CC=C2)=CON=C1,CN(C)P(N(C)C)(N(C)C)=NP(N(C)C)(N(C)C)=NCC,BrC1=CC=C(OC)C=C1,16.39030586
b15f5808fb96e4a7,FullCV_01,1417,CC(C)C(C=C(C(C)C)C=C1C(C)C)=C1C2=C(P(C(C)(C)C)C(C)(C)C)C=CC=C2,CC1=CC=NO1,CN1CCCN2C1=NCCC2,BrC1=CC=C(C(F)(F)F)C=C1,35.88987774
5a0a6f838fdb0b6f,FullCV_01,1418,CC(C)C(C=C(C(C)C)C=C1C(C)C)=C1C2=C(P(C(C)(C)C)C(C)(C)C)C(OC)=CC=C2OC,O=C(OC)C1=NOC(C2=CC=CO2)=C1,CC(C)(C)/N=C(N(C)C)/N(C)C,IC1=CN=CC=C1,66.48281999
89bae09cb064f83b,FullCV_01,1419,CC(C)C(C=C(C(C)C)C=C1C(C)C)=C1C2=C(P([C@@]3(C[C@@H]4C5)C[C@H](C4)C[C@H]5C3)[C@]6(C7)C[C@@H](C[C@@H]7C8)C[C@@H]8C6)C(OC)=CC=C2OC,C1(N(CC2=CC=CC=C2)CC3=CC=CC=C3)=CC=NO1,CN1CCCN2C1=NCCC2,IC1=NC=CC=C1,83.49602396
96e99270a5bc3ba8,FullCV_01,1420,CC(C)C(C=C(C(C)C)C=C1C(C)C)=C1C2=C(P(C(C)(C)C)C(C)(C)C)C=CC=C2,FC(C=CC=C1F)=C1C2=CC=NO2,CC(C)(C)/N=C(N(C)C)/N(C)C,IC1=CN=CC=C1,62.18465229
1adb0980ab2f3b15,FullCV_01,1421,CC(C)C(C=C(C(C)C)C=C1C(C)C)=C1C2=C(P(C3CCCCC3)C4CCCCC4)C=CC=C2,CC1=NOC=C1,CN(C)P(N(C)C)(N(C)C)=NP(N(C)C)(N(C)C)=NCC,IC1=CN=CC=C1,16.84841979
039f7fc5822ee4ca,FullCV_01,1422,CC(C)C(C=C(C(C)C)C=C1C(C)C)=C1C2=C(P([C@@]3(C[C@@H]4C5)C[C@H](C4)C[C@H]5C3)[C@]6(C7)C[C@@H](C[C@@H]7C8)C[C@@H]8C6)C(OC)=CC=C2OC,C1(C2=CC=CC=C2)=CC=NO1,CN(C)P(N(C)C)(N(C)C)=NP(N(C)C)(N(C)C)=NCC,BrC1=CC=C(OC)C=C1,12.29594301
6c3ac63cf8e8cc58,FullCV_01,1423,CC(C)C(C=C(C(C)C)C=C1C(C)C)=C1C2=C(P(C3CCCCC3)C4CCCCC4)C=CC=C2,CC1=NOC(C2=CC=CC=C2)=C1,CN(C)P(N(C)C)(N(C)C)=NP(N(C)C)(N(C)C)=NCC,IC1=CC=C(C(F)(F)F)C=C1,42.71521565
91ec4bfeb1f86723,FullCV_01,1424,CC(C)C(C=C(C(C)C)C=C1C(C)C)=C1C2=C(P(C(C)(C)C)C(C)(C)C)C(OC)=CC=C2OC,FC(C=CC=C1F)=C1C2=CC=NO2,CN1CCCN2C1=NCCC2,IC1=NC=CC=C1,83.94468409
81ef8a05f37321f2,FullCV_01,1425,CC(C)C(C=C(C(C)C)C=C1C(C)C)=C1C2=C(P([C@@]3(C[C@@H]4C5)C[C@H](C4)C[C@H]5C3)[C@]6(C7)C[C@@H](C[C@@H]7C8)C[C@@H]8C6)C(OC)=CC=C2OC,C1(C2=CC=CC=C2)=CC=NO1,CN1CCCN2C1=NCCC2,BrC1=CC=C(CC)C=C1,59.96800012
e44fdf4e33584fc7,FullCV_01,1426,CC(C)C(C=C(C(C)C)C=C1C(C)C)=C1C2=C(P([C@@]3(C[C@@H]4C5)C[C@H](C4)C[C@H]5C3)[C@]6(C7)C[C@@H](C[C@@H]7C8)C[C@@H]8C6)C(OC)=CC=C2OC,C1(N(CC2=CC=CC=C2)CC3=CC=CC=C3)=CC=NO1,CC(C)(C)/N=C(N(C)C)/N(C)C,ClC1=CC=C(OC)C=C1,0.0
fade5a7b68d03590,FullCV_01,1427,CC(C)C(C=C(C(C)C)C=C1C(C)C)=C1C2=C(P(C(C)(C)C)C(C)(C)C)C(OC)=CC=C2OC,C1(N(CC2=CC=CC=C2)CC3=CC=CC=C3)=CC=NO1,CN1CCCN2C1=NCCC2,ClC1=CC=C(CC)C=C1,6.880494813
17f1b6026f9dc7f9,FullCV_01,1428,CC(C)C(C=C(C(C)C)C=C1C(C)C)=C1C2=C(P([C@@]3(C[C@@H]4C5)C[C@H](C4)C[C@H]5C3)[C@]6(C7)C[C@@H](C[C@@H]7C8)C[C@@H]8C6)C(OC)=CC=C2OC,COC1=NOC(C(OCC)=O)=C1,CN(C)P(N(C)C)(N(C)C)=NP(N(C)C)(N(C)C)=NCC,IC1=CC=C(OC)C=C1,47.95299992
b03a019b4b2ae3b0,FullCV_01,1429,CC(C)C(C=C(C(C)C)C=C1C(C)C)=C1C2=C(P(C3CCCCC3)C4CCCCC4)C=CC=C2,CCOC(C1=NOC=C1)=O,CN(C)P(N(C)C)(N(C)C)=NP(N(C)C)(N(C)C)=NCC,IC1=CN=CC=C1,0.0
60c869690eb8f919,FullCV_01,1430,CC(C)C(C=C(C(C)C)C=C1C(C)C)=C1C2=C(P(C(C)(C)C)C(C)(C)C)C=CC=C2,CC1=CC=NO1,CN(C)P(N(C)C)(N(C)C)=NP(N(C)C)(N(C)C)=NCC,ClC1=CC=C(OC)C=C1,2.579332416
9c52b6656f73942e,FullCV_01,1431,CC(C)C(C=C(C(C)C)C=C1C(C)C)=C1C2=C(P([C@@]3(C[C@@H]4C5)C[C@H](C4)C[C@H]5C3)[C@]6(C7)C[C@@H](C[C@@H]7C8)C[C@@H]8C6)C(OC)=CC=C2OC,CC1=NOC(C(OCC)=O)=C1,CN1CCCN2C1=NCCC2,IC1=CC=C(OC)C=C1,57.53990104
45ea475fa4c089e9,FullCV_01,1432,CC(C)C(C=C(C(C)C)C=C1C(C)C)=C1C2=C(P(C3CCCCC3)C4CCCCC4)C=CC=C2,C1(C2=CC=CC=C2)=CC=NO1,CC(C)(C)/N=C(N(C)C)/N(C)C,IC1=CC=C(C(F)(F)F)C=C1,38.15573638
24dd9eb6a6dd275d,FullCV_01,1433,CC(C)C(C=C(C(C)C)C=C1C(C)C)=C1C2=C(P(C3CCCCC3)C4CCCCC4)C=CC=C2,CC1=NOC(C2=CC=CC=C2)=C1,CN(C)P(N(C)C)(N(C)C)=NP(N(C)C)(N(C)C)=NCC,BrC1=CN=CC=C1,23.57347354
6c703637811d90c8,FullCV_01,1434,CC(C)C(C=C(C(C)C)C=C1C(C)C)=C1C2=C(P(C(C)(C)C)C(C)(C)C)C=CC=C2,CC1=NOC(C2=CC=CC=C2)=C1,CC(C)(C)/N=C(N(C)C)/N(C)C,BrC1=CC=C(OC)C=C1,36.22635154
f99500247d349189,FullCV_01,1435,CC(C)C(C=C(C(C)C)C=C1C(C)C)=C1C2=C(P(C(C)(C)C)C(C)(C)C)C(OC)=CC=C2OC,COC1=NOC(C(OCC)=O)=C1,CN(C)P(N(C)C)(N(C)C)=NP(N(C)C)(N(C)C)=NCC,IC1=CN=CC=C1,52.16406686
e5880d3f8fcf1ae1,FullCV_01,1436,CC(C)C(C=C(C(C)C)C=C1C(C)C)=C1C2=C(P(C(C)(C)C)C(C)(C)C)C(OC)=CC=C2OC,COC1=NOC(C(OCC)=O)=C1,CN1CCCN2C1=NCCC2,BrC1=CC=C(C(F)(F)F)C=C1,35.20060583
c242f1626e324f9c,FullCV_01,1437,CC(C)C(C=C(C(C)C)C=C1C(C)C)=C1C2=C(P(C(C)(C)C)C(C)(C)C)C=CC=C2,O=C(OC)C1=NOC(C2=CC=CS2)=C1,CN(C)P(N(C)C)(N(C)C)=NP(N(C)C)(N(C)C)=NCC,BrC1=CC=C(OC)C=C1,45.77689221
14cc8f94bf6e22db,FullCV_01,1438,CC(C)C(C=C(C(C)C)C=C1C(C)C)=C1C2=C(P(C3CCCCC3)C4CCCCC4)C=CC=C2,C1(C2=CC=CC=C2)=NOC=C1,CC(C)(C)/N=C(N(C)C)/N(C)C,ClC1=CC=C(C(F)(F)F)C=C1,24.42152468
a913ee10b9fd1fcb,FullCV_01,1439,CC(C)C(C=C(C(C)C)C=C1C(C)C)=C1C2=C(P([C@@]3(C[C@@H]4C5)C[C@H](C4)C[C@H]5C3)[C@]6(C7)C[C@@H](C[C@@H]7C8)C[C@@H]8C6)C(OC)=CC=C2OC,C1(N(CC2=CC=CC=C2)CC3=CC=CC=C3)=CC=NO1,CN(C)P(N(C)C)(N(C)C)=NP(N(C)C)(N(C)C)=NCC,ClC1=CN=CC=C1,16.74814495
cd03a8b360efa892,FullCV_01,1440,CC(C)C(C=C(C(C)C)C=C1C(C)C)=C1C2=C(P(C(C)(C)C)C(C)(C)C)C(OC)=CC=C2OC,COC1=NOC(C(OCC)=O)=C1,CC(C)(C)/N=C(N(C)C)/N(C)C,ClC1=CC=C(C(F)(F)F)C=C1,3.849200649
04ea163919ff6fe4,FullCV_01,1441,CC(C)C(C=C(C(C)C)C=C1C(C)C)=C1C2=C(P([C@@]3(C[C@@H]4C5)C[C@H](C4)C[C@H]5C3)[C@]6(C7)C[C@@H](C[C@@H]7C8)C[C@@H]8C6)C(OC)=CC=C2OC,CC1=NOC(C(OCC)=O)=C1,CN1CCCN2C1=NCCC2,ClC1=CC=C(CC)C=C1,0.544984175
329c8c41048ea8dc,FullCV_01,1442,CC(C)C(C=C(C(C)C)C=C1C(C)C)=C1C2=C(P(C(C)(C)C)C(C)(C)C)C=CC=C2,O=C(OC)C1=NOC(C2=CC=CO2)=C1,CN(C)P(N(C)C)(N(C)C)=NP(N(C)C)(N(C)C)=NCC,BrC1=NC=CC=C1,69.97972982
30a3b939bdc5184f,FullCV_01,1443,CC(C)C(C=C(C(C)C)C=C1C(C)C)=C1C2=C(P(C3CCCCC3)C4CCCCC4)C=CC=C2,CC1=CC(N2C=CC=C2)=NO1,CC(C)(C)/N=C(N(C)C)/N(C)C,BrC1=CN=CC=C1,32.89151252
faf36d34d79bbe2a,FullCV_01,1444,CC(C)C(C=C(C(C)C)C=C1C(C)C)=C1C2=C(P(C(C)(C)C)C(C)(C)C)C(OC)=CC=C2OC,CC1=CC(C(OCC)=O)=NO1,CN(C)P(N(C)C)(N(C)C)=NP(N(C)C)(N(C)C)=NCC,BrC1=CC=C(C(F)(F)F)C=C1,33.09515946
6af10099087454ec,FullCV_01,1445,CC(C)C(C=C(C(C)C)C=C1C(C)C)=C1C2=C(P(C(C)(C)C)C(C)(C)C)C(OC)=CC=C2OC,CC1=C(C(OCC)=O)C=NO1,CC(C)(C)/N=C(N(C)C)/N(C)C,IC1=CC=C(OC)C=C1,23.04423411
2c7638791f88d0cf,FullCV_01,1446,CC(C)C(C=C(C(C)C)C=C1C(C)C)=C1C2=C(P(C(C)(C)C)C(C)(C)C)C(OC)=CC=C2OC,C1(C2=CC=CC=C2)=CON=C1,CC(C)(C)/N=C(N(C)C)/N(C)C,IC1=CN=CC=C1,71.15077458
7027c5a290237529,FullCV_01,1447,CC(C)C(C=C(C(C)C)C=C1C(C)C)=C1C2=C(P(C(C)(C)C)C(C)(C)C)C=CC=C2,CC1=CC(N2C=CC=C2)=NO1,CC(C)(C)/N=C(N(C)C)/N(C)C,IC1=CC=C(OC)C=C1,35.2237201
a7194fb595954029,FullCV_01,1448,CC(C)C(C=C(C(C)C)C=C1C(C)C)=C1C2=C(P(C3CCCCC3)C4CCCCC4)C=CC=C2,C12=C(C=CC=C2)ON=C1,CC(C)(C)/N=C(N(C)C)/N(C)C,ClC1=CC=C(C(F)(F)F)C=C1,13.87079949
c3854ebc572be2ce,FullCV_01,1449,CC(C)C(C=C(C(C)C)C=C1C(C)C)=C1C2=C(P([C@@]3(C[C@@H]4C5)C[C@H](C4)C[C@H]5C3)[C@]6(C7)C[C@@H](C[C@@H]7C8)C[C@@H]8C6)C(OC)=CC=C2OC,C1(C2=CC=CC=C2)=CC=NO1,CN(C)P(N(C)C)(N(C)C)=NP(N(C)C)(N(C)C)=NCC,BrC1=CN=CC=C1,13.6465536
ebfc8f70f426f25d,FullCV_01,1450,CC(C)C(C=C(C(C)C)C=C1C(C)C)=C1C2=C(P(C(C)(C)C)C(C)(C)C)C=CC=C2,C1(N(CC2=CC=CC=C2)CC3=CC=CC=C3)=CC=NO1,CN(C)P(N(C)C)(N(C)C)=NP(N(C)C)(N(C)C)=NCC,ClC1=CC=C(OC)C=C1,1.924092177
c8d95ef29af33137,FullCV_01,1451,CC(C)C(C=C(C(C)C)C=C1C(C)C)=C1C2=C(P(C(C)(C)C)C(C)(C)C)C(OC)=CC=C2OC,C1(C2=CC=CC=C2)=NOC=C1,CC(C)(C)/N=C(N(C)C)/N(C)C,IC1=NC=CC=C1,91.20970452
f5ac15886334b84b,FullCV_01,1452,CC(C)C(C=C(C(C)C)C=C1C(C)C)=C1C2=C(P(C3CCCCC3)C4CCCCC4)C=CC=C2,CCOC(C1=CON=C1)=O,CC(C)(C)/N=C(N(C)C)/N(C)C,ClC1=CC=C(OC)C=C1,0.0
a3af95d803b338b0,FullCV_01,1453,CC(C)C(C=C(C(C)C)C=C1C(C)C)=C1C2=C(P([C@@]3(C[C@@H]4C5)C[C@H](C4)C[C@H]5C3)[C@]6(C7)C[C@@H](C[C@@H]7C8)C[C@@H]8C6)C(OC)=CC=C2OC,CC1=CC(N2C=CC=C2)=NO1,CN(C)P(N(C)C)(N(C)C)=NP(N(C)C)(N(C)C)=NCC,BrC1=CC=C(C(F)(F)F)C=C1,19.11941212
45b41d459191d5d6,FullCV_01,1454,CC(C)C(C=C(C(C)C)C=C1C(C)C)=C1C2=C(P([C@@]3(C[C@@H]4C5)C[C@H](C4)C[C@H]5C3)[C@]6(C7)C[C@@H](C[C@@H]7C8)C[C@@H]8C6)C(OC)=CC=C2OC,CC1=NOC(C2=CC=CC=C2)=C1,CN1CCCN2C1=NCCC2,BrC1=CN=CC=C1,73.81395251
81dec27fc266d7ae,FullCV_01,1455,CC(C)C(C=C(C(C)C)C=C1C(C)C)=C1C2=C(P([C@@]3(C[C@@H]4C5)C[C@H](C4)C[C@H]5C3)[C@]6(C7)C[C@@H](C[C@@H]7C8)C[C@@H]8C6)C(OC)=CC=C2OC,CC1=NOC(C2=CC=CC=C2)=C1,CN(C)P(N(C)C)(N(C)C)=NP(N(C)C)(N(C)C)=NCC,ClC1=CC=C(C(F)(F)F)C=C1,0.552049908
1f42723bf96309bf,FullCV_01,1456,CC(C)C(C=C(C(C)C)C=C1C(C)C)=C1C2=C(P(C(C)(C)C)C(C)(C)C)C(OC)=CC=C2OC,CCOC(C1=CON=C1)=O,CN1CCCN2C1=NCCC2,ClC1=CC=C(OC)C=C1,0.788355769
177f1bb0fd8f8a7c,FullCV_01,1457,CC(C)C(C=C(C(C)C)C=C1C(C)C)=C1C2=C(P(C(C)(C)C)C(C)(C)C)C=CC=C2,C12=CON=C1C=CC=C2,CN(C)P(N(C)C)(N(C)C)=NP(N(C)C)(N(C)C)=NCC,ClC1=CN=CC=C1,12.14875689
1e5a185accc2430c,FullCV_01,1458,CC(C)C(C=C(C(C)C)C=C1C(C)C)=C1C2=C(P([C@@]3(C[C@@H]4C5)C[C@H](C4)C[C@H]5C3)[C@]6(C7)C[C@@H](C[C@@H]7C8)C[C@@H]8C6)C(OC)=CC=C2OC,CC1=C(C(OCC)=O)C=NO1,CN1CCCN2C1=NCCC2,BrC1=NC=CC=C1,49.14544471
7d8db849d3d451eb,FullCV_01,1459,CC(C)C(C=C(C(C)C)C=C1C(C)C)=C1C2=C(P(C3CCCCC3)C4CCCCC4)C=CC=C2,C12=C(C=CC=C2)ON=C1,CC(C)(C)/N=C(N(C)C)/N(C)C,ClC1=CC=C(CC)C=C1,2.570236026
4921f73eafd7b353,FullCV_01,1460,CC(C)C(C=C(C(C)C)C=C1C(C)C)=C1C2=C(P(C3CCCCC3)C4CCCCC4)C=CC=C2,CC1=NOC=C1,CN(C)P(N(C)C)(N(C)C)=NP(N(C)C)(N(C)C)=NCC,ClC1=CC=C(OC)C=C1,0.47110416
b254c2a8324f64ca,FullCV_01,1461,CC(C)C(C=C(C(C)C)C=C1C(C)C)=C1C2=C(P(C(C)(C)C)C(C)(C)C)C=CC=C2,CC1=C(C(OCC)=O)C=NO1,CN1CCCN2C1=NCCC2,BrC1=CC=C(OC)C=C1,21.62255716
3a27e49b00a6463f,FullCV_01,1462,CC(C)C(C=C(C(C)C)C=C1C(C)C)=C1C2=C(P(C3CCCCC3)C4CCCCC4)C=CC=C2,FC(C=CC=C1F)=C1C2=CC=NO2,CN(C)P(N(C)C)(N(C)C)=NP(N(C)C)(N(C)C)=NCC,IC1=NC=CC=C1,17.06361217
da7f80a9c040a96d,FullCV_01,1463,CC(C)C(C=C(C(C)C)C=C1C(C)C)=C1C2=C(P([C@@]3(C[C@@H]4C5)C[C@H](C4)C[C@H]5C3)[C@]6(C7)C[C@@H](C[C@@H]7C8)C[C@@H]8C6)C(OC)=CC=C2OC,C1(C2=CC=CC=C2)=CON=C1,CN(C)P(N(C)C)(N(C)C)=NP(N(C)C)(N(C)C)=NCC,IC1=NC=CC=C1,27.24737039
b4ff75fed28dd580,FullCV_01,1464,CC(C)C(C=C(C(C)C)C=C1C(C)C)=C1C2=C(P(C(C)(C)C)C(C)(C)C)C=CC=C2,CC1=NOC=C1,CN(C)P(N(C)C)(N(C)C)=NP(N(C)C)(N(C)C)=NCC,ClC1=CC=C(C(F)(F)F)C=C1,31.76101887
2ff9bdff9032bfbe,FullCV_01,1465,CC(C)C(C=C(C(C)C)C=C1C(C)C)=C1C2=C(P(C3CCCCC3)C4CCCCC4)C=CC=C2,CC1=NOC=C1,CN(C)P(N(C)C)(N(C)C)=NP(N(C)C)(N(C)C)=NCC,ClC1=CC=C(C(F)(F)F)C=C1,5.928429551
848792f3dfaedc62,FullCV_01,1466,CC(C)C(C=C(C(C)C)C=C1C(C)C)=C1C2=C(P([C@@]3(C[C@@H]4C5)C[C@H](C4)C[C@H]5C3)[C@]6(C7)C[C@@H](C[C@@H]7C8)C[C@@H]8C6)C(OC)=CC=C2OC,C1(C2=CC=CC=C2)=CC=NO1,CN(C)P(N(C)C)(N(C)C)=NP(N(C)C)(N(C)C)=NCC,IC1=NC=CC=C1,24.16256349
da7a0667ae1d468f,FullCV_01,1467,CC(C)C(C=C(C(C)C)C=C1C(C)C)=C1C2=C(P(C3CCCCC3)C4CCCCC4)C=CC=C2,C1(C2=CC=CC=C2)=NOC=C1,CN1CCCN2C1=NCCC2,BrC1=NC=CC=C1,58.30938102
f440dc79d7a5e7d6,FullCV_01,1468,CC(C)C(C=C(C(C)C)C=C1C(C)C)=C1C2=C(P(C(C)(C)C)C(C)(C)C)C=CC=C2,C1(C2=CC=CC=C2)=NOC=C1,CN(C)P(N(C)C)(N(C)C)=NP(N(C)C)(N(C)C)=NCC,IC1=CC=C(C(F)(F)F)C=C1,44.71241275
461e030c9721a2cf,FullCV_01,1469,CC(C)C(C=C(C(C)C)C=C1C(C)C)=C1C2=C(P(C3CCCCC3)C4CCCCC4)C=CC=C2,O=C(OC)C1=NOC(C2=CC=CO2)=C1,CC(C)(C)/N=C(N(C)C)/N(C)C,IC1=NC=CC=C1,38.85520908
4305b61f7041f20b,FullCV_01,1470,CC(C)C(C=C(C(C)C)C=C1C(C)C)=C1C2=C(P([C@@]3(C[C@@H]4C5)C[C@H](C4)C[C@H]5C3)[C@]6(C7)C[C@@H](C[C@@H]7C8)C[C@@H]8C6)C(OC)=CC=C2OC,C1(N(CC2=CC=CC=C2)CC3=CC=CC=C3)=NOC=C1,CC(C)(C)/N=C(N(C)C)/N(C)C,IC1=CN=CC=C1,63.88080478
c054122e528eba8e,FullCV_01,1471,CC(C)C(C=C(C(C)C)C=C1C(C)C)=C1C2=C(P([C@@]3(C[C@@H]4C5)C[C@H](C4)C[C@H]5C3)[C@]6(C7)C[C@@H](C[C@@H]7C8)C[C@@H]8C6)C(OC)=CC=C2OC,O=C(OC)C1=NOC(C2=CC=CS2)=C1,CN(C)P(N(C)C)(N(C)C)=NP(N(C)C)(N(C)C)=NCC,ClC1=CC=C(C(F)(F)F)C=C1,1.159391266
8b3b777847d8fba1,FullCV_01,1472,CC(C)C(C=C(C(C)C)C=C1C(C)C)=C1C2=C(P(C3CCCCC3)C4CCCCC4)C=CC=C2,FC(C=CC=C1F)=C1C2=CC=NO2,CC(C)(C)/N=C(N(C)C)/N(C)C,ClC1=CN=CC=C1,2.419663487
4ff67f459a56ad92,FullCV_01,1473,CC(C)C(C=C(C(C)C)C=C1C(C)C)=C1C2=C(P(C3CCCCC3)C4CCCCC4)C=CC=C2,C1(C2=CC=CC=C2)=CON=C1,CN(C)P(N(C)C)(N(C)C)=NP(N(C)C)(N(C)C)=NCC,ClC1=CC=C(OC)C=C1,1.856863727
aa615c6ace110c31,FullCV_01,1474,CC(C)C(C=C(C(C)C)C=C1C(C)C)=C1C2=C(P(C(C)(C)C)C(C)(C)C)C=CC=C2,FC(C=CC=C1F)=C1C2=CC=NO2,CN1CCCN2C1=NCCC2,ClC1=CC=C(CC)C=C1,11.25502625
2e98a50de5571b8a,FullCV_01,1475,CC(C)C(C=C(C(C)C)C=C1C(C)C)=C1C2=C(P(C(C)(C)C)C(C)(C)C)C(OC)=CC=C2OC,COC1=NOC(C(OCC)=O)=C1,CC(C)(C)/N=C(N(C)C)/N(C)C,IC1=CC=C(CC)C=C1,62.03548199
e53a2366ae210b08,FullCV_01,1476,CC(C)C(C=C(C(C)C)C=C1C(C)C)=C1C2=C(P([C@@]3(C[C@@H]4C5)C[C@H](C4)C[C@H]5C3)[C@]6(C7)C[C@@H](C[C@@H]7C8)C[C@@H]8C6)C(OC)=CC=C2OC,CC1=C(C(OCC)=O)C=NO1,CN1CCCN2C1=NCCC2,BrC1=CC=C(OC)C=C1,24.41645938
0c4fa2e36eb65d9d,FullCV_01,1477,CC(C)C(C=C(C(C)C)C=C1C(C)C)=C1C2=C(P([C@@]3(C[C@@H]4C5)C[C@H](C4)C[C@H]5C3)[C@]6(C7)C[C@@H](C[C@@H]7C8)C[C@@H]8C6)C(OC)=CC=C2OC,CC1=CC(N2C=CC=C2)=NO1,CN(C)P(N(C)C)(N(C)C)=NP(N(C)C)(N(C)C)=NCC,IC1=CN=CC=C1,65.67896113
f21d5aba7e845271,FullCV_01,1478,CC(C)C(C=C(C(C)C)C=C1C(C)C)=C1C2=C(P(C3CCCCC3)C4CCCCC4)C=CC=C2,C1(C2=CC=CC=C2)=CON=C1,CC(C)(C)/N=C(N(C)C)/N(C)C,ClC1=CC=C(OC)C=C1,0.0
769e9ab609f8f050,FullCV_01,1479,CC(C)C(C=C(C(C)C)C=C1C(C)C)=C1C2=C(P(C(C)(C)C)C(C)(C)C)C=CC=C2,C1(C2=CC=CC=C2)=NOC=C1,CC(C)(C)/N=C(N(C)C)/N(C)C,BrC1=CC=C(C(F)(F)F)C=C1,54.22375463
2e5076b457c09b34,FullCV_01,1480,CC(C)C(C=C(C(C)C)C=C1C(C)C)=C1C2=C(P(C(C)(C)C)C(C)(C)C)C(OC)=CC=C2OC,CC1=NOC(C2=CC=CC=C2)=C1,CN1CCCN2C1=NCCC2,BrC1=CC=C(C(F)(F)F)C=C1,38.5374711
2af5b632fb5efba7,FullCV_01,1481,CC(C)C(C=C(C(C)C)C=C1C(C)C)=C1C2=C(P(C(C)(C)C)C(C)(C)C)C(OC)=CC=C2OC,CC1=CC(C)=NO1,CN1CCCN2C1=NCCC2,IC1=CC=C(CC)C=C1,79.76639273
4f99577335648c70,FullCV_01,1482,CC(C)C(C=C(C(C)C)C=C1C(C)C)=C1C2=C(P([C@@]3(C[C@@H]4C5)C[C@H](C4)C[C@H]5C3)[C@]6(C7)C[C@@H](C[C@@H]7C8)C[C@@H]8C6)C(OC)=CC=C2OC,C1(C2=CC=CC=C2)=CC=NO1,CN(C)P(N(C)C)(N(C)C)=NP(N(C)C)(N(C)C)=NCC,ClC1=NC=CC=C1,16.1585109
1d923eb923d1bcd0,FullCV_01,1483,CC(C)C(C=C(C(C)C)C=C1C(C)C)=C1C2=C(P(C(C)(C)C)C(C)(C)C)C=CC=C2,CCOC(C1=NOC=C1)=O,CN(C)P(N(C)C)(N(C)C)=NP(N(C)C)(N(C)C)=NCC,ClC1=CN=CC=C1,0.0
ea5a20a8437c22ae,FullCV_01,1484,CC(C)C(C=C(C(C)C)C=C1C(C)C)=C1C2=C(P(C(C)(C)C)C(C)(C)C)C(OC)=CC=C2OC,C1(N(CC2=CC=CC=C2)CC3=CC=CC=C3)=NOC=C1,CN(C)P(N(C)C)(N(C)C)=NP(N(C)C)(N(C)C)=NCC,IC1=NC=CC=C1,79.30639259
4c50bf7a0546be39,FullCV_01,1485,CC(C)C(C=C(C(C)C)C=C1C(C)C)=C1C2=C(P(C(C)(C)C)C(C)(C)C)C(OC)=CC=C2OC,O=C(OC)C1=NOC(C2=CC=CO2)=C1,CN1CCCN2C1=NCCC2,ClC1=NC=CC=C1,74.69880742
e482f31a9f1b49c8,FullCV_01,1486,CC(C)C(C=C(C(C)C)C=C1C(C)C)=C1C2=C(P(C(C)(C)C)C(C)(C)C)C=CC=C2,O=C(OC)C1=NOC(C2=CC=CS2)=C1,CC(C)(C)/N=C(N(C)C)/N(C)C,IC1=NC=CC=C1,60.93427362
cda271a759c3f2d0,FullCV_01,1487,CC(C)C(C=C(C(C)C)C=C1C(C)C)=C1C2=C(P(C(C)(C)C)C(C)(C)C)C(OC)=CC=C2OC,CC1=C(C(OCC)=O)C=NO1,CC(C)(C)/N=C(N(C)C)/N(C)C,ClC1=CC=C(OC)C=C1,0.0
87036d1d6159c3dc,FullCV_01,1488,CC(C)C(C=C(C(C)C)C=C1C(C)C)=C1C2=C(P(C(C)(C)C)C(C)(C)C)C(OC)=CC=C2OC,C1(N(CC2=CC=CC=C2)CC3=CC=CC=C3)=CC=NO1,CN1CCCN2C1=NCCC2,IC1=CN=CC=C1,81.55614964
2addd0e847886125,FullCV_01,1489,CC(C)C(C=C(C(C)C)C=C1C(C)C)=C1C2=C(P(C(C)(C)C)C(C)(C)C)C=CC=C2,COC1=NOC(C(OCC)=O)=C1,CN1CCCN2C1=NCCC2,BrC1=CC=C(OC)C=C1,47.37471195
25b30e1bac801e5d,FullCV_01,1490,CC(C)C(C=C(C(C)C)C=C1C(C)C)=C1C2=C(P(C3CCCCC3)C4CCCCC4)C=CC=C2,CC1=CC(C(OCC)=O)=NO1,CN1CCCN2C1=NCCC2,BrC1=CN=CC=C1,32.5166032
7cd184b9e909cf6c,FullCV_01,1491,CC(C)C(C=C(C(C)C)C=C1C(C)C)=C1C2=C(P(C(C)(C)C)C(C)(C)C)C(OC)=CC=C2OC,CC1=CC(N2C=CC=C2)=NO1,CN(C)P(N(C)C)(N(C)C)=NP(N(C)C)(N(C)C)=NCC,BrC1=NC=CC=C1,76.11415284
39b34b9c6627bba0,FullCV_01,1492,CC(C)C(C=C(C(C)C)C=C1C(C)C)=C1C2=C(P(C(C)(C)C)C(C)(C)C)C=CC=C2,FC(C=CC=C1F)=C1C2=CC=NO2,CN1CCCN2C1=NCCC2,BrC1=NC=CC=C1,79.62575679
8b87057a7dc37594,FullCV_01,1493,CC(C)C(C=C(C(C)C)C=C1C(C)C)=C1C2=C(P(C(C)(C)C)C(C)(C)C)C(OC)=CC=C2OC,O=C(OC)C1=NOC(C2=CC=CS2)=C1,CC(C)(C)/N=C(N(C)C)/N(C)C,ClC1=CC=C(CC)C=C1,4.12761042
8c75b823392394bd,FullCV_01,1494,CC(C)C(C=C(C(C)C)C=C1C(C)C)=C1C2=C(P(C3CCCCC3)C4CCCCC4)C=CC=C2,CC1=NOC(C(OCC)=O)=C1,CC(C)(C)/N=C(N(C)C)/N(C)C,BrC1=NC=CC=C1,53.63578043
4694f55ec5a5c047,FullCV_01,1495,CC(C)C(C=C(C(C)C)C=C1C(C)C)=C1C2=C(P(C(C)(C)C)C(C)(C)C)C=CC=C2,O=C(OC)C1=NOC(C2=CC=CS2)=C1,CN(C)P(N(C)C)(N(C)C)=NP(N(C)C)(N(C)C)=NCC,BrC1=CC=C(C(F)(F)F)C=C1,40.52594956
4c79075f215afed8,FullCV_01,1496,CC(C)C(C=C(C(C)C)C=C1C(C)C)=C1C2=C(P(C(C)(C)C)C(C)(C)C)C=CC=C2,C1(N(CC2=CC=CC=C2)CC3=CC=CC=C3)=CC=NO1,CN(C)P(N(C)C)(N(C)C)=NP(N(C)C)(N(C)C)=NCC,ClC1=CC=C(C(F)(F)F)C=C1,10.16290719
0e481ead1e5db19e,FullCV_01,1497,CC(C)C(C=C(C(C)C)C=C1C(C)C)=C1C2=C(P(C(C)(C)C)C(C)(C)C)C(OC)=CC=C2OC,C1(C2=CC=CC=C2)=CON=C1,CN(C)P(N(C)C)(N(C)C)=NP(N(C)C)(N(C)C)=NCC,IC1=CC=C(CC)C=C1,25.42117806
94d9d2728c9743fd,FullCV_01,1498,CC(C)C(C=C(C(C)C)C=C1C(C)C)=C1C2=C(P(C(C)(C)C)C(C)(C)C)C=CC=C2,COC1=NOC(C(OCC)=O)=C1,CN(C)P(N(C)C)(N(C)C)=NP(N(C)C)(N(C)C)=NCC,ClC1=NC=CC=C1,70.14701034
4a3f70984e1015e9,FullCV_01,1499,CC(C)C(C=C(C(C)C)C=C1C(C)C)=C1C2=C(P(C(C)(C)C)C(C)(C)C)C=CC=C2,CC1=CC(C)=NO1,CC(C)(C)/N=C(N(C)C)/N(C)C,ClC1=CC=C(CC)C=C1,4.451923676
ee1a2052daac4684,FullCV_01,1500,CC(C)C(C=C(C(C)C)C=C1C(C)C)=C1C2=C(P(C(C)(C)C)C(C)(C)C)C=CC=C2,FC(C=CC=C1F)=C1C2=CC=NO2,CN(C)P(N(C)C)(N(C)C)=NP(N(C)C)(N(C)C)=NCC,ClC1=NC=CC=C1,27.24876847
495e1f4d26cbe7c9,FullCV_01,1501,CC(C)C(C=C(C(C)C)C=C1C(C)C)=C1C2=C(P(C(C)(C)C)C(C)(C)C)C(OC)=CC=C2OC,O=C(OC)C1=NOC(C2=CC=CO2)=C1,CC(C)(C)/N=C(N(C)C)/N(C)C,IC1=CC=C(C(F)(F)F)C=C1,36.44138063
c295af0333fc23bf,FullCV_01,1502,CC(C)C(C=C(C(C)C)C=C1C(C)C)=C1C2=C(P(C(C)(C)C)C(C)(C)C)C=CC=C2,C1(C2=CC=CC=C2)=CON=C1,CN(C)P(N(C)C)(N(C)C)=NP(N(C)C)(N(C)C)=NCC,BrC1=CC=C(C(F)(F)F)C=C1,18.74350865
e5409a1e554306b8,FullCV_01,1503,CC(C)C(C=C(C(C)C)C=C1C(C)C)=C1C2=C(P(C3CCCCC3)C4CCCCC4)C=CC=C2,CC1=NOC(C2=CC=CC=C2)=C1,CN(C)P(N(C)C)(N(C)C)=NP(N(C)C)(N(C)C)=NCC,ClC1=CC=C(C(F)(F)F)C=C1,18.40035471
ea7f5be8c3a10f61,FullCV_01,1504,CC(C)C(C=C(C(C)C)C=C1C(C)C)=C1C2=C(P(C(C)(C)C)C(C)(C)C)C=CC=C2,CC1=CC(N2C=CC=C2)=NO1,CN(C)P(N(C)C)(N(C)C)=NP(N(C)C)(N(C)C)=NCC,ClC1=CC=C(OC)C=C1,2.495636052
a9530c2c9013a4f1,FullCV_01,1505,CC(C)C(C=C(C(C)C)C=C1C(C)C)=C1C2=C(P(C3CCCCC3)C4CCCCC4)C=CC=C2,C1(C2=CC=CC=C2)=CC=NO1,CN(C)P(N(C)C)(N(C)C)=NP(N(C)C)(N(C)C)=NCC,IC1=CN=CC=C1,13.17521743
4ce932ba0011b150,FullCV_01,1506,CC(C)C(C=C(C(C)C)C=C1C(C)C)=C1C2=C(P(C3CCCCC3)C4CCCCC4)C=CC=C2,CC1=NOC(C2=CC=CC=C2)=C1,CN1CCCN2C1=NCCC2,ClC1=CC=C(OC)C=C1,0.0
9685ccee70d4efb5,FullCV_01,1507,CC(C)C(C=C(C(C)C)C=C1C(C)C)=C1C2=C(P(C(C)(C)C)C(C)(C)C)C(OC)=CC=C2OC,O=C(OC)C1=NOC(C2=CC=CS2)=C1,CC(C)(C)/N=C(N(C)C)/N(C)C,BrC1=NC=CC=C1,63.16520406
cfed45896674aca1,FullCV_01,1508,CC(C)C(C=C(C(C)C)C=C1C(C)C)=C1C2=C(P(C(C)(C)C)C(C)(C)C)C(OC)=CC=C2OC,CC1=CC(C)=NO1,CN1CCCN2C1=NCCC2,IC1=CC=C(C(F)(F)F)C=C1,45.52244321
2b4e12e1f3921da7,FullCV_01,1509,CC(C)C(C=C(C(C)C)C=C1C(C)C)=C1C2=C(P(C(C)(C)C)C(C)(C)C)C=CC=C2,CCOC(C1=NOC=C1)=O,CN1CCCN2C1=NCCC2,IC1=CN=CC=C1,83.31333267
fa31e73feebc34af,FullCV_01,1510,CC(C)C(C=C(C(C)C)C=C1C(C)C)=C1C2=C(P(C3CCCCC3)C4CCCCC4)C=CC=C2,CCOC(C1=NOC=C1)=O,CN1CCCN2C1=NCCC2,BrC1=CC=C(CC)C=C1,23.14452899
630e326268be650e,FullCV_01,1511,CC(C)C(C=C(C(C)C)C=C1C(C)C)=C1C2=C(P(C(C)(C)C)C(C)(C)C)C(OC)=CC=C2OC,CCOC(C1=CON=C1)=O,CC(C)(C)/N=C(N(C)C)/N(C)C,ClC1=CC=C(CC)C=C1,0.855112472
0bcdc81bc631a966,FullCV_01,1512,CC(C)C(C=C(C(C)C)C=C1C(C)C)=C1C2=C(P(C3CCCCC3)C4CCCCC4)C=CC=C2,C1(C2=CC=CC=C2)=CC=NO1,CN1CCCN2C1=NCCC2,IC1=CC=C(C(F)(F)F)C=C1,39.57783871
142b63cc29defdd6,FullCV_01,1513,CC(C)C(C=C(C(C)C)C=C1C(C)C)=C1C2=C(P([C@@]3(C[C@@H]4C5)C[C@H](C4)C[C@H]5C3)[C@]6(C7)C[C@@H](C[C@@H]7C8)C[C@@H]8C6)C(OC)=CC=C2OC,C12=CON=C1C=CC=C2,CN(C)P(N(C)C)(N(C)C)=NP(N(C)C)(N(C)C)=NCC,BrC1=CC=C(CC)C=C1,7.242678118
61be9aac0633ea95,FullCV_01,1514,CC(C)C(C=C(C(C)C)C=C1C(C)C)=C1C2=C(P(C(C)(C)C)C(C)(C)C)C=CC=C2,C1(N(CC2=CC=CC=C2)CC3=CC=CC=C3)=CC=NO1,CC(C)(C)/N=C(N(C)C)/N(C)C,ClC1=CC=C(OC)C=C1,0.0
fb15b973741dadf1,FullCV_01,1515,CC(C)C(C=C(C(C)C)C=C1C(C)C)=C1C2=C(P(C(C)(C)C)C(C)(C)C)C=CC=C2,COC1=NOC(C(OCC)=O)=C1,CN1CCCN2C1=NCCC2,IC1=NC=CC=C1,84.68245385
d114c83726542e6a,FullCV_01,1516,CC(C)C(C=C(C(C)C)C=C1C(C)C)=C1C2=C(P(C3CCCCC3)C4CCCCC4)C=CC=C2,O=C(OC)C1=NOC(C2=CC=CO2)=C1,CC(C)(C)/N=C(N(C)C)/N(C)C,BrC1=CC=C(C(F)(F)F)C=C1,24.08891574
75be086a91c25ac8,FullCV_01,1517,CC(C)C(C=C(C(C)C)C=C1C(C)C)=C1C2=C(P(C(C)(C)C)C(C)(C)C)C(OC)=CC=C2OC,C1(C2=CC=CC=C2)=CC=NO1,CN(C)P(N(C)C)(N(C)C)=NP(N(C)C)(N(C)C)=NCC,IC1=CN=CC=C1,15.12671706
a45cb74c1e1cec05,FullCV_01,1518,CC(C)C(C=C(C(C)C)C=C1C(C)C)=C1C2=C(P(C(C)(C)C)C(C)(C)C)C=CC=C2,CC1=NOC=C1,CC(C)(C)/N=C(N(C)C)/N(C)C,ClC1=NC=CC=C1,76.63515592
b0f38f2c035aa920,FullCV_01,1519,CC(C)C(C=C(C(C)C)C=C1C(C)C)=C1C2=C(P([C@@]3(C[C@@H]4C5)C[C@H](C4)C[C@H]5C3)[C@]6(C7)C[C@@H](C[C@@H]7C8)C[C@@H]8C6)C(OC)=CC=C2OC,C1(N(CC2=CC=CC=C2)CC3=CC=CC=C3)=NOC=C1,CN(C)P(N(C)C)(N(C)C)=NP(N(C)C)(N(C)C)=NCC,BrC1=CN=CC=C1,25.79072036
b936c8f69057c633,FullCV_01,1520,CC(C)C(C=C(C(C)C)C=C1C(C)C)=C1C2=C(P(C(C)(C)C)C(C)(C)C)C(OC)=CC=C2OC,CCOC(C1=NOC=C1)=O,CC(C)(C)/N=C(N(C)C)/N(C)C,BrC1=CC=C(OC)C=C1,31.2588772
652045f9629f79f5,FullCV_01,1521,CC(C)C(C=C(C(C)C)C=C1C(C)C)=C1C2=C(P(C(C)(C)C)C(C)(C)C)C=CC=C2,O=C(OC)C1=NOC(C2=CC=CS2)=C1,CC(C)(C)/N=C(N(C)C)/N(C)C,IC1=CC=C(OC)C=C1,32.8144383
5f22f30cc71123a3,FullCV_01,1522,CC(C)C(C=C(C(C)C)C=C1C(C)C)=C1C2=C(P(C3CCCCC3)C4CCCCC4)C=CC=C2,COC1=NOC(C(OCC)=O)=C1,CC(C)(C)/N=C(N(C)C)/N(C)C,BrC1=CN=CC=C1,18.1199602
9cfdb4abaf26e84c,FullCV_01,1523,CC(C)C(C=C(C(C)C)C=C1C(C)C)=C1C2=C(P(C(C)(C)C)C(C)(C)C)C(OC)=CC=C2OC,FC(C=CC=C1F)=C1C2=CC=NO2,CC(C)(C)/N=C(N(C)C)/N(C)C,BrC1=NC=CC=C1,44.24461772
bd613fb88560d0d2,FullCV_01,1524,CC(C)C(C=C(C(C)C)C=C1C(C)C)=C1C2=C(P(C(C)(C)C)C(C)(C)C)C(OC)=CC=C2OC,CC1=CC(N2C=CC=C2)=NO1,CN1CCCN2C1=NCCC2,ClC1=CC=C(OC)C=C1,1.226874544
52cff36f99643921,FullCV_01,1525,CC(C)C(C=C(C(C)C)C=C1C(C)C)=C1C2=C(P(C(C)(C)C)C(C)(C)C)C=CC=C2,O=C(OC)C1=NOC(C2=CC=CO2)=C1,CN1CCCN2C1=NCCC2,ClC1=CC=C(CC)C=C1,0.609947969
fbcf88f72f6cb7b1,FullCV_01,1526,CC(C)C(C=C(C(C)C)C=C1C(C)C)=C1C2=C(P(C(C)(C)C)C(C)(C)C)C=CC=C2,CC1=CC(C(OCC)=O)=NO1,CN(C)P(N(C)C)(N(C)C)=NP(N(C)C)(N(C)C)=NCC,BrC1=CC=C(OC)C=C1,44.55887608
5361bad3084c4eb1,FullCV_01,1527,CC(C)C(C=C(C(C)C)C=C1C(C)C)=C1C2=C(P([C@@]3(C[C@@H]4C5)C[C@H](C4)C[C@H]5C3)[C@]6(C7)C[C@@H](C[C@@H]7C8)C[C@@H]8C6)C(OC)=CC=C2OC,C1(C2=CC=CC=C2)=NOC=C1,CN(C)P(N(C)C)(N(C)C)=NP(N(C)C)(N(C)C)=NCC,IC1=CN=CC=C1,2.733728741
2dbefbe6de5abfb6,FullCV_01,1528,CC(C)C(C=C(C(C)C)C=C1C(C)C)=C1C2=C(P(C(C)(C)C)C(C)(C)C)C(OC)=CC=C2OC,CCOC(C1=CON=C1)=O,CN1CCCN2C1=NCCC2,IC1=CN=CC=C1,33.39106531
9be7d2943bd028c2,FullCV_01,1529,CC(C)C(C=C(C(C)C)C=C1C(C)C)=C1C2=C(P(C(C)(C)C)C(C)(C)C)C=CC=C2,CCOC(C1=NOC=C1)=O,CC(C)(C)/N=C(N(C)C)/N(C)C,ClC1=CC=C(CC)C=C1,2.408749938
0676708e137c7f0a,FullCV_01,1530,CC(C)C(C=C(C(C)C)C=C1C(C)C)=C1C2=C(P([C@@]3(C[C@@H]4C5)C[C@H](C4)C[C@H]5C3)[C@]6(C7)C[C@@H](C[C@@H]7C8)C[C@@H]8C6)C(OC)=CC=C2OC,FC(C=CC=C1F)=C1C2=CC=NO2,CN(C)P(N(C)C)(N(C)C)=NP(N(C)C)(N(C)C)=NCC,IC1=CC=C(CC)C=C1,27.6859428
2ef29e55c90c9575,FullCV_01,1531,CC(C)C(C=C(C(C)C)C=C1C(C)C)=C1C2=C(P(C(C)(C)C)C(C)(C)C)C=CC=C2,CC1=NOC(C(OCC)=O)=C1,CN1CCCN2C1=NCCC2,BrC1=CC=C(C(F)(F)F)C=C1,53.59986981
2c69bb7120e8f591,FullCV_01,1532,CC(C)C(C=C(C(C)C)C=C1C(C)C)=C1C2=C(P([C@@]3(C[C@@H]4C5)C[C@H](C4)C[C@H]5C3)[C@]6(C7)C[C@@H](C[C@@H]7C8)C[C@@H]8C6)C(OC)=CC=C2OC,C1(C2=CC=CC=C2)=CON=C1,CC(C)(C)/N=C(N(C)C)/N(C)C,ClC1=CC=C(CC)C=C1,0.620480408
5628ab5ebefec47d,FullCV_01,1533,CC(C)C(C=C(C(C)C)C=C1C(C)C)=C1C2=C(P(C(C)(C)C)C(C)(C)C)C(OC)=CC=C2OC,O=C(OC)C1=CC=NO1,CN(C)P(N(C)C)(N(C)C)=NP(N(C)C)(N(C)C)=NCC,IC1=CC=C(OC)C=C1,12.42396719
9f04afb184b141f1,FullCV_01,1534,CC(C)C(C=C(C(C)C)C=C1C(C)C)=C1C2=C(P([C@@]3(C[C@@H]4C5)C[C@H](C4)C[C@H]5C3)[C@]6(C7)C[C@@H](C[C@@H]7C8)C[C@@H]8C6)C(OC)=CC=C2OC,CCOC(C1=NOC=C1)=O,CN1CCCN2C1=NCCC2,IC1=CC=C(C(F)(F)F)C=C1,52.49415636
0c2ce15cb673af7a,FullCV_01,1535,CC(C)C(C=C(C(C)C)C=C1C(C)C)=C1C2=C(P(C(C)(C)C)C(C)(C)C)C=CC=C2,CC1=C(C(OCC)=O)C=NO1,CN(C)P(N(C)C)(N(C)C)=NP(N(C)C)(N(C)C)=NCC,IC1=CC=C(OC)C=C1,19.37897224
a093d6a0201bd676,FullCV_01,1536,CC(C)C(C=C(C(C)C)C=C1C(C)C)=C1C2=C(P(C3CCCCC3)C4CCCCC4)C=CC=C2,C1(N(CC2=CC=CC=C2)CC3=CC=CC=C3)=CC=NO1,CN(C)P(N(C)C)(N(C)C)=NP(N(C)C)(N(C)C)=NCC,ClC1=CC=C(C(F)(F)F)C=C1,8.599290828
456b2b2bd9a68c38,FullCV_01,1537,CC(C)C(C=C(C(C)C)C=C1C(C)C)=C1C2=C(P(C(C)(C)C)C(C)(C)C)C=CC=C2,CC1=CC=NO1,CN1CCCN2C1=NCCC2,IC1=CC=C(C(F)(F)F)C=C1,46.36906778
c663d00caef3e597,FullCV_01,1538,CC(C)C(C=C(C(C)C)C=C1C(C)C)=C1C2=C(P(C(C)(C)C)C(C)(C)C)C=CC=C2,FC(C=CC=C1F)=C1C2=CC=NO2,CN(C)P(N(C)C)(N(C)C)=NP(N(C)C)(N(C)C)=NCC,IC1=NC=CC=C1,37.29673945
1e4ae16cf5b19e18,FullCV_01,1539,CC(C)C(C=C(C(C)C)C=C1C(C)C)=C1C2=C(P(C(C)(C)C)C(C)(C)C)C(OC)=CC=C2OC,CCOC(C1=CON=C1)=O,CC(C)(C)/N=C(N(C)C)/N(C)C,ClC1=CC=C(OC)C=C1,0.0
0917e9e7967f6271,FullCV_01,1540,CC(C)C(C=C(C(C)C)C=C1C(C)C)=C1C2=C(P(C(C)(C)C)C(C)(C)C)C(OC)=CC=C2OC,C1(N(CC2=CC=CC=C2)CC3=CC=CC=C3)=CC=NO1,CN(C)P(N(C)C)(N(C)C)=NP(N(C)C)(N(C)C)=NCC,ClC1=CC=C(C(F)(F)F)C=C1,17.35437544
92232395c2aab4bd,FullCV_01,1541,CC(C)C(C=C(C(C)C)C=C1C(C)C)=C1C2=C(P([C@@]3(C[C@@H]4C5)C[C@H](C4)C[C@H]5C3)[C@]6(C7)C[C@@H](C[C@@H]7C8)C[C@@H]8C6)C(OC)=CC=C2OC,C12=CON=C1C=CC=C2,CN(C)P(N(C)C)(N(C)C)=NP(N(C)C)(N(C)C)=NCC,IC1=NC=CC=C1,6.244420828
7fc12aa3ff14cb33,FullCV_01,1542,CC(C)C(C=C(C(C)C)C=C1C(C)C)=C1C2=C(P(C(C)(C)C)C(C)(C)C)C(OC)=CC=C2OC,CC1=CC(N2C=CC=C2)=NO1,CC(C)(C)/N=C(N(C)C)/N(C)C,ClC1=CN=CC=C1,25.61137798
eead631f2dca9692,FullCV_01,1543,CC(C)C(C=C(C(C)C)C=C1C(C)C)=C1C2=C(P([C@@]3(C[C@@H]4C5)C[C@H](C4)C[C@H]5C3)[C@]6(C7)C[C@@H](C[C@@H]7C8)C[C@@H]8C6)C(OC)=CC=C2OC,CC1=NOC(C2=CC=CC=C2)=C1,CN1CCCN2C1=NCCC2,BrC1=CC=C(CC)C=C1,63.68559531
8e932641f2e6fdc8,FullCV_01,1544,CC(C)C(C=C(C(C)C)C=C1C(C)C)=C1C2=C(P(C3CCCCC3)C4CCCCC4)C=CC=C2,FC(C=CC=C1F)=C1C2=CC=NO2,CC(C)(C)/N=C(N(C)C)/N(C)C,BrC1=CC=C(C(F)(F)F)C=C1,22.30541273
cd3bfb6a9c885442,FullCV_01,1545,CC(C)C(C=C(C(C)C)C=C1C(C)C)=C1C2=C(P([C@@]3(C[C@@H]4C5)C[C@H](C4)C[C@H]5C3)[C@]6(C7)C[C@@H](C[C@@H]7C8)C[C@@H]8C6)C(OC)=CC=C2OC,CC1=NOC(C(OCC)=O)=C1,CN(C)P(N(C)C)(N(C)C)=NP(N(C)C)(N(C)C)=NCC,BrC1=CN=CC=C1,54.56358173
e0e4def4b4c90334,FullCV_01,1546,CC(C)C(C=C(C(C)C)C=C1C(C)C)=C1C2=C(P(C3CCCCC3)C4CCCCC4)C=CC=C2,CC1=CC(C(OCC)=O)=NO1,CN1CCCN2C1=NCCC2,IC1=CN=CC=C1,47.33481015
2e73a30850b5ed6a,FullCV_01,1547,CC(C)C(C=C(C(C)C)C=C1C(C)C)=C1C2=C(P(C(C)(C)C)C(C)(C)C)C(OC)=CC=C2OC,CC1=NOC(C(OCC)=O)=C1,CN1CCCN2C1=NCCC2,IC1=CC=C(C(F)(F)F)C=C1,46.6599306
e810ff52c445bc1e,FullCV_01,1548,CC(C)C(C=C(C(C)C)C=C1C(C)C)=C1C2=C(P(C(C)(C)C)C(C)(C)C)C=CC=C2,CC1=CC=NO1,CN1CCCN2C1=NCCC2,ClC1=CC=C(OC)C=C1,0.857255308
c11705ed7f6478e4,FullCV_01,1549,CC(C)C(C=C(C(C)C)C=C1C(C)C)=C1C2=C(P(C(C)(C)C)C(C)(C)C)C(OC)=CC=C2OC,CC1=NOC(C(OCC)=O)=C1,CC(C)(C)/N=C(N(C)C)/N(C)C,ClC1=CC=C(CC)C=C1,0.0
959210740c3ba1bc,FullCV_01,1550,CC(C)C(C=C(C(C)C)C=C1C(C)C)=C1C2=C(P(C(C)(C)C)C(C)(C)C)C=CC=C2,O=C(OC)C1=CC=NO1,CN1CCCN2C1=NCCC2,IC1=NC=CC=C1,86.21496371
ec97fec9dec84536,FullCV_01,1551,CC(C)C(C=C(C(C)C)C=C1C(C)C)=C1C2=C(P(C(C)(C)C)C(C)(C)C)C(OC)=CC=C2OC,C1(C2=CC=CC=C2)=CC=NO1,CN1CCCN2C1=NCCC2,IC1=CN=CC=C1,92.95670274
bbef71dbbbd72424,FullCV_01,1552,CC(C)C(C=C(C(C)C)C=C1C(C)C)=C1C2=C(P(C(C)(C)C)C(C)(C)C)C(OC)=CC=C2OC,FC(C=CC=C1F)=C1C2=CC=NO2,CN(C)P(N(C)C)(N(C)C)=NP(N(C)C)(N(C)C)=NCC,BrC1=CC=C(CC)C=C1,24.42477517
93f3b7785b1b1e09,FullCV_01,1553,CC(C)C(C=C(C(C)C)C=C1C(C)C)=C1C2=C(P(C(C)(C)C)C(C)(C)C)C(OC)=CC=C2OC,C1(N(CC2=CC=CC=C2)CC3=CC=CC=C3)=CC=NO1,CC(C)(C)/N=C(N(C)C)/N(C)C,ClC1=CC=C(OC)C=C1,0.0
578b980c69928790,FullCV_01,1554,CC(C)C(C=C(C(C)C)C=C1C(C)C)=C1C2=C(P(C(C)(C)C)C(C)(C)C)C=CC=C2,C1(N(CC2=CC=CC=C2)CC3=CC=CC=C3)=CC=NO1,CN(C)P(N(C)C)(N(C)C)=NP(N(C)C)(N(C)C)=NCC,IC1=CC=C(C(F)(F)F)C=C1,11.56918225
8c030a04b8565977,FullCV_01,1555,CC(C)C(C=C(C(C)C)C=C1C(C)C)=C1C2=C(P(C(C)(C)C)C(C)(C)C)C=CC=C2,O=C(OC)C1=CC=NO1,CN1CCCN2C1=NCCC2,BrC1=CC=C(OC)C=C1,31.15457228
00cdc55faf61d351,FullCV_01,1556,CC(C)C(C=C(C(C)C)C=C1C(C)C)=C1C2=C(P(C3CCCCC3)C4CCCCC4)C=CC=C2,CC1=CC=NO1,CN1CCCN2C1=NCCC2,BrC1=CC=C(OC)C=C1,4.057606054
1f62e80578116fab,FullCV_01,1557,CC(C)C(C=C(C(C)C)C=C1C(C)C)=C1C2=C(P(C(C)(C)C)C(C)(C)C)C(OC)=CC=C2OC,C1(N(CC2=CC=CC=C2)CC3=CC=CC=C3)=CC=NO1,CN(C)P(N(C)C)(N(C)C)=NP(N(C)C)(N(C)C)=NCC,IC1=CN=CC=C1,58.45828833
d6e889cb242ca080,FullCV_01,1558,CC(C)C(C=C(C(C)C)C=C1C(C)C)=C1C2=C(P(C(C)(C)C)C(C)(C)C)C(OC)=CC=C2OC,CC1=C(C(OCC)=O)C=NO1,CN(C)P(N(C)C)(N(C)C)=NP(N(C)C)(N(C)C)=NCC,BrC1=CC=C(C(F)(F)F)C=C1,10.82736056
ebe9359a3725e8dd,FullCV_01,1559,CC(C)C(C=C(C(C)C)C=C1C(C)C)=C1C2=C(P(C3CCCCC3)C4CCCCC4)C=CC=C2,CCOC(C1=CON=C1)=O,CC(C)(C)/N=C(N(C)C)/N(C)C,BrC1=NC=CC=C1,1.437346554
4083aa5996b7ed5b,FullCV_01,1560,CC(C)C(C=C(C(C)C)C=C1C(C)C)=C1C2=C(P(C3CCCCC3)C4CCCCC4)C=CC=C2,CC1=CC=NO1,CN(C)P(N(C)C)(N(C)C)=NP(N(C)C)(N(C)C)=NCC,BrC1=NC=CC=C1,20.04239857
95744df84d8c37af,FullCV_01,1561,CC(C)C(C=C(C(C)C)C=C1C(C)C)=C1C2=C(P([C@@]3(C[C@@H]4C5)C[C@H](C4)C[C@H]5C3)[C@]6(C7)C[C@@H](C[C@@H]7C8)C[C@@H]8C6)C(OC)=CC=C2OC,CC1=CC(C)=NO1,CN(C)P(N(C)C)(N(C)C)=NP(N(C)C)(N(C)C)=NCC,ClC1=CC=C(CC)C=C1,0.66547915
880ea6f5fc101e85,FullCV_01,1562,CC(C)C(C=C(C(C)C)C=C1C(C)C)=C1C2=C(P(C(C)(C)C)C(C)(C)C)C(OC)=CC=C2OC,C12=CON=C1C=CC=C2,CC(C)(C)/N=C(N(C)C)/N(C)C,IC1=CN=CC=C1,12.24697181
cc384a3e6c829333,FullCV_01,1563,CC(C)C(C=C(C(C)C)C=C1C(C)C)=C1C2=C(P([C@@]3(C[C@@H]4C5)C[C@H](C4)C[C@H]5C3)[C@]6(C7)C[C@@H](C[C@@H]7C8)C[C@@H]8C6)C(OC)=CC=C2OC,CC1=CC=NO1,CC(C)(C)/N=C(N(C)C)/N(C)C,BrC1=CN=CC=C1,43.8122723
6eb589e277ccc4de,FullCV_01,1564,CC(C)C(C=C(C(C)C)C=C1C(C)C)=C1C2=C(P(C(C)(C)C)C(C)(C)C)C(OC)=CC=C2OC,O=C(OC)C1=CC=NO1,CN1CCCN2C1=NCCC2,IC1=CC=C(OC)C=C1,43.58283319
46dcf84ebf33b6a5,FullCV_01,1565,CC(C)C(C=C(C(C)C)C=C1C(C)C)=C1C2=C(P(C3CCCCC3)C4CCCCC4)C=CC=C2,O=C(OC)C1=CC=NO1,CN(C)P(N(C)C)(N(C)C)=NP(N(C)C)(N(C)C)=NCC,IC1=CC=C(C(F)(F)F)C=C1,8.674987339
f2eef81c96df12c5,FullCV_01,1566,CC(C)C(C=C(C(C)C)C=C1C(C)C)=C1C2=C(P(C3CCCCC3)C4CCCCC4)C=CC=C2,O=C(OC)C1=NOC(C2=CC=CS2)=C1,CN(C)P(N(C)C)(N(C)C)=NP(N(C)C)(N(C)C)=NCC,ClC1=CC=C(C(F)(F)F)C=C1,6.70191803
a12173d5ad8fbc18,FullCV_01,1567,CC(C)C(C=C(C(C)C)C=C1C(C)C)=C1C2=C(P(C(C)(C)C)C(C)(C)C)C=CC=C2,C1(C2=CC=CC=C2)=NOC=C1,CC(C)(C)/N=C(N(C)C)/N(C)C,ClC1=NC=CC=C1,80.58863006
60f318625bedb626,FullCV_01,1568,CC(C)C(C=C(C(C)C)C=C1C(C)C)=C1C2=C(P(C(C)(C)C)C(C)(C)C)C(OC)=CC=C2OC,CC1=C(C(OCC)=O)C=NO1,CN1CCCN2C1=NCCC2,BrC1=CC=C(OC)C=C1,26.7810647
b27cf7bfadbea304,FullCV_01,1569,CC(C)C(C=C(C(C)C)C=C1C(C)C)=C1C2=C(P([C@@]3(C[C@@H]4C5)C[C@H](C4)C[C@H]5C3)[C@]6(C7)C[C@@H](C[C@@H]7C8)C[C@@H]8C6)C(OC)=CC=C2OC,C12=CON=C1C=CC=C2,CC(C)(C)/N=C(N(C)C)/N(C)C,IC1=CC=C(OC)C=C1,6.894237827
c89b45375b37140d,FullCV_01,1570,CC(C)C(C=C(C(C)C)C=C1C(C)C)=C1C2=C(P(C(C)(C)C)C(C)(C)C)C(OC)=CC=C2OC,O=C(OC)C1=NOC(C2=CC=CO2)=C1,CN1CCCN2C1=NCCC2,BrC1=CC=C(C(F)(F)F)C=C1,37.34827699
0cde36a429741efa,FullCV_01,1571,CC(C)C(C=C(C(C)C)C=C1C(C)C)=C1C2=C(P(C(C)(C)C)C(C)(C)C)C=CC=C2,O=C(OC)C1=NOC(C2=CC=CS2)=C1,CC(C)(C)/N=C(N(C)C)/N(C)C,BrC1=CC=C(C(F)(F)F)C=C1,36.29421793
9b58a99bb0d96741,FullCV_01,1572,CC(C)C(C=C(C(C)C)C=C1C(C)C)=C1C2=C(P([C@@]3(C[C@@H]4C5)C[C@H](C4)C[C@H]5C3)[C@]6(C7)C[C@@H](C[C@@H]7C8)C[C@@H]8C6)C(OC)=CC=C2OC,COC1=NOC(C(OCC)=O)=C1,CC(C)(C)/N=C(N(C)C)/N(C)C,ClC1=NC=CC=C1,27.69709095
897d67c719e0f645,FullCV_01,1573,CC(C)C(C=C(C(C)C)C=C1C(C)C)=C1C2=C(P([C@@]3(C[C@@H]4C5)C[C@H](C4)C[C@H]5C3)[C@]6(C7)C[C@@H](C[C@@H]7C8)C[C@@H]8C6)C(OC)=CC=C2OC,CCOC(C1=NOC=C1)=O,CN(C)P(N(C)C)(N(C)C)=NP(N(C)C)(N(C)C)=NCC,ClC1=CC=C(OC)C=C1,0.0
fc9109fc2bee5495,FullCV_01,1574,CC(C)C(C=C(C(C)C)C=C1C(C)C)=C1C2=C(P(C3CCCCC3)C4CCCCC4)C=CC=C2,CCOC(C1=CON=C1)=O,CN(C)P(N(C)C)(N(C)C)=NP(N(C)C)(N(C)C)=NCC,BrC1=CC=C(CC)C=C1,0.0
6f73172dbfa99ef2,FullCV_01,1575,CC(C)C(C=C(C(C)C)C=C1C(C)C)=C1C2=C(P(C3CCCCC3)C4CCCCC4)C=CC=C2,C1(C2=CC=CC=C2)=CC=NO1,CC(C)(C)/N=C(N(C)C)/N(C)C,ClC1=CC=C(CC)C=C1,2.84616447
454dc37a37cf8b9a,FullCV_01,1576,CC(C)C(C=C(C(C)C)C=C1C(C)C)=C1C2=C(P(C(C)(C)C)C(C)(C)C)C=CC=C2,CC1=CC(N2C=CC=C2)=NO1,CN1CCCN2C1=NCCC2,IC1=CC=C(CC)C=C1,72.58292155
1fa6c72f028b6e25,FullCV_01,1577,CC(C)C(C=C(C(C)C)C=C1C(C)C)=C1C2=C(P(C3CCCCC3)C4CCCCC4)C=CC=C2,CC1=C(C(OCC)=O)C=NO1,CN1CCCN2C1=NCCC2,BrC1=CN=CC=C1,18.76658525
770818017eba2506,FullCV_01,1578,CC(C)C(C=C(C(C)C)C=C1C(C)C)=C1C2=C(P(C(C)(C)C)C(C)(C)C)C(OC)=CC=C2OC,FC(C=CC=C1F)=C1C2=CC=NO2,CN(C)P(N(C)C)(N(C)C)=NP(N(C)C)(N(C)C)=NCC,IC1=CN=CC=C1,19.90695412
c26535d2c64d6e37,FullCV_01,1579,CC(C)C(C=C(C(C)C)C=C1C(C)C)=C1C2=C(P([C@@]3(C[C@@H]4C5)C[C@H](C4)C[C@H]5C3)[C@]6(C7)C[C@@H](C[C@@H]7C8)C[C@@H]8C6)C(OC)=CC=C2OC,C1(C2=CC=CC=C2)=NOC=C1,CN(C)P(N(C)C)(N(C)C)=NP(N(C)C)(N(C)C)=NCC,ClC1=CC=C(OC)C=C1,1.262424529
5fe6c7db5cd19bb5,FullCV_01,1580,CC(C)C(C=C(C(C)C)C=C1C(C)C)=C1C2=C(P(C(C)(C)C)C(C)(C)C)C(OC)=CC=C2OC,COC1=NOC(C(OCC)=O)=C1,CN1CCCN2C1=NCCC2,BrC1=CC=C(OC)C=C1,31.9378098
c8fd6ede4187bd95,FullCV_01,1581,CC(C)C(C=C(C(C)C)C=C1C(C)C)=C1C2=C(P(C3CCCCC3)C4CCCCC4)C=CC=C2,CC1=C(C(OCC)=O)C=NO1,CC(C)(C)/N=C(N(C)C)/N(C)C,IC1=CN=CC=C1,3.66151941
828bb6fc0a5891eb,FullCV_01,1582,CC(C)C(C=C(C(C)C)C=C1C(C)C)=C1C2=C(P([C@@]3(C[C@@H]4C5)C[C@H](C4)C[C@H]5C3)[C@]6(C7)C[C@@H](C[C@@H]7C8)C[C@@H]8C6)C(OC)=CC=C2OC,FC(C=CC=C1F)=C1C2=CC=NO2,CN1CCCN2C1=NCCC2,BrC1=CC=C(CC)C=C1,34.67021781
d46b999fe9c32527,FullCV_01,1583,CC(C)C(C=C(C(C)C)C=C1C(C)C)=C1C2=C(P(C(C)(C)C)C(C)(C)C)C(OC)=CC=C2OC,CC1=NOC(C2=CC=CC=C2)=C1,CN1CCCN2C1=NCCC2,IC1=CN=CC=C1,83.59935968
6f4c7dbb7c2de123,FullCV_01,1584,CC(C)C(C=C(C(C)C)C=C1C(C)C)=C1C2=C(P(C3CCCCC3)C4CCCCC4)C=CC=C2,C12=CON=C1C=CC=C2,CN(C)P(N(C)C)(N(C)C)=NP(N(C)C)(N(C)C)=NCC,IC1=CC=C(OC)C=C1,9.105544009
0317b38b2295bf59,FullCV_01,1585,CC(C)C(C=C(C(C)C)C=C1C(C)C)=C1C2=C(P([C@@]3(C[C@@H]4C5)C[C@H](C4)C[C@H]5C3)[C@]6(C7)C[C@@H](C[C@@H]7C8)C[C@@H]8C6)C(OC)=CC=C2OC,CC1=CC=NO1,CN(C)P(N(C)C)(N(C)C)=NP(N(C)C)(N(C)C)=NCC,ClC1=CN=CC=C1,2.029011587
b21053a867dc5ac3,FullCV_01,1586,CC(C)C(C=C(C(C)C)C=C1C(C)C)=C1C2=C(P(C(C)(C)C)C(C)(C)C)C(OC)=CC=C2OC,C12=C(C=CC=C2)ON=C1,CC(C)(C)/N=C(N(C)C)/N(C)C,BrC1=CN=CC=C1,53.55291415
b336158619baa794,FullCV_01,1587,CC(C)C(C=C(C(C)C)C=C1C(C)C)=C1C2=C(P(C3CCCCC3)C4CCCCC4)C=CC=C2,CC1=NOC=C1,CN1CCCN2C1=NCCC2,ClC1=NC=CC=C1,38.26811211
aa30460b3d00a588,FullCV_01,1588,CC(C)C(C=C(C(C)C)C=C1C(C)C)=C1C2=C(P(C(C)(C)C)C(C)(C)C)C(OC)=CC=C2OC,CC1=CC(N2C=CC=C2)=NO1,CN(C)P(N(C)C)(N(C)C)=NP(N(C)C)(N(C)C)=NCC,BrC1=CC=C(OC)C=C1,46.64890669
02d2703a7d4a9123,FullCV_01,1589,CC(C)C(C=C(C(C)C)C=C1C(C)C)=C1C2=C(P(C(C)(C)C)C(C)(C)C)C(OC)=CC=C2OC,CCOC(C1=NOC=C1)=O,CN1CCCN2C1=NCCC2,ClC1=CN=CC=C1,13.66378067
f3af9d9d730a05c2,FullCV_01,1590,CC(C)C(C=C(C(C)C)C=C1C(C)C)=C1C2=C(P([C@@]3(C[C@@H]4C5)C[C@H](C4)C[C@H]5C3)[C@]6(C7)C[C@@H](C[C@@H]7C8)C[C@@H]8C6)C(OC)=CC=C2OC,CC1=CC=NO1,CC(C)(C)/N=C(N(C)C)/N(C)C,ClC1=CC=C(OC)C=C1,0.0
3feabc00ceb8acc8,FullCV_01,1591,CC(C)C(C=C(C(C)C)C=C1C(C)C)=C1C2=C(P(C(C)(C)C)C(C)(C)C)C=CC=C2,CC1=NOC(C(OCC)=O)=C1,CC(C)(C)/N=C(N(C)C)/N(C)C,BrC1=CC=C(C(F)(F)F)C=C1,46.74711139
b3a65c2e658e192e,FullCV_01,1592,CC(C)C(C=C(C(C)C)C=C1C(C)C)=C1C2=C(P([C@@]3(C[C@@H]4C5)C[C@H](C4)C[C@H]5C3)[C@]6(C7)C[C@@H](C[C@@H]7C8)C[C@@H]8C6)C(OC)=CC=C2OC,C12=C(C=CC=C2)ON=C1,CN(C)P(N(C)C)(N(C)C)=NP(N(C)C)(N(C)C)=NCC,IC1=CC=C(C(F)(F)F)C=C1,28.49871025
652615f8f4454e70,FullCV_01,1593,CC(C)C(C=C(C(C)C)C=C1C(C)C)=C1C2=C(P(C(C)(C)C)C(C)(C)C)C(OC)=CC=C2OC,CC1=NOC(C2=CC=CC=C2)=C1,CN1CCCN2C1=NCCC2,BrC1=CN=CC=C1,76.47373216
8741d8dfb06189d0,FullCV_01,1594,CC(C)C(C=C(C(C)C)C=C1C(C)C)=C1C2=C(P(C(C)(C)C)C(C)(C)C)C(OC)=CC=C2OC,COC1=NOC(C(OCC)=O)=C1,CN(C)P(N(C)C)(N(C)C)=NP(N(C)C)(N(C)C)=NCC,BrC1=CC=C(OC)C=C1,38.40946204
741711ed76803ccf,FullCV_01,1595,CC(C)C(C=C(C(C)C)C=C1C(C)C)=C1C2=C(P(C3CCCCC3)C4CCCCC4)C=CC=C2,C1(C2=CC=CC=C2)=NOC=C1,CN1CCCN2C1=NCCC2,BrC1=CC=C(CC)C=C1,33.71090461
6f1673c9c43d7656,FullCV_01,1596,CC(C)C(C=C(C(C)C)C=C1C(C)C)=C1C2=C(P([C@@]3(C[C@@H]4C5)C[C@H](C4)C[C@H]5C3)[C@]6(C7)C[C@@H](C[C@@H]7C8)C[C@@H]8C6)C(OC)=CC=C2OC,CCOC(C1=NOC=C1)=O,CC(C)(C)/N=C(N(C)C)/N(C)C,ClC1=CC=C(C(F)(F)F)C=C1,12.19056007
b486a07df3c1a1e9,FullCV_01,1597,CC(C)C(C=C(C(C)C)C=C1C(C)C)=C1C2=C(P(C(C)(C)C)C(C)(C)C)C=CC=C2,CCOC(C1=CON=C1)=O,CN1CCCN2C1=NCCC2,BrC1=NC=CC=C1,46.05681806
06dd4b1a43ccbc92,FullCV_01,1598,CC(C)C(C=C(C(C)C)C=C1C(C)C)=C1C2=C(P(C(C)(C)C)C(C)(C)C)C(OC)=CC=C2OC,C1(C2=CC=CC=C2)=CON=C1,CN(C)P(N(C)C)(N(C)C)=NP(N(C)C)(N(C)C)=NCC,IC1=CC=C(OC)C=C1,11.33541199
622ca9ca3eecd857,FullCV_01,1599,CC(C)C(C=C(C(C)C)C=C1C(C)C)=C1C2=C(P([C@@]3(C[C@@H]4C5)C[C@H](C4)C[C@H]5C3)[C@]6(C7)C[C@@H](C[C@@H]7C8)C[C@@H]8C6)C(OC)=CC=C2OC,O=C(OC)C1=NOC(C2=CC=CO2)=C1,CC(C)(C)/N=C(N(C)C)/N(C)C,IC1=CC=C(OC)C=C1,36.0742325
832df1f70aa4cb8c,FullCV_01,1600,CC(C)C(C=C(C(C)C)C=C1C(C)C)=C1C2=C(P([C@@]3(C[C@@H]4C5)C[C@H](C4)C[C@H]5C3)[C@]6(C7)C[C@@H](C[C@@H]7C8)C[C@@H]8C6)C(OC)=CC=C2OC,COC1=NOC(C(OCC)=O)=C1,CC(C)(C)/N=C(N(C)C)/N(C)C,ClC1=CC=C(OC)C=C1,0.0
c5b73a57acf1b2e9,FullCV_01,1601,CC(C)C(C=C(C(C)C)C=C1C(C)C)=C1C2=C(P(C(C)(C)C)C(C)(C)C)C(OC)=CC=C2OC,CC1=NOC(C(OCC)=O)=C1,CN1CCCN2C1=NCCC2,ClC1=CC=C(CC)C=C1,0.0
4d8b2f34df3d83ce,FullCV_01,1602,CC(C)C(C=C(C(C)C)C=C1C(C)C)=C1C2=C(P(C3CCCCC3)C4CCCCC4)C=CC=C2,CC1=CC(C)=NO1,CC(C)(C)/N=C(N(C)C)/N(C)C,ClC1=NC=CC=C1,24.23900204
a591c9202f440ef6,FullCV_01,1603,CC(C)C(C=C(C(C)C)C=C1C(C)C)=C1C2=C(P(C(C)(C)C)C(C)(C)C)C=CC=C2,CC1=CC(C(OCC)=O)=NO1,CN(C)P(N(C)C)(N(C)C)=NP(N(C)C)(N(C)C)=NCC,BrC1=CC=C(CC)C=C1,72.84831426
4c746a459718642d,FullCV_01,1604,CC(C)C(C=C(C(C)C)C=C1C(C)C)=C1C2=C(P(C(C)(C)C)C(C)(C)C)C(OC)=CC=C2OC,CC1=NOC=C1,CN(C)P(N(C)C)(N(C)C)=NP(N(C)C)(N(C)C)=NCC,ClC1=CN=CC=C1,1.691952122
84e8a1a9e5b148e8,FullCV_01,1605,CC(C)C(C=C(C(C)C)C=C1C(C)C)=C1C2=C(P(C(C)(C)C)C(C)(C)C)C=CC=C2,C1(C2=CC=CC=C2)=NOC=C1,CN(C)P(N(C)C)(N(C)C)=NP(N(C)C)(N(C)C)=NCC,ClC1=CC=C(CC)C=C1,4.695061055
611e8b0ccfdfc582,FullCV_01,1606,CC(C)C(C=C(C(C)C)C=C1C(C)C)=C1C2=C(P([C@@]3(C[C@@H]4C5)C[C@H](C4)C[C@H]5C3)[C@]6(C7)C[C@@H](C[C@@H]7C8)C[C@@H]8C6)C(OC)=CC=C2OC,O=C(OC)C1=NOC(C2=CC=CS2)=C1,CC(C)(C)/N=C(N(C)C)/N(C)C,BrC1=CN=CC=C1,52.96278289
203a13f24f96f215,FullCV_01,1607,CC(C)C(C=C(C(C)C)C=C1C(C)C)=C1C2=C(P(C(C)(C)C)C(C)(C)C)C=CC=C2,CC1=CC(N2C=CC=C2)=NO1,CN1CCCN2C1=NCCC2,ClC1=CC=C(CC)C=C1,3.524318044
55c0b5863e6fe037,FullCV_01,1608,CC(C)C(C=C(C(C)C)C=C1C(C)C)=C1C2=C(P(C(C)(C)C)C(C)(C)C)C(OC)=CC=C2OC,CC1=NOC(C2=CC=CC=C2)=C1,CC(C)(C)/N=C(N(C)C)/N(C)C,IC1=CC=C(CC)C=C1,60.61766338
320c4bb990310943,FullCV_01,1609,CC(C)C(C=C(C(C)C)C=C1C(C)C)=C1C2=C(P(C(C)(C)C)C(C)(C)C)C=CC=C2,C1(C2=CC=CC=C2)=CON=C1,CN(C)P(N(C)C)(N(C)C)=NP(N(C)C)(N(C)C)=NCC,IC1=CC=C(C(F)(F)F)C=C1,19.60839775
a37e2bb3b009653e,FullCV_01,1610,CC(C)C(C=C(C(C)C)C=C1C(C)C)=C1C2=C(P(C(C)(C)C)C(C)(C)C)C=CC=C2,CCOC(C1=CON=C1)=O,CN1CCCN2C1=NCCC2,BrC1=CC=C(OC)C=C1,15.47495789
889f56af74675d76,FullCV_01,1611,CC(C)C(C=C(C(C)C)C=C1C(C)C)=C1C2=C(P(C(C)(C)C)C(C)(C)C)C(OC)=CC=C2OC,CC1=NOC=C1,CN(C)P(N(C)C)(N(C)C)=NP(N(C)C)(N(C)C)=NCC,IC1=NC=CC=C1,92.90401218
c946ee5eeb2fd9e3,FullCV_01,1612,CC(C)C(C=C(C(C)C)C=C1C(C)C)=C1C2=C(P([C@@]3(C[C@@H]4C5)C[C@H](C4)C[C@H]5C3)[C@]6(C7)C[C@@H](C[C@@H]7C8)C[C@@H]8C6)C(OC)=CC=C2OC,C12=C(C=CC=C2)ON=C1,CN1CCCN2C1=NCCC2,BrC1=CC=C(OC)C=C1,32.71728338
2576dd1e9b97748b,FullCV_01,1613,CC(C)C(C=C(C(C)C)C=C1C(C)C)=C1C2=C(P([C@@]3(C[C@@H]4C5)C[C@H](C4)C[C@H]5C3)[C@]6(C7)C[C@@H](C[C@@H]7C8)C[C@@H]8C6)C(OC)=CC=C2OC,CCOC(C1=NOC=C1)=O,CN(C)P(N(C)C)(N(C)C)=NP(N(C)C)(N(C)C)=NCC,ClC1=CC=C(CC)C=C1,0.0
b0c2d7dd87f2beaf,FullCV_01,1614,CC(C)C(C=C(C(C)C)C=C1C(C)C)=C1C2=C(P(C3CCCCC3)C4CCCCC4)C=CC=C2,CC1=C(C(OCC)=O)C=NO1,CN(C)P(N(C)C)(N(C)C)=NP(N(C)C)(N(C)C)=NCC,ClC1=CC=C(OC)C=C1,3.02090007
0053ab3d303cbd20,FullCV_01,1615,CC(C)C(C=C(C(C)C)C=C1C(C)C)=C1C2=C(P([C@@]3(C[C@@H]4C5)C[C@H](C4)C[C@H]5C3)[C@]6(C7)C[C@@H](C[C@@H]7C8)C[C@@H]8C6)C(OC)=CC=C2OC,CCOC(C1=NOC=C1)=O,CN1CCCN2C1=NCCC2,IC1=NC=CC=C1,96.13228316
08e8152d6d569ebb,FullCV_01,1616,CC(C)C(C=C(C(C)C)C=C1C(C)C)=C1C2=C(P(C(C)(C)C)C(C)(C)C)C=CC=C2,CC1=CC=NO1,CC(C)(C)/N=C(N(C)C)/N(C)C,ClC1=NC=CC=C1,54.22895975
9376324ccf6f8feb,FullCV_01,1617,CC(C)C(C=C(C(C)C)C=C1C(C)C)=C1C2=C(P(C(C)(C)C)C(C)(C)C)C(OC)=CC=C2OC,CC1=CC(N2C=CC=C2)=NO1,CN1CCCN2C1=NCCC2,ClC1=CC=C(C(F)(F)F)C=C1,28.57251929
756a71fd59913c5a,FullCV_01,1618,CC(C)C(C=C(C(C)C)C=C1C(C)C)=C1C2=C(P(C(C)(C)C)C(C)(C)C)C(OC)=CC=C2OC,CC1=CC=NO1,CN1CCCN2C1=NCCC2,IC1=CN=CC=C1,92.20931063
2df4be1b08bf03be,FullCV_01,1619,CC(C)C(C=C(C(C)C)C=C1C(C)C)=C1C2=C(P(C(C)(C)C)C(C)(C)C)C(OC)=CC=C2OC,C1(C2=CC=CC=C2)=CON=C1,CC(C)(C)/N=C(N(C)C)/N(C)C,BrC1=CC=C(OC)C=C1,11.31352123
941cd7cce1c1730b,FullCV_01,1620,CC(C)C(C=C(C(C)C)C=C1C(C)C)=C1C2=C(P(C(C)(C)C)C(C)(C)C)C=CC=C2,O=C(OC)C1=CC=NO1,CN1CCCN2C1=NCCC2,BrC1=NC=CC=C1,81.85780625
c3f999ded89bee73,FullCV_01,1621,CC(C)C(C=C(C(C)C)C=C1C(C)C)=C1C2=C(P(C(C)(C)C)C(C)(C)C)C(OC)=CC=C2OC,CC1=CC(C)=NO1,CC(C)(C)/N=C(N(C)C)/N(C)C,ClC1=CC=C(CC)C=C1,5.094725505
7e86d9fca0ca9bd2,FullCV_01,1622,CC(C)C(C=C(C(C)C)C=C1C(C)C)=C1C2=C(P(C(C)(C)C)C(C)(C)C)C(OC)=CC=C2OC,CC1=C(C(OCC)=O)C=NO1,CN1CCCN2C1=NCCC2,ClC1=CC=C(C(F)(F)F)C=C1,20.24596352
b222971a2336de2a,FullCV_01,1623,CC(C)C(C=C(C(C)C)C=C1C(C)C)=C1C2=C(P(C(C)(C)C)C(C)(C)C)C(OC)=CC=C2OC,CC1=CC(C)=NO1,CC(C)(C)/N=C(N(C)C)/N(C)C,IC1=CN=CC=C1,63.81281277
31408b787d6c3efa,FullCV_01,1624,CC(C)C(C=C(C(C)C)C=C1C(C)C)=C1C2=C(P([C@@]3(C[C@@H]4C5)C[C@H](C4)C[C@H]5C3)[C@]6(C7)C[C@@H](C[C@@H]7C8)C[C@@H]8C6)C(OC)=CC=C2OC,CC1=NOC(C2=CC=CC=C2)=C1,CC(C)(C)/N=C(N(C)C)/N(C)C,ClC1=NC=CC=C1,33.94683682
8dfa51d87cdddd38,FullCV_01,1625,CC(C)C(C=C(C(C)C)C=C1C(C)C)=C1C2=C(P([C@@]3(C[C@@H]4C5)C[C@H](C4)C[C@H]5C3)[C@]6(C7)C[C@@H](C[C@@H]7C8)C[C@@H]8C6)C(OC)=CC=C2OC,C1(N(CC2=CC=CC=C2)CC3=CC=CC=C3)=NOC=C1,CN(C)P(N(C)C)(N(C)C)=NP(N(C)C)(N(C)C)=NCC,ClC1=CN=CC=C1,4.974394565
cf88a57207eb5eeb,FullCV_01,1626,CC(C)C(C=C(C(C)C)C=C1C(C)C)=C1C2=C(P([C@@]3(C[C@@H]4C5)C[C@H](C4)C[C@H]5C3)[C@]6(C7)C[C@@H](C[C@@H]7C8)C[C@@H]8C6)C(OC)=CC=C2OC,C1(C2=CC=CC=C2)=CON=C1,CC(C)(C)/N=C(N(C)C)/N(C)C,IC1=CC=C(OC)C=C1,47.46105675
9e404e47c97130e2,FullCV_01,1627,CC(C)C(C=C(C(C)C)C=C1C(C)C)=C1C2=C(P(C(C)(C)C)C(C)(C)C)C(OC)=CC=C2OC,C1(N(CC2=CC=CC=C2)CC3=CC=CC=C3)=NOC=C1,CN(C)P(N(C)C)(N(C)C)=NP(N(C)C)(N(C)C)=NCC,BrC1=NC=CC=C1,77.82985513
6455850025c08417,FullCV_01,1628,CC(C)C(C=C(C(C)C)C=C1C(C)C)=C1C2=C(P(C3CCCCC3)C4CCCCC4)C=CC=C2,C1(C2=CC=CC=C2)=CC=NO1,CC(C)(C)/N=C(N(C)C)/N(C)C,ClC1=NC=CC=C1,21.66658644
69b656053b1428e4,FullCV_01,1629,CC(C)C(C=C(C(C)C)C=C1C(C)C)=C1C2=C(P([C@@]3(C[C@@H]4C5)C[C@H](C4)C[C@H]5C3)[C@]6(C7)C[C@@H](C[C@@H]7C8)C[C@@H]8C6)C(OC)=CC=C2OC,CC1=CC=NO1,CN1CCCN2C1=NCCC2,IC1=CC=C(C(F)(F)F)C=C1,47.11942721
d048c6c18de178a7,FullCV_01,1630,CC(C)C(C=C(C(C)C)C=C1C(C)C)=C1C2=C(P([C@@]3(C[C@@H]4C5)C[C@H](C4)C[C@H]5C3)[C@]6(C7)C[C@@H](C[C@@H]7C8)C[C@@H]8C6)C(OC)=CC=C2OC,C1(N(CC2=CC=CC=C2)CC3=CC=CC=C3)=CC=NO1,CC(C)(C)/N=C(N(C)C)/N(C)C,BrC1=NC=CC=C1,31.02334366
360bf23b2f1bb807,FullCV_01,1631,CC(C)C(C=C(C(C)C)C=C1C(C)C)=C1C2=C(P(C(C)(C)C)C(C)(C)C)C=CC=C2,C1(C2=CC=CC=C2)=NOC=C1,CC(C)(C)/N=C(N(C)C)/N(C)C,BrC1=CN=CC=C1,86.10507439
b799b41d1446f82d,FullCV_01,1632,CC(C)C(C=C(C(C)C)C=C1C(C)C)=C1C2=C(P(C(C)(C)C)C(C)(C)C)C=CC=C2,C1(C2=CC=CC=C2)=CC=NO1,CC(C)(C)/N=C(N(C)C)/N(C)C,BrC1=CC=C(OC)C=C1,33.62905648
21326697eaf46bf9,FullCV_01,1633,CC(C)C(C=C(C(C)C)C=C1C(C)C)=C1C2=C(P(C3CCCCC3)C4CCCCC4)C=CC=C2,O=C(OC)C1=NOC(C2=CC=CS2)=C1,CN(C)P(N(C)C)(N(C)C)=NP(N(C)C)(N(C)C)=NCC,ClC1=NC=CC=C1,22.29411196
803fe9f13b8c4a70,FullCV_01,1634,CC(C)C(C=C(C(C)C)C=C1C(C)C)=C1C2=C(P(C3CCCCC3)C4CCCCC4)C=CC=C2,C1(N(CC2=CC=CC=C2)CC3=CC=CC=C3)=CC=NO1,CN(C)P(N(C)C)(N(C)C)=NP(N(C)C)(N(C)C)=NCC,ClC1=CN=CC=C1,7.007309831
c66367b0e911b315,FullCV_01,1635,CC(C)C(C=C(C(C)C)C=C1C(C)C)=C1C2=C(P(C3CCCCC3)C4CCCCC4)C=CC=C2,C1(C2=CC=CC=C2)=CON=C1,CN1CCCN2C1=NCCC2,BrC1=CN=CC=C1,20.11332693
b06e1fe3da6a5e3a,FullCV_01,1636,CC(C)C(C=C(C(C)C)C=C1C(C)C)=C1C2=C(P(C(C)(C)C)C(C)(C)C)C=CC=C2,CCOC(C1=CON=C1)=O,CC(C)(C)/N=C(N(C)C)/N(C)C,IC1=CC=C(CC)C=C1,6.363967977
cb702107f3283fc7,FullCV_01,1637,CC(C)C(C=C(C(C)C)C=C1C(C)C)=C1C2=C(P(C(C)(C)C)C(C)(C)C)C(OC)=CC=C2OC,C1(C2=CC=CC=C2)=NOC=C1,CN(C)P(N(C)C)(N(C)C)=NP(N(C)C)(N(C)C)=NCC,ClC1=CN=CC=C1,6.160292213
bca01f6c25aade64,FullCV_01,1638,CC(C)C(C=C(C(C)C)C=C1C(C)C)=C1C2=C(P([C@@]3(C[C@@H]4C5)C[C@H](C4)C[C@H]5C3)[C@]6(C7)C[C@@H](C[C@@H]7C8)C[C@@H]8C6)C(OC)=CC=C2OC,CC1=CC=NO1,CN(C)P(N(C)C)(N(C)C)=NP(N(C)C)(N(C)C)=NCC,BrC1=CC=C(CC)C=C1,12.30029297
0b069c8392212048,FullCV_01,1639,CC(C)C(C=C(C(C)C)C=C1C(C)C)=C1C2=C(P(C3CCCCC3)C4CCCCC4)C=CC=C2,CCOC(C1=CON=C1)=O,CN1CCCN2C1=NCCC2,IC1=CC=C(C(F)(F)F)C=C1,19.15166059
40d41fe2c12af1aa,FullCV_01,1640,CC(C)C(C=C(C(C)C)C=C1C(C)C)=C1C2=C(P(C(C)(C)C)C(C)(C)C)C(OC)=CC=C2OC,CC1=CC(N2C=CC=C2)=NO1,CN(C)P(N(C)C)(N(C)C)=NP(N(C)C)(N(C)C)=NCC,ClC1=CC=C(C(F)(F)F)C=C1,11.04036087
9ebcb203f036af93,FullCV_01,1641,CC(C)C(C=C(C(C)C)C=C1C(C)C)=C1C2=C(P(C(C)(C)C)C(C)(C)C)C(OC)=CC=C2OC,CC1=NOC(C2=CC=CC=C2)=C1,CN1CCCN2C1=NCCC2,ClC1=NC=CC=C1,86.6996801
02e03265a1288cdf,FullCV_01,1642,CC(C)C(C=C(C(C)C)C=C1C(C)C)=C1C2=C(P([C@@]3(C[C@@H]4C5)C[C@H](C4)C[C@H]5C3)[C@]6(C7)C[C@@H](C[C@@H]7C8)C[C@@H]8C6)C(OC)=CC=C2OC,O=C(OC)C1=CC=NO1,CC(C)(C)/N=C(N(C)C)/N(C)C,ClC1=CC=C(C(F)(F)F)C=C1,0.432282788
64eb87aae38f208f,FullCV_01,1643,CC(C)C(C=C(C(C)C)C=C1C(C)C)=C1C2=C(P(C3CCCCC3)C4CCCCC4)C=CC=C2,CC1=NOC=C1,CC(C)(C)/N=C(N(C)C)/N(C)C,ClC1=CN=CC=C1,14.56258268
fe056876860c460c,FullCV_01,1644,CC(C)C(C=C(C(C)C)C=C1C(C)C)=C1C2=C(P([C@@]3(C[C@@H]4C5)C[C@H](C4)C[C@H]5C3)[C@]6(C7)C[C@@H](C[C@@H]7C8)C[C@@H]8C6)C(OC)=CC=C2OC,CC1=NOC(C2=CC=CC=C2)=C1,CC(C)(C)/N=C(N(C)C)/N(C)C,BrC1=CC=C(C(F)(F)F)C=C1,33.60174029
1e65c88423c13366,FullCV_01,1645,CC(C)C(C=C(C(C)C)C=C1C(C)C)=C1C2=C(P(C3CCCCC3)C4CCCCC4)C=CC=C2,CC1=NOC(C(OCC)=O)=C1,CN1CCCN2C1=NCCC2,BrC1=CC=C(OC)C=C1,11.74218494
a3899f1068715a53,FullCV_01,1646,CC(C)C(C=C(C(C)C)C=C1C(C)C)=C1C2=C(P(C(C)(C)C)C(C)(C)C)C=CC=C2,C12=CON=C1C=CC=C2,CN1CCCN2C1=NCCC2,IC1=CC=C(CC)C=C1,66.86881109
3267c81055804c7a,FullCV_01,1647,CC(C)C(C=C(C(C)C)C=C1C(C)C)=C1C2=C(P(C3CCCCC3)C4CCCCC4)C=CC=C2,C1(N(CC2=CC=CC=C2)CC3=CC=CC=C3)=NOC=C1,CN1CCCN2C1=NCCC2,IC1=CC=C(OC)C=C1,50.09626002
91e2897f2070ea77,FullCV_01,1648,CC(C)C(C=C(C(C)C)C=C1C(C)C)=C1C2=C(P(C3CCCCC3)C4CCCCC4)C=CC=C2,CC1=NOC(C2=CC=CC=C2)=C1,CC(C)(C)/N=C(N(C)C)/N(C)C,IC1=NC=CC=C1,42.20791273
7eda7d6383eb975c,FullCV_01,1649,CC(C)C(C=C(C(C)C)C=C1C(C)C)=C1C2=C(P(C3CCCCC3)C4CCCCC4)C=CC=C2,C1(C2=CC=CC=C2)=CON=C1,CC(C)(C)/N=C(N(C)C)/N(C)C,BrC1=CC=C(OC)C=C1,1.224185961
18667319515a3b74,FullCV_01,1650,CC(C)C(C=C(C(C)C)C=C1C(C)C)=C1C2=C(P(C3CCCCC3)C4CCCCC4)C=CC=C2,CCOC(C1=CON=C1)=O,CN1CCCN2C1=NCCC2,ClC1=NC=CC=C1,7.156167613
b4c0f06c639f8a74,FullCV_01,1651,CC(C)C(C=C(C(C)C)C=C1C(C)C)=C1C2=C(P(C3CCCCC3)C4CCCCC4)C=CC=C2,CC1=NOC=C1,CN(C)P(N(C)C)(N(C)C)=NP(N(C)C)(N(C)C)=NCC,BrC1=CC=C(OC)C=C1,28.77482765
a1f1b92ab471eee0,FullCV_01,1652,CC(C)C(C=C(C(C)C)C=C1C(C)C)=C1C2=C(P(C(C)(C)C)C(C)(C)C)C=CC=C2,CC1=CC(C(OCC)=O)=NO1,CN1CCCN2C1=NCCC2,ClC1=CN=CC=C1,44.02752342
32966e02c50623fe,FullCV_01,1653,CC(C)C(C=C(C(C)C)C=C1C(C)C)=C1C2=C(P(C(C)(C)C)C(C)(C)C)C(OC)=CC=C2OC,CC1=C(C(OCC)=O)C=NO1,CN1CCCN2C1=NCCC2,IC1=CC=C(CC)C=C1,59.85587044
8cb6ddfa73098d77,FullCV_01,1654,CC(C)C(C=C(C(C)C)C=C1C(C)C)=C1C2=C(P(C(C)(C)C)C(C)(C)C)C=CC=C2,CC1=CC(C(OCC)=O)=NO1,CC(C)(C)/N=C(N(C)C)/N(C)C,BrC1=NC=CC=C1,87.90201497
dc284b5ba906daf5,FullCV_01,1655,CC(C)C(C=C(C(C)C)C=C1C(C)C)=C1C2=C(P(C3CCCCC3)C4CCCCC4)C=CC=C2,C1(C2=CC=CC=C2)=NOC=C1,CN(C)P(N(C)C)(N(C)C)=NP(N(C)C)(N(C)C)=NCC,BrC1=CC=C(CC)C=C1,51.71538404
864c5596a95349b9,FullCV_01,1656,CC(C)C(C=C(C(C)C)C=C1C(C)C)=C1C2=C(P(C(C)(C)C)C(C)(C)C)C=CC=C2,C1(C2=CC=CC=C2)=CC=NO1,CN(C)P(N(C)C)(N(C)C)=NP(N(C)C)(N(C)C)=NCC,IC1=CN=CC=C1,28.58964812
7ae714339ddf3e0a,FullCV_01,1657,CC(C)C(C=C(C(C)C)C=C1C(C)C)=C1C2=C(P([C@@]3(C[C@@H]4C5)C[C@H](C4)C[C@H]5C3)[C@]6(C7)C[C@@H](C[C@@H]7C8)C[C@@H]8C6)C(OC)=CC=C2OC,CCOC(C1=CON=C1)=O,CN(C)P(N(C)C)(N(C)C)=NP(N(C)C)(N(C)C)=NCC,IC1=CN=CC=C1,7.121202503
4788db29ddcda704,FullCV_01,1658,CC(C)C(C=C(C(C)C)C=C1C(C)C)=C1C2=C(P(C(C)(C)C)C(C)(C)C)C(OC)=CC=C2OC,O=C(OC)C1=CC=NO1,CN1CCCN2C1=NCCC2,ClC1=NC=CC=C1,36.05565123
795b88e2c1515e2c,FullCV_01,1659,CC(C)C(C=C(C(C)C)C=C1C(C)C)=C1C2=C(P(C(C)(C)C)C(C)(C)C)C=CC=C2,O=C(OC)C1=CC=NO1,CN1CCCN2C1=NCCC2,IC1=CC=C(CC)C=C1,61.87528527
1661d0ce81ad512d,FullCV_01,1660,CC(C)C(C=C(C(C)C)C=C1C(C)C)=C1C2=C(P(C(C)(C)C)C(C)(C)C)C=CC=C2,CC1=NOC=C1,CC(C)(C)/N=C(N(C)C)/N(C)C,IC1=NC=CC=C1,90.22793001
6c298162887a12b1,FullCV_01,1661,CC(C)C(C=C(C(C)C)C=C1C(C)C)=C1C2=C(P(C(C)(C)C)C(C)(C)C)C(OC)=CC=C2OC,CC1=C(C(OCC)=O)C=NO1,CN(C)P(N(C)C)(N(C)C)=NP(N(C)C)(N(C)C)=NCC,BrC1=CN=CC=C1,13.98206369
5f2aaef41552bc20,FullCV_01,1662,CC(C)C(C=C(C(C)C)C=C1C(C)C)=C1C2=C(P(C3CCCCC3)C4CCCCC4)C=CC=C2,COC1=NOC(C(OCC)=O)=C1,CC(C)(C)/N=C(N(C)C)/N(C)C,IC1=CC=C(OC)C=C1,17.02843498
56861dd221a72957,FullCV_01,1663,CC(C)C(C=C(C(C)C)C=C1C(C)C)=C1C2=C(P([C@@]3(C[C@@H]4C5)C[C@H](C4)C[C@H]5C3)[C@]6(C7)C[C@@H](C[C@@H]7C8)C[C@@H]8C6)C(OC)=CC=C2OC,CC1=NOC(C(OCC)=O)=C1,CN(C)P(N(C)C)(N(C)C)=NP(N(C)C)(N(C)C)=NCC,IC1=CC=C(C(F)(F)F)C=C1,44.56045142
c00a4db479f85dd4,FullCV_01,1664,CC(C)C(C=C(C(C)C)C=C1C(C)C)=C1C2=C(P(C(C)(C)C)C(C)(C)C)C(OC)=CC=C2OC,O=C(OC)C1=CC=NO1,CN(C)P(N(C)C)(N(C)C)=NP(N(C)C)(N(C)C)=NCC,ClC1=CC=C(CC)C=C1,3.257714985
5c72828c1ee0c365,FullCV_01,1665,CC(C)C(C=C(C(C)C)C=C1C(C)C)=C1C2=C(P(C(C)(C)C)C(C)(C)C)C(OC)=CC=C2OC,O=C(OC)C1=NOC(C2=CC=CS2)=C1,CC(C)(C)/N=C(N(C)C)/N(C)C,BrC1=CC=C(CC)C=C1,56.83415199
e63f9cb51b4e5027,FullCV_01,1666,CC(C)C(C=C(C(C)C)C=C1C(C)C)=C1C2=C(P(C(C)(C)C)C(C)(C)C)C=CC=C2,CC1=CC(C(OCC)=O)=NO1,CN(C)P(N(C)C)(N(C)C)=NP(N(C)C)(N(C)C)=NCC,IC1=CN=CC=C1,69.0890435
698f556e5459b4ae,FullCV_01,1667,CC(C)C(C=C(C(C)C)C=C1C(C)C)=C1C2=C(P([C@@]3(C[C@@H]4C5)C[C@H](C4)C[C@H]5C3)[C@]6(C7)C[C@@H](C[C@@H]7C8)C[C@@H]8C6)C(OC)=CC=C2OC,CC1=CC(C(OCC)=O)=NO1,CN(C)P(N(C)C)(N(C)C)=NP(N(C)C)(N(C)C)=NCC,IC1=CC=C(C(F)(F)F)C=C1,39.80414391
0eac6d9c162d4422,FullCV_01,1668,CC(C)C(C=C(C(C)C)C=C1C(C)C)=C1C2=C(P(C3CCCCC3)C4CCCCC4)C=CC=C2,CCOC(C1=NOC=C1)=O,CC(C)(C)/N=C(N(C)C)/N(C)C,BrC1=CC=C(OC)C=C1,9.912732719
591a36b3a4b6c8c4,FullCV_01,1669,CC(C)C(C=C(C(C)C)C=C1C(C)C)=C1C2=C(P(C(C)(C)C)C(C)(C)C)C=CC=C2,C12=CON=C1C=CC=C2,CN1CCCN2C1=NCCC2,ClC1=CC=C(C(F)(F)F)C=C1,0.419612341
2cbb8cca4c796b17,FullCV_01,1670,CC(C)C(C=C(C(C)C)C=C1C(C)C)=C1C2=C(P(C(C)(C)C)C(C)(C)C)C(OC)=CC=C2OC,C12=CON=C1C=CC=C2,CN1CCCN2C1=NCCC2,ClC1=CC=C(OC)C=C1,0.0
635ae2edb788b27a,FullCV_01,1671,CC(C)C(C=C(C(C)C)C=C1C(C)C)=C1C2=C(P(C3CCCCC3)C4CCCCC4)C=CC=C2,COC1=NOC(C(OCC)=O)=C1,CN(C)P(N(C)C)(N(C)C)=NP(N(C)C)(N(C)C)=NCC,IC1=CC=C(C(F)(F)F)C=C1,43.39942952
e44a9f9a8a28fa9d,FullCV_01,1672,CC(C)C(C=C(C(C)C)C=C1C(C)C)=C1C2=C(P(C(C)(C)C)C(C)(C)C)C=CC=C2,CC1=CC(C(OCC)=O)=NO1,CN1CCCN2C1=NCCC2,BrC1=CC=C(OC)C=C1,48.46327508
501e1d9b20ac2dd6,FullCV_01,1673,CC(C)C(C=C(C(C)C)C=C1C(C)C)=C1C2=C(P(C3CCCCC3)C4CCCCC4)C=CC=C2,CC1=NOC=C1,CC(C)(C)/N=C(N(C)C)/N(C)C,ClC1=CC=C(C(F)(F)F)C=C1,19.58685815
a7146d5d518fd458,FullCV_01,1674,CC(C)C(C=C(C(C)C)C=C1C(C)C)=C1C2=C(P(C3CCCCC3)C4CCCCC4)C=CC=C2,C1(C2=CC=CC=C2)=CC=NO1,CN(C)P(N(C)C)(N(C)C)=NP(N(C)C)(N(C)C)=NCC,IC1=CC=C(OC)C=C1,5.449924218
88765e39bf4c051f,FullCV_01,1675,CC(C)C(C=C(C(C)C)C=C1C(C)C)=C1C2=C(P(C(C)(C)C)C(C)(C)C)C(OC)=CC=C2OC,O=C(OC)C1=NOC(C2=CC=CO2)=C1,CC(C)(C)/N=C(N(C)C)/N(C)C,ClC1=CN=CC=C1,3.035900596
07497ee2ce7e465c,FullCV_01,1676,CC(C)C(C=C(C(C)C)C=C1C(C)C)=C1C2=C(P(C(C)(C)C)C(C)(C)C)C=CC=C2,CC1=CC(C(OCC)=O)=NO1,CC(C)(C)/N=C(N(C)C)/N(C)C,ClC1=CC=C(OC)C=C1,0.668792684
ddae448bffc51e08,FullCV_01,1677,CC(C)C(C=C(C(C)C)C=C1C(C)C)=C1C2=C(P(C(C)(C)C)C(C)(C)C)C=CC=C2,CCOC(C1=NOC=C1)=O,CN1CCCN2C1=NCCC2,ClC1=CC=C(C(F)(F)F)C=C1,28.1327933
e4a3dff37f05dad5,FullCV_01,1678,CC(C)C(C=C(C(C)C)C=C1C(C)C)=C1C2=C(P([C@@]3(C[C@@H]4C5)C[C@H](C4)C[C@H]5C3)[C@]6(C7)C[C@@H](C[C@@H]7C8)C[C@@H]8C6)C(OC)=CC=C2OC,CCOC(C1=NOC=C1)=O,CC(C)(C)/N=C(N(C)C)/N(C)C,IC1=NC=CC=C1,51.25885662
d4a6a4eabe8a0c97,FullCV_01,1679,CC(C)C(C=C(C(C)C)C=C1C(C)C)=C1C2=C(P(C(C)(C)C)C(C)(C)C)C(OC)=CC=C2OC,CC1=NOC(C2=CC=CC=C2)=C1,CC(C)(C)/N=C(N(C)C)/N(C)C,ClC1=CC=C(OC)C=C1,0.0
c81e9ade01b64e1b,FullCV_01,1680,CC(C)C(C=C(C(C)C)C=C1C(C)C)=C1C2=C(P(C3CCCCC3)C4CCCCC4)C=CC=C2,CC1=CC(C)=NO1,CN(C)P(N(C)C)(N(C)C)=NP(N(C)C)(N(C)C)=NCC,IC1=CC=C(CC)C=C1,62.91956913
1c956cf750ba88e7,FullCV_01,1681,CC(C)C(C=C(C(C)C)C=C1C(C)C)=C1C2=C(P(C3CCCCC3)C4CCCCC4)C=CC=C2,O=C(OC)C1=NOC(C2=CC=CS2)=C1,CN1CCCN2C1=NCCC2,BrC1=CN=CC=C1,15.35819367
409419867c97d2f1,FullCV_01,1682,CC(C)C(C=C(C(C)C)C=C1C(C)C)=C1C2=C(P([C@@]3(C[C@@H]4C5)C[C@H](C4)C[C@H]5C3)[C@]6(C7)C[C@@H](C[C@@H]7C8)C[C@@H]8C6)C(OC)=CC=C2OC,O=C(OC)C1=NOC(C2=CC=CO2)=C1,CN(C)P(N(C)C)(N(C)C)=NP(N(C)C)(N(C)C)=NCC,BrC1=CN=CC=C1,42.09636278
d0b22c23660a2a9f,FullCV_01,1683,CC(C)C(C=C(C(C)C)C=C1C(C)C)=C1C2=C(P(C(C)(C)C)C(C)(C)C)C(OC)=CC=C2OC,O=C(OC)C1=NOC(C2=CC=CS2)=C1,CC(C)(C)/N=C(N(C)C)/N(C)C,IC1=CC=C(C(F)(F)F)C=C1,37.47062049
bf34342fee13d9ab,FullCV_01,1684,CC(C)C(C=C(C(C)C)C=C1C(C)C)=C1C2=C(P(C(C)(C)C)C(C)(C)C)C=CC=C2,CC1=NOC(C(OCC)=O)=C1,CN(C)P(N(C)C)(N(C)C)=NP(N(C)C)(N(C)C)=NCC,BrC1=NC=CC=C1,66.07082051
c324da20b80608c4,FullCV_01,1685,CC(C)C(C=C(C(C)C)C=C1C(C)C)=C1C2=C(P(C3CCCCC3)C4CCCCC4)C=CC=C2,CC1=NOC(C(OCC)=O)=C1,CC(C)(C)/N=C(N(C)C)/N(C)C,IC1=CC=C(C(F)(F)F)C=C1,41.2456065
d4c0a51257daa940,FullCV_01,1686,CC(C)C(C=C(C(C)C)C=C1C(C)C)=C1C2=C(P(C(C)(C)C)C(C)(C)C)C(OC)=CC=C2OC,CCOC(C1=CON=C1)=O,CN1CCCN2C1=NCCC2,BrC1=NC=CC=C1,40.89777506
8d7852fa47d6492d,FullCV_01,1687,CC(C)C(C=C(C(C)C)C=C1C(C)C)=C1C2=C(P([C@@]3(C[C@@H]4C5)C[C@H](C4)C[C@H]5C3)[C@]6(C7)C[C@@H](C[C@@H]7C8)C[C@@H]8C6)C(OC)=CC=C2OC,CC1=NOC(C2=CC=CC=C2)=C1,CN(C)P(N(C)C)(N(C)C)=NP(N(C)C)(N(C)C)=NCC,IC1=CC=C(CC)C=C1,67.79255716
121708994ab8b89a,FullCV_01,1688,CC(C)C(C=C(C(C)C)C=C1C(C)C)=C1C2=C(P(C(C)(C)C)C(C)(C)C)C(OC)=CC=C2OC,C1(C2=CC=CC=C2)=CC=NO1,CC(C)(C)/N=C(N(C)C)/N(C)C,BrC1=CN=CC=C1,57.97752811
9c3ced70a8f0cdda,FullCV_01,1689,CC(C)C(C=C(C(C)C)C=C1C(C)C)=C1C2=C(P(C(C)(C)C)C(C)(C)C)C(OC)=CC=C2OC,C1(C2=CC=CC=C2)=CON=C1,CC(C)(C)/N=C(N(C)C)/N(C)C,IC1=CC=C(C(F)(F)F)C=C1,44.26289513
bcf5011ce7edf3e9,FullCV_01,1690,CC(C)C(C=C(C(C)C)C=C1C(C)C)=C1C2=C(P(C(C)(C)C)C(C)(C)C)C=CC=C2,C1(C2=CC=CC=C2)=CC=NO1,CN(C)P(N(C)C)(N(C)C)=NP(N(C)C)(N(C)C)=NCC,ClC1=NC=CC=C1,29.97543001
3f4ccf7eb2e33f4c,FullCV_01,1691,CC(C)C(C=C(C(C)C)C=C1C(C)C)=C1C2=C(P(C(C)(C)C)C(C)(C)C)C(OC)=CC=C2OC,CC1=NOC=C1,CN(C)P(N(C)C)(N(C)C)=NP(N(C)C)(N(C)C)=NCC,BrC1=CC=C(OC)C=C1,44.72607544
94154d9e597e640e,FullCV_01,1692,CC(C)C(C=C(C(C)C)C=C1C(C)C)=C1C2=C(P(C3CCCCC3)C4CCCCC4)C=CC=C2,C1(C2=CC=CC=C2)=NOC=C1,CC(C)(C)/N=C(N(C)C)/N(C)C,ClC1=CC=C(CC)C=C1,5.370036774
abf4c0967dc9ad45,FullCV_01,1693,CC(C)C(C=C(C(C)C)C=C1C(C)C)=C1C2=C(P([C@@]3(C[C@@H]4C5)C[C@H](C4)C[C@H]5C3)[C@]6(C7)C[C@@H](C[C@@H]7C8)C[C@@H]8C6)C(OC)=CC=C2OC,COC1=NOC(C(OCC)=O)=C1,CN(C)P(N(C)C)(N(C)C)=NP(N(C)C)(N(C)C)=NCC,IC1=CC=C(C(F)(F)F)C=C1,37.54624547
700ebe74cd5d96de,FullCV_01,1694,CC(C)C(C=C(C(C)C)C=C1C(C)C)=C1C2=C(P(C(C)(C)C)C(C)(C)C)C(OC)=CC=C2OC,COC1=NOC(C(OCC)=O)=C1,CC(C)(C)/N=C(N(C)C)/N(C)C,ClC1=NC=CC=C1,55.58164705
03807ee3784f8640,FullCV_01,1695,CC(C)C(C=C(C(C)C)C=C1C(C)C)=C1C2=C(P(C(C)(C)C)C(C)(C)C)C(OC)=CC=C2OC,CCOC(C1=CON=C1)=O,CN(C)P(N(C)C)(N(C)C)=NP(N(C)C)(N(C)C)=NCC,IC1=CC=C(C(F)(F)F)C=C1,4.022257677
dbfa295d74e22b4d,FullCV_01,1696,CC(C)C(C=C(C(C)C)C=C1C(C)C)=C1C2=C(P(C3CCCCC3)C4CCCCC4)C=CC=C2,CC1=NOC=C1,CN(C)P(N(C)C)(N(C)C)=NP(N(C)C)(N(C)C)=NCC,ClC1=CN=CC=C1,12.74466628
7bc457a596081bed,FullCV_01,1697,CC(C)C(C=C(C(C)C)C=C1C(C)C)=C1C2=C(P(C(C)(C)C)C(C)(C)C)C(OC)=CC=C2OC,C1(C2=CC=CC=C2)=CON=C1,CN1CCCN2C1=NCCC2,ClC1=NC=CC=C1,50.80872036
b15100ea122490ab,FullCV_01,1698,CC(C)C(C=C(C(C)C)C=C1C(C)C)=C1C2=C(P([C@@]3(C[C@@H]4C5)C[C@H](C4)C[C@H]5C3)[C@]6(C7)C[C@@H](C[C@@H]7C8)C[C@@H]8C6)C(OC)=CC=C2OC,O=C(OC)C1=CC=NO1,CN1CCCN2C1=NCCC2,ClC1=NC=CC=C1,29.35743486
e0009e8886eac34d,FullCV_01,1699,CC(C)C(C=C(C(C)C)C=C1C(C)C)=C1C2=C(P(C3CCCCC3)C4CCCCC4)C=CC=C2,COC1=NOC(C(OCC)=O)=C1,CN(C)P(N(C)C)(N(C)C)=NP(N(C)C)(N(C)C)=NCC,ClC1=CC=C(CC)C=C1,7.676008537
1cb8f8354129a9ef,FullCV_01,1700,CC(C)C(C=C(C(C)C)C=C1C(C)C)=C1C2=C(P([C@@]3(C[C@@H]4C5)C[C@H](C4)C[C@H]5C3)[C@]6(C7)C[C@@H](C[C@@H]7C8)C[C@@H]8C6)C(OC)=CC=C2OC,O=C(OC)C1=NOC(C2=CC=CO2)=C1,CC(C)(C)/N=C(N(C)C)/N(C)C,ClC1=CN=CC=C1,1.470956156
e43c538cebeae66b,FullCV_01,1701,CC(C)C(C=C(C(C)C)C=C1C(C)C)=C1C2=C(P(C(C)(C)C)C(C)(C)C)C=CC=C2,CC1=CC(C(OCC)=O)=NO1,CN1CCCN2C1=NCCC2,BrC1=CC=C(C(F)(F)F)C=C1,50.28665363
09e7a810dd1393d3,FullCV_01,1702,CC(C)C(C=C(C(C)C)C=C1C(C)C)=C1C2=C(P(C(C)(C)C)C(C)(C)C)C=CC=C2,C12=C(C=CC=C2)ON=C1,CN1CCCN2C1=NCCC2,IC1=CN=CC=C1,75.20935081
3379ac92ce309191,FullCV_01,1703,CC(C)C(C=C(C(C)C)C=C1C(C)C)=C1C2=C(P(C3CCCCC3)C4CCCCC4)C=CC=C2,CC1=NOC(C(OCC)=O)=C1,CC(C)(C)/N=C(N(C)C)/N(C)C,BrC1=CC=C(CC)C=C1,32.63234102
369622d34f83cc7d,FullCV_01,1704,CC(C)C(C=C(C(C)C)C=C1C(C)C)=C1C2=C(P([C@@]3(C[C@@H]4C5)C[C@H](C4)C[C@H]5C3)[C@]6(C7)C[C@@H](C[C@@H]7C8)C[C@@H]8C6)C(OC)=CC=C2OC,C12=CON=C1C=CC=C2,CN(C)P(N(C)C)(N(C)C)=NP(N(C)C)(N(C)C)=NCC,IC1=CC=C(OC)C=C1,11.0075153
a5cc62704da42b59,FullCV_01,1705,CC(C)C(C=C(C(C)C)C=C1C(C)C)=C1C2=C(P(C3CCCCC3)C4CCCCC4)C=CC=C2,COC1=NOC(C(OCC)=O)=C1,CC(C)(C)/N=C(N(C)C)/N(C)C,ClC1=CC=C(OC)C=C1,0.0
593425a4895df6b4,FullCV_01,1706,CC(C)C(C=C(C(C)C)C=C1C(C)C)=C1C2=C(P([C@@]3(C[C@@H]4C5)C[C@H](C4)C[C@H]5C3)[C@]6(C7)C[C@@H](C[C@@H]7C8)C[C@@H]8C6)C(OC)=CC=C2OC,CCOC(C1=CON=C1)=O,CN1CCCN2C1=NCCC2,IC1=CN=CC=C1,37.08543096
daa070d4cd83aacb,FullCV_01,1707,CC(C)C(C=C(C(C)C)C=C1C(C)C)=C1C2=C(P([C@@]3(C[C@@H]4C5)C[C@H](C4)C[C@H]5C3)[C@]6(C7)C[C@@H](C[C@@H]7C8)C[C@@H]8C6)C(OC)=CC=C2OC,COC1=NOC(C(OCC)=O)=C1,CC(C)(C)/N=C(N(C)C)/N(C)C,BrC1=NC=CC=C1,36.62142901
e89bcec2b398479f,FullCV_01,1708,CC(C)C(C=C(C(C)C)C=C1C(C)C)=C1C2=C(P(C(C)(C)C)C(C)(C)C)C(OC)=CC=C2OC,CC1=CC(N2C=CC=C2)=NO1,CN1CCCN2C1=NCCC2,IC1=CC=C(C(F)(F)F)C=C1,41.63261266
09b547285e6201b1,FullCV_01,1709,CC(C)C(C=C(C(C)C)C=C1C(C)C)=C1C2=C(P(C3CCCCC3)C4CCCCC4)C=CC=C2,CC1=NOC(C(OCC)=O)=C1,CN1CCCN2C1=NCCC2,IC1=CC=C(OC)C=C1,26.65189435
09593665ec1abbb3,FullCV_01,1710,CC(C)C(C=C(C(C)C)C=C1C(C)C)=C1C2=C(P(C(C)(C)C)C(C)(C)C)C(OC)=CC=C2OC,O=C(OC)C1=NOC(C2=CC=CO2)=C1,CN(C)P(N(C)C)(N(C)C)=NP(N(C)C)(N(C)C)=NCC,ClC1=CC=C(C(F)(F)F)C=C1,1.637827855
c3fee55cdf893eca,FullCV_01,1711,CC(C)C(C=C(C(C)C)C=C1C(C)C)=C1C2=C(P(C(C)(C)C)C(C)(C)C)C(OC)=CC=C2OC,CC1=CC(C(OCC)=O)=NO1,CN1CCCN2C1=NCCC2,ClC1=CC=C(CC)C=C1,0.0
8031086fbcb50389,FullCV_01,1712,CC(C)C(C=C(C(C)C)C=C1C(C)C)=C1C2=C(P(C(C)(C)C)C(C)(C)C)C(OC)=CC=C2OC,C12=CON=C1C=CC=C2,CN(C)P(N(C)C)(N(C)C)=NP(N(C)C)(N(C)C)=NCC,BrC1=CC=C(CC)C=C1,15.70792465
e5a8443c50988b84,FullCV_01,1713,CC(C)C(C=C(C(C)C)C=C1C(C)C)=C1C2=C(P(C(C)(C)C)C(C)(C)C)C(OC)=CC=C2OC,CC1=NOC=C1,CN(C)P(N(C)C)(N(C)C)=NP(N(C)C)(N(C)C)=NCC,ClC1=CC=C(OC)C=C1,0.0
d2d284fc55ff8227,FullCV_01,1714,CC(C)C(C=C(C(C)C)C=C1C(C)C)=C1C2=C(P(C(C)(C)C)C(C)(C)C)C(OC)=CC=C2OC,O=C(OC)C1=CC=NO1,CC(C)(C)/N=C(N(C)C)/N(C)C,IC1=NC=CC=C1,49.7806525
086bec482b65e71a,FullCV_01,1715,CC(C)C(C=C(C(C)C)C=C1C(C)C)=C1C2=C(P(C3CCCCC3)C4CCCCC4)C=CC=C2,CC1=CC(C)=NO1,CN1CCCN2C1=NCCC2,IC1=CN=CC=C1,47.66948987
e56340d941d7823e,FullCV_01,1716,CC(C)C(C=C(C(C)C)C=C1C(C)C)=C1C2=C(P(C3CCCCC3)C4CCCCC4)C=CC=C2,CCOC(C1=NOC=C1)=O,CN(C)P(N(C)C)(N(C)C)=NP(N(C)C)(N(C)C)=NCC,BrC1=CC=C(CC)C=C1,0.0
2cde0eed230ee83d,FullCV_01,1717,CC(C)C(C=C(C(C)C)C=C1C(C)C)=C1C2=C(P([C@@]3(C[C@@H]4C5)C[C@H](C4)C[C@H]5C3)[C@]6(C7)C[C@@H](C[C@@H]7C8)C[C@@H]8C6)C(OC)=CC=C2OC,C12=CON=C1C=CC=C2,CC(C)(C)/N=C(N(C)C)/N(C)C,BrC1=NC=CC=C1,7.467378263
738f58fe7b557e7e,FullCV_01,1718,CC(C)C(C=C(C(C)C)C=C1C(C)C)=C1C2=C(P([C@@]3(C[C@@H]4C5)C[C@H](C4)C[C@H]5C3)[C@]6(C7)C[C@@H](C[C@@H]7C8)C[C@@H]8C6)C(OC)=CC=C2OC,O=C(OC)C1=CC=NO1,CN(C)P(N(C)C)(N(C)C)=NP(N(C)C)(N(C)C)=NCC,ClC1=CC=C(CC)C=C1,0.526967727
622327e0ea4c50ff,FullCV_01,1719,CC(C)C(C=C(C(C)C)C=C1C(C)C)=C1C2=C(P([C@@]3(C[C@@H]4C5)C[C@H](C4)C[C@H]5C3)[C@]6(C7)C[C@@H](C[C@@H]7C8)C[C@@H]8C6)C(OC)=CC=C2OC,CC1=NOC(C(OCC)=O)=C1,CC(C)(C)/N=C(N(C)C)/N(C)C,IC1=CC=C(OC)C=C1,43.86426544
4339fd2f176c01d2,FullCV_01,1720,CC(C)C(C=C(C(C)C)C=C1C(C)C)=C1C2=C(P(C3CCCCC3)C4CCCCC4)C=CC=C2,C1(C2=CC=CC=C2)=NOC=C1,CC(C)(C)/N=C(N(C)C)/N(C)C,BrC1=CC=C(CC)C=C1,37.71186321
fa7c0d94311c30e2,FullCV_01,1721,CC(C)C(C=C(C(C)C)C=C1C(C)C)=C1C2=C(P([C@@]3(C[C@@H]4C5)C[C@H](C4)C[C@H]5C3)[C@]6(C7)C[C@@H](C[C@@H]7C8)C[C@@H]8C6)C(OC)=CC=C2OC,CC1=CC(C(OCC)=O)=NO1,CN1CCCN2C1=NCCC2,IC1=NC=CC=C1,95.67591323
60d9c582da5beac5,FullCV_01,1722,CC(C)C(C=C(C(C)C)C=C1C(C)C)=C1C2=C(P(C(C)(C)C)C(C)(C)C)C(OC)=CC=C2OC,C12=C(C=CC=C2)ON=C1,CN(C)P(N(C)C)(N(C)C)=NP(N(C)C)(N(C)C)=NCC,IC1=NC=CC=C1,68.44214129
263db8d7177f2001,FullCV_01,1723,CC(C)C(C=C(C(C)C)C=C1C(C)C)=C1C2=C(P(C(C)(C)C)C(C)(C)C)C=CC=C2,O=C(OC)C1=CC=NO1,CC(C)(C)/N=C(N(C)C)/N(C)C,IC1=CC=C(C(F)(F)F)C=C1,30.11809644
29b018bf56771f5a,FullCV_01,1724,CC(C)C(C=C(C(C)C)C=C1C(C)C)=C1C2=C(P(C(C)(C)C)C(C)(C)C)C=CC=C2,CC1=NOC(C2=CC=CC=C2)=C1,CN(C)P(N(C)C)(N(C)C)=NP(N(C)C)(N(C)C)=NCC,ClC1=CC=C(CC)C=C1,9.850315112
526e9e2e691e0754,FullCV_01,1725,CC(C)C(C=C(C(C)C)C=C1C(C)C)=C1C2=C(P(C3CCCCC3)C4CCCCC4)C=CC=C2,CCOC(C1=NOC=C1)=O,CN(C)P(N(C)C)(N(C)C)=NP(N(C)C)(N(C)C)=NCC,IC1=NC=CC=C1,0.0
1cbbf2e2ecabd9b1,FullCV_01,1726,CC(C)C(C=C(C(C)C)C=C1C(C)C)=C1C2=C(P([C@@]3(C[C@@H]4C5)C[C@H](C4)C[C@H]5C3)[C@]6(C7)C[C@@H](C[C@@H]7C8)C[C@@H]8C6)C(OC)=CC=C2OC,COC1=NOC(C(OCC)=O)=C1,CN1CCCN2C1=NCCC2,ClC1=CN=CC=C1,2.135901423
419e558bcdc96ed6,FullCV_01,1727,CC(C)C(C=C(C(C)C)C=C1C(C)C)=C1C2=C(P(C(C)(C)C)C(C)(C)C)C(OC)=CC=C2OC,CC1=CC(C)=NO1,CC(C)(C)/N=C(N(C)C)/N(C)C,BrC1=CC=C(CC)C=C1,59.16896654
6f61580b8a11e880,FullCV_01,1728,CC(C)C(C=C(C(C)C)C=C1C(C)C)=C1C2=C(P(C(C)(C)C)C(C)(C)C)C(OC)=CC=C2OC,C1(C2=CC=CC=C2)=CC=NO1,CN(C)P(N(C)C)(N(C)C)=NP(N(C)C)(N(C)C)=NCC,BrC1=CN=CC=C1,15.06136862
c7d58dc0fb303f27,FullCV_01,1729,CC(C)C(C=C(C(C)C)C=C1C(C)C)=C1C2=C(P([C@@]3(C[C@@H]4C5)C[C@H](C4)C[C@H]5C3)[C@]6(C7)C[C@@H](C[C@@H]7C8)C[C@@H]8C6)C(OC)=CC=C2OC,CC1=CC=NO1,CC(C)(C)/N=C(N(C)C)/N(C)C,BrC1=CC=C(C(F)(F)F)C=C1,24.03126631
d9ca7d20be84c97f,FullCV_01,1730,CC(C)C(C=C(C(C)C)C=C1C(C)C)=C1C2=C(P(C(C)(C)C)C(C)(C)C)C(OC)=CC=C2OC,CC1=CC=NO1,CC(C)(C)/N=C(N(C)C)/N(C)C,BrC1=CC=C(C(F)(F)F)C=C1,28.48464058
18ffc0a00a2152bc,FullCV_01,1731,CC(C)C(C=C(C(C)C)C=C1C(C)C)=C1C2=C(P(C3CCCCC3)C4CCCCC4)C=CC=C2,CC1=CC(C(OCC)=O)=NO1,CN1CCCN2C1=NCCC2,BrC1=CC=C(CC)C=C1,39.80435813
dafdc153dbe4c3ca,FullCV_01,1732,CC(C)C(C=C(C(C)C)C=C1C(C)C)=C1C2=C(P(C3CCCCC3)C4CCCCC4)C=CC=C2,CC1=C(C(OCC)=O)C=NO1,CN(C)P(N(C)C)(N(C)C)=NP(N(C)C)(N(C)C)=NCC,ClC1=CC=C(C(F)(F)F)C=C1,11.13292009
483a501ecdd02b84,FullCV_01,1733,CC(C)C(C=C(C(C)C)C=C1C(C)C)=C1C2=C(P(C(C)(C)C)C(C)(C)C)C=CC=C2,FC(C=CC=C1F)=C1C2=CC=NO2,CC(C)(C)/N=C(N(C)C)/N(C)C,ClC1=CC=C(OC)C=C1,0.0
611c7366a643cc68,FullCV_01,1734,CC(C)C(C=C(C(C)C)C=C1C(C)C)=C1C2=C(P([C@@]3(C[C@@H]4C5)C[C@H](C4)C[C@H]5C3)[C@]6(C7)C[C@@H](C[C@@H]7C8)C[C@@H]8C6)C(OC)=CC=C2OC,CCOC(C1=NOC=C1)=O,CC(C)(C)/N=C(N(C)C)/N(C)C,BrC1=CN=CC=C1,55.59012858
737637a52a44618f,FullCV_01,1735,CC(C)C(C=C(C(C)C)C=C1C(C)C)=C1C2=C(P(C3CCCCC3)C4CCCCC4)C=CC=C2,CC1=C(C(OCC)=O)C=NO1,CN(C)P(N(C)C)(N(C)C)=NP(N(C)C)(N(C)C)=NCC,IC1=CN=CC=C1,11.59336493
6dc8d07917597d4e,FullCV_01,1736,CC(C)C(C=C(C(C)C)C=C1C(C)C)=C1C2=C(P([C@@]3(C[C@@H]4C5)C[C@H](C4)C[C@H]5C3)[C@]6(C7)C[C@@H](C[C@@H]7C8)C[C@@H]8C6)C(OC)=CC=C2OC,C1(N(CC2=CC=CC=C2)CC3=CC=CC=C3)=NOC=C1,CN1CCCN2C1=NCCC2,BrC1=CN=CC=C1,80.0652435
49d0da11ad73ea6b,FullCV_01,1737,CC(C)C(C=C(C(C)C)C=C1C(C)C)=C1C2=C(P(C(C)(C)C)C(C)(C)C)C(OC)=CC=C2OC,C1(C2=CC=CC=C2)=CC=NO1,CN(C)P(N(C)C)(N(C)C)=NP(N(C)C)(N(C)C)=NCC,ClC1=CC=C(OC)C=C1,1.022402294
4d6e92b7759b6330,FullCV_01,1738,CC(C)C(C=C(C(C)C)C=C1C(C)C)=C1C2=C(P([C@@]3(C[C@@H]4C5)C[C@H](C4)C[C@H]5C3)[C@]6(C7)C[C@@H](C[C@@H]7C8)C[C@@H]8C6)C(OC)=CC=C2OC,CC1=CC=NO1,CN(C)P(N(C)C)(N(C)C)=NP(N(C)C)(N(C)C)=NCC,BrC1=CC=C(C(F)(F)F)C=C1,2.933858815
5ccc87f7b3e1b5c0,FullCV_01,1739,CC(C)C(C=C(C(C)C)C=C1C(C)C)=C1C2=C(P(C(C)(C)C)C(C)(C)C)C=CC=C2,FC(C=CC=C1F)=C1C2=CC=NO2,CN1CCCN2C1=NCCC2,ClC1=NC=CC=C1,79.78226496
81ee7daca739f2fc,FullCV_01,1740,CC(C)C(C=C(C(C)C)C=C1C(C)C)=C1C2=C(P([C@@]3(C[C@@H]4C5)C[C@H](C4)C[C@H]5C3)[C@]6(C7)C[C@@H](C[C@@H]7C8)C[C@@H]8C6)C(OC)=CC=C2OC,FC(C=CC=C1F)=C1C2=CC=NO2,CC(C)(C)/N=C(N(C)C)/N(C)C,BrC1=NC=CC=C1,30.24326754
11171cc1a678160c,FullCV_01,1741,CC(C)C(C=C(C(C)C)C=C1C(C)C)=C1C2=C(P(C(C)(C)C)C(C)(C)C)C=CC=C2,C1(C2=CC=CC=C2)=NOC=C1,CN1CCCN2C1=NCCC2,IC1=CC=C(OC)C=C1,51.23480839
fbb86b57527f4aa0,FullCV_01,1742,CC(C)C(C=C(C(C)C)C=C1C(C)C)=C1C2=C(P([C@@]3(C[C@@H]4C5)C[C@H](C4)C[C@H]5C3)[C@]6(C7)C[C@@H](C[C@@H]7C8)C[C@@H]8C6)C(OC)=CC=C2OC,O=C(OC)C1=NOC(C2=CC=CS2)=C1,CN(C)P(N(C)C)(N(C)C)=NP(N(C)C)(N(C)C)=NCC,ClC1=CC=C(CC)C=C1,0.0
6c7d3397f2a6f9cb,FullCV_01,1743,CC(C)C(C=C(C(C)C)C=C1C(C)C)=C1C2=C(P([C@@]3(C[C@@H]4C5)C[C@H](C4)C[C@H]5C3)[C@]6(C7)C[C@@H](C[C@@H]7C8)C[C@@H]8C6)C(OC)=CC=C2OC,CCOC(C1=NOC=C1)=O,CN(C)P(N(C)C)(N(C)C)=NP(N(C)C)(N(C)C)=NCC,ClC1=CN=CC=C1,0.0
c00b700c3e606daa,FullCV_01,1744,CC(C)C(C=C(C(C)C)C=C1C(C)C)=C1C2=C(P([C@@]3(C[C@@H]4C5)C[C@H](C4)C[C@H]5C3)[C@]6(C7)C[C@@H](C[C@@H]7C8)C[C@@H]8C6)C(OC)=CC=C2OC,C1(C2=CC=CC=C2)=CON=C1,CN1CCCN2C1=NCCC2,ClC1=CC=C(OC)C=C1,2.018550488
a80fdf1c02f5710e,FullCV_01,1745,CC(C)C(C=C(C(C)C)C=C1C(C)C)=C1C2=C(P(C(C)(C)C)C(C)(C)C)C(OC)=CC=C2OC,C1(N(CC2=CC=CC=C2)CC3=CC=CC=C3)=NOC=C1,CC(C)(C)/N=C(N(C)C)/N(C)C,IC1=CN=CC=C1,64.00575958
53a6fb53b0809c43,FullCV_01,1746,CC(C)C(C=C(C(C)C)C=C1C(C)C)=C1C2=C(P(C3CCCCC3)C4CCCCC4)C=CC=C2,C1(C2=CC=CC=C2)=CON=C1,CN(C)P(N(C)C)(N(C)C)=NP(N(C)C)(N(C)C)=NCC,IC1=CC=C(CC)C=C1,15.01178808
e645985f3e2704f5,FullCV_01,1747,CC(C)C(C=C(C(C)C)C=C1C(C)C)=C1C2=C(P(C3CCCCC3)C4CCCCC4)C=CC=C2,C1(N(CC2=CC=CC=C2)CC3=CC=CC=C3)=NOC=C1,CN1CCCN2C1=NCCC2,ClC1=CC=C(OC)C=C1,38.99137319
29e6b617b5e620a0,FullCV_01,1748,CC(C)C(C=C(C(C)C)C=C1C(C)C)=C1C2=C(P(C(C)(C)C)C(C)(C)C)C=CC=C2,C12=CON=C1C=CC=C2,CC(C)(C)/N=C(N(C)C)/N(C)C,BrC1=CN=CC=C1,19.13564251
e497b874e09f8234,FullCV_01,1749,CC(C)C(C=C(C(C)C)C=C1C(C)C)=C1C2=C(P([C@@]3(C[C@@H]4C5)C[C@H](C4)C[C@H]5C3)[C@]6(C7)C[C@@H](C[C@@H]7C8)C[C@@H]8C6)C(OC)=CC=C2OC,C1(C2=CC=CC=C2)=NOC=C1,CC(C)(C)/N=C(N(C)C)/N(C)C,BrC1=CN=CC=C1,81.6084941
0250247aeca35c23,FullCV_01,1750,CC(C)C(C=C(C(C)C)C=C1C(C)C)=C1C2=C(P(C(C)(C)C)C(C)(C)C)C=CC=C2,CC1=C(C(OCC)=O)C=NO1,CN1CCCN2C1=NCCC2,ClC1=CC=C(C(F)(F)F)C=C1,22.894141
4cc72927dd3188b8,FullCV_01,1751,CC(C)C(C=C(C(C)C)C=C1C(C)C)=C1C2=C(P([C@@]3(C[C@@H]4C5)C[C@H](C4)C[C@H]5C3)[C@]6(C7)C[C@@H](C[C@@H]7C8)C[C@@H]8C6)C(OC)=CC=C2OC,C1(N(CC2=CC=CC=C2)CC3=CC=CC=C3)=CC=NO1,CC(C)(C)/N=C(N(C)C)/N(C)C,IC1=CC=C(C(F)(F)F)C=C1,36.14852387
33813f9d8593aa71,FullCV_01,1752,CC(C)C(C=C(C(C)C)C=C1C(C)C)=C1C2=C(P(C(C)(C)C)C(C)(C)C)C=CC=C2,O=C(OC)C1=CC=NO1,CN1CCCN2C1=NCCC2,ClC1=CC=C(OC)C=C1,4.510108394
8fa3522791b33b3e,FullCV_01,1753,CC(C)C(C=C(C(C)C)C=C1C(C)C)=C1C2=C(P([C@@]3(C[C@@H]4C5)C[C@H](C4)C[C@H]5C3)[C@]6(C7)C[C@@H](C[C@@H]7C8)C[C@@H]8C6)C(OC)=CC=C2OC,CC1=CC=NO1,CN1CCCN2C1=NCCC2,IC1=CC=C(CC)C=C1,76.22505116
e7e3903fb82020a2,FullCV_01,1754,CC(C)C(C=C(C(C)C)C=C1C(C)C)=C1C2=C(P([C@@]3(C[C@@H]4C5)C[C@H](C4)C[C@H]5C3)[C@]6(C7)C[C@@H](C[C@@H]7C8)C[C@@H]8C6)C(OC)=CC=C2OC,O=C(OC)C1=NOC(C2=CC=CS2)=C1,CN(C)P(N(C)C)(N(C)C)=NP(N(C)C)(N(C)C)=NCC,BrC1=CN=CC=C1,41.91155944
a249384245702fc3,FullCV_01,1755,CC(C)C(C=C(C(C)C)C=C1C(C)C)=C1C2=C(P(C(C)(C)C)C(C)(C)C)C(OC)=CC=C2OC,C12=C(C=CC=C2)ON=C1,CN1CCCN2C1=NCCC2,BrC1=CC=C(C(F)(F)F)C=C1,36.5499256
4144e0e52d439597,FullCV_01,1756,CC(C)C(C=C(C(C)C)C=C1C(C)C)=C1C2=C(P(C(C)(C)C)C(C)(C)C)C=CC=C2,O=C(OC)C1=NOC(C2=CC=CO2)=C1,CC(C)(C)/N=C(N(C)C)/N(C)C,IC1=CC=C(OC)C=C1,31.57364304
c6955f0cae6ce872,FullCV_01,1757,CC(C)C(C=C(C(C)C)C=C1C(C)C)=C1C2=C(P(C3CCCCC3)C4CCCCC4)C=CC=C2,CCOC(C1=NOC=C1)=O,CC(C)(C)/N=C(N(C)C)/N(C)C,ClC1=CC=C(C(F)(F)F)C=C1,17.36491347
67bc853c72ed6fdc,FullCV_01,1758,CC(C)C(C=C(C(C)C)C=C1C(C)C)=C1C2=C(P(C(C)(C)C)C(C)(C)C)C=CC=C2,C1(N(CC2=CC=CC=C2)CC3=CC=CC=C3)=NOC=C1,CN1CCCN2C1=NCCC2,ClC1=CN=CC=C1,45.19876304
b849f6b189d8406d,FullCV_01,1759,CC(C)C(C=C(C(C)C)C=C1C(C)C)=C1C2=C(P(C(C)(C)C)C(C)(C)C)C(OC)=CC=C2OC,C1(N(CC2=CC=CC=C2)CC3=CC=CC=C3)=CC=NO1,CN1CCCN2C1=NCCC2,BrC1=CC=C(C(F)(F)F)C=C1,31.88542104
0a35399656fe1a6a,FullCV_01,1760,CC(C)C(C=C(C(C)C)C=C1C(C)C)=C1C2=C(P(C(C)(C)C)C(C)(C)C)C=CC=C2,CC1=CC(C)=NO1,CN1CCCN2C1=NCCC2,BrC1=CC=C(OC)C=C1,50.43757677
f592a76f66e2f755,FullCV_01,1761,CC(C)C(C=C(C(C)C)C=C1C(C)C)=C1C2=C(P(C(C)(C)C)C(C)(C)C)C(OC)=CC=C2OC,O=C(OC)C1=CC=NO1,CN(C)P(N(C)C)(N(C)C)=NP(N(C)C)(N(C)C)=NCC,BrC1=CC=C(CC)C=C1,15.67304028
87b0e471b06fd052,FullCV_01,1762,CC(C)C(C=C(C(C)C)C=C1C(C)C)=C1C2=C(P(C3CCCCC3)C4CCCCC4)C=CC=C2,FC(C=CC=C1F)=C1C2=CC=NO2,CC(C)(C)/N=C(N(C)C)/N(C)C,ClC1=CC=C(C(F)(F)F)C=C1,11.31960299
0d824cf17e88a830,FullCV_01,1763,CC(C)C(C=C(C(C)C)C=C1C(C)C)=C1C2=C(P(C(C)(C)C)C(C)(C)C)C(OC)=CC=C2OC,CCOC(C1=NOC=C1)=O,CN(C)P(N(C)C)(N(C)C)=NP(N(C)C)(N(C)C)=NCC,IC1=CN=CC=C1,0.0
9ca20e52f6cea8a3,FullCV_01,1764,CC(C)C(C=C(C(C)C)C=C1C(C)C)=C1C2=C(P(C(C)(C)C)C(C)(C)C)C(OC)=CC=C2OC,CC1=NOC(C2=CC=CC=C2)=C1,CN(C)P(N(C)C)(N(C)C)=NP(N(C)C)(N(C)C)=NCC,BrC1=CN=CC=C1,35.33291059
83d627c1a4ba4429,FullCV_01,1765,CC(C)C(C=C(C(C)C)C=C1C(C)C)=C1C2=C(P(C(C)(C)C)C(C)(C)C)C=CC=C2,CCOC(C1=NOC=C1)=O,CC(C)(C)/N=C(N(C)C)/N(C)C,IC1=CN=CC=C1,61.92858478
97e4fb3f5211e293,FullCV_01,1766,CC(C)C(C=C(C(C)C)C=C1C(C)C)=C1C2=C(P(C(C)(C)C)C(C)(C)C)C=CC=C2,CC1=CC=NO1,CN(C)P(N(C)C)(N(C)C)=NP(N(C)C)(N(C)C)=NCC,BrC1=CC=C(C(F)(F)F)C=C1,13.66496862
1145cf9d2218d994,FullCV_01,1767,CC(C)C(C=C(C(C)C)C=C1C(C)C)=C1C2=C(P(C3CCCCC3)C4CCCCC4)C=CC=C2,O=C(OC)C1=NOC(C2=CC=CO2)=C1,CN1CCCN2C1=NCCC2,BrC1=CC=C(C(F)(F)F)C=C1,19.02499104
372fb9ff12f484f8,FullCV_01,1768,CC(C)C(C=C(C(C)C)C=C1C(C)C)=C1C2=C(P(C3CCCCC3)C4CCCCC4)C=CC=C2,C1(N(CC2=CC=CC=C2)CC3=CC=CC=C3)=CC=NO1,CN1CCCN2C1=NCCC2,ClC1=NC=CC=C1,11.6539798
48178cec9f2af613,FullCV_01,1769,CC(C)C(C=C(C(C)C)C=C1C(C)C)=C1C2=C(P(C(C)(C)C)C(C)(C)C)C(OC)=CC=C2OC,C1(C2=CC=CC=C2)=CON=C1,CN1CCCN2C1=NCCC2,ClC1=CC=C(OC)C=C1,1.581660756
b824c50c92c38f89,FullCV_01,1770,CC(C)C(C=C(C(C)C)C=C1C(C)C)=C1C2=C(P([C@@]3(C[C@@H]4C5)C[C@H](C4)C[C@H]5C3)[C@]6(C7)C[C@@H](C[C@@H]7C8)C[C@@H]8C6)C(OC)=CC=C2OC,FC(C=CC=C1F)=C1C2=CC=NO2,CN1CCCN2C1=NCCC2,BrC1=CC=C(C(F)(F)F)C=C1,30.30978378
924cb30abbec81e8,FullCV_01,1771,CC(C)C(C=C(C(C)C)C=C1C(C)C)=C1C2=C(P(C3CCCCC3)C4CCCCC4)C=CC=C2,CC1=NOC(C(OCC)=O)=C1,CN(C)P(N(C)C)(N(C)C)=NP(N(C)C)(N(C)C)=NCC,ClC1=CC=C(OC)C=C1,0.0
28c027ba891dfa41,FullCV_01,1772,CC(C)C(C=C(C(C)C)C=C1C(C)C)=C1C2=C(P(C3CCCCC3)C4CCCCC4)C=CC=C2,CC1=NOC=C1,CN1CCCN2C1=NCCC2,ClC1=CC=C(CC)C=C1,1.922791563
02ed8653173a206f,FullCV_01,1773,CC(C)C(C=C(C(C)C)C=C1C(C)C)=C1C2=C(P(C(C)(C)C)C(C)(C)C)C(OC)=CC=C2OC,CCOC(C1=CON=C1)=O,CC(C)(C)/N=C(N(C)C)/N(C)C,ClC1=CN=CC=C1,0.0
d676b2f293d1a8d9,FullCV_01,1774,CC(C)C(C=C(C(C)C)C=C1C(C)C)=C1C2=C(P(C(C)(C)C)C(C)(C)C)C(OC)=CC=C2OC,C1(C2=CC=CC=C2)=CON=C1,CN1CCCN2C1=NCCC2,IC1=CC=C(C(F)(F)F)C=C1,54.24578847
fe94f58807f2840a,FullCV_01,1775,CC(C)C(C=C(C(C)C)C=C1C(C)C)=C1C2=C(P(C(C)(C)C)C(C)(C)C)C(OC)=CC=C2OC,C1(N(CC2=CC=CC=C2)CC3=CC=CC=C3)=NOC=C1,CC(C)(C)/N=C(N(C)C)/N(C)C,ClC1=NC=CC=C1,58.92871095
9513096186e779ba,FullCV_01,1776,CC(C)C(C=C(C(C)C)C=C1C(C)C)=C1C2=C(P(C(C)(C)C)C(C)(C)C)C(OC)=CC=C2OC,CCOC(C1=NOC=C1)=O,CN(C)P(N(C)C)(N(C)C)=NP(N(C)C)(N(C)C)=NCC,IC1=CC=C(OC)C=C1,2.458138496
81077d5b61031788,FullCV_01,1777,CC(C)C(C=C(C(C)C)C=C1C(C)C)=C1C2=C(P(C(C)(C)C)C(C)(C)C)C(OC)=CC=C2OC,O=C(OC)C1=NOC(C2=CC=CO2)=C1,CC(C)(C)/N=C(N(C)C)/N(C)C,ClC1=CC=C(C(F)(F)F)C=C1,5.265059572
c0272cda2f124e90,FullCV_01,1778,CC(C)C(C=C(C(C)C)C=C1C(C)C)=C1C2=C(P(C3CCCCC3)C4CCCCC4)C=CC=C2,CC1=CC=NO1,CN1CCCN2C1=NCCC2,BrC1=CC=C(CC)C=C1,17.09448081
4caceb5ddd144b27,FullCV_01,1779,CC(C)C(C=C(C(C)C)C=C1C(C)C)=C1C2=C(P(C(C)(C)C)C(C)(C)C)C=CC=C2,CCOC(C1=CON=C1)=O,CN1CCCN2C1=NCCC2,ClC1=CN=CC=C1,30.05876834
aa929408300b854c,FullCV_01,1780,CC(C)C(C=C(C(C)C)C=C1C(C)C)=C1C2=C(P(C(C)(C)C)C(C)(C)C)C(OC)=CC=C2OC,CC1=CC(C)=NO1,CN1CCCN2C1=NCCC2,IC1=CN=CC=C1,93.58777419
18706e7bb16aa787,FullCV_01,1781,CC(C)C(C=C(C(C)C)C=C1C(C)C)=C1C2=C(P(C(C)(C)C)C(C)(C)C)C(OC)=CC=C2OC,C1(N(CC2=CC=CC=C2)CC3=CC=CC=C3)=CC=NO1,CN(C)P(N(C)C)(N(C)C)=NP(N(C)C)(N(C)C)=NCC,IC1=CC=C(CC)C=C1,63.14360639
5d1e58f5e516d9d7,FullCV_01,1782,CC(C)C(C=C(C(C)C)C=C1C(C)C)=C1C2=C(P(C3CCCCC3)C4CCCCC4)C=CC=C2,CC1=CC=NO1,CN(C)P(N(C)C)(N(C)C)=NP(N(C)C)(N(C)C)=NCC,BrC1=CN=CC=C1,10.26328927
66cb7ce71f209c31,FullCV_01,1783,CC(C)C(C=C(C(C)C)C=C1C(C)C)=C1C2=C(P(C(C)(C)C)C(C)(C)C)C(OC)=CC=C2OC,CC1=NOC=C1,CC(C)(C)/N=C(N(C)C)/N(C)C,ClC1=CN=CC=C1,13.89042777
0119a01104afba6c,FullCV_01,1784,CC(C)C(C=C(C(C)C)C=C1C(C)C)=C1C2=C(P(C(C)(C)C)C(C)(C)C)C=CC=C2,CC1=CC(N2C=CC=C2)=NO1,CC(C)(C)/N=C(N(C)C)/N(C)C,ClC1=CC=C(OC)C=C1,1.029883817
7ec1f06871c83f9d,FullCV_01,1785,CC(C)C(C=C(C(C)C)C=C1C(C)C)=C1C2=C(P([C@@]3(C[C@@H]4C5)C[C@H](C4)C[C@H]5C3)[C@]6(C7)C[C@@H](C[C@@H]7C8)C[C@@H]8C6)C(OC)=CC=C2OC,C12=C(C=CC=C2)ON=C1,CN1CCCN2C1=NCCC2,BrC1=CN=CC=C1,48.77228165
630ce0840f29f633,FullCV_01,1786,CC(C)C(C=C(C(C)C)C=C1C(C)C)=C1C2=C(P(C3CCCCC3)C4CCCCC4)C=CC=C2,C1(C2=CC=CC=C2)=CON=C1,CN(C)P(N(C)C)(N(C)C)=NP(N(C)C)(N(C)C)=NCC,ClC1=CN=CC=C1,61.68885211
3a6c3d93bcb10654,FullCV_01,1787,CC(C)C(C=C(C(C)C)C=C1C(C)C)=C1C2=C(P(C(C)(C)C)C(C)(C)C)C=CC=C2,O=C(OC)C1=NOC(C2=CC=CS2)=C1,CN(C)P(N(C)C)(N(C)C)=NP(N(C)C)(N(C)C)=NCC,IC1=CN=CC=C1,75.8997955
10ef0b02fcbaa89a,FullCV_01,1788,CC(C)C(C=C(C(C)C)C=C1C(C)C)=C1C2=C(P([C@@]3(C[C@@H]4C5)C[C@H](C4)C[C@H]5C3)[C@]6(C7)C[C@@H](C[C@@H]7C8)C[C@@H]8C6)C(OC)=CC=C2OC,CCOC(C1=CON=C1)=O,CN(C)P(N(C)C)(N(C)C)=NP(N(C)C)(N(C)C)=NCC,IC1=CC=C(CC)C=C1,6.931862367
0bcff1659efd25aa,FullCV_01,1789,CC(C)C(C=C(C(C)C)C=C1C(C)C)=C1C2=C(P(C(C)(C)C)C(C)(C)C)C=CC=C2,CCOC(C1=NOC=C1)=O,CC(C)(C)/N=C(N(C)C)/N(C)C,BrC1=CC=C(CC)C=C1,56.8433722
8219baa5c4ea4033,FullCV_01,1790,CC(C)C(C=C(C(C)C)C=C1C(C)C)=C1C2=C(P(C(C)(C)C)C(C)(C)C)C(OC)=CC=C2OC,CCOC(C1=NOC=C1)=O,CN(C)P(N(C)C)(N(C)C)=NP(N(C)C)(N(C)C)=NCC,ClC1=CN=CC=C1,0.0
55641690fe29bce8,FullCV_01,1791,CC(C)C(C=C(C(C)C)C=C1C(C)C)=C1C2=C(P([C@@]3(C[C@@H]4C5)C[C@H](C4)C[C@H]5C3)[C@]6(C7)C[C@@H](C[C@@H]7C8)C[C@@H]8C6)C(OC)=CC=C2OC,CC1=CC(C(OCC)=O)=NO1,CC(C)(C)/N=C(N(C)C)/N(C)C,ClC1=CC=C(OC)C=C1,0.316193405
0a10a76addcbcc25,FullCV_01,1792,CC(C)C(C=C(C(C)C)C=C1C(C)C)=C1C2=C(P([C@@]3(C[C@@H]4C5)C[C@H](C4)C[C@H]5C3)[C@]6(C7)C[C@@H](C[C@@H]7C8)C[C@@H]8C6)C(OC)=CC=C2OC,CC1=CC=NO1,CN1CCCN2C1=NCCC2,ClC1=CC=C(OC)C=C1,0.382305168
ea1d7c5e82ebbb9a,FullCV_01,1793,CC(C)C(C=C(C(C)C)C=C1C(C)C)=C1C2=C(P([C@@]3(C[C@@H]4C5)C[C@H](C4)C[C@H]5C3)[C@]6(C7)C[C@@H](C[C@@H]7C8)C[C@@H]8C6)C(OC)=CC=C2OC,CCOC(C1=CON=C1)=O,CC(C)(C)/N=C(N(C)C)/N(C)C,ClC1=CC=C(CC)C=C1,0.0
730112e9bf904171,FullCV_01,1794,CC(C)C(C=C(C(C)C)C=C1C(C)C)=C1C2=C(P(C(C)(C)C)C(C)(C)C)C=CC=C2,CC1=CC=NO1,CN1CCCN2C1=NCCC2,IC1=CN=CC=C1,86.76211847
b97a8d3ef09aca05,FullCV_01,1795,CC(C)C(C=C(C(C)C)C=C1C(C)C)=C1C2=C(P(C(C)(C)C)C(C)(C)C)C=CC=C2,CC1=NOC(C(OCC)=O)=C1,CC(C)(C)/N=C(N(C)C)/N(C)C,ClC1=CC=C(CC)C=C1,0.595872872
c0296fbe76e64f75,FullCV_01,1796,CC(C)C(C=C(C(C)C)C=C1C(C)C)=C1C2=C(P(C3CCCCC3)C4CCCCC4)C=CC=C2,CC1=C(C(OCC)=O)C=NO1,CN1CCCN2C1=NCCC2,BrC1=CC=C(CC)C=C1,19.26994536
11c3578d068b0626,FullCV_01,1797,CC(C)C(C=C(C(C)C)C=C1C(C)C)=C1C2=C(P(C(C)(C)C)C(C)(C)C)C=CC=C2,C12=CON=C1C=CC=C2,CN1CCCN2C1=NCCC2,ClC1=CC=C(CC)C=C1,0.0
69a9e16610bca67a,FullCV_01,1798,CC(C)C(C=C(C(C)C)C=C1C(C)C)=C1C2=C(P(C(C)(C)C)C(C)(C)C)C=CC=C2,C1(C2=CC=CC=C2)=NOC=C1,CN1CCCN2C1=NCCC2,IC1=CC=C(C(F)(F)F)C=C1,50.27132659
ca0d048129f9ebb3,FullCV_01,1799,CC(C)C(C=C(C(C)C)C=C1C(C)C)=C1C2=C(P([C@@]3(C[C@@H]4C5)C[C@H](C4)C[C@H]5C3)[C@]6(C7)C[C@@H](C[C@@H]7C8)C[C@@H]8C6)C(OC)=CC=C2OC,COC1=NOC(C(OCC)=O)=C1,CN1CCCN2C1=NCCC2,IC1=CC=C(C(F)(F)F)C=C1,45.77926691
7f32cc7249c05003,FullCV_01,1800,CC(C)C(C=C(C(C)C)C=C1C(C)C)=C1C2=C(P(C3CCCCC3)C4CCCCC4)C=CC=C2,CC1=CC(N2C=CC=C2)=NO1,CN(C)P(N(C)C)(N(C)C)=NP(N(C)C)(N(C)C)=NCC,ClC1=CC=C(CC)C=C1,11.25218088
b3ca21ca8f6444ee,FullCV_01,1801,CC(C)C(C=C(C(C)C)C=C1C(C)C)=C1C2=C(P(C(C)(C)C)C(C)(C)C)C=CC=C2,C1(N(CC2=CC=CC=C2)CC3=CC=CC=C3)=NOC=C1,CN1CCCN2C1=NCCC2,IC1=CC=C(CC)C=C1,67.52036403
5b25c341312d0659,FullCV_01,1802,CC(C)C(C=C(C(C)C)C=C1C(C)C)=C1C2=C(P(C(C)(C)C)C(C)(C)C)C=CC=C2,C1(C2=CC=CC=C2)=CC=NO1,CN1CCCN2C1=NCCC2,BrC1=CC=C(OC)C=C1,34.96324083
06206c0d1b593fbd,FullCV_01,1803,CC(C)C(C=C(C(C)C)C=C1C(C)C)=C1C2=C(P(C3CCCCC3)C4CCCCC4)C=CC=C2,CC1=CC(C(OCC)=O)=NO1,CN(C)P(N(C)C)(N(C)C)=NP(N(C)C)(N(C)C)=NCC,IC1=CC=C(C(F)(F)F)C=C1,34.74876407
9f3962b64e9e9754,FullCV_01,1804,CC(C)C(C=C(C(C)C)C=C1C(C)C)=C1C2=C(P([C@@]3(C[C@@H]4C5)C[C@H](C4)C[C@H]5C3)[C@]6(C7)C[C@@H](C[C@@H]7C8)C[C@@H]8C6)C(OC)=CC=C2OC,CC1=CC(C)=NO1,CC(C)(C)/N=C(N(C)C)/N(C)C,BrC1=NC=CC=C1,40.91072057
85e148b2d02b9648,FullCV_01,1805,CC(C)C(C=C(C(C)C)C=C1C(C)C)=C1C2=C(P(C(C)(C)C)C(C)(C)C)C(OC)=CC=C2OC,CC1=NOC(C(OCC)=O)=C1,CN1CCCN2C1=NCCC2,IC1=CC=C(CC)C=C1,82.71053034
75166acc193473ea,FullCV_01,1806,CC(C)C(C=C(C(C)C)C=C1C(C)C)=C1C2=C(P(C3CCCCC3)C4CCCCC4)C=CC=C2,C1(N(CC2=CC=CC=C2)CC3=CC=CC=C3)=NOC=C1,CC(C)(C)/N=C(N(C)C)/N(C)C,BrC1=NC=CC=C1,40.32928262
ef394352bb3a11b2,FullCV_01,1807,CC(C)C(C=C(C(C)C)C=C1C(C)C)=C1C2=C(P(C(C)(C)C)C(C)(C)C)C=CC=C2,CC1=C(C(OCC)=O)C=NO1,CC(C)(C)/N=C(N(C)C)/N(C)C,ClC1=NC=CC=C1,12.36409536
3006cfae3c65b8cd,FullCV_01,1808,CC(C)C(C=C(C(C)C)C=C1C(C)C)=C1C2=C(P([C@@]3(C[C@@H]4C5)C[C@H](C4)C[C@H]5C3)[C@]6(C7)C[C@@H](C[C@@H]7C8)C[C@@H]8C6)C(OC)=CC=C2OC,CC1=CC(C(OCC)=O)=NO1,CC(C)(C)/N=C(N(C)C)/N(C)C,IC1=CN=CC=C1,75.30179851
7cb3b623fe6ddf7b,FullCV_01,1809,CC(C)C(C=C(C(C)C)C=C1C(C)C)=C1C2=C(P(C(C)(C)C)C(C)(C)C)C(OC)=CC=C2OC,C12=CON=C1C=CC=C2,CN(C)P(N(C)C)(N(C)C)=NP(N(C)C)(N(C)C)=NCC,IC1=CC=C(C(F)(F)F)C=C1,12.51034862
a1172c04c319f589,FullCV_01,1810,CC(C)C(C=C(C(C)C)C=C1C(C)C)=C1C2=C(P(C(C)(C)C)C(C)(C)C)C=CC=C2,CC1=NOC=C1,CN(C)P(N(C)C)(N(C)C)=NP(N(C)C)(N(C)C)=NCC,IC1=NC=CC=C1,63.83709974
3405ea0026a78c67,FullCV_01,1811,CC(C)C(C=C(C(C)C)C=C1C(C)C)=C1C2=C(P(C3CCCCC3)C4CCCCC4)C=CC=C2,CC1=NOC(C(OCC)=O)=C1,CN(C)P(N(C)C)(N(C)C)=NP(N(C)C)(N(C)C)=NCC,BrC1=CN=CC=C1,31.93031022
fe12b2a179739095,FullCV_01,1812,CC(C)C(C=C(C(C)C)C=C1C(C)C)=C1C2=C(P(C3CCCCC3)C4CCCCC4)C=CC=C2,C1(C2=CC=CC=C2)=CON=C1,CN1CCCN2C1=NCCC2,ClC1=CC=C(C(F)(F)F)C=C1,21.50977994
46383c42d67e2626,FullCV_01,1813,CC(C)C(C=C(C(C)C)C=C1C(C)C)=C1C2=C(P(C(C)(C)C)C(C)(C)C)C(OC)=CC=C2OC,C1(N(CC2=CC=CC=C2)CC3=CC=CC=C3)=NOC=C1,CN(C)P(N(C)C)(N(C)C)=NP(N(C)C)(N(C)C)=NCC,IC1=CC=C(C(F)(F)F)C=C1,36.31466019
9ff6411e1a9851d9,FullCV_01,1814,CC(C)C(C=C(C(C)C)C=C1C(C)C)=C1C2=C(P([C@@]3(C[C@@H]4C5)C[C@H](C4)C[C@H]5C3)[C@]6(C7)C[C@@H](C[C@@H]7C8)C[C@@H]8C6)C(OC)=CC=C2OC,C1(C2=CC=CC=C2)=CON=C1,CN1CCCN2C1=NCCC2,IC1=NC=CC=C1,81.51017538
895b75b318b22e52,FullCV_01,1815,CC(C)C(C=C(C(C)C)C=C1C(C)C)=C1C2=C(P(C3CCCCC3)C4CCCCC4)C=CC=C2,CCOC(C1=NOC=C1)=O,CC(C)(C)/N=C(N(C)C)/N(C)C,IC1=CC=C(OC)C=C1,21.7977125
4249975f5df6782e,FullCV_01,1816,CC(C)C(C=C(C(C)C)C=C1C(C)C)=C1C2=C(P([C@@]3(C[C@@H]4C5)C[C@H](C4)C[C@H]5C3)[C@]6(C7)C[C@@H](C[C@@H]7C8)C[C@@H]8C6)C(OC)=CC=C2OC,CC1=NOC=C1,CN1CCCN2C1=NCCC2,ClC1=CC=C(C(F)(F)F)C=C1,12.78013721
100ba76b56f2b726,FullCV_01,1817,CC(C)C(C=C(C(C)C)C=C1C(C)C)=C1C2=C(P(C(C)(C)C)C(C)(C)C)C(OC)=CC=C2OC,CC1=NOC(C2=CC=CC=C2)=C1,CC(C)(C)/N=C(N(C)C)/N(C)C,IC1=CC=C(OC)C=C1,40.08752213
cade05cfc75a766f,FullCV_01,1818,CC(C)C(C=C(C(C)C)C=C1C(C)C)=C1C2=C(P(C(C)(C)C)C(C)(C)C)C=CC=C2,O=C(OC)C1=NOC(C2=CC=CO2)=C1,CN(C)P(N(C)C)(N(C)C)=NP(N(C)C)(N(C)C)=NCC,ClC1=NC=CC=C1,70.24905586
3ab607bd625c4274,FullCV_01,1819,CC(C)C(C=C(C(C)C)C=C1C(C)C)=C1C2=C(P(C(C)(C)C)C(C)(C)C)C(OC)=CC=C2OC,C1(N(CC2=CC=CC=C2)CC3=CC=CC=C3)=NOC=C1,CC(C)(C)/N=C(N(C)C)/N(C)C,IC1=CC=C(C(F)(F)F)C=C1,36.76661903
210dc7fe44f03904,FullCV_01,1820,CC(C)C(C=C(C(C)C)C=C1C(C)C)=C1C2=C(P(C3CCCCC3)C4CCCCC4)C=CC=C2,CC1=CC(N2C=CC=C2)=NO1,CN(C)P(N(C)C)(N(C)C)=NP(N(C)C)(N(C)C)=NCC,BrC1=CC=C(C(F)(F)F)C=C1,21.1852936
66a208fd0ba35f81,FullCV_01,1821,CC(C)C(C=C(C(C)C)C=C1C(C)C)=C1C2=C(P(C(C)(C)C)C(C)(C)C)C(OC)=CC=C2OC,O=C(OC)C1=CC=NO1,CN(C)P(N(C)C)(N(C)C)=NP(N(C)C)(N(C)C)=NCC,ClC1=CC=C(C(F)(F)F)C=C1,6.945630993
ee82f98ce215538a,FullCV_01,1822,CC(C)C(C=C(C(C)C)C=C1C(C)C)=C1C2=C(P(C(C)(C)C)C(C)(C)C)C=CC=C2,FC(C=CC=C1F)=C1C2=CC=NO2,CC(C)(C)/N=C(N(C)C)/N(C)C,BrC1=CC=C(OC)C=C1,34.88973455
a783142c625683c8,FullCV_01,1823,CC(C)C(C=C(C(C)C)C=C1C(C)C)=C1C2=C(P(C(C)(C)C)C(C)(C)C)C=CC=C2,CC1=CC=NO1,CC(C)(C)/N=C(N(C)C)/N(C)C,IC1=NC=CC=C1,63.2869505
ae1e790d6118aea6,FullCV_01,1824,CC(C)C(C=C(C(C)C)C=C1C(C)C)=C1C2=C(P(C3CCCCC3)C4CCCCC4)C=CC=C2,C12=C(C=CC=C2)ON=C1,CN(C)P(N(C)C)(N(C)C)=NP(N(C)C)(N(C)C)=NCC,IC1=CN=CC=C1,28.5480245
b90f1f558441f7e2,FullCV_01,1825,CC(C)C(C=C(C(C)C)C=C1C(C)C)=C1C2=C(P(C(C)(C)C)C(C)(C)C)C=CC=C2,C1(C2=CC=CC=C2)=CC=NO1,CN(C)P(N(C)C)(N(C)C)=NP(N(C)C)(N(C)C)=NCC,ClC1=CC=C(CC)C=C1,7.641917878
aad67a0aa2262732,FullCV_01,1826,CC(C)C(C=C(C(C)C)C=C1C(C)C)=C1C2=C(P(C(C)(C)C)C(C)(C)C)C=CC=C2,C1(N(CC2=CC=CC=C2)CC3=CC=CC=C3)=NOC=C1,CC(C)(C)/N=C(N(C)C)/N(C)C,IC1=CN=CC=C1,65.9488999
c732ce217e900bd3,FullCV_01,1827,CC(C)C(C=C(C(C)C)C=C1C(C)C)=C1C2=C(P(C(C)(C)C)C(C)(C)C)C(OC)=CC=C2OC,CC1=C(C(OCC)=O)C=NO1,CC(C)(C)/N=C(N(C)C)/N(C)C,BrC1=CC=C(CC)C=C1,7.479579469
650c4e83553288a7,FullCV_01,1828,CC(C)C(C=C(C(C)C)C=C1C(C)C)=C1C2=C(P([C@@]3(C[C@@H]4C5)C[C@H](C4)C[C@H]5C3)[C@]6(C7)C[C@@H](C[C@@H]7C8)C[C@@H]8C6)C(OC)=CC=C2OC,C1(N(CC2=CC=CC=C2)CC3=CC=CC=C3)=NOC=C1,CN1CCCN2C1=NCCC2,BrC1=CC=C(OC)C=C1,66.81498604
65906a3f69e27eb1,FullCV_01,1829,CC(C)C(C=C(C(C)C)C=C1C(C)C)=C1C2=C(P(C(C)(C)C)C(C)(C)C)C(OC)=CC=C2OC,CCOC(C1=CON=C1)=O,CC(C)(C)/N=C(N(C)C)/N(C)C,IC1=CC=C(C(F)(F)F)C=C1,3.566410027
2f7429e63ba19fc8,FullCV_01,1830,CC(C)C(C=C(C(C)C)C=C1C(C)C)=C1C2=C(P(C(C)(C)C)C(C)(C)C)C(OC)=CC=C2OC,COC1=NOC(C(OCC)=O)=C1,CN1CCCN2C1=NCCC2,ClC1=CN=CC=C1,2.354282195
70e99a8465f743dd,FullCV_01,1831,CC(C)C(C=C(C(C)C)C=C1C(C)C)=C1C2=C(P(C(C)(C)C)C(C)(C)C)C=CC=C2,CC1=CC(C)=NO1,CN1CCCN2C1=NCCC2,ClC1=CN=CC=C1,45.11238212
88fe01f90ce5d849,FullCV_01,1832,CC(C)C(C=C(C(C)C)C=C1C(C)C)=C1C2=C(P(C(C)(C)C)C(C)(C)C)C=CC=C2,C1(N(CC2=CC=CC=C2)CC3=CC=CC=C3)=NOC=C1,CN1CCCN2C1=NCCC2,ClC1=CC=C(CC)C=C1,5.460903942
b1d9de51bb37d4ef,FullCV_01,1833,CC(C)C(C=C(C(C)C)C=C1C(C)C)=C1C2=C(P(C(C)(C)C)C(C)(C)C)C=CC=C2,CC1=CC(N2C=CC=C2)=NO1,CC(C)(C)/N=C(N(C)C)/N(C)C,IC1=CC=C(C(F)(F)F)C=C1,39.909465
8db0ee443fe021d1,FullCV_01,1834,CC(C)C(C=C(C(C)C)C=C1C(C)C)=C1C2=C(P(C(C)(C)C)C(C)(C)C)C(OC)=CC=C2OC,CCOC(C1=CON=C1)=O,CC(C)(C)/N=C(N(C)C)/N(C)C,IC1=CC=C(OC)C=C1,2.042704931
2a808770a47f45f1,FullCV_01,1835,CC(C)C(C=C(C(C)C)C=C1C(C)C)=C1C2=C(P([C@@]3(C[C@@H]4C5)C[C@H](C4)C[C@H]5C3)[C@]6(C7)C[C@@H](C[C@@H]7C8)C[C@@H]8C6)C(OC)=CC=C2OC,C12=C(C=CC=C2)ON=C1,CN(C)P(N(C)C)(N(C)C)=NP(N(C)C)(N(C)C)=NCC,BrC1=CN=CC=C1,40.63647217
a367922b19af375b,FullCV_01,1836,CC(C)C(C=C(C(C)C)C=C1C(C)C)=C1C2=C(P(C(C)(C)C)C(C)(C)C)C=CC=C2,CC1=CC(C(OCC)=O)=NO1,CN(C)P(N(C)C)(N(C)C)=NP(N(C)C)(N(C)C)=NCC,ClC1=CC=C(C(F)(F)F)C=C1,45.04873884
84c7c331910c6939,FullCV_01,1837,CC(C)C(C=C(C(C)C)C=C1C(C)C)=C1C2=C(P([C@@]3(C[C@@H]4C5)C[C@H](C4)C[C@H]5C3)[C@]6(C7)C[C@@H](C[C@@H]7C8)C[C@@H]8C6)C(OC)=CC=C2OC,CCOC(C1=CON=C1)=O,CN1CCCN2C1=NCCC2,ClC1=CC=C(CC)C=C1,6.949971836
2fdcf97501f55a36,FullCV_01,1838,CC(C)C(C=C(C(C)C)C=C1C(C)C)=C1C2=C(P(C(C)(C)C)C(C)(C)C)C=CC=C2,C1(C2=CC=CC=C2)=CON=C1,CN(C)P(N(C)C)(N(C)C)=NP(N(C)C)(N(C)C)=NCC,BrC1=NC=CC=C1,35.2030282
472ce284d1a7d6c2,FullCV_01,1839,CC(C)C(C=C(C(C)C)C=C1C(C)C)=C1C2=C(P(C3CCCCC3)C4CCCCC4)C=CC=C2,CC1=CC=NO1,CC(C)(C)/N=C(N(C)C)/N(C)C,ClC1=CC=C(CC)C=C1,3.045865819
37c90bb46f0c883e,FullCV_01,1840,CC(C)C(C=C(C(C)C)C=C1C(C)C)=C1C2=C(P(C(C)(C)C)C(C)(C)C)C=CC=C2,COC1=NOC(C(OCC)=O)=C1,CN1CCCN2C1=NCCC2,IC1=CN=CC=C1,79.64252926
cf6caf807ad7598c,FullCV_01,1841,CC(C)C(C=C(C(C)C)C=C1C(C)C)=C1C2=C(P(C3CCCCC3)C4CCCCC4)C=CC=C2,CC1=NOC(C(OCC)=O)=C1,CN(C)P(N(C)C)(N(C)C)=NP(N(C)C)(N(C)C)=NCC,BrC1=CC=C(CC)C=C1,59.0196812
cdd54ff69265db3f,FullCV_01,1842,CC(C)C(C=C(C(C)C)C=C1C(C)C)=C1C2=C(P([C@@]3(C[C@@H]4C5)C[C@H](C4)C[C@H]5C3)[C@]6(C7)C[C@@H](C[C@@H]7C8)C[C@@H]8C6)C(OC)=CC=C2OC,C12=CON=C1C=CC=C2,CN1CCCN2C1=NCCC2,IC1=CN=CC=C1,47.30915738
89f4c45fd225e2c5,FullCV_01,1843,CC(C)C(C=C(C(C)C)C=C1C(C)C)=C1C2=C(P(C3CCCCC3)C4CCCCC4)C=CC=C2,CC1=NOC(C2=CC=CC=C2)=C1,CC(C)(C)/N=C(N(C)C)/N(C)C,ClC1=CN=CC=C1,8.748271213
6450bf2adf5df5aa,FullCV_01,1844,CC(C)C(C=C(C(C)C)C=C1C(C)C)=C1C2=C(P(C(C)(C)C)C(C)(C)C)C=CC=C2,CC1=CC(C)=NO1,CC(C)(C)/N=C(N(C)C)/N(C)C,BrC1=NC=CC=C1,65.93366748
5279a460a9bccfc2,FullCV_01,1845,CC(C)C(C=C(C(C)C)C=C1C(C)C)=C1C2=C(P(C(C)(C)C)C(C)(C)C)C(OC)=CC=C2OC,CC1=CC(C)=NO1,CC(C)(C)/N=C(N(C)C)/N(C)C,ClC1=CC=C(C(F)(F)F)C=C1,16.06858475
f9cdc28ce207377b,FullCV_01,1846,CC(C)C(C=C(C(C)C)C=C1C(C)C)=C1C2=C(P(C(C)(C)C)C(C)(C)C)C(OC)=CC=C2OC,CCOC(C1=CON=C1)=O,CN(C)P(N(C)C)(N(C)C)=NP(N(C)C)(N(C)C)=NCC,IC1=CC=C(CC)C=C1,10.04227922
12b15a8b65fc8321,FullCV_01,1847,CC(C)C(C=C(C(C)C)C=C1C(C)C)=C1C2=C(P(C(C)(C)C)C(C)(C)C)C(OC)=CC=C2OC,CCOC(C1=CON=C1)=O,CC(C)(C)/N=C(N(C)C)/N(C)C,IC1=NC=CC=C1,2.633148758
0ba96c9c1c9f232d,FullCV_01,1848,CC(C)C(C=C(C(C)C)C=C1C(C)C)=C1C2=C(P([C@@]3(C[C@@H]4C5)C[C@H](C4)C[C@H]5C3)[C@]6(C7)C[C@@H](C[C@@H]7C8)C[C@@H]8C6)C(OC)=CC=C2OC,C1(C2=CC=CC=C2)=NOC=C1,CC(C)(C)/N=C(N(C)C)/N(C)C,IC1=CC=C(CC)C=C1,78.46972259
20b1f89e6242a2b8,FullCV_01,1849,CC(C)C(C=C(C(C)C)C=C1C(C)C)=C1C2=C(P(C(C)(C)C)C(C)(C)C)C=CC=C2,CCOC(C1=CON=C1)=O,CN1CCCN2C1=NCCC2,BrC1=CC=C(CC)C=C1,28.13311375
b0318dda905f1d0a,FullCV_01,1850,CC(C)C(C=C(C(C)C)C=C1C(C)C)=C1C2=C(P(C(C)(C)C)C(C)(C)C)C(OC)=CC=C2OC,CCOC(C1=NOC=C1)=O,CN(C)P(N(C)C)(N(C)C)=NP(N(C)C)(N(C)C)=NCC,IC1=CC=C(CC)C=C1,10.37235966
6d526a5c80b3339d,FullCV_01,1851,CC(C)C(C=C(C(C)C)C=C1C(C)C)=C1C2=C(P(C3CCCCC3)C4CCCCC4)C=CC=C2,C1(C2=CC=CC=C2)=NOC=C1,CN(C)P(N(C)C)(N(C)C)=NP(N(C)C)(N(C)C)=NCC,BrC1=CC=C(OC)C=C1,11.1309805
f8f0e09cd7b09af8,FullCV_01,1852,CC(C)C(C=C(C(C)C)C=C1C(C)C)=C1C2=C(P([C@@]3(C[C@@H]4C5)C[C@H](C4)C[C@H]5C3)[C@]6(C7)C[C@@H](C[C@@H]7C8)C[C@@H]8C6)C(OC)=CC=C2OC,CCOC(C1=CON=C1)=O,CN(C)P(N(C)C)(N(C)C)=NP(N(C)C)(N(C)C)=NCC,IC1=NC=CC=C1,6.151237345
aa54521fe3f3e426,FullCV_01,1853,CC(C)C(C=C(C(C)C)C=C1C(C)C)=C1C2=C(P(C(C)(C)C)C(C)(C)C)C=CC=C2,CC1=CC(C(OCC)=O)=NO1,CC(C)(C)/N=C(N(C)C)/N(C)C,BrC1=CC=C(CC)C=C1,72.63770939
66bafca76d3d1718,FullCV_01,1854,CC(C)C(C=C(C(C)C)C=C1C(C)C)=C1C2=C(P(C(C)(C)C)C(C)(C)C)C=CC=C2,CC1=CC=NO1,CC(C)(C)/N=C(N(C)C)/N(C)C,ClC1=CC=C(OC)C=C1,0.321740184
c9c038f90e58330a,FullCV_01,1855,CC(C)C(C=C(C(C)C)C=C1C(C)C)=C1C2=C(P(C3CCCCC3)C4CCCCC4)C=CC=C2,C1(C2=CC=CC=C2)=CC=NO1,CN1CCCN2C1=NCCC2,ClC1=NC=CC=C1,23.68617418
db8dd8b9e362eec8,FullCV_01,1856,CC(C)C(C=C(C(C)C)C=C1C(C)C)=C1C2=C(P(C(C)(C)C)C(C)(C)C)C(OC)=CC=C2OC,C1(N(CC2=CC=CC=C2)CC3=CC=CC=C3)=CC=NO1,CC(C)(C)/N=C(N(C)C)/N(C)C,BrC1=CC=C(CC)C=C1,40.61436819
e4115bd46c096ece,FullCV_01,1857,CC(C)C(C=C(C(C)C)C=C1C(C)C)=C1C2=C(P(C3CCCCC3)C4CCCCC4)C=CC=C2,CCOC(C1=CON=C1)=O,CN(C)P(N(C)C)(N(C)C)=NP(N(C)C)(N(C)C)=NCC,IC1=CN=CC=C1,0.0
fcff769bfcefaae7,FullCV_01,1858,CC(C)C(C=C(C(C)C)C=C1C(C)C)=C1C2=C(P(C(C)(C)C)C(C)(C)C)C(OC)=CC=C2OC,C1(N(CC2=CC=CC=C2)CC3=CC=CC=C3)=CC=NO1,CC(C)(C)/N=C(N(C)C)/N(C)C,IC1=CC=C(OC)C=C1,57.7087314
ee629acef577520b,FullCV_01,1859,CC(C)C(C=C(C(C)C)C=C1C(C)C)=C1C2=C(P(C(C)(C)C)C(C)(C)C)C(OC)=CC=C2OC,CC1=CC(C)=NO1,CC(C)(C)/N=C(N(C)C)/N(C)C,ClC1=NC=CC=C1,57.83107149
6c3e672a42024b58,FullCV_01,1860,CC(C)C(C=C(C(C)C)C=C1C(C)C)=C1C2=C(P(C(C)(C)C)C(C)(C)C)C(OC)=CC=C2OC,C12=C(C=CC=C2)ON=C1,CN(C)P(N(C)C)(N(C)C)=NP(N(C)C)(N(C)C)=NCC,BrC1=CC=C(C(F)(F)F)C=C1,30.61272696
dc391abe7e180042,FullCV_01,1861,CC(C)C(C=C(C(C)C)C=C1C(C)C)=C1C2=C(P(C3CCCCC3)C4CCCCC4)C=CC=C2,CC1=NOC(C2=CC=CC=C2)=C1,CN1CCCN2C1=NCCC2,ClC1=CN=CC=C1,5.005508734
fc7b8a192205413f,FullCV_01,1862,CC(C)C(C=C(C(C)C)C=C1C(C)C)=C1C2=C(P(C(C)(C)C)C(C)(C)C)C(OC)=CC=C2OC,CC1=NOC=C1,CN1CCCN2C1=NCCC2,BrC1=CC=C(C(F)(F)F)C=C1,49.51819322
180fe36c52f14747,FullCV_01,1863,CC(C)C(C=C(C(C)C)C=C1C(C)C)=C1C2=C(P([C@@]3(C[C@@H]4C5)C[C@H](C4)C[C@H]5C3)[C@]6(C7)C[C@@H](C[C@@H]7C8)C[C@@H]8C6)C(OC)=CC=C2OC,CC1=CC(N2C=CC=C2)=NO1,CN(C)P(N(C)C)(N(C)C)=NP(N(C)C)(N(C)C)=NCC,ClC1=CC=C(C(F)(F)F)C=C1,6.112603375
77aad052bc29d33d,FullCV_01,1864,CC(C)C(C=C(C(C)C)C=C1C(C)C)=C1C2=C(P(C3CCCCC3)C4CCCCC4)C=CC=C2,C12=CON=C1C=CC=C2,CN(C)P(N(C)C)(N(C)C)=NP(N(C)C)(N(C)C)=NCC,ClC1=CC=C(C(F)(F)F)C=C1,1.25144582
3291317b6edab21f,FullCV_01,1865,CC(C)C(C=C(C(C)C)C=C1C(C)C)=C1C2=C(P([C@@]3(C[C@@H]4C5)C[C@H](C4)C[C@H]5C3)[C@]6(C7)C[C@@H](C[C@@H]7C8)C[C@@H]8C6)C(OC)=CC=C2OC,O=C(OC)C1=NOC(C2=CC=CO2)=C1,CC(C)(C)/N=C(N(C)C)/N(C)C,BrC1=CC=C(OC)C=C1,20.89901676
7cdc625aeb443a83,FullCV_01,1866,CC(C)C(C=C(C(C)C)C=C1C(C)C)=C1C2=C(P([C@@]3(C[C@@H]4C5)C[C@H](C4)C[C@H]5C3)[C@]6(C7)C[C@@H](C[C@@H]7C8)C[C@@H]8C6)C(OC)=CC=C2OC,CC1=CC(N2C=CC=C2)=NO1,CN(C)P(N(C)C)(N(C)C)=NP(N(C)C)(N(C)C)=NCC,ClC1=NC=CC=C1,74.20453315
40b0f469288e3156,FullCV_01,1867,CC(C)C(C=C(C(C)C)C=C1C(C)C)=C1C2=C(P(C(C)(C)C)C(C)(C)C)C=CC=C2,C12=C(C=CC=C2)ON=C1,CC(C)(C)/N=C(N(C)C)/N(C)C,BrC1=CC=C(C(F)(F)F)C=C1,28.59018557
cdb6ec6beda4b2d8,FullCV_01,1868,CC(C)C(C=C(C(C)C)C=C1C(C)C)=C1C2=C(P(C(C)(C)C)C(C)(C)C)C=CC=C2,C1(N(CC2=CC=CC=C2)CC3=CC=CC=C3)=CC=NO1,CN(C)P(N(C)C)(N(C)C)=NP(N(C)C)(N(C)C)=NCC,BrC1=CC=C(CC)C=C1,16.8324099
5920bd2b6bfb4acc,FullCV_01,1869,CC(C)C(C=C(C(C)C)C=C1C(C)C)=C1C2=C(P(C3CCCCC3)C4CCCCC4)C=CC=C2,COC1=NOC(C(OCC)=O)=C1,CC(C)(C)/N=C(N(C)C)/N(C)C,ClC1=CC=C(CC)C=C1,1.188847918
35d179ff5ad1a7bc,FullCV_01,1870,CC(C)C(C=C(C(C)C)C=C1C(C)C)=C1C2=C(P(C3CCCCC3)C4CCCCC4)C=CC=C2,COC1=NOC(C(OCC)=O)=C1,CN1CCCN2C1=NCCC2,IC1=CC=C(OC)C=C1,20.18480169
d024bb45fcf04617,FullCV_01,1871,CC(C)C(C=C(C(C)C)C=C1C(C)C)=C1C2=C(P(C3CCCCC3)C4CCCCC4)C=CC=C2,CC1=NOC(C(OCC)=O)=C1,CC(C)(C)/N=C(N(C)C)/N(C)C,ClC1=CC=C(C(F)(F)F)C=C1,5.008760546
01dac113b1eb2d20,FullCV_01,1872,CC(C)C(C=C(C(C)C)C=C1C(C)C)=C1C2=C(P(C(C)(C)C)C(C)(C)C)C=CC=C2,C12=CON=C1C=CC=C2,CN1CCCN2C1=NCCC2,BrC1=CC=C(OC)C=C1,13.87014343
1981f295e5c3cbcf,FullCV_01,1873,CC(C)C(C=C(C(C)C)C=C1C(C)C)=C1C2=C(P(C(C)(C)C)C(C)(C)C)C(OC)=CC=C2OC,C1(N(CC2=CC=CC=C2)CC3=CC=CC=C3)=NOC=C1,CN1CCCN2C1=NCCC2,ClC1=CC=C(C(F)(F)F)C=C1,29.60669897
87a141f5d5832a96,FullCV_01,1874,CC(C)C(C=C(C(C)C)C=C1C(C)C)=C1C2=C(P([C@@]3(C[C@@H]4C5)C[C@H](C4)C[C@H]5C3)[C@]6(C7)C[C@@H](C[C@@H]7C8)C[C@@H]8C6)C(OC)=CC=C2OC,C1(C2=CC=CC=C2)=CC=NO1,CN(C)P(N(C)C)(N(C)C)=NP(N(C)C)(N(C)C)=NCC,IC1=CC=C(CC)C=C1,25.2527032
3eef158757fc1964,FullCV_01,1875,CC(C)C(C=C(C(C)C)C=C1C(C)C)=C1C2=C(P(C(C)(C)C)C(C)(C)C)C=CC=C2,C1(N(CC2=CC=CC=C2)CC3=CC=CC=C3)=NOC=C1,CC(C)(C)/N=C(N(C)C)/N(C)C,ClC1=CC=C(CC)C=C1,5.06261629
7fc0fd960e269698,FullCV_01,1876,CC(C)C(C=C(C(C)C)C=C1C(C)C)=C1C2=C(P(C(C)(C)C)C(C)(C)C)C=CC=C2,O=C(OC)C1=NOC(C2=CC=CO2)=C1,CC(C)(C)/N=C(N(C)C)/N(C)C,BrC1=CC=C(OC)C=C1,38.66523027
9b6a751c66cf5404,FullCV_01,1877,CC(C)C(C=C(C(C)C)C=C1C(C)C)=C1C2=C(P(C(C)(C)C)C(C)(C)C)C(OC)=CC=C2OC,C1(C2=CC=CC=C2)=NOC=C1,CN1CCCN2C1=NCCC2,IC1=CC=C(OC)C=C1,44.26066466
78edd1a7a5a807ad,FullCV_01,1878,CC(C)C(C=C(C(C)C)C=C1C(C)C)=C1C2=C(P(C(C)(C)C)C(C)(C)C)C=CC=C2,O=C(OC)C1=NOC(C2=CC=CS2)=C1,CC(C)(C)/N=C(N(C)C)/N(C)C,ClC1=CC=C(CC)C=C1,0.83326199
66d7d76a1c5bc06b,FullCV_01,1879,CC(C)C(C=C(C(C)C)C=C1C(C)C)=C1C2=C(P(C3CCCCC3)C4CCCCC4)C=CC=C2,C1(N(CC2=CC=CC=C2)CC3=CC=CC=C3)=NOC=C1,CC(C)(C)/N=C(N(C)C)/N(C)C,IC1=CC=C(CC)C=C1,29.29928272
a46ffdd9646808e1,FullCV_01,1880,CC(C)C(C=C(C(C)C)C=C1C(C)C)=C1C2=C(P(C(C)(C)C)C(C)(C)C)C=CC=C2,CCOC(C1=CON=C1)=O,CC(C)(C)/N=C(N(C)C)/N(C)C,BrC1=CC=C(CC)C=C1,2.39251025
118839c20c195487,FullCV_01,1881,CC(C)C(C=C(C(C)C)C=C1C(C)C)=C1C2=C(P([C@@]3(C[C@@H]4C5)C[C@H](C4)C[C@H]5C3)[C@]6(C7)C[C@@H](C[C@@H]7C8)C[C@@H]8C6)C(OC)=CC=C2OC,CC1=NOC=C1,CC(C)(C)/N=C(N(C)C)/N(C)C,BrC1=CC=C(CC)C=C1,72.1822742
31b49030098cea01,FullCV_01,1882,CC(C)C(C=C(C(C)C)C=C1C(C)C)=C1C2=C(P(C3CCCCC3)C4CCCCC4)C=CC=C2,O=C(OC)C1=NOC(C2=CC=CS2)=C1,CC(C)(C)/N=C(N(C)C)/N(C)C,BrC1=CC=C(C(F)(F)F)C=C1,26.29886063
950ff088ff06b306,FullCV_01,1883,CC(C)C(C=C(C(C)C)C=C1C(C)C)=C1C2=C(P(C(C)(C)C)C(C)(C)C)C=CC=C2,C1(C2=CC=CC=C2)=CON=C1,CN(C)P(N(C)C)(N(C)C)=NP(N(C)C)(N(C)C)=NCC,IC1=CC=C(CC)C=C1,27.04861196
efbb0dc5f8879bd4,FullCV_01,1884,CC(C)C(C=C(C(C)C)C=C1C(C)C)=C1C2=C(P(C3CCCCC3)C4CCCCC4)C=CC=C2,C1(N(CC2=CC=CC=C2)CC3=CC=CC=C3)=NOC=C1,CN(C)P(N(C)C)(N(C)C)=NP(N(C)C)(N(C)C)=NCC,ClC1=NC=CC=C1,16.47592229
67739cec4c117e89,FullCV_01,1885,CC(C)C(C=C(C(C)C)C=C1C(C)C)=C1C2=C(P(C(C)(C)C)C(C)(C)C)C=CC=C2,O=C(OC)C1=NOC(C2=CC=CS2)=C1,CN1CCCN2C1=NCCC2,IC1=CC=C(CC)C=C1,71.48272249
4b102c16b94663b0,FullCV_01,1886,CC(C)C(C=C(C(C)C)C=C1C(C)C)=C1C2=C(P(C(C)(C)C)C(C)(C)C)C(OC)=CC=C2OC,CC1=CC(N2C=CC=C2)=NO1,CN(C)P(N(C)C)(N(C)C)=NP(N(C)C)(N(C)C)=NCC,ClC1=CN=CC=C1,3.724806832
9dbb39c682943a94,FullCV_01,1887,CC(C)C(C=C(C(C)C)C=C1C(C)C)=C1C2=C(P(C3CCCCC3)C4CCCCC4)C=CC=C2,COC1=NOC(C(OCC)=O)=C1,CC(C)(C)/N=C(N(C)C)/N(C)C,BrC1=NC=CC=C1,45.54864618
756a192b1d299902,FullCV_01,1888,CC(C)C(C=C(C(C)C)C=C1C(C)C)=C1C2=C(P(C3CCCCC3)C4CCCCC4)C=CC=C2,CCOC(C1=NOC=C1)=O,CN1CCCN2C1=NCCC2,BrC1=CC=C(OC)C=C1,6.408110436
6249b051c1346f74,FullCV_01,1889,CC(C)C(C=C(C(C)C)C=C1C(C)C)=C1C2=C(P(C(C)(C)C)C(C)(C)C)C(OC)=CC=C2OC,C12=C(C=CC=C2)ON=C1,CN1CCCN2C1=NCCC2,BrC1=CC=C(OC)C=C1,29.57593303
db090d28d7af6e85,FullCV_01,1890,CC(C)C(C=C(C(C)C)C=C1C(C)C)=C1C2=C(P(C(C)(C)C)C(C)(C)C)C(OC)=CC=C2OC,CC1=NOC(C(OCC)=O)=C1,CN(C)P(N(C)C)(N(C)C)=NP(N(C)C)(N(C)C)=NCC,IC1=CC=C(OC)C=C1,42.27311559
cfb211b8d110e0f6,FullCV_01,1891,CC(C)C(C=C(C(C)C)C=C1C(C)C)=C1C2=C(P(C(C)(C)C)C(C)(C)C)C(OC)=CC=C2OC,O=C(OC)C1=NOC(C2=CC=CS2)=C1,CC(C)(C)/N=C(N(C)C)/N(C)C,ClC1=CC=C(OC)C=C1,0.0
febfb97df0804fd5,FullCV_01,1892,CC(C)C(C=C(C(C)C)C=C1C(C)C)=C1C2=C(P(C3CCCCC3)C4CCCCC4)C=CC=C2,CC1=NOC=C1,CC(C)(C)/N=C(N(C)C)/N(C)C,BrC1=NC=CC=C1,59.13712916
62fc48397a6435d1,FullCV_01,1893,CC(C)C(C=C(C(C)C)C=C1C(C)C)=C1C2=C(P([C@@]3(C[C@@H]4C5)C[C@H](C4)C[C@H]5C3)[C@]6(C7)C[C@@H](C[C@@H]7C8)C[C@@H]8C6)C(OC)=CC=C2OC,CC1=NOC(C2=CC=CC=C2)=C1,CC(C)(C)/N=C(N(C)C)/N(C)C,IC1=CC=C(C(F)(F)F)C=C1,39.12761896
d16e6c2c4257eb83,FullCV_01,1894,CC(C)C(C=C(C(C)C)C=C1C(C)C)=C1C2=C(P(C(C)(C)C)C(C)(C)C)C(OC)=CC=C2OC,CC1=CC(C(OCC)=O)=NO1,CN(C)P(N(C)C)(N(C)C)=NP(N(C)C)(N(C)C)=NCC,BrC1=CN=CC=C1,40.87667176
22fd1a61c6ebad5b,FullCV_01,1895,CC(C)C(C=C(C(C)C)C=C1C(C)C)=C1C2=C(P(C(C)(C)C)C(C)(C)C)C=CC=C2,CC1=NOC(C2=CC=CC=C2)=C1,CN(C)P(N(C)C)(N(C)C)=NP(N(C)C)(N(C)C)=NCC,IC1=CC=C(C(F)(F)F)C=C1,38.41251828
5438d762b78e1a46,FullCV_01,1896,CC(C)C(C=C(C(C)C)C=C1C(C)C)=C1C2=C(P(C3CCCCC3)C4CCCCC4)C=CC=C2,FC(C=CC=C1F)=C1C2=CC=NO2,CC(C)(C)/N=C(N(C)C)/N(C)C,IC1=CC=C(OC)C=C1,4.296191189
f64d71f84e70871d,FullCV_01,1897,CC(C)C(C=C(C(C)C)C=C1C(C)C)=C1C2=C(P(C(C)(C)C)C(C)(C)C)C(OC)=CC=C2OC,C1(C2=CC=CC=C2)=NOC=C1,CN(C)P(N(C)C)(N(C)C)=NP(N(C)C)(N(C)C)=NCC,IC1=CN=CC=C1,4.592618792
c034496d225ae19c,FullCV_01,1898,CC(C)C(C=C(C(C)C)C=C1C(C)C)=C1C2=C(P([C@@]3(C[C@@H]4C5)C[C@H](C4)C[C@H]5C3)[C@]6(C7)C[C@@H](C[C@@H]7C8)C[C@@H]8C6)C(OC)=CC=C2OC,COC1=NOC(C(OCC)=O)=C1,CN(C)P(N(C)C)(N(C)C)=NP(N(C)C)(N(C)C)=NCC,BrC1=NC=CC=C1,77.51023369
a870e4c57bc6f3d9,FullCV_01,1899,CC(C)C(C=C(C(C)C)C=C1C(C)C)=C1C2=C(P(C3CCCCC3)C4CCCCC4)C=CC=C2,O=C(OC)C1=NOC(C2=CC=CO2)=C1,CC(C)(C)/N=C(N(C)C)/N(C)C,IC1=CC=C(OC)C=C1,8.430071853
83e07f55bbb7b7f3,FullCV_01,1900,CC(C)C(C=C(C(C)C)C=C1C(C)C)=C1C2=C(P(C(C)(C)C)C(C)(C)C)C(OC)=CC=C2OC,C1(N(CC2=CC=CC=C2)CC3=CC=CC=C3)=NOC=C1,CN(C)P(N(C)C)(N(C)C)=NP(N(C)C)(N(C)C)=NCC,IC1=CN=CC=C1,54.37431586
04ed948c20849f11,FullCV_01,1901,CC(C)C(C=C(C(C)C)C=C1C(C)C)=C1C2=C(P(C(C)(C)C)C(C)(C)C)C=CC=C2,O=C(OC)C1=NOC(C2=CC=CS2)=C1,CN1CCCN2C1=NCCC2,IC1=CC=C(OC)C=C1,42.67624543
bbc09686de3e2c1a,FullCV_01,1902,CC(C)C(C=C(C(C)C)C=C1C(C)C)=C1C2=C(P(C(C)(C)C)C(C)(C)C)C(OC)=CC=C2OC,C12=C(C=CC=C2)ON=C1,CN1CCCN2C1=NCCC2,BrC1=CC=C(CC)C=C1,65.066599
9ab2bd49d0224148,FullCV_01,1903,CC(C)C(C=C(C(C)C)C=C1C(C)C)=C1C2=C(P(C3CCCCC3)C4CCCCC4)C=CC=C2,CC1=CC(N2C=CC=C2)=NO1,CN1CCCN2C1=NCCC2,BrC1=NC=CC=C1,52.36462009
2818b3f8a05fb753,FullCV_01,1904,CC(C)C(C=C(C(C)C)C=C1C(C)C)=C1C2=C(P(C3CCCCC3)C4CCCCC4)C=CC=C2,O=C(OC)C1=NOC(C2=CC=CS2)=C1,CC(C)(C)/N=C(N(C)C)/N(C)C,BrC1=CC=C(OC)C=C1,6.730455291
8bbd8300f0402af6,FullCV_01,1905,CC(C)C(C=C(C(C)C)C=C1C(C)C)=C1C2=C(P(C(C)(C)C)C(C)(C)C)C=CC=C2,CC1=NOC(C(OCC)=O)=C1,CN(C)P(N(C)C)(N(C)C)=NP(N(C)C)(N(C)C)=NCC,ClC1=NC=CC=C1,65.93988128
7e714e1c5e95343a,FullCV_01,1906,CC(C)C(C=C(C(C)C)C=C1C(C)C)=C1C2=C(P(C3CCCCC3)C4CCCCC4)C=CC=C2,C1(C2=CC=CC=C2)=NOC=C1,CN(C)P(N(C)C)(N(C)C)=NP(N(C)C)(N(C)C)=NCC,IC1=CC=C(OC)C=C1,14.36693621
cfa6c8d7d7e31b2b,FullCV_01,1907,CC(C)C(C=C(C(C)C)C=C1C(C)C)=C1C2=C(P(C(C)(C)C)C(C)(C)C)C=CC=C2,CC1=C(C(OCC)=O)C=NO1,CC(C)(C)/N=C(N(C)C)/N(C)C,IC1=CC=C(OC)C=C1,25.46788478
23df823a34576857,FullCV_01,1908,CC(C)C(C=C(C(C)C)C=C1C(C)C)=C1C2=C(P([C@@]3(C[C@@H]4C5)C[C@H](C4)C[C@H]5C3)[C@]6(C7)C[C@@H](C[C@@H]7C8)C[C@@H]8C6)C(OC)=CC=C2OC,C1(N(CC2=CC=CC=C2)CC3=CC=CC=C3)=CC=NO1,CN(C)P(N(C)C)(N(C)C)=NP(N(C)C)(N(C)C)=NCC,IC1=NC=CC=C1,42.69698784
6ac4a609a3af6def,FullCV_01,1909,CC(C)C(C=C(C(C)C)C=C1C(C)C)=C1C2=C(P(C(C)(C)C)C(C)(C)C)C(OC)=CC=C2OC,C1(N(CC2=CC=CC=C2)CC3=CC=CC=C3)=NOC=C1,CC(C)(C)/N=C(N(C)C)/N(C)C,ClC1=CC=C(CC)C=C1,7.74850436
047cefdba55b5ca5,FullCV_01,1910,CC(C)C(C=C(C(C)C)C=C1C(C)C)=C1C2=C(P(C(C)(C)C)C(C)(C)C)C=CC=C2,C1(C2=CC=CC=C2)=NOC=C1,CN1CCCN2C1=NCCC2,ClC1=CC=C(CC)C=C1,6.591475121
ebc1c531a74db4eb,FullCV_01,1911,CC(C)C(C=C(C(C)C)C=C1C(C)C)=C1C2=C(P([C@@]3(C[C@@H]4C5)C[C@H](C4)C[C@H]5C3)[C@]6(C7)C[C@@H](C[C@@H]7C8)C[C@@H]8C6)C(OC)=CC=C2OC,CCOC(C1=CON=C1)=O,CC(C)(C)/N=C(N(C)C)/N(C)C,ClC1=CC=C(C(F)(F)F)C=C1,0.0
e5da1304879b58a2,FullCV_01,1912,CC(C)C(C=C(C(C)C)C=C1C(C)C)=C1C2=C(P(C3CCCCC3)C4CCCCC4)C=CC=C2,CCOC(C1=NOC=C1)=O,CN(C)P(N(C)C)(N(C)C)=NP(N(C)C)(N(C)C)=NCC,BrC1=NC=CC=C1,0.0
10f1869efb270265,FullCV_01,1913,CC(C)C(C=C(C(C)C)C=C1C(C)C)=C1C2=C(P(C3CCCCC3)C4CCCCC4)C=CC=C2,CC1=NOC(C2=CC=CC=C2)=C1,CC(C)(C)/N=C(N(C)C)/N(C)C,IC1=CC=C(OC)C=C1,17.72318391
cd0f00ec9c995dd5,FullCV_01,1914,CC(C)C(C=C(C(C)C)C=C1C(C)C)=C1C2=C(P(C(C)(C)C)C(C)(C)C)C(OC)=CC=C2OC,CC1=NOC(C(OCC)=O)=C1,CN1CCCN2C1=NCCC2,BrC1=CN=CC=C1,89.32288292
f9e3a8e31cc67c54,FullCV_01,1915,CC(C)C(C=C(C(C)C)C=C1C(C)C)=C1C2=C(P(C(C)(C)C)C(C)(C)C)C=CC=C2,CC1=NOC(C2=CC=CC=C2)=C1,CC(C)(C)/N=C(N(C)C)/N(C)C,ClC1=NC=CC=C1,66.11270607
fb3345f981387bf8,FullCV_01,1916,CC(C)C(C=C(C(C)C)C=C1C(C)C)=C1C2=C(P(C3CCCCC3)C4CCCCC4)C=CC=C2,CC1=CC=NO1,CN1CCCN2C1=NCCC2,ClC1=CC=C(OC)C=C1,0.275668441
2a7b492b5ab3fa34,FullCV_01,1917,CC(C)C(C=C(C(C)C)C=C1C(C)C)=C1C2=C(P(C(C)(C)C)C(C)(C)C)C(OC)=CC=C2OC,C1(C2=CC=CC=C2)=NOC=C1,CN1CCCN2C1=NCCC2,IC1=NC=CC=C1,92.35381549
abaf69907fa73ac3,FullCV_01,1918,CC(C)C(C=C(C(C)C)C=C1C(C)C)=C1C2=C(P(C3CCCCC3)C4CCCCC4)C=CC=C2,CC1=C(C(OCC)=O)C=NO1,CN(C)P(N(C)C)(N(C)C)=NP(N(C)C)(N(C)C)=NCC,IC1=CC=C(C(F)(F)F)C=C1,14.02259716
9d186c588e35c51d,FullCV_01,1919,CC(C)C(C=C(C(C)C)C=C1C(C)C)=C1C2=C(P([C@@]3(C[C@@H]4C5)C[C@H](C4)C[C@H]5C3)[C@]6(C7)C[C@@H](C[C@@H]7C8)C[C@@H]8C6)C(OC)=CC=C2OC,C1(C2=CC=CC=C2)=NOC=C1,CC(C)(C)/N=C(N(C)C)/N(C)C,ClC1=CC=C(OC)C=C1,0.85894734
b6203cb727656605,FullCV_01,1920,CC(C)C(C=C(C(C)C)C=C1C(C)C)=C1C2=C(P([C@@]3(C[C@@H]4C5)C[C@H](C4)C[C@H]5C3)[C@]6(C7)C[C@@H](C[C@@H]7C8)C[C@@H]8C6)C(OC)=CC=C2OC,O=C(OC)C1=CC=NO1,CN1CCCN2C1=NCCC2,BrC1=CN=CC=C1,36.03481726
3c2c96ff53ce04c5,FullCV_01,1921,CC(C)C(C=C(C(C)C)C=C1C(C)C)=C1C2=C(P([C@@]3(C[C@@H]4C5)C[C@H](C4)C[C@H]5C3)[C@]6(C7)C[C@@H](C[C@@H]7C8)C[C@@H]8C6)C(OC)=CC=C2OC,O=C(OC)C1=CC=NO1,CC(C)(C)/N=C(N(C)C)/N(C)C,BrC1=CC=C(CC)C=C1,5.605744575
a9ba535b557f7424,FullCV_01,1922,CC(C)C(C=C(C(C)C)C=C1C(C)C)=C1C2=C(P([C@@]3(C[C@@H]4C5)C[C@H](C4)C[C@H]5C3)[C@]6(C7)C[C@@H](C[C@@H]7C8)C[C@@H]8C6)C(OC)=CC=C2OC,CCOC(C1=CON=C1)=O,CC(C)(C)/N=C(N(C)C)/N(C)C,BrC1=CN=CC=C1,0.0
050f7b395d8dff84,FullCV_01,1923,CC(C)C(C=C(C(C)C)C=C1C(C)C)=C1C2=C(P([C@@]3(C[C@@H]4C5)C[C@H](C4)C[C@H]5C3)[C@]6(C7)C[C@@H](C[C@@H]7C8)C[C@@H]8C6)C(OC)=CC=C2OC,CC1=C(C(OCC)=O)C=NO1,CN(C)P(N(C)C)(N(C)C)=NP(N(C)C)(N(C)C)=NCC,IC1=NC=CC=C1,23.02454867
f7ea8246228026f4,FullCV_01,1924,CC(C)C(C=C(C(C)C)C=C1C(C)C)=C1C2=C(P(C(C)(C)C)C(C)(C)C)C(OC)=CC=C2OC,CC1=NOC=C1,CN1CCCN2C1=NCCC2,IC1=CC=C(C(F)(F)F)C=C1,47.67937659
e9cacce576c8cb4c,FullCV_01,1925,CC(C)C(C=C(C(C)C)C=C1C(C)C)=C1C2=C(P(C3CCCCC3)C4CCCCC4)C=CC=C2,CC1=CC(N2C=CC=C2)=NO1,CN1CCCN2C1=NCCC2,IC1=NC=CC=C1,62.64059826
0990e3c11823fd83,FullCV_01,1926,CC(C)C(C=C(C(C)C)C=C1C(C)C)=C1C2=C(P(C(C)(C)C)C(C)(C)C)C(OC)=CC=C2OC,CC1=CC(C)=NO1,CN1CCCN2C1=NCCC2,BrC1=CC=C(C(F)(F)F)C=C1,33.56777138
6b5b1bd670326732,FullCV_01,1927,CC(C)C(C=C(C(C)C)C=C1C(C)C)=C1C2=C(P(C3CCCCC3)C4CCCCC4)C=CC=C2,CC1=CC=NO1,CN(C)P(N(C)C)(N(C)C)=NP(N(C)C)(N(C)C)=NCC,IC1=CC=C(C(F)(F)F)C=C1,16.16257939
a195bf1bf781c0b2,FullCV_01,1928,CC(C)C(C=C(C(C)C)C=C1C(C)C)=C1C2=C(P(C(C)(C)C)C(C)(C)C)C=CC=C2,CCOC(C1=CON=C1)=O,CN(C)P(N(C)C)(N(C)C)=NP(N(C)C)(N(C)C)=NCC,IC1=CC=C(CC)C=C1,8.36792795
5c81d292cdddb081,FullCV_01,1929,CC(C)C(C=C(C(C)C)C=C1C(C)C)=C1C2=C(P(C(C)(C)C)C(C)(C)C)C(OC)=CC=C2OC,CC1=NOC(C(OCC)=O)=C1,CN1CCCN2C1=NCCC2,IC1=CC=C(OC)C=C1,45.97105208
0f1d6976be1d8a03,FullCV_01,1930,CC(C)C(C=C(C(C)C)C=C1C(C)C)=C1C2=C(P(C(C)(C)C)C(C)(C)C)C(OC)=CC=C2OC,C1(N(CC2=CC=CC=C2)CC3=CC=CC=C3)=CC=NO1,CN1CCCN2C1=NCCC2,ClC1=CC=C(OC)C=C1,0.0
3253ee6bd84d9628,FullCV_01,1931,CC(C)C(C=C(C(C)C)C=C1C(C)C)=C1C2=C(P([C@@]3(C[C@@H]4C5)C[C@H](C4)C[C@H]5C3)[C@]6(C7)C[C@@H](C[C@@H]7C8)C[C@@H]8C6)C(OC)=CC=C2OC,C1(C2=CC=CC=C2)=CC=NO1,CC(C)(C)/N=C(N(C)C)/N(C)C,BrC1=NC=CC=C1,39.09372544
67218cacbd7406b9,FullCV_01,1932,CC(C)C(C=C(C(C)C)C=C1C(C)C)=C1C2=C(P(C(C)(C)C)C(C)(C)C)C=CC=C2,CC1=CC(C)=NO1,CN1CCCN2C1=NCCC2,BrC1=NC=CC=C1,80.02551627
e812c8cca5dcddff,FullCV_01,1933,CC(C)C(C=C(C(C)C)C=C1C(C)C)=C1C2=C(P(C(C)(C)C)C(C)(C)C)C=CC=C2,CC1=NOC(C2=CC=CC=C2)=C1,CN1CCCN2C1=NCCC2,IC1=CC=C(C(F)(F)F)C=C1,42.25144884
f4348382c5b67555,FullCV_01,1934,CC(C)C(C=C(C(C)C)C=C1C(C)C)=C1C2=C(P(C(C)(C)C)C(C)(C)C)C(OC)=CC=C2OC,CCOC(C1=NOC=C1)=O,CC(C)(C)/N=C(N(C)C)/N(C)C,ClC1=NC=CC=C1,58.32558385
baa58e5f73335ab3,FullCV_01,1935,CC(C)C(C=C(C(C)C)C=C1C(C)C)=C1C2=C(P(C(C)(C)C)C(C)(C)C)C=CC=C2,COC1=NOC(C(OCC)=O)=C1,CN1CCCN2C1=NCCC2,ClC1=CC=C(C(F)(F)F)C=C1,24.48223218
5b1d2b2dd484c9f2,FullCV_01,1936,CC(C)C(C=C(C(C)C)C=C1C(C)C)=C1C2=C(P(C(C)(C)C)C(C)(C)C)C(OC)=CC=C2OC,CCOC(C1=NOC=C1)=O,CN1CCCN2C1=NCCC2,IC1=NC=CC=C1,89.55924552
fa639a93f0baa151,FullCV_01,1937,CC(C)C(C=C(C(C)C)C=C1C(C)C)=C1C2=C(P(C(C)(C)C)C(C)(C)C)C(OC)=CC=C2OC,C12=C(C=CC=C2)ON=C1,CC(C)(C)/N=C(N(C)C)/N(C)C,IC1=CC=C(C(F)(F)F)C=C1,33.0062022
2c72106eb28e20a3,FullCV_01,1938,CC(C)C(C=C(C(C)C)C=C1C(C)C)=C1C2=C(P([C@@]3(C[C@@H]4C5)C[C@H](C4)C[C@H]5C3)[C@]6(C7)C[C@@H](C[C@@H]7C8)C[C@@H]8C6)C(OC)=CC=C2OC,C1(C2=CC=CC=C2)=CON=C1,CC(C)(C)/N=C(N(C)C)/N(C)C,IC1=CN=CC=C1,58.943816
8023892e323e1e4b,FullCV_01,1939,CC(C)C(C=C(C(C)C)C=C1C(C)C)=C1C2=C(P(C(C)(C)C)C(C)(C)C)C=CC=C2,CC1=C(C(OCC)=O)C=NO1,CN1CCCN2C1=NCCC2,ClC1=CC=C(OC)C=C1,2.863405084
92aab8f2d518e433,FullCV_01,1940,CC(C)C(C=C(C(C)C)C=C1C(C)C)=C1C2=C(P(C(C)(C)C)C(C)(C)C)C(OC)=CC=C2OC,COC1=NOC(C(OCC)=O)=C1,CC(C)(C)/N=C(N(C)C)/N(C)C,IC1=CN=CC=C1,65.50667277
4e2d5c15db924695,FullCV_01,1941,CC(C)C(C=C(C(C)C)C=C1C(C)C)=C1C2=C(P(C(C)(C)C)C(C)(C)C)C=CC=C2,FC(C=CC=C1F)=C1C2=CC=NO2,CC(C)(C)/N=C(N(C)C)/N(C)C,IC1=CC=C(CC)C=C1,59.93053961
a53c509aa2d211d4,FullCV_01,1942,CC(C)C(C=C(C(C)C)C=C1C(C)C)=C1C2=C(P(C(C)(C)C)C(C)(C)C)C=CC=C2,CC1=NOC=C1,CN1CCCN2C1=NCCC2,IC1=CN=CC=C1,92.25602815
d685a34a96d3e841,FullCV_01,1943,CC(C)C(C=C(C(C)C)C=C1C(C)C)=C1C2=C(P(C(C)(C)C)C(C)(C)C)C=CC=C2,O=C(OC)C1=NOC(C2=CC=CS2)=C1,CN(C)P(N(C)C)(N(C)C)=NP(N(C)C)(N(C)C)=NCC,IC1=CC=C(C(F)(F)F)C=C1,38.16592165
2d24147a21ee75f4,FullCV_01,1944,CC(C)C(C=C(C(C)C)C=C1C(C)C)=C1C2=C(P(C(C)(C)C)C(C)(C)C)C=CC=C2,C1(C2=CC=CC=C2)=NOC=C1,CN1CCCN2C1=NCCC2,ClC1=CC=C(C(F)(F)F)C=C1,45.04099086
11f97a7cbd584c92,FullCV_01,1945,CC(C)C(C=C(C(C)C)C=C1C(C)C)=C1C2=C(P(C3CCCCC3)C4CCCCC4)C=CC=C2,C1(C2=CC=CC=C2)=NOC=C1,CN1CCCN2C1=NCCC2,BrC1=CC=C(OC)C=C1,10.60791195
0fee562ec64c25ea,FullCV_01,1946,CC(C)C(C=C(C(C)C)C=C1C(C)C)=C1C2=C(P(C3CCCCC3)C4CCCCC4)C=CC=C2,CC1=CC(C(OCC)=O)=NO1,CN1CCCN2C1=NCCC2,IC1=CC=C(OC)C=C1,26.96354436
22f3b92d2e39d453,FullCV_01,1947,CC(C)C(C=C(C(C)C)C=C1C(C)C)=C1C2=C(P(C3CCCCC3)C4CCCCC4)C=CC=C2,CC1=CC(C(OCC)=O)=NO1,CC(C)(C)/N=C(N(C)C)/N(C)C,IC1=CC=C(C(F)(F)F)C=C1,41.70005044
af6eae03ea4719b4,FullCV_01,1948,CC(C)C(C=C(C(C)C)C=C1C(C)C)=C1C2=C(P(C(C)(C)C)C(C)(C)C)C=CC=C2,CC1=CC(C(OCC)=O)=NO1,CC(C)(C)/N=C(N(C)C)/N(C)C,ClC1=NC=CC=C1,73.64322424
453f1aa668b65ae0,FullCV_01,1949,CC(C)C(C=C(C(C)C)C=C1C(C)C)=C1C2=C(P([C@@]3(C[C@@H]4C5)C[C@H](C4)C[C@H]5C3)[C@]6(C7)C[C@@H](C[C@@H]7C8)C[C@@H]8C6)C(OC)=CC=C2OC,CC1=CC=NO1,CN(C)P(N(C)C)(N(C)C)=NP(N(C)C)(N(C)C)=NCC,IC1=CN=CC=C1,5.39705828
e5e3180036105809,FullCV_01,1950,CC(C)C(C=C(C(C)C)C=C1C(C)C)=C1C2=C(P(C(C)(C)C)C(C)(C)C)C=CC=C2,CC1=CC=NO1,CC(C)(C)/N=C(N(C)C)/N(C)C,ClC1=CN=CC=C1,12.05436323
e623f8a6b639ac13,FullCV_01,1951,CC(C)C(C=C(C(C)C)C=C1C(C)C)=C1C2=C(P(C3CCCCC3)C4CCCCC4)C=CC=C2,CCOC(C1=CON=C1)=O,CC(C)(C)/N=C(N(C)C)/N(C)C,IC1=CC=C(OC)C=C1,1.933202382
e40094185c93cb76,FullCV_01,1952,CC(C)C(C=C(C(C)C)C=C1C(C)C)=C1C2=C(P(C(C)(C)C)C(C)(C)C)C(OC)=CC=C2OC,C1(N(CC2=CC=CC=C2)CC3=CC=CC=C3)=NOC=C1,CN(C)P(N(C)C)(N(C)C)=NP(N(C)C)(N(C)C)=NCC,ClC1=CC=C(C(F)(F)F)C=C1,14.29478531
7726e88eaf25f69c,FullCV_01,1953,CC(C)C(C=C(C(C)C)C=C1C(C)C)=C1C2=C(P([C@@]3(C[C@@H]4C5)C[C@H](C4)C[C@H]5C3)[C@]6(C7)C[C@@H](C[C@@H]7C8)C[C@@H]8C6)C(OC)=CC=C2OC,CC1=C(C(OCC)=O)C=NO1,CC(C)(C)/N=C(N(C)C)/N(C)C,BrC1=CC=C(CC)C=C1,3.744544243
9c4827f6a57e7952,FullCV_01,1954,CC(C)C(C=C(C(C)C)C=C1C(C)C)=C1C2=C(P(C3CCCCC3)C4CCCCC4)C=CC=C2,O=C(OC)C1=NOC(C2=CC=CO2)=C1,CN(C)P(N(C)C)(N(C)C)=NP(N(C)C)(N(C)C)=NCC,ClC1=CC=C(CC)C=C1,0.340410651
51d6a6791b0697d5,FullCV_01,1955,CC(C)C(C=C(C(C)C)C=C1C(C)C)=C1C2=C(P([C@@]3(C[C@@H]4C5)C[C@H](C4)C[C@H]5C3)[C@]6(C7)C[C@@H](C[C@@H]7C8)C[C@@H]8C6)C(OC)=CC=C2OC,C12=CON=C1C=CC=C2,CN1CCCN2C1=NCCC2,ClC1=CN=CC=C1,0.0
d019673845b17066,FullCV_01,1956,CC(C)C(C=C(C(C)C)C=C1C(C)C)=C1C2=C(P([C@@]3(C[C@@H]4C5)C[C@H](C4)C[C@H]5C3)[C@]6(C7)C[C@@H](C[C@@H]7C8)C[C@@H]8C6)C(OC)=CC=C2OC,O=C(OC)C1=NOC(C2=CC=CO2)=C1,CN(C)P(N(C)C)(N(C)C)=NP(N(C)C)(N(C)C)=NCC,IC1=CC=C(CC)C=C1,64.24887053
fad62bb43217f573,FullCV_01,1957,CC(C)C(C=C(C(C)C)C=C1C(C)C)=C1C2=C(P(C(C)(C)C)C(C)(C)C)C=CC=C2,CC1=NOC(C2=CC=CC=C2)=C1,CC(C)(C)/N=C(N(C)C)/N(C)C,BrC1=CN=CC=C1,65.91039362
5ef4f82f9975c7f5,FullCV_01,1958,CC(C)C(C=C(C(C)C)C=C1C(C)C)=C1C2=C(P([C@@]3(C[C@@H]4C5)C[C@H](C4)C[C@H]5C3)[C@]6(C7)C[C@@H](C[C@@H]7C8)C[C@@H]8C6)C(OC)=CC=C2OC,C12=C(C=CC=C2)ON=C1,CN(C)P(N(C)C)(N(C)C)=NP(N(C)C)(N(C)C)=NCC,BrC1=CC=C(OC)C=C1,13.34881918
9198e15ff4b21a57,FullCV_01,1959,CC(C)C(C=C(C(C)C)C=C1C(C)C)=C1C2=C(P([C@@]3(C[C@@H]4C5)C[C@H](C4)C[C@H]5C3)[C@]6(C7)C[C@@H](C[C@@H]7C8)C[C@@H]8C6)C(OC)=CC=C2OC,CC1=CC=NO1,CN1CCCN2C1=NCCC2,BrC1=NC=CC=C1,82.57086092
59bec9045b0f9467,FullCV_01,1960,CC(C)C(C=C(C(C)C)C=C1C(C)C)=C1C2=C(P(C(C)(C)C)C(C)(C)C)C=CC=C2,CC1=NOC(C(OCC)=O)=C1,CN1CCCN2C1=NCCC2,IC1=CC=C(OC)C=C1,53.675534
0dffac4f0f29aae7,FullCV_01,1961,CC(C)C(C=C(C(C)C)C=C1C(C)C)=C1C2=C(P(C(C)(C)C)C(C)(C)C)C=CC=C2,C12=CON=C1C=CC=C2,CC(C)(C)/N=C(N(C)C)/N(C)C,BrC1=CC=C(CC)C=C1,12.68915479
55820a47c2b39f5d,FullCV_01,1962,CC(C)C(C=C(C(C)C)C=C1C(C)C)=C1C2=C(P(C3CCCCC3)C4CCCCC4)C=CC=C2,CC1=CC(C)=NO1,CN(C)P(N(C)C)(N(C)C)=NP(N(C)C)(N(C)C)=NCC,BrC1=CC=C(C(F)(F)F)C=C1,13.47157217
b8e6177270e66d51,FullCV_01,1963,CC(C)C(C=C(C(C)C)C=C1C(C)C)=C1C2=C(P(C(C)(C)C)C(C)(C)C)C=CC=C2,O=C(OC)C1=CC=NO1,CN(C)P(N(C)C)(N(C)C)=NP(N(C)C)(N(C)C)=NCC,BrC1=NC=CC=C1,23.65087488
08f2ccb918a6f462,FullCV_01,1964,CC(C)C(C=C(C(C)C)C=C1C(C)C)=C1C2=C(P(C(C)(C)C)C(C)(C)C)C(OC)=CC=C2OC,O=C(OC)C1=NOC(C2=CC=CO2)=C1,CC(C)(C)/N=C(N(C)C)/N(C)C,BrC1=CC=C(C(F)(F)F)C=C1,36.39098731
f5c827b0d8524d0d,FullCV_01,1965,CC(C)C(C=C(C(C)C)C=C1C(C)C)=C1C2=C(P(C(C)(C)C)C(C)(C)C)C=CC=C2,C12=CON=C1C=CC=C2,CN(C)P(N(C)C)(N(C)C)=NP(N(C)C)(N(C)C)=NCC,IC1=CC=C(C(F)(F)F)C=C1,10.49048013
4f4d54ebee302fc0,FullCV_01,1966,CC(C)C(C=C(C(C)C)C=C1C(C)C)=C1C2=C(P(C(C)(C)C)C(C)(C)C)C=CC=C2,CC1=NOC=C1,CC(C)(C)/N=C(N(C)C)/N(C)C,BrC1=CN=CC=C1,85.68357471
fe0f51026686ed08,FullCV_01,1967,CC(C)C(C=C(C(C)C)C=C1C(C)C)=C1C2=C(P([C@@]3(C[C@@H]4C5)C[C@H](C4)C[C@H]5C3)[C@]6(C7)C[C@@H](C[C@@H]7C8)C[C@@H]8C6)C(OC)=CC=C2OC,CCOC(C1=CON=C1)=O,CN(C)P(N(C)C)(N(C)C)=NP(N(C)C)(N(C)C)=NCC,ClC1=CC=C(OC)C=C1,0.0
347cb0c116129e6e,FullCV_01,1968,CC(C)C(C=C(C(C)C)C=C1C(C)C)=C1C2=C(P(C(C)(C)C)C(C)(C)C)C=CC=C2,C1(N(CC2=CC=CC=C2)CC3=CC=CC=C3)=NOC=C1,CN(C)P(N(C)C)(N(C)C)=NP(N(C)C)(N(C)C)=NCC,IC1=CC=C(OC)C=C1,63.53284655
2b90fd81181644e9,FullCV_01,1969,CC(C)C(C=C(C(C)C)C=C1C(C)C)=C1C2=C(P([C@@]3(C[C@@H]4C5)C[C@H](C4)C[C@H]5C3)[C@]6(C7)C[C@@H](C[C@@H]7C8)C[C@@H]8C6)C(OC)=CC=C2OC,CC1=NOC=C1,CN1CCCN2C1=NCCC2,ClC1=CC=C(OC)C=C1,0.355367929
1397dfe8923cda50,FullCV_01,1970,CC(C)C(C=C(C(C)C)C=C1C(C)C)=C1C2=C(P(C(C)(C)C)C(C)(C)C)C(OC)=CC=C2OC,CC1=CC=NO1,CN(C)P(N(C)C)(N(C)C)=NP(N(C)C)(N(C)C)=NCC,IC1=CC=C(CC)C=C1,17.15607423
4230e97c421f9cc3,FullCV_01,1971,CC(C)C(C=C(C(C)C)C=C1C(C)C)=C1C2=C(P(C(C)(C)C)C(C)(C)C)C(OC)=CC=C2OC,CC1=NOC(C(OCC)=O)=C1,CC(C)(C)/N=C(N(C)C)/N(C)C,ClC1=CN=CC=C1,2.234092607
b6cf09e751f2e156,FullCV_01,1972,CC(C)C(C=C(C(C)C)C=C1C(C)C)=C1C2=C(P(C(C)(C)C)C(C)(C)C)C(OC)=CC=C2OC,O=C(OC)C1=NOC(C2=CC=CS2)=C1,CN1CCCN2C1=NCCC2,ClC1=CC=C(C(F)(F)F)C=C1,6.03417912
ddaa11f08a7ed92d,FullCV_01,1973,CC(C)C(C=C(C(C)C)C=C1C(C)C)=C1C2=C(P(C(C)(C)C)C(C)(C)C)C(OC)=CC=C2OC,C1(C2=CC=CC=C2)=CC=NO1,CN1CCCN2C1=NCCC2,IC1=CC=C(CC)C=C1,77.02732986
33dde8e43fdac3d8,FullCV_01,1974,CC(C)C(C=C(C(C)C)C=C1C(C)C)=C1C2=C(P(C(C)(C)C)C(C)(C)C)C=CC=C2,CCOC(C1=NOC=C1)=O,CC(C)(C)/N=C(N(C)C)/N(C)C,ClC1=CN=CC=C1,25.82773903
1b4b662c84534752,FullCV_01,1975,CC(C)C(C=C(C(C)C)C=C1C(C)C)=C1C2=C(P(C(C)(C)C)C(C)(C)C)C=CC=C2,CC1=CC(N2C=CC=C2)=NO1,CN(C)P(N(C)C)(N(C)C)=NP(N(C)C)(N(C)C)=NCC,IC1=CN=CC=C1,77.66689194
f2bdec03891b9354,FullCV_01,1976,CC(C)C(C=C(C(C)C)C=C1C(C)C)=C1C2=C(P([C@@]3(C[C@@H]4C5)C[C@H](C4)C[C@H]5C3)[C@]6(C7)C[C@@H](C[C@@H]7C8)C[C@@H]8C6)C(OC)=CC=C2OC,C1(C2=CC=CC=C2)=CC=NO1,CN(C)P(N(C)C)(N(C)C)=NP(N(C)C)(N(C)C)=NCC,ClC1=CC=C(C(F)(F)F)C=C1,6.575127297
5bc31f7fcdbf4863,FullCV_01,1977,CC(C)C(C=C(C(C)C)C=C1C(C)C)=C1C2=C(P(C(C)(C)C)C(C)(C)C)C=CC=C2,C1(N(CC2=CC=CC=C2)CC3=CC=CC=C3)=NOC=C1,CN1CCCN2C1=NCCC2,BrC1=NC=CC=C1,83.82537223
29b20bd9f9dd911a,FullCV_01,1978,CC(C)C(C=C(C(C)C)C=C1C(C)C)=C1C2=C(P(C(C)(C)C)C(C)(C)C)C(OC)=CC=C2OC,C12=CON=C1C=CC=C2,CN1CCCN2C1=NCCC2,ClC1=CC=C(C(F)(F)F)C=C1,0.413827697
06c7a6d5b8d1f4fd,FullCV_01,1979,CC(C)C(C=C(C(C)C)C=C1C(C)C)=C1C2=C(P(C(C)(C)C)C(C)(C)C)C=CC=C2,C1(N(CC2=CC=CC=C2)CC3=CC=CC=C3)=CC=NO1,CN(C)P(N(C)C)(N(C)C)=NP(N(C)C)(N(C)C)=NCC,IC1=CC=C(CC)C=C1,21.40006849
f9afe1e25dc9b198,FullCV_01,1980,CC(C)C(C=C(C(C)C)C=C1C(C)C)=C1C2=C(P([C@@]3(C[C@@H]4C5)C[C@H](C4)C[C@H]5C3)[C@]6(C7)C[C@@H](C[C@@H]7C8)C[C@@H]8C6)C(OC)=CC=C2OC,C12=C(C=CC=C2)ON=C1,CN1CCCN2C1=NCCC2,ClC1=NC=CC=C1,60.52865164
4a55152e17939eb0,FullCV_01,1981,CC(C)C(C=C(C(C)C)C=C1C(C)C)=C1C2=C(P(C(C)(C)C)C(C)(C)C)C=CC=C2,O=C(OC)C1=NOC(C2=CC=CO2)=C1,CN1CCCN2C1=NCCC2,IC1=CC=C(CC)C=C1,65.42133393
1a1d0bc5800b648e,FullCV_01,1982,CC(C)C(C=C(C(C)C)C=C1C(C)C)=C1C2=C(P(C(C)(C)C)C(C)(C)C)C(OC)=CC=C2OC,CCOC(C1=CON=C1)=O,CC(C)(C)/N=C(N(C)C)/N(C)C,IC1=CC=C(CC)C=C1,6.026719466
84a32c9cfe3ed50a,FullCV_01,1983,CC(C)C(C=C(C(C)C)C=C1C(C)C)=C1C2=C(P([C@@]3(C[C@@H]4C5)C[C@H](C4)C[C@H]5C3)[C@]6(C7)C[C@@H](C[C@@H]7C8)C[C@@H]8C6)C(OC)=CC=C2OC,C1(N(CC2=CC=CC=C2)CC3=CC=CC=C3)=CC=NO1,CN1CCCN2C1=NCCC2,ClC1=CC=C(CC)C=C1,1.005881291
d04f3517f3a7b1a1,FullCV_01,1984,CC(C)C(C=C(C(C)C)C=C1C(C)C)=C1C2=C(P([C@@]3(C[C@@H]4C5)C[C@H](C4)C[C@H]5C3)[C@]6(C7)C[C@@H](C[C@@H]7C8)C[C@@H]8C6)C(OC)=CC=C2OC,C1(N(CC2=CC=CC=C2)CC3=CC=CC=C3)=CC=NO1,CN1CCCN2C1=NCCC2,IC1=CC=C(OC)C=C1,46.3015164
b2f749ef0b5af777,FullCV_01,1985,CC(C)C(C=C(C(C)C)C=C1C(C)C)=C1C2=C(P(C(C)(C)C)C(C)(C)C)C(OC)=CC=C2OC,CC1=CC=NO1,CN(C)P(N(C)C)(N(C)C)=NP(N(C)C)(N(C)C)=NCC,IC1=CN=CC=C1,5.007207988
e9a01f875bddcb7f,FullCV_01,1986,CC(C)C(C=C(C(C)C)C=C1C(C)C)=C1C2=C(P(C3CCCCC3)C4CCCCC4)C=CC=C2,CC1=NOC(C(OCC)=O)=C1,CN1CCCN2C1=NCCC2,BrC1=CC=C(C(F)(F)F)C=C1,34.80628557
d91ac0fe68ca2202,FullCV_01,1987,CC(C)C(C=C(C(C)C)C=C1C(C)C)=C1C2=C(P([C@@]3(C[C@@H]4C5)C[C@H](C4)C[C@H]5C3)[C@]6(C7)C[C@@H](C[C@@H]7C8)C[C@@H]8C6)C(OC)=CC=C2OC,CC1=C(C(OCC)=O)C=NO1,CN(C)P(N(C)C)(N(C)C)=NP(N(C)C)(N(C)C)=NCC,ClC1=NC=CC=C1,15.64688259
a57d4f231d3a4a53,FullCV_01,1988,CC(C)C(C=C(C(C)C)C=C1C(C)C)=C1C2=C(P([C@@]3(C[C@@H]4C5)C[C@H](C4)C[C@H]5C3)[C@]6(C7)C[C@@H](C[C@@H]7C8)C[C@@H]8C6)C(OC)=CC=C2OC,C1(N(CC2=CC=CC=C2)CC3=CC=CC=C3)=CC=NO1,CN1CCCN2C1=NCCC2,BrC1=NC=CC=C1,39.71442231
c0ab106feb18cedd,FullCV_01,1989,CC(C)C(C=C(C(C)C)C=C1C(C)C)=C1C2=C(P([C@@]3(C[C@@H]4C5)C[C@H](C4)C[C@H]5C3)[C@]6(C7)C[C@@H](C[C@@H]7C8)C[C@@H]8C6)C(OC)=CC=C2OC,O=C(OC)C1=NOC(C2=CC=CS2)=C1,CC(C)(C)/N=C(N(C)C)/N(C)C,ClC1=CC=C(CC)C=C1,0.52608193
083b0d0a0d291f53,FullCV_01,1990,CC(C)C(C=C(C(C)C)C=C1C(C)C)=C1C2=C(P(C3CCCCC3)C4CCCCC4)C=CC=C2,C12=C(C=CC=C2)ON=C1,CN(C)P(N(C)C)(N(C)C)=NP(N(C)C)(N(C)C)=NCC,ClC1=CC=C(C(F)(F)F)C=C1,16.76617673
4c13234874b2c1be,FullCV_01,1991,CC(C)C(C=C(C(C)C)C=C1C(C)C)=C1C2=C(P(C(C)(C)C)C(C)(C)C)C(OC)=CC=C2OC,CC1=CC(C(OCC)=O)=NO1,CN1CCCN2C1=NCCC2,BrC1=CC=C(C(F)(F)F)C=C1,47.555818
1353e77c00a0b02c,FullCV_01,1992,CC(C)C(C=C(C(C)C)C=C1C(C)C)=C1C2=C(P(C(C)(C)C)C(C)(C)C)C=CC=C2,C1(N(CC2=CC=CC=C2)CC3=CC=CC=C3)=CC=NO1,CN(C)P(N(C)C)(N(C)C)=NP(N(C)C)(N(C)C)=NCC,ClC1=CC=C(CC)C=C1,6.581266653
3fe23145c598c994,FullCV_01,1993,CC(C)C(C=C(C(C)C)C=C1C(C)C)=C1C2=C(P([C@@]3(C[C@@H]4C5)C[C@H](C4)C[C@H]5C3)[C@]6(C7)C[C@@H](C[C@@H]7C8)C[C@@H]8C6)C(OC)=CC=C2OC,CC1=NOC(C2=CC=CC=C2)=C1,CN1CCCN2C1=NCCC2,BrC1=CC=C(OC)C=C1,41.28466002
974d801cb8a76eeb,FullCV_01,1994,CC(C)C(C=C(C(C)C)C=C1C(C)C)=C1C2=C(P(C(C)(C)C)C(C)(C)C)C(OC)=CC=C2OC,C12=C(C=CC=C2)ON=C1,CN(C)P(N(C)C)(N(C)C)=NP(N(C)C)(N(C)C)=NCC,IC1=CN=CC=C1,73.24639173
ccc03ae32d6a8285,FullCV_01,1995,CC(C)C(C=C(C(C)C)C=C1C(C)C)=C1C2=C(P(C(C)(C)C)C(C)(C)C)C=CC=C2,CCOC(C1=CON=C1)=O,CN1CCCN2C1=NCCC2,ClC1=CC=C(OC)C=C1,2.720923971
1262c5a51efc517f,FullCV_01,1996,CC(C)C(C=C(C(C)C)C=C1C(C)C)=C1C2=C(P(C(C)(C)C)C(C)(C)C)C=CC=C2,CC1=CC(C(OCC)=O)=NO1,CC(C)(C)/N=C(N(C)C)/N(C)C,ClC1=CC=C(C(F)(F)F)C=C1,31.88044847
2d2e66811f035adb,FullCV_01,1997,CC(C)C(C=C(C(C)C)C=C1C(C)C)=C1C2=C(P(C(C)(C)C)C(C)(C)C)C=CC=C2,O=C(OC)C1=NOC(C2=CC=CO2)=C1,CN1CCCN2C1=NCCC2,BrC1=NC=CC=C1,83.38501147
502da636917f0015,FullCV_01,1998,CC(C)C(C=C(C(C)C)C=C1C(C)C)=C1C2=C(P(C(C)(C)C)C(C)(C)C)C(OC)=CC=C2OC,COC1=NOC(C(OCC)=O)=C1,CC(C)(C)/N=C(N(C)C)/N(C)C,ClC1=CC=C(OC)C=C1,0.0
25f8760fef8fa312,FullCV_01,1999,CC(C)C(C=C(C(C)C)C=C1C(C)C)=C1C2=C(P(C(C)(C)C)C(C)(C)C)C=CC=C2,CC1=CC(N2C=CC=C2)=NO1,CN(C)P(N(C)C)(N(C)C)=NP(N(C)C)(N(C)C)=NCC,BrC1=CC=C(C(F)(F)F)C=C1,33.91258635
add4d23ca0cc5c58,FullCV_01,2000,CC(C)C(C=C(C(C)C)C=C1C(C)C)=C1C2=C(P(C3CCCCC3)C4CCCCC4)C=CC=C2,FC(C=CC=C1F)=C1C2=CC=NO2,CN(C)P(N(C)C)(N(C)C)=NP(N(C)C)(N(C)C)=NCC,ClC1=CC=C(CC)C=C1,7.713999512
6632092d96922461,FullCV_01,2001,CC(C)C(C=C(C(C)C)C=C1C(C)C)=C1C2=C(P(C(C)(C)C)C(C)(C)C)C(OC)=CC=C2OC,CC1=NOC=C1,CC(C)(C)/N=C(N(C)C)/N(C)C,IC1=CC=C(OC)C=C1,54.42113597
db82c95400b1573e,FullCV_01,2002,CC(C)C(C=C(C(C)C)C=C1C(C)C)=C1C2=C(P(C3CCCCC3)C4CCCCC4)C=CC=C2,C1(C2=CC=CC=C2)=CON=C1,CC(C)(C)/N=C(N(C)C)/N(C)C,IC1=CC=C(OC)C=C1,2.633257106
f5323d20b5c1fc40,FullCV_01,2003,CC(C)C(C=C(C(C)C)C=C1C(C)C)=C1C2=C(P([C@@]3(C[C@@H]4C5)C[C@H](C4)C[C@H]5C3)[C@]6(C7)C[C@@H](C[C@@H]7C8)C[C@@H]8C6)C(OC)=CC=C2OC,CC1=NOC(C(OCC)=O)=C1,CN1CCCN2C1=NCCC2,IC1=CC=C(CC)C=C1,85.89473594
108677751e1f89bf,FullCV_01,2004,CC(C)C(C=C(C(C)C)C=C1C(C)C)=C1C2=C(P(C(C)(C)C)C(C)(C)C)C=CC=C2,CC1=CC(N2C=CC=C2)=NO1,CN1CCCN2C1=NCCC2,ClC1=CC=C(OC)C=C1,1.728296665
214a3f0e5cda8f9b,FullCV_01,2005,CC(C)C(C=C(C(C)C)C=C1C(C)C)=C1C2=C(P(C(C)(C)C)C(C)(C)C)C(OC)=CC=C2OC,CC1=NOC(C(OCC)=O)=C1,CN(C)P(N(C)C)(N(C)C)=NP(N(C)C)(N(C)C)=NCC,IC1=CC=C(CC)C=C1,66.88608561
b1fd1e9cca68136b,FullCV_01,2006,CC(C)C(C=C(C(C)C)C=C1C(C)C)=C1C2=C(P(C(C)(C)C)C(C)(C)C)C=CC=C2,C1(C2=CC=CC=C2)=CON=C1,CN1CCCN2C1=NCCC2,BrC1=CC=C(C(F)(F)F)C=C1,53.83922891
9e0cce19050181e0,FullCV_01,2007,CC(C)C(C=C(C(C)C)C=C1C(C)C)=C1C2=C(P([C@@]3(C[C@@H]4C5)C[C@H](C4)C[C@H]5C3)[C@]6(C7)C[C@@H](C[C@@H]7C8)C[C@@H]8C6)C(OC)=CC=C2OC,FC(C=CC=C1F)=C1C2=CC=NO2,CC(C)(C)/N=C(N(C)C)/N(C)C,IC1=CC=C(C(F)(F)F)C=C1,34.1813834
9a1a61df934d26fd,FullCV_01,2008,CC(C)C(C=C(C(C)C)C=C1C(C)C)=C1C2=C(P(C(C)(C)C)C(C)(C)C)C(OC)=CC=C2OC,O=C(OC)C1=NOC(C2=CC=CS2)=C1,CC(C)(C)/N=C(N(C)C)/N(C)C,BrC1=CC=C(OC)C=C1,35.15329281
d284327fea345864,FullCV_01,2009,CC(C)C(C=C(C(C)C)C=C1C(C)C)=C1C2=C(P(C3CCCCC3)C4CCCCC4)C=CC=C2,CC1=CC(C(OCC)=O)=NO1,CN(C)P(N(C)C)(N(C)C)=NP(N(C)C)(N(C)C)=NCC,IC1=CC=C(OC)C=C1,19.99982627
dc682b0a0c5f786c,FullCV_01,2010,CC(C)C(C=C(C(C)C)C=C1C(C)C)=C1C2=C(P(C(C)(C)C)C(C)(C)C)C=CC=C2,CC1=CC=NO1,CC(C)(C)/N=C(N(C)C)/N(C)C,BrC1=CC=C(OC)C=C1,33.60384304
3c288c261da4050b,FullCV_01,2011,CC(C)C(C=C(C(C)C)C=C1C(C)C)=C1C2=C(P(C(C)(C)C)C(C)(C)C)C(OC)=CC=C2OC,CC1=C(C(OCC)=O)C=NO1,CN(C)P(N(C)C)(N(C)C)=NP(N(C)C)(N(C)C)=NCC,BrC1=CC=C(OC)C=C1,15.16491224
d744589a3822d7ca,FullCV_01,2012,CC(C)C(C=C(C(C)C)C=C1C(C)C)=C1C2=C(P(C(C)(C)C)C(C)(C)C)C=CC=C2,C1(N(CC2=CC=CC=C2)CC3=CC=CC=C3)=NOC=C1,CN(C)P(N(C)C)(N(C)C)=NP(N(C)C)(N(C)C)=NCC,ClC1=CC=C(C(F)(F)F)C=C1,33.44709826
ccc6dcda204f201a,FullCV_01,2013,CC(C)C(C=C(C(C)C)C=C1C(C)C)=C1C2=C(P(C(C)(C)C)C(C)(C)C)C(OC)=CC=C2OC,CC1=CC(C)=NO1,CC(C)(C)/N=C(N(C)C)/N(C)C,BrC1=CC=C(C(F)(F)F)C=C1,33.41994964
333673209accfe6b,FullCV_01,2014,CC(C)C(C=C(C(C)C)C=C1C(C)C)=C1C2=C(P(C3CCCCC3)C4CCCCC4)C=CC=C2,CCOC(C1=NOC=C1)=O,CN1CCCN2C1=NCCC2,ClC1=CN=CC=C1,8.431077782
3d748ed870ee6aef,FullCV_01,2015,CC(C)C(C=C(C(C)C)C=C1C(C)C)=C1C2=C(P(C(C)(C)C)C(C)(C)C)C=CC=C2,O=C(OC)C1=NOC(C2=CC=CS2)=C1,CN(C)P(N(C)C)(N(C)C)=NP(N(C)C)(N(C)C)=NCC,ClC1=CN=CC=C1,8.47025224
2589b7ba2f3aabb7,FullCV_01,2016,CC(C)C(C=C(C(C)C)C=C1C(C)C)=C1C2=C(P(C(C)(C)C)C(C)(C)C)C(OC)=CC=C2OC,CC1=NOC(C(OCC)=O)=C1,CC(C)(C)/N=C(N(C)C)/N(C)C,BrC1=NC=CC=C1,74.81544975
baa38f80583ef82d,FullCV_01,2017,CC(C)C(C=C(C(C)C)C=C1C(C)C)=C1C2=C(P([C@@]3(C[C@@H]4C5)C[C@H](C4)C[C@H]5C3)[C@]6(C7)C[C@@H](C[C@@H]7C8)C[C@@H]8C6)C(OC)=CC=C2OC,C1(C2=CC=CC=C2)=CC=NO1,CN1CCCN2C1=NCCC2,ClC1=CC=C(OC)C=C1,0.862838268
8d61e0d43f36ca10,FullCV_01,2018,CC(C)C(C=C(C(C)C)C=C1C(C)C)=C1C2=C(P(C3CCCCC3)C4CCCCC4)C=CC=C2,CC1=CC=NO1,CN1CCCN2C1=NCCC2,IC1=CC=C(OC)C=C1,8.039691846
3a448f5068105a81,FullCV_01,2019,CC(C)C(C=C(C(C)C)C=C1C(C)C)=C1C2=C(P(C(C)(C)C)C(C)(C)C)C=CC=C2,C1(N(CC2=CC=CC=C2)CC3=CC=CC=C3)=NOC=C1,CC(C)(C)/N=C(N(C)C)/N(C)C,IC1=CC=C(C(F)(F)F)C=C1,39.02512557
28eb43d4c3e0754f,FullCV_01,2020,CC(C)C(C=C(C(C)C)C=C1C(C)C)=C1C2=C(P([C@@]3(C[C@@H]4C5)C[C@H](C4)C[C@H]5C3)[C@]6(C7)C[C@@H](C[C@@H]7C8)C[C@@H]8C6)C(OC)=CC=C2OC,C1(C2=CC=CC=C2)=CC=NO1,CN1CCCN2C1=NCCC2,BrC1=CC=C(OC)C=C1,34.28507945
6d091f490f90273b,FullCV_01,2021,CC(C)C(C=C(C(C)C)C=C1C(C)C)=C1C2=C(P(C(C)(C)C)C(C)(C)C)C(OC)=CC=C2OC,O=C(OC)C1=NOC(C2=CC=CO2)=C1,CN(C)P(N(C)C)(N(C)C)=NP(N(C)C)(N(C)C)=NCC,BrC1=CN=CC=C1,45.30338681
9427aef1433c3a71,FullCV_01,2022,CC(C)C(C=C(C(C)C)C=C1C(C)C)=C1C2=C(P(C(C)(C)C)C(C)(C)C)C(OC)=CC=C2OC,O=C(OC)C1=CC=NO1,CN1CCCN2C1=NCCC2,IC1=CC=C(C(F)(F)F)C=C1,47.05511825
1a7c2a7a9d4d2c20,FullCV_01,2023,CC(C)C(C=C(C(C)C)C=C1C(C)C)=C1C2=C(P(C(C)(C)C)C(C)(C)C)C(OC)=CC=C2OC,O=C(OC)C1=CC=NO1,CN(C)P(N(C)C)(N(C)C)=NP(N(C)C)(N(C)C)=NCC,IC1=CC=C(C(F)(F)F)C=C1,10.75855339
6507be8e017a7536,FullCV_01,2024,CC(C)C(C=C(C(C)C)C=C1C(C)C)=C1C2=C(P([C@@]3(C[C@@H]4C5)C[C@H](C4)C[C@H]5C3)[C@]6(C7)C[C@@H](C[C@@H]7C8)C[C@@H]8C6)C(OC)=CC=C2OC,C1(N(CC2=CC=CC=C2)CC3=CC=CC=C3)=CC=NO1,CN(C)P(N(C)C)(N(C)C)=NP(N(C)C)(N(C)C)=NCC,IC1=CC=C(C(F)(F)F)C=C1,28.85136629
8776e7adf3bbee8f,FullCV_01,2025,CC(C)C(C=C(C(C)C)C=C1C(C)C)=C1C2=C(P(C3CCCCC3)C4CCCCC4)C=CC=C2,FC(C=CC=C1F)=C1C2=CC=NO2,CC(C)(C)/N=C(N(C)C)/N(C)C,ClC1=CC=C(OC)C=C1,0.0
3e52f0a3f63ea60e,FullCV_01,2026,CC(C)C(C=C(C(C)C)C=C1C(C)C)=C1C2=C(P(C(C)(C)C)C(C)(C)C)C=CC=C2,CC1=NOC(C2=CC=CC=C2)=C1,CC(C)(C)/N=C(N(C)C)/N(C)C,IC1=CC=C(CC)C=C1,62.7905956
8c0caa78c5075d2d,FullCV_01,2027,CC(C)C(C=C(C(C)C)C=C1C(C)C)=C1C2=C(P(C(C)(C)C)C(C)(C)C)C=CC=C2,CC1=CC(C(OCC)=O)=NO1,CC(C)(C)/N=C(N(C)C)/N(C)C,BrC1=CN=CC=C1,77.33294235
747a1d623163de2e,FullCV_01,2028,CC(C)C(C=C(C(C)C)C=C1C(C)C)=C1C2=C(P(C3CCCCC3)C4CCCCC4)C=CC=C2,CC1=NOC(C2=CC=CC=C2)=C1,CN(C)P(N(C)C)(N(C)C)=NP(N(C)C)(N(C)C)=NCC,ClC1=CC=C(OC)C=C1,0.0
374927c93f0f53de,FullCV_01,2029,CC(C)C(C=C(C(C)C)C=C1C(C)C)=C1C2=C(P(C(C)(C)C)C(C)(C)C)C=CC=C2,FC(C=CC=C1F)=C1C2=CC=NO2,CN(C)P(N(C)C)(N(C)C)=NP(N(C)C)(N(C)C)=NCC,BrC1=CC=C(OC)C=C1,15.85894672
76b8db1f436adb0e,FullCV_01,2030,CC(C)C(C=C(C(C)C)C=C1C(C)C)=C1C2=C(P(C3CCCCC3)C4CCCCC4)C=CC=C2,FC(C=CC=C1F)=C1C2=CC=NO2,CN(C)P(N(C)C)(N(C)C)=NP(N(C)C)(N(C)C)=NCC,BrC1=NC=CC=C1,16.43551115
ff1f0ec37ef5885c,FullCV_01,2031,CC(C)C(C=C(C(C)C)C=C1C(C)C)=C1C2=C(P(C(C)(C)C)C(C)(C)C)C(OC)=CC=C2OC,O=C(OC)C1=NOC(C2=CC=CO2)=C1,CN1CCCN2C1=NCCC2,BrC1=CC=C(CC)C=C1,57.96795904
dfde4e9b3790faca,FullCV_01,2032,CC(C)C(C=C(C(C)C)C=C1C(C)C)=C1C2=C(P(C(C)(C)C)C(C)(C)C)C(OC)=CC=C2OC,C1(C2=CC=CC=C2)=CC=NO1,CN1CCCN2C1=NCCC2,IC1=CC=C(C(F)(F)F)C=C1,47.09764929
66538de6fb1930e8,FullCV_01,2033,CC(C)C(C=C(C(C)C)C=C1C(C)C)=C1C2=C(P(C3CCCCC3)C4CCCCC4)C=CC=C2,C12=CON=C1C=CC=C2,CC(C)(C)/N=C(N(C)C)/N(C)C,IC1=CN=CC=C1,8.970807298
28097dac6683f8cd,FullCV_01,2034,CC(C)C(C=C(C(C)C)C=C1C(C)C)=C1C2=C(P(C(C)(C)C)C(C)(C)C)C=CC=C2,C12=CON=C1C=CC=C2,CN(C)P(N(C)C)(N(C)C)=NP(N(C)C)(N(C)C)=NCC,IC1=CC=C(OC)C=C1,17.14482537
70b542e60e11ef31,FullCV_01,2035,CC(C)C(C=C(C(C)C)C=C1C(C)C)=C1C2=C(P(C(C)(C)C)C(C)(C)C)C(OC)=CC=C2OC,O=C(OC)C1=CC=NO1,CC(C)(C)/N=C(N(C)C)/N(C)C,IC1=CN=CC=C1,40.57039192
5a2d8fe1a02b6e6a,FullCV_01,2036,CC(C)C(C=C(C(C)C)C=C1C(C)C)=C1C2=C(P(C(C)(C)C)C(C)(C)C)C=CC=C2,CC1=CC(C(OCC)=O)=NO1,CN1CCCN2C1=NCCC2,BrC1=NC=CC=C1,93.31083413
255c07a46ccc2262,FullCV_01,2037,CC(C)C(C=C(C(C)C)C=C1C(C)C)=C1C2=C(P([C@@]3(C[C@@H]4C5)C[C@H](C4)C[C@H]5C3)[C@]6(C7)C[C@@H](C[C@@H]7C8)C[C@@H]8C6)C(OC)=CC=C2OC,C1(N(CC2=CC=CC=C2)CC3=CC=CC=C3)=NOC=C1,CN(C)P(N(C)C)(N(C)C)=NP(N(C)C)(N(C)C)=NCC,BrC1=CC=C(CC)C=C1,70.85918563
4bf0203b8d50da7c,FullCV_01,2038,CC(C)C(C=C(C(C)C)C=C1C(C)C)=C1C2=C(P(C(C)(C)C)C(C)(C)C)C(OC)=CC=C2OC,C1(C2=CC=CC=C2)=CON=C1,CN(C)P(N(C)C)(N(C)C)=NP(N(C)C)(N(C)C)=NCC,IC1=CC=C(C(F)(F)F)C=C1,12.65611523
6e49ad4fd8d0db94,FullCV_01,2039,CC(C)C(C=C(C(C)C)C=C1C(C)C)=C1C2=C(P([C@@]3(C[C@@H]4C5)C[C@H](C4)C[C@H]5C3)[C@]6(C7)C[C@@H](C[C@@H]7C8)C[C@@H]8C6)C(OC)=CC=C2OC,C1(C2=CC=CC=C2)=CON=C1,CN(C)P(N(C)C)(N(C)C)=NP(N(C)C)(N(C)C)=NCC,ClC1=NC=CC=C1,19.27582448
abc4ccdfdaf0123f,FullCV_01,2040,CC(C)C(C=C(C(C)C)C=C1C(C)C)=C1C2=C(P([C@@]3(C[C@@H]4C5)C[C@H](C4)C[C@H]5C3)[C@]6(C7)C[C@@H](C[C@@H]7C8)C[C@@H]8C6)C(OC)=CC=C2OC,CC1=C(C(OCC)=O)C=NO1,CN1CCCN2C1=NCCC2,ClC1=CC=C(OC)C=C1,0.0
dd05ced25857e449,FullCV_01,2041,CC(C)C(C=C(C(C)C)C=C1C(C)C)=C1C2=C(P(C(C)(C)C)C(C)(C)C)C(OC)=CC=C2OC,CC1=CC(C(OCC)=O)=NO1,CN1CCCN2C1=NCCC2,IC1=NC=CC=C1,98.17713445
82263302f751a6dd,FullCV_01,2042,CC(C)C(C=C(C(C)C)C=C1C(C)C)=C1C2=C(P(C(C)(C)C)C(C)(C)C)C(OC)=CC=C2OC,CC1=NOC(C2=CC=CC=C2)=C1,CN(C)P(N(C)C)(N(C)C)=NP(N(C)C)(N(C)C)=NCC,ClC1=NC=CC=C1,80.28534176
4d9df8a653ff03d0,FullCV_01,2043,CC(C)C(C=C(C(C)C)C=C1C(C)C)=C1C2=C(P(C(C)(C)C)C(C)(C)C)C=CC=C2,C1(N(CC2=CC=CC=C2)CC3=CC=CC=C3)=NOC=C1,CN(C)P(N(C)C)(N(C)C)=NP(N(C)C)(N(C)C)=NCC,ClC1=NC=CC=C1,62.46560879
f801ddc3f050177f,FullCV_01,2044,CC(C)C(C=C(C(C)C)C=C1C(C)C)=C1C2=C(P(C3CCCCC3)C4CCCCC4)C=CC=C2,CC1=CC(C)=NO1,CN1CCCN2C1=NCCC2,IC1=CC=C(OC)C=C1,24.71545556
3fe56105a3a4d871,FullCV_01,2045,CC(C)C(C=C(C(C)C)C=C1C(C)C)=C1C2=C(P([C@@]3(C[C@@H]4C5)C[C@H](C4)C[C@H]5C3)[C@]6(C7)C[C@@H](C[C@@H]7C8)C[C@@H]8C6)C(OC)=CC=C2OC,CC1=NOC=C1,CC(C)(C)/N=C(N(C)C)/N(C)C,IC1=NC=CC=C1,77.75555198
4c1a36f9d16f09ac,FullCV_01,2046,CC(C)C(C=C(C(C)C)C=C1C(C)C)=C1C2=C(P([C@@]3(C[C@@H]4C5)C[C@H](C4)C[C@H]5C3)[C@]6(C7)C[C@@H](C[C@@H]7C8)C[C@@H]8C6)C(OC)=CC=C2OC,CC1=C(C(OCC)=O)C=NO1,CN(C)P(N(C)C)(N(C)C)=NP(N(C)C)(N(C)C)=NCC,BrC1=CN=CC=C1,12.60415393
0b6281a8ddfffd5f,FullCV_01,2047,CC(C)C(C=C(C(C)C)C=C1C(C)C)=C1C2=C(P([C@@]3(C[C@@H]4C5)C[C@H](C4)C[C@H]5C3)[C@]6(C7)C[C@@H](C[C@@H]7C8)C[C@@H]8C6)C(OC)=CC=C2OC,O=C(OC)C1=CC=NO1,CN1CCCN2C1=NCCC2,BrC1=CC=C(CC)C=C1,29.36083658
54a633c809f12511,FullCV_01,2048,CC(C)C(C=C(C(C)C)C=C1C(C)C)=C1C2=C(P(C3CCCCC3)C4CCCCC4)C=CC=C2,CC1=CC=NO1,CN(C)P(N(C)C)(N(C)C)=NP(N(C)C)(N(C)C)=NCC,ClC1=CC=C(C(F)(F)F)C=C1,11.59050003
4c8b8d607a7d9927,FullCV_01,2049,CC(C)C(C=C(C(C)C)C=C1C(C)C)=C1C2=C(P(C3CCCCC3)C4CCCCC4)C=CC=C2,CC1=NOC(C2=CC=CC=C2)=C1,CN1CCCN2C1=NCCC2,IC1=CC=C(CC)C=C1,53.84533811
c8a7d9e7e35cd843,FullCV_01,2050,CC(C)C(C=C(C(C)C)C=C1C(C)C)=C1C2=C(P([C@@]3(C[C@@H]4C5)C[C@H](C4)C[C@H]5C3)[C@]6(C7)C[C@@H](C[C@@H]7C8)C[C@@H]8C6)C(OC)=CC=C2OC,CC1=NOC(C2=CC=CC=C2)=C1,CC(C)(C)/N=C(N(C)C)/N(C)C,BrC1=CC=C(OC)C=C1,32.36655355
2b7cbc37f5db9560,FullCV_01,2051,CC(C)C(C=C(C(C)C)C=C1C(C)C)=C1C2=C(P(C(C)(C)C)C(C)(C)C)C(OC)=CC=C2OC,COC1=NOC(C(OCC)=O)=C1,CN1CCCN2C1=NCCC2,IC1=CC=C(CC)C=C1,71.83207772
80ee3ad6346f2746,FullCV_01,2052,CC(C)C(C=C(C(C)C)C=C1C(C)C)=C1C2=C(P(C3CCCCC3)C4CCCCC4)C=CC=C2,FC(C=CC=C1F)=C1C2=CC=NO2,CN(C)P(N(C)C)(N(C)C)=NP(N(C)C)(N(C)C)=NCC,ClC1=NC=CC=C1,12.25099464
731684b7952e573d,FullCV_01,2053,CC(C)C(C=C(C(C)C)C=C1C(C)C)=C1C2=C(P(C(C)(C)C)C(C)(C)C)C(OC)=CC=C2OC,C1(N(CC2=CC=CC=C2)CC3=CC=CC=C3)=NOC=C1,CC(C)(C)/N=C(N(C)C)/N(C)C,IC1=NC=CC=C1,60.412252
76400ff15233136e,FullCV_01,2054,CC(C)C(C=C(C(C)C)C=C1C(C)C)=C1C2=C(P(C3CCCCC3)C4CCCCC4)C=CC=C2,O=C(OC)C1=NOC(C2=CC=CO2)=C1,CN(C)P(N(C)C)(N(C)C)=NP(N(C)C)(N(C)C)=NCC,BrC1=CC=C(C(F)(F)F)C=C1,19.22189421
b6dc0a1ed5fa7af0,FullCV_01,2055,CC(C)C(C=C(C(C)C)C=C1C(C)C)=C1C2=C(P(C3CCCCC3)C4CCCCC4)C=CC=C2,FC(C=CC=C1F)=C1C2=CC=NO2,CN(C)P(N(C)C)(N(C)C)=NP(N(C)C)(N(C)C)=NCC,IC1=CC=C(OC)C=C1,6.654637209
2658e8036ca628fe,FullCV_01,2056,CC(C)C(C=C(C(C)C)C=C1C(C)C)=C1C2=C(P(C(C)(C)C)C(C)(C)C)C(OC)=CC=C2OC,CC1=CC(N2C=CC=C2)=NO1,CC(C)(C)/N=C(N(C)C)/N(C)C,IC1=CC=C(OC)C=C1,41.07404232
fceb7e932c06e3d9,FullCV_01,2057,CC(C)C(C=C(C(C)C)C=C1C(C)C)=C1C2=C(P([C@@]3(C[C@@H]4C5)C[C@H](C4)C[C@H]5C3)[C@]6(C7)C[C@@H](C[C@@H]7C8)C[C@@H]8C6)C(OC)=CC=C2OC,CC1=NOC=C1,CN1CCCN2C1=NCCC2,IC1=CC=C(C(F)(F)F)C=C1,55.56585889
6634c5da888a6b03,FullCV_01,2058,CC(C)C(C=C(C(C)C)C=C1C(C)C)=C1C2=C(P(C(C)(C)C)C(C)(C)C)C(OC)=CC=C2OC,O=C(OC)C1=NOC(C2=CC=CO2)=C1,CN1CCCN2C1=NCCC2,ClC1=CC=C(OC)C=C1,0.0
2ef61ddac9d52665,FullCV_01,2059,CC(C)C(C=C(C(C)C)C=C1C(C)C)=C1C2=C(P(C(C)(C)C)C(C)(C)C)C(OC)=CC=C2OC,CC1=NOC=C1,CN(C)P(N(C)C)(N(C)C)=NP(N(C)C)(N(C)C)=NCC,BrC1=CC=C(C(F)(F)F)C=C1,23.78240992
02bc19a7aea9acfc,FullCV_01,2060,CC(C)C(C=C(C(C)C)C=C1C(C)C)=C1C2=C(P(C(C)(C)C)C(C)(C)C)C(OC)=CC=C2OC,C1(N(CC2=CC=CC=C2)CC3=CC=CC=C3)=NOC=C1,CC(C)(C)/N=C(N(C)C)/N(C)C,ClC1=CN=CC=C1,32.73462184
ecd9e960299691c0,FullCV_01,2061,CC(C)C(C=C(C(C)C)C=C1C(C)C)=C1C2=C(P(C(C)(C)C)C(C)(C)C)C(OC)=CC=C2OC,CC1=CC=NO1,CC(C)(C)/N=C(N(C)C)/N(C)C,ClC1=NC=CC=C1,42.31281665
6e6a7ccb1e5cca6a,FullCV_01,2062,CC(C)C(C=C(C(C)C)C=C1C(C)C)=C1C2=C(P(C(C)(C)C)C(C)(C)C)C(OC)=CC=C2OC,CC1=CC(C)=NO1,CC(C)(C)/N=C(N(C)C)/N(C)C,ClC1=CN=CC=C1,21.23653704
bb15bb2d2d0b7b11,FullCV_01,2063,CC(C)C(C=C(C(C)C)C=C1C(C)C)=C1C2=C(P(C3CCCCC3)C4CCCCC4)C=CC=C2,C12=C(C=CC=C2)ON=C1,CN(C)P(N(C)C)(N(C)C)=NP(N(C)C)(N(C)C)=NCC,IC1=CC=C(CC)C=C1,34.29689514
20b8c3370dae6b5c,FullCV_01,2064,CC(C)C(C=C(C(C)C)C=C1C(C)C)=C1C2=C(P(C(C)(C)C)C(C)(C)C)C=CC=C2,CCOC(C1=NOC=C1)=O,CN(C)P(N(C)C)(N(C)C)=NP(N(C)C)(N(C)C)=NCC,BrC1=CC=C(OC)C=C1,0.801086523
41625683e8b26e61,FullCV_01,2065,CC(C)C(C=C(C(C)C)C=C1C(C)C)=C1C2=C(P(C3CCCCC3)C4CCCCC4)C=CC=C2,CC1=CC(C)=NO1,CC(C)(C)/N=C(N(C)C)/N(C)C,ClC1=CC=C(CC)C=C1,3.019148584
d22727f51eae3a5c,FullCV_01,2066,CC(C)C(C=C(C(C)C)C=C1C(C)C)=C1C2=C(P(C(C)(C)C)C(C)(C)C)C(OC)=CC=C2OC,O=C(OC)C1=NOC(C2=CC=CS2)=C1,CC(C)(C)/N=C(N(C)C)/N(C)C,ClC1=CN=CC=C1,2.68455705
e6f98c4acea92871,FullCV_01,2067,CC(C)C(C=C(C(C)C)C=C1C(C)C)=C1C2=C(P(C3CCCCC3)C4CCCCC4)C=CC=C2,C1(C2=CC=CC=C2)=CON=C1,CC(C)(C)/N=C(N(C)C)/N(C)C,IC1=NC=CC=C1,41.96438983
f8c6840156be288e,FullCV_01,2068,CC(C)C(C=C(C(C)C)C=C1C(C)C)=C1C2=C(P([C@@]3(C[C@@H]4C5)C[C@H](C4)C[C@H]5C3)[C@]6(C7)C[C@@H](C[C@@H]7C8)C[C@@H]8C6)C(OC)=CC=C2OC,COC1=NOC(C(OCC)=O)=C1,CN1CCCN2C1=NCCC2,BrC1=CC=C(OC)C=C1,32.33228249
87eb9ffe2b59ee87,FullCV_01,2069,CC(C)C(C=C(C(C)C)C=C1C(C)C)=C1C2=C(P([C@@]3(C[C@@H]4C5)C[C@H](C4)C[C@H]5C3)[C@]6(C7)C[C@@H](C[C@@H]7C8)C[C@@H]8C6)C(OC)=CC=C2OC,CC1=CC(C(OCC)=O)=NO1,CC(C)(C)/N=C(N(C)C)/N(C)C,BrC1=CN=CC=C1,69.81626316
9475c70e9797c75f,FullCV_01,2070,CC(C)C(C=C(C(C)C)C=C1C(C)C)=C1C2=C(P(C3CCCCC3)C4CCCCC4)C=CC=C2,CC1=CC=NO1,CN1CCCN2C1=NCCC2,IC1=CN=CC=C1,29.06844689
c347e15e5f6dee7d,FullCV_01,2071,CC(C)C(C=C(C(C)C)C=C1C(C)C)=C1C2=C(P(C(C)(C)C)C(C)(C)C)C(OC)=CC=C2OC,O=C(OC)C1=NOC(C2=CC=CS2)=C1,CC(C)(C)/N=C(N(C)C)/N(C)C,ClC1=CC=C(C(F)(F)F)C=C1,6.090802245
154b0add63b18ba3,FullCV_01,2072,CC(C)C(C=C(C(C)C)C=C1C(C)C)=C1C2=C(P(C3CCCCC3)C4CCCCC4)C=CC=C2,CC1=C(C(OCC)=O)C=NO1,CN1CCCN2C1=NCCC2,BrC1=CC=C(OC)C=C1,5.298016227
6c4ad44fb844a0b2,FullCV_01,2073,CC(C)C(C=C(C(C)C)C=C1C(C)C)=C1C2=C(P(C(C)(C)C)C(C)(C)C)C=CC=C2,O=C(OC)C1=NOC(C2=CC=CS2)=C1,CN(C)P(N(C)C)(N(C)C)=NP(N(C)C)(N(C)C)=NCC,ClC1=CC=C(CC)C=C1,0.860295656
e316d05d55ea7e18,FullCV_01,2074,CC(C)C(C=C(C(C)C)C=C1C(C)C)=C1C2=C(P([C@@]3(C[C@@H]4C5)C[C@H](C4)C[C@H]5C3)[C@]6(C7)C[C@@H](C[C@@H]7C8)C[C@@H]8C6)C(OC)=CC=C2OC,CC1=CC(N2C=CC=C2)=NO1,CN(C)P(N(C)C)(N(C)C)=NP(N(C)C)(N(C)C)=NCC,ClC1=CC=C(OC)C=C1,0.0
1243c487cd969b2d,FullCV_01,2075,CC(C)C(C=C(C(C)C)C=C1C(C)C)=C1C2=C(P(C(C)(C)C)C(C)(C)C)C=CC=C2,C1(C2=CC=CC=C2)=NOC=C1,CN(C)P(N(C)C)(N(C)C)=NP(N(C)C)(N(C)C)=NCC,IC1=CN=CC=C1,1.834161249
300c385b82bb7b31,FullCV_01,2076,CC(C)C(C=C(C(C)C)C=C1C(C)C)=C1C2=C(P(C3CCCCC3)C4CCCCC4)C=CC=C2,CC1=NOC(C(OCC)=O)=C1,CN(C)P(N(C)C)(N(C)C)=NP(N(C)C)(N(C)C)=NCC,IC1=CC=C(C(F)(F)F)C=C1,43.31814591
3d561977aa5407a6,FullCV_01,2077,CC(C)C(C=C(C(C)C)C=C1C(C)C)=C1C2=C(P([C@@]3(C[C@@H]4C5)C[C@H](C4)C[C@H]5C3)[C@]6(C7)C[C@@H](C[C@@H]7C8)C[C@@H]8C6)C(OC)=CC=C2OC,O=C(OC)C1=NOC(C2=CC=CO2)=C1,CN1CCCN2C1=NCCC2,ClC1=CN=CC=C1,1.573799128
b260ca71b2587c23,FullCV_01,2078,CC(C)C(C=C(C(C)C)C=C1C(C)C)=C1C2=C(P(C3CCCCC3)C4CCCCC4)C=CC=C2,O=C(OC)C1=NOC(C2=CC=CO2)=C1,CC(C)(C)/N=C(N(C)C)/N(C)C,IC1=CC=C(CC)C=C1,20.51920273
402b167785f09df4,FullCV_01,2079,CC(C)C(C=C(C(C)C)C=C1C(C)C)=C1C2=C(P(C(C)(C)C)C(C)(C)C)C(OC)=CC=C2OC,CC1=CC(N2C=CC=C2)=NO1,CC(C)(C)/N=C(N(C)C)/N(C)C,BrC1=CC=C(C(F)(F)F)C=C1,38.14083048
f765abe39c5f4225,FullCV_01,2080,CC(C)C(C=C(C(C)C)C=C1C(C)C)=C1C2=C(P([C@@]3(C[C@@H]4C5)C[C@H](C4)C[C@H]5C3)[C@]6(C7)C[C@@H](C[C@@H]7C8)C[C@@H]8C6)C(OC)=CC=C2OC,CC1=NOC=C1,CN1CCCN2C1=NCCC2,IC1=CC=C(CC)C=C1,83.05466982
bedbde26984accf6,FullCV_01,2081,CC(C)C(C=C(C(C)C)C=C1C(C)C)=C1C2=C(P(C3CCCCC3)C4CCCCC4)C=CC=C2,C1(C2=CC=CC=C2)=CON=C1,CN1CCCN2C1=NCCC2,IC1=CC=C(OC)C=C1,7.774794319
c051ca11c78cce63,FullCV_01,2082,CC(C)C(C=C(C(C)C)C=C1C(C)C)=C1C2=C(P(C(C)(C)C)C(C)(C)C)C(OC)=CC=C2OC,C1(C2=CC=CC=C2)=CC=NO1,CC(C)(C)/N=C(N(C)C)/N(C)C,IC1=CC=C(CC)C=C1,72.31351298
95d3afe788ef51cd,FullCV_01,2083,CC(C)C(C=C(C(C)C)C=C1C(C)C)=C1C2=C(P([C@@]3(C[C@@H]4C5)C[C@H](C4)C[C@H]5C3)[C@]6(C7)C[C@@H](C[C@@H]7C8)C[C@@H]8C6)C(OC)=CC=C2OC,CCOC(C1=NOC=C1)=O,CN(C)P(N(C)C)(N(C)C)=NP(N(C)C)(N(C)C)=NCC,IC1=NC=CC=C1,17.5357483
67229457494bf692,FullCV_01,2084,CC(C)C(C=C(C(C)C)C=C1C(C)C)=C1C2=C(P([C@@]3(C[C@@H]4C5)C[C@H](C4)C[C@H]5C3)[C@]6(C7)C[C@@H](C[C@@H]7C8)C[C@@H]8C6)C(OC)=CC=C2OC,FC(C=CC=C1F)=C1C2=CC=NO2,CC(C)(C)/N=C(N(C)C)/N(C)C,BrC1=CN=CC=C1,36.92601799
f5d3e0dd47e8f98b,FullCV_01,2085,CC(C)C(C=C(C(C)C)C=C1C(C)C)=C1C2=C(P(C(C)(C)C)C(C)(C)C)C=CC=C2,C1(N(CC2=CC=CC=C2)CC3=CC=CC=C3)=NOC=C1,CN1CCCN2C1=NCCC2,IC1=CC=C(C(F)(F)F)C=C1,41.55598689
a97232487839eb70,FullCV_01,2086,CC(C)C(C=C(C(C)C)C=C1C(C)C)=C1C2=C(P(C(C)(C)C)C(C)(C)C)C=CC=C2,FC(C=CC=C1F)=C1C2=CC=NO2,CN(C)P(N(C)C)(N(C)C)=NP(N(C)C)(N(C)C)=NCC,ClC1=CN=CC=C1,16.87891597
80e4a5d522c0be74,FullCV_01,2087,CC(C)C(C=C(C(C)C)C=C1C(C)C)=C1C2=C(P(C(C)(C)C)C(C)(C)C)C=CC=C2,CC1=NOC(C(OCC)=O)=C1,CC(C)(C)/N=C(N(C)C)/N(C)C,IC1=CC=C(CC)C=C1,80.90409924
04690cf54dcf7709,FullCV_01,2088,CC(C)C(C=C(C(C)C)C=C1C(C)C)=C1C2=C(P(C(C)(C)C)C(C)(C)C)C=CC=C2,C1(N(CC2=CC=CC=C2)CC3=CC=CC=C3)=NOC=C1,CC(C)(C)/N=C(N(C)C)/N(C)C,BrC1=CC=C(OC)C=C1,57.95486785
d359e94fc216e27a,FullCV_01,2089,CC(C)C(C=C(C(C)C)C=C1C(C)C)=C1C2=C(P([C@@]3(C[C@@H]4C5)C[C@H](C4)C[C@H]5C3)[C@]6(C7)C[C@@H](C[C@@H]7C8)C[C@@H]8C6)C(OC)=CC=C2OC,C12=CON=C1C=CC=C2,CN(C)P(N(C)C)(N(C)C)=NP(N(C)C)(N(C)C)=NCC,IC1=CC=C(CC)C=C1,7.957289224
64a923883dd80313,FullCV_01,2090,CC(C)C(C=C(C(C)C)C=C1C(C)C)=C1C2=C(P(C(C)(C)C)C(C)(C)C)C=CC=C2,C1(N(CC2=CC=CC=C2)CC3=CC=CC=C3)=CC=NO1,CN(C)P(N(C)C)(N(C)C)=NP(N(C)C)(N(C)C)=NCC,IC1=NC=CC=C1,60.63710952
bc988447248e5d46,FullCV_01,2091,CC(C)C(C=C(C(C)C)C=C1C(C)C)=C1C2=C(P(C(C)(C)C)C(C)(C)C)C=CC=C2,CC1=CC(C(OCC)=O)=NO1,CC(C)(C)/N=C(N(C)C)/N(C)C,BrC1=CC=C(C(F)(F)F)C=C1,44.81754321
bc6b24be9fe96051,FullCV_01,2092,CC(C)C(C=C(C(C)C)C=C1C(C)C)=C1C2=C(P(C3CCCCC3)C4CCCCC4)C=CC=C2,C12=C(C=CC=C2)ON=C1,CN(C)P(N(C)C)(N(C)C)=NP(N(C)C)(N(C)C)=NCC,ClC1=CC=C(OC)C=C1,0.850358426
a4040368351cdd93,FullCV_01,2093,CC(C)C(C=C(C(C)C)C=C1C(C)C)=C1C2=C(P([C@@]3(C[C@@H]4C5)C[C@H](C4)C[C@H]5C3)[C@]6(C7)C[C@@H](C[C@@H]7C8)C[C@@H]8C6)C(OC)=CC=C2OC,C1(C2=CC=CC=C2)=NOC=C1,CN1CCCN2C1=NCCC2,IC1=CC=C(C(F)(F)F)C=C1,55.16379105
a0bb3628aba2d24e,FullCV_01,2094,CC(C)C(C=C(C(C)C)C=C1C(C)C)=C1C2=C(P([C@@]3(C[C@@H]4C5)C[C@H](C4)C[C@H]5C3)[C@]6(C7)C[C@@H](C[C@@H]7C8)C[C@@H]8C6)C(OC)=CC=C2OC,C1(C2=CC=CC=C2)=CC=NO1,CN1CCCN2C1=NCCC2,IC1=CC=C(OC)C=C1,53.14523882
8123934e80ddd83b,FullCV_01,2095,CC(C)C(C=C(C(C)C)C=C1C(C)C)=C1C2=C(P(C(C)(C)C)C(C)(C)C)C=CC=C2,CC1=CC(C)=NO1,CN(C)P(N(C)C)(N(C)C)=NP(N(C)C)(N(C)C)=NCC,ClC1=CC=C(OC)C=C1,2.048615833
5b7b4d84e4443cf6,FullCV_01,2096,CC(C)C(C=C(C(C)C)C=C1C(C)C)=C1C2=C(P([C@@]3(C[C@@H]4C5)C[C@H](C4)C[C@H]5C3)[C@]6(C7)C[C@@H](C[C@@H]7C8)C[C@@H]8C6)C(OC)=CC=C2OC,C12=CON=C1C=CC=C2,CC(C)(C)/N=C(N(C)C)/N(C)C,IC1=CC=C(CC)C=C1,16.33859929
7ce2fa6cbbfcc8cc,FullCV_01,2097,CC(C)C(C=C(C(C)C)C=C1C(C)C)=C1C2=C(P([C@@]3(C[C@@H]4C5)C[C@H](C4)C[C@H]5C3)[C@]6(C7)C[C@@H](C[C@@H]7C8)C[C@@H]8C6)C(OC)=CC=C2OC,CC1=NOC=C1,CN(C)P(N(C)C)(N(C)C)=NP(N(C)C)(N(C)C)=NCC,IC1=CC=C(OC)C=C1,57.08877056
c6061ea8c923b491,FullCV_01,2098,CC(C)C(C=C(C(C)C)C=C1C(C)C)=C1C2=C(P([C@@]3(C[C@@H]4C5)C[C@H](C4)C[C@H]5C3)[C@]6(C7)C[C@@H](C[C@@H]7C8)C[C@@H]8C6)C(OC)=CC=C2OC,O=C(OC)C1=NOC(C2=CC=CO2)=C1,CC(C)(C)/N=C(N(C)C)/N(C)C,BrC1=CC=C(CC)C=C1,37.99056967
0a3737d75f92fd58,FullCV_01,2099,CC(C)C(C=C(C(C)C)C=C1C(C)C)=C1C2=C(P(C(C)(C)C)C(C)(C)C)C(OC)=CC=C2OC,CC1=NOC(C(OCC)=O)=C1,CN(C)P(N(C)C)(N(C)C)=NP(N(C)C)(N(C)C)=NCC,ClC1=CC=C(OC)C=C1,0.0
280e7d186d2e46c4,FullCV_01,2100,CC(C)C(C=C(C(C)C)C=C1C(C)C)=C1C2=C(P(C3CCCCC3)C4CCCCC4)C=CC=C2,C12=CON=C1C=CC=C2,CN1CCCN2C1=NCCC2,IC1=NC=CC=C1,46.08846314
5f884404113dba6f,FullCV_01,2101,CC(C)C(C=C(C(C)C)C=C1C(C)C)=C1C2=C(P(C3CCCCC3)C4CCCCC4)C=CC=C2,CC1=NOC(C(OCC)=O)=C1,CN(C)P(N(C)C)(N(C)C)=NP(N(C)C)(N(C)C)=NCC,IC1=CC=C(OC)C=C1,37.56535564
8420de3b193f41bd,FullCV_01,2102,CC(C)C(C=C(C(C)C)C=C1C(C)C)=C1C2=C(P(C3CCCCC3)C4CCCCC4)C=CC=C2,CC1=CC=NO1,CC(C)(C)/N=C(N(C)C)/N(C)C,BrC1=CN=CC=C1,21.4669222
19804f8029ee4a54,FullCV_01,2103,CC(C)C(C=C(C(C)C)C=C1C(C)C)=C1C2=C(P(C3CCCCC3)C4CCCCC4)C=CC=C2,O=C(OC)C1=CC=NO1,CN(C)P(N(C)C)(N(C)C)=NP(N(C)C)(N(C)C)=NCC,IC1=NC=CC=C1,10.13794025
dd592dccaded774b,FullCV_01,2104,CC(C)C(C=C(C(C)C)C=C1C(C)C)=C1C2=C(P([C@@]3(C[C@@H]4C5)C[C@H](C4)C[C@H]5C3)[C@]6(C7)C[C@@H](C[C@@H]7C8)C[C@@H]8C6)C(OC)=CC=C2OC,C1(N(CC2=CC=CC=C2)CC3=CC=CC=C3)=NOC=C1,CC(C)(C)/N=C(N(C)C)/N(C)C,IC1=CC=C(CC)C=C1,63.99950596
52124675b516b58d,FullCV_01,2105,CC(C)C(C=C(C(C)C)C=C1C(C)C)=C1C2=C(P(C(C)(C)C)C(C)(C)C)C=CC=C2,COC1=NOC(C(OCC)=O)=C1,CN1CCCN2C1=NCCC2,BrC1=CC=C(CC)C=C1,67.97015702
4b32574d0623ace9,FullCV_01,2106,CC(C)C(C=C(C(C)C)C=C1C(C)C)=C1C2=C(P(C3CCCCC3)C4CCCCC4)C=CC=C2,C12=CON=C1C=CC=C2,CC(C)(C)/N=C(N(C)C)/N(C)C,BrC1=CC=C(C(F)(F)F)C=C1,3.342369627
e619e0bc794c79cc,FullCV_01,2107,CC(C)C(C=C(C(C)C)C=C1C(C)C)=C1C2=C(P(C(C)(C)C)C(C)(C)C)C(OC)=CC=C2OC,C1(C2=CC=CC=C2)=CC=NO1,CN1CCCN2C1=NCCC2,BrC1=NC=CC=C1,85.4419715
71c6d4f01d579d9a,FullCV_01,2108,CC(C)C(C=C(C(C)C)C=C1C(C)C)=C1C2=C(P([C@@]3(C[C@@H]4C5)C[C@H](C4)C[C@H]5C3)[C@]6(C7)C[C@@H](C[C@@H]7C8)C[C@@H]8C6)C(OC)=CC=C2OC,CC1=NOC(C2=CC=CC=C2)=C1,CC(C)(C)/N=C(N(C)C)/N(C)C,IC1=CN=CC=C1,64.80074025
d495723d142bee73,FullCV_01,2109,CC(C)C(C=C(C(C)C)C=C1C(C)C)=C1C2=C(P(C(C)(C)C)C(C)(C)C)C(OC)=CC=C2OC,CCOC(C1=CON=C1)=O,CC(C)(C)/N=C(N(C)C)/N(C)C,BrC1=CC=C(C(F)(F)F)C=C1,2.069098233
611d5fcfa73fccaf,FullCV_01,2110,CC(C)C(C=C(C(C)C)C=C1C(C)C)=C1C2=C(P(C(C)(C)C)C(C)(C)C)C(OC)=CC=C2OC,O=C(OC)C1=NOC(C2=CC=CS2)=C1,CC(C)(C)/N=C(N(C)C)/N(C)C,IC1=CC=C(CC)C=C1,65.44832937
6e134027faba46ad,FullCV_01,2111,CC(C)C(C=C(C(C)C)C=C1C(C)C)=C1C2=C(P(C(C)(C)C)C(C)(C)C)C=CC=C2,CC1=NOC(C(OCC)=O)=C1,CC(C)(C)/N=C(N(C)C)/N(C)C,ClC1=CC=C(C(F)(F)F)C=C1,7.837919121
7cebc3bcfbc7b4b6,FullCV_01,2112,CC(C)C(C=C(C(C)C)C=C1C(C)C)=C1C2=C(P(C(C)(C)C)C(C)(C)C)C(OC)=CC=C2OC,FC(C=CC=C1F)=C1C2=CC=NO2,CC(C)(C)/N=C(N(C)C)/N(C)C,IC1=CC=C(C(F)(F)F)C=C1,33.6420654
6e6a5eabef637c20,FullCV_01,2113,CC(C)C(C=C(C(C)C)C=C1C(C)C)=C1C2=C(P([C@@]3(C[C@@H]4C5)C[C@H](C4)C[C@H]5C3)[C@]6(C7)C[C@@H](C[C@@H]7C8)C[C@@H]8C6)C(OC)=CC=C2OC,CC1=NOC=C1,CN(C)P(N(C)C)(N(C)C)=NP(N(C)C)(N(C)C)=NCC,IC1=CC=C(C(F)(F)F)C=C1,36.64285561
b56127a87500a4d1,FullCV_01,2114,CC(C)C(C=C(C(C)C)C=C1C(C)C)=C1C2=C(P(C(C)(C)C)C(C)(C)C)C(OC)=CC=C2OC,CC1=CC=NO1,CN(C)P(N(C)C)(N(C)C)=NP(N(C)C)(N(C)C)=NCC,IC1=CC=C(OC)C=C1,9.685019183
a1194d615cacc46c,FullCV_01,2115,CC(C)C(C=C(C(C)C)C=C1C(C)C)=C1C2=C(P([C@@]3(C[C@@H]4C5)C[C@H](C4)C[C@H]5C3)[C@]6(C7)C[C@@H](C[C@@H]7C8)C[C@@H]8C6)C(OC)=CC=C2OC,C1(C2=CC=CC=C2)=CON=C1,CN(C)P(N(C)C)(N(C)C)=NP(N(C)C)(N(C)C)=NCC,ClC1=CC=C(CC)C=C1,6.264897465
3004b51a9449f6fb,FullCV_01,2116,CC(C)C(C=C(C(C)C)C=C1C(C)C)=C1C2=C(P(C3CCCCC3)C4CCCCC4)C=CC=C2,CC1=CC(C)=NO1,CC(C)(C)/N=C(N(C)C)/N(C)C,ClC1=CN=CC=C1,14.0670777
bd2596053cd451f3,FullCV_01,2117,CC(C)C(C=C(C(C)C)C=C1C(C)C)=C1C2=C(P(C3CCCCC3)C4CCCCC4)C=CC=C2,CC1=NOC=C1,CN1CCCN2C1=NCCC2,BrC1=CC=C(CC)C=C1,42.32124218
7e13441a7a7287f5,FullCV_01,2118,CC(C)C(C=C(C(C)C)C=C1C(C)C)=C1C2=C(P(C(C)(C)C)C(C)(C)C)C=CC=C2,O=C(OC)C1=NOC(C2=CC=CO2)=C1,CN(C)P(N(C)C)(N(C)C)=NP(N(C)C)(N(C)C)=NCC,ClC1=CC=C(C(F)(F)F)C=C1,17.50108516
ad37f5f72f2982ff,FullCV_01,2119,CC(C)C(C=C(C(C)C)C=C1C(C)C)=C1C2=C(P(C3CCCCC3)C4CCCCC4)C=CC=C2,C1(N(CC2=CC=CC=C2)CC3=CC=CC=C3)=CC=NO1,CC(C)(C)/N=C(N(C)C)/N(C)C,IC1=CN=CC=C1,9.091321628
957e103b2b008bbb,FullCV_01,2120,CC(C)C(C=C(C(C)C)C=C1C(C)C)=C1C2=C(P(C(C)(C)C)C(C)(C)C)C(OC)=CC=C2OC,O=C(OC)C1=CC=NO1,CC(C)(C)/N=C(N(C)C)/N(C)C,IC1=CC=C(C(F)(F)F)C=C1,28.77460219
38826221a4686024,FullCV_01,2121,CC(C)C(C=C(C(C)C)C=C1C(C)C)=C1C2=C(P(C(C)(C)C)C(C)(C)C)C(OC)=CC=C2OC,CC1=NOC(C2=CC=CC=C2)=C1,CC(C)(C)/N=C(N(C)C)/N(C)C,ClC1=NC=CC=C1,56.33395035
6bb403e74311e9cf,FullCV_01,2122,CC(C)C(C=C(C(C)C)C=C1C(C)C)=C1C2=C(P(C(C)(C)C)C(C)(C)C)C(OC)=CC=C2OC,C12=C(C=CC=C2)ON=C1,CN1CCCN2C1=NCCC2,BrC1=NC=CC=C1,85.13318487
df6ca16055193982,FullCV_01,2123,CC(C)C(C=C(C(C)C)C=C1C(C)C)=C1C2=C(P(C3CCCCC3)C4CCCCC4)C=CC=C2,FC(C=CC=C1F)=C1C2=CC=NO2,CN1CCCN2C1=NCCC2,IC1=CC=C(OC)C=C1,5.371995824
3868150bc267ab02,FullCV_01,2124,CC(C)C(C=C(C(C)C)C=C1C(C)C)=C1C2=C(P(C3CCCCC3)C4CCCCC4)C=CC=C2,CCOC(C1=CON=C1)=O,CC(C)(C)/N=C(N(C)C)/N(C)C,ClC1=NC=CC=C1,0.0
2c2b6f9eed31d5d1,FullCV_01,2125,CC(C)C(C=C(C(C)C)C=C1C(C)C)=C1C2=C(P(C(C)(C)C)C(C)(C)C)C(OC)=CC=C2OC,C12=CON=C1C=CC=C2,CN1CCCN2C1=NCCC2,BrC1=CC=C(OC)C=C1,7.275251821
a0e75c4f2c3e0a1e,FullCV_01,2126,CC(C)C(C=C(C(C)C)C=C1C(C)C)=C1C2=C(P(C(C)(C)C)C(C)(C)C)C(OC)=CC=C2OC,C1(N(CC2=CC=CC=C2)CC3=CC=CC=C3)=NOC=C1,CN1CCCN2C1=NCCC2,ClC1=NC=CC=C1,90.99050642
e25c74e9182736ce,FullCV_01,2127,CC(C)C(C=C(C(C)C)C=C1C(C)C)=C1C2=C(P(C(C)(C)C)C(C)(C)C)C(OC)=CC=C2OC,CC1=NOC(C2=CC=CC=C2)=C1,CN1CCCN2C1=NCCC2,ClC1=CC=C(OC)C=C1,0.0
3dcbb90b519ebe9c,FullCV_01,2128,CC(C)C(C=C(C(C)C)C=C1C(C)C)=C1C2=C(P(C(C)(C)C)C(C)(C)C)C(OC)=CC=C2OC,COC1=NOC(C(OCC)=O)=C1,CN1CCCN2C1=NCCC2,IC1=NC=CC=C1,91.13914928
7c55fdfe30fc5577,FullCV_01,2129,CC(C)C(C=C(C(C)C)C=C1C(C)C)=C1C2=C(P([C@@]3(C[C@@H]4C5)C[C@H](C4)C[C@H]5C3)[C@]6(C7)C[C@@H](C[C@@H]7C8)C[C@@H]8C6)C(OC)=CC=C2OC,O=C(OC)C1=CC=NO1,CN1CCCN2C1=NCCC2,BrC1=CC=C(C(F)(F)F)C=C1,19.60222309
20296da8ca2870ce,FullCV_01,2130,CC(C)C(C=C(C(C)C)C=C1C(C)C)=C1C2=C(P([C@@]3(C[C@@H]4C5)C[C@H](C4)C[C@H]5C3)[C@]6(C7)C[C@@H](C[C@@H]7C8)C[C@@H]8C6)C(OC)=CC=C2OC,O=C(OC)C1=NOC(C2=CC=CO2)=C1,CN1CCCN2C1=NCCC2,BrC1=CN=CC=C1,61.50487524
c91c48343edcc2d1,FullCV_01,2131,CC(C)C(C=C(C(C)C)C=C1C(C)C)=C1C2=C(P(C3CCCCC3)C4CCCCC4)C=CC=C2,C1(N(CC2=CC=CC=C2)CC3=CC=CC=C3)=CC=NO1,CN1CCCN2C1=NCCC2,ClC1=CN=CC=C1,0.0
5f07d3f878ca12b6,FullCV_01,2132,CC(C)C(C=C(C(C)C)C=C1C(C)C)=C1C2=C(P(C(C)(C)C)C(C)(C)C)C=CC=C2,C1(N(CC2=CC=CC=C2)CC3=CC=CC=C3)=CC=NO1,CC(C)(C)/N=C(N(C)C)/N(C)C,BrC1=CC=C(C(F)(F)F)C=C1,7.321293774
46663604dacd4da7,FullCV_01,2133,CC(C)C(C=C(C(C)C)C=C1C(C)C)=C1C2=C(P([C@@]3(C[C@@H]4C5)C[C@H](C4)C[C@H]5C3)[C@]6(C7)C[C@@H](C[C@@H]7C8)C[C@@H]8C6)C(OC)=CC=C2OC,CC1=C(C(OCC)=O)C=NO1,CN(C)P(N(C)C)(N(C)C)=NP(N(C)C)(N(C)C)=NCC,IC1=CC=C(CC)C=C1,23.26106265
aed1fa3ccc8d0dc6,FullCV_01,2134,CC(C)C(C=C(C(C)C)C=C1C(C)C)=C1C2=C(P([C@@]3(C[C@@H]4C5)C[C@H](C4)C[C@H]5C3)[C@]6(C7)C[C@@H](C[C@@H]7C8)C[C@@H]8C6)C(OC)=CC=C2OC,C1(N(CC2=CC=CC=C2)CC3=CC=CC=C3)=CC=NO1,CN(C)P(N(C)C)(N(C)C)=NP(N(C)C)(N(C)C)=NCC,BrC1=CC=C(CC)C=C1,46.70548466
e44ef2a1395af87a,FullCV_01,2135,CC(C)C(C=C(C(C)C)C=C1C(C)C)=C1C2=C(P(C(C)(C)C)C(C)(C)C)C=CC=C2,COC1=NOC(C(OCC)=O)=C1,CC(C)(C)/N=C(N(C)C)/N(C)C,BrC1=CC=C(OC)C=C1,37.12675544
eceb153a13f38337,FullCV_01,2136,CC(C)C(C=C(C(C)C)C=C1C(C)C)=C1C2=C(P([C@@]3(C[C@@H]4C5)C[C@H](C4)C[C@H]5C3)[C@]6(C7)C[C@@H](C[C@@H]7C8)C[C@@H]8C6)C(OC)=CC=C2OC,CC1=CC(C)=NO1,CN(C)P(N(C)C)(N(C)C)=NP(N(C)C)(N(C)C)=NCC,BrC1=CC=C(OC)C=C1,45.98289688
3cc1d819358cdd4a,FullCV_01,2137,CC(C)C(C=C(C(C)C)C=C1C(C)C)=C1C2=C(P([C@@]3(C[C@@H]4C5)C[C@H](C4)C[C@H]5C3)[C@]6(C7)C[C@@H](C[C@@H]7C8)C[C@@H]8C6)C(OC)=CC=C2OC,CCOC(C1=CON=C1)=O,CN1CCCN2C1=NCCC2,BrC1=NC=CC=C1,35.36016156
99b0cd90da24d45a,FullCV_01,2138,CC(C)C(C=C(C(C)C)C=C1C(C)C)=C1C2=C(P(C(C)(C)C)C(C)(C)C)C=CC=C2,O=C(OC)C1=CC=NO1,CN1CCCN2C1=NCCC2,BrC1=CC=C(C(F)(F)F)C=C1,33.32323005
c74439f062cbeb19,FullCV_01,2139,CC(C)C(C=C(C(C)C)C=C1C(C)C)=C1C2=C(P(C3CCCCC3)C4CCCCC4)C=CC=C2,C12=C(C=CC=C2)ON=C1,CN(C)P(N(C)C)(N(C)C)=NP(N(C)C)(N(C)C)=NCC,IC1=CC=C(OC)C=C1,11.82938133
9cc1e6fdf347e437,FullCV_01,2140,CC(C)C(C=C(C(C)C)C=C1C(C)C)=C1C2=C(P(C(C)(C)C)C(C)(C)C)C=CC=C2,CC1=CC(C)=NO1,CN(C)P(N(C)C)(N(C)C)=NP(N(C)C)(N(C)C)=NCC,ClC1=NC=CC=C1,62.426823
d88de036cc0b1198,FullCV_01,2141,CC(C)C(C=C(C(C)C)C=C1C(C)C)=C1C2=C(P([C@@]3(C[C@@H]4C5)C[C@H](C4)C[C@H]5C3)[C@]6(C7)C[C@@H](C[C@@H]7C8)C[C@@H]8C6)C(OC)=CC=C2OC,C1(C2=CC=CC=C2)=CON=C1,CN1CCCN2C1=NCCC2,IC1=CC=C(CC)C=C1,74.16554821
970ef9d6ff96488e,FullCV_01,2142,CC(C)C(C=C(C(C)C)C=C1C(C)C)=C1C2=C(P(C(C)(C)C)C(C)(C)C)C(OC)=CC=C2OC,CC1=CC(C(OCC)=O)=NO1,CC(C)(C)/N=C(N(C)C)/N(C)C,ClC1=NC=CC=C1,70.28309787
2b9338e6f93cbcb5,FullCV_01,2143,CC(C)C(C=C(C(C)C)C=C1C(C)C)=C1C2=C(P([C@@]3(C[C@@H]4C5)C[C@H](C4)C[C@H]5C3)[C@]6(C7)C[C@@H](C[C@@H]7C8)C[C@@H]8C6)C(OC)=CC=C2OC,C12=CON=C1C=CC=C2,CN1CCCN2C1=NCCC2,BrC1=CC=C(C(F)(F)F)C=C1,6.9479336
0e2b608754440d1b,FullCV_01,2144,CC(C)C(C=C(C(C)C)C=C1C(C)C)=C1C2=C(P([C@@]3(C[C@@H]4C5)C[C@H](C4)C[C@H]5C3)[C@]6(C7)C[C@@H](C[C@@H]7C8)C[C@@H]8C6)C(OC)=CC=C2OC,O=C(OC)C1=CC=NO1,CC(C)(C)/N=C(N(C)C)/N(C)C,BrC1=CN=CC=C1,12.57405954
b728a1d42f6dd4e4,FullCV_01,2145,CC(C)C(C=C(C(C)C)C=C1C(C)C)=C1C2=C(P(C(C)(C)C)C(C)(C)C)C(OC)=CC=C2OC,C1(C2=CC=CC=C2)=CC=NO1,CC(C)(C)/N=C(N(C)C)/N(C)C,BrC1=CC=C(C(F)(F)F)C=C1,25.83457198
db520d2e0ba10c34,FullCV_01,2146,CC(C)C(C=C(C(C)C)C=C1C(C)C)=C1C2=C(P(C3CCCCC3)C4CCCCC4)C=CC=C2,C1(N(CC2=CC=CC=C2)CC3=CC=CC=C3)=NOC=C1,CC(C)(C)/N=C(N(C)C)/N(C)C,BrC1=CN=CC=C1,19.12422917
c5a659ba3cde380e,FullCV_01,2147,CC(C)C(C=C(C(C)C)C=C1C(C)C)=C1C2=C(P([C@@]3(C[C@@H]4C5)C[C@H](C4)C[C@H]5C3)[C@]6(C7)C[C@@H](C[C@@H]7C8)C[C@@H]8C6)C(OC)=CC=C2OC,CC1=C(C(OCC)=O)C=NO1,CC(C)(C)/N=C(N(C)C)/N(C)C,BrC1=CN=CC=C1,7.466671245
3b20a851574a8417,FullCV_01,2148,CC(C)C(C=C(C(C)C)C=C1C(C)C)=C1C2=C(P(C(C)(C)C)C(C)(C)C)C(OC)=CC=C2OC,C1(N(CC2=CC=CC=C2)CC3=CC=CC=C3)=NOC=C1,CN1CCCN2C1=NCCC2,ClC1=CN=CC=C1,36.05104123
ae8969e357a7d839,FullCV_01,2149,CC(C)C(C=C(C(C)C)C=C1C(C)C)=C1C2=C(P(C3CCCCC3)C4CCCCC4)C=CC=C2,CC1=CC=NO1,CN1CCCN2C1=NCCC2,ClC1=NC=CC=C1,26.31222578
06e418721f28b7f1,FullCV_01,2150,CC(C)C(C=C(C(C)C)C=C1C(C)C)=C1C2=C(P(C(C)(C)C)C(C)(C)C)C=CC=C2,C1(C2=CC=CC=C2)=CC=NO1,CN1CCCN2C1=NCCC2,ClC1=CC=C(OC)C=C1,2.942173839
4566615c02dbce5c,FullCV_01,2151,CC(C)C(C=C(C(C)C)C=C1C(C)C)=C1C2=C(P([C@@]3(C[C@@H]4C5)C[C@H](C4)C[C@H]5C3)[C@]6(C7)C[C@@H](C[C@@H]7C8)C[C@@H]8C6)C(OC)=CC=C2OC,CC1=C(C(OCC)=O)C=NO1,CC(C)(C)/N=C(N(C)C)/N(C)C,IC1=CN=CC=C1,17.36013023
15c07c5a746703a3,FullCV_01,2152,CC(C)C(C=C(C(C)C)C=C1C(C)C)=C1C2=C(P([C@@]3(C[C@@H]4C5)C[C@H](C4)C[C@H]5C3)[C@]6(C7)C[C@@H](C[C@@H]7C8)C[C@@H]8C6)C(OC)=CC=C2OC,C1(C2=CC=CC=C2)=NOC=C1,CC(C)(C)/N=C(N(C)C)/N(C)C,ClC1=CC=C(CC)C=C1,2.615785832
6776d24ec73efc3d,FullCV_01,2153,CC(C)C(C=C(C(C)C)C=C1C(C)C)=C1C2=C(P(C(C)(C)C)C(C)(C)C)C(OC)=CC=C2OC,C12=CON=C1C=CC=C2,CN1CCCN2C1=NCCC2,ClC1=CC=C(CC)C=C1,3.20619178
c643589c1e854df1,FullCV_01,2154,CC(C)C(C=C(C(C)C)C=C1C(C)C)=C1C2=C(P([C@@]3(C[C@@H]4C5)C[C@H](C4)C[C@H]5C3)[C@]6(C7)C[C@@H](C[C@@H]7C8)C[C@@H]8C6)C(OC)=CC=C2OC,CCOC(C1=NOC=C1)=O,CC(C)(C)/N=C(N(C)C)/N(C)C,IC1=CC=C(C(F)(F)F)C=C1,36.629676
7261739ce3cc5dc8,FullCV_01,2155,CC(C)C(C=C(C(C)C)C=C1C(C)C)=C1C2=C(P(C3CCCCC3)C4CCCCC4)C=CC=C2,O=C(OC)C1=CC=NO1,CC(C)(C)/N=C(N(C)C)/N(C)C,ClC1=CN=CC=C1,0.894637207
e031f64b2cd501f1,FullCV_01,2156,CC(C)C(C=C(C(C)C)C=C1C(C)C)=C1C2=C(P(C(C)(C)C)C(C)(C)C)C=CC=C2,CC1=CC(C(OCC)=O)=NO1,CN1CCCN2C1=NCCC2,IC1=CN=CC=C1,91.48509414
41f3b0d1adfd055f,FullCV_01,2157,CC(C)C(C=C(C(C)C)C=C1C(C)C)=C1C2=C(P([C@@]3(C[C@@H]4C5)C[C@H](C4)C[C@H]5C3)[C@]6(C7)C[C@@H](C[C@@H]7C8)C[C@@H]8C6)C(OC)=CC=C2OC,FC(C=CC=C1F)=C1C2=CC=NO2,CC(C)(C)/N=C(N(C)C)/N(C)C,IC1=CC=C(OC)C=C1,40.85999304
16761d057796541d,FullCV_01,2158,CC(C)C(C=C(C(C)C)C=C1C(C)C)=C1C2=C(P(C(C)(C)C)C(C)(C)C)C=CC=C2,CCOC(C1=NOC=C1)=O,CN(C)P(N(C)C)(N(C)C)=NP(N(C)C)(N(C)C)=NCC,IC1=CC=C(CC)C=C1,2.601590615
5e191ee304773c55,FullCV_01,2159,CC(C)C(C=C(C(C)C)C=C1C(C)C)=C1C2=C(P(C3CCCCC3)C4CCCCC4)C=CC=C2,CC1=CC(N2C=CC=C2)=NO1,CN(C)P(N(C)C)(N(C)C)=NP(N(C)C)(N(C)C)=NCC,IC1=NC=CC=C1,22.35512226
63e0bcf40e6d15de,FullCV_01,2160,CC(C)C(C=C(C(C)C)C=C1C(C)C)=C1C2=C(P(C(C)(C)C)C(C)(C)C)C(OC)=CC=C2OC,C1(N(CC2=CC=CC=C2)CC3=CC=CC=C3)=CC=NO1,CN1CCCN2C1=NCCC2,IC1=CC=C(OC)C=C1,47.11829387
f2e6c888bcc4cccc,FullCV_01,2161,CC(C)C(C=C(C(C)C)C=C1C(C)C)=C1C2=C(P(C3CCCCC3)C4CCCCC4)C=CC=C2,CCOC(C1=NOC=C1)=O,CN1CCCN2C1=NCCC2,IC1=CC=C(OC)C=C1,15.48048004
95c04243cdb591a6,FullCV_01,2162,CC(C)C(C=C(C(C)C)C=C1C(C)C)=C1C2=C(P(C(C)(C)C)C(C)(C)C)C=CC=C2,CCOC(C1=CON=C1)=O,CC(C)(C)/N=C(N(C)C)/N(C)C,ClC1=CC=C(OC)C=C1,0.0
2b84714e48fbf720,FullCV_01,2163,CC(C)C(C=C(C(C)C)C=C1C(C)C)=C1C2=C(P(C(C)(C)C)C(C)(C)C)C=CC=C2,O=C(OC)C1=NOC(C2=CC=CS2)=C1,CN1CCCN2C1=NCCC2,BrC1=CC=C(OC)C=C1,49.01650319
e14531f763d9148c,FullCV_01,2164,CC(C)C(C=C(C(C)C)C=C1C(C)C)=C1C2=C(P(C(C)(C)C)C(C)(C)C)C=CC=C2,C12=C(C=CC=C2)ON=C1,CC(C)(C)/N=C(N(C)C)/N(C)C,ClC1=CC=C(OC)C=C1,0.707045517
bf30db11b18b642d,FullCV_01,2165,CC(C)C(C=C(C(C)C)C=C1C(C)C)=C1C2=C(P(C3CCCCC3)C4CCCCC4)C=CC=C2,COC1=NOC(C(OCC)=O)=C1,CN1CCCN2C1=NCCC2,ClC1=NC=CC=C1,23.90935743
5732f69f531d5135,FullCV_01,2166,CC(C)C(C=C(C(C)C)C=C1C(C)C)=C1C2=C(P([C@@]3(C[C@@H]4C5)C[C@H](C4)C[C@H]5C3)[C@]6(C7)C[C@@H](C[C@@H]7C8)C[C@@H]8C6)C(OC)=CC=C2OC,CC1=CC(C(OCC)=O)=NO1,CN1CCCN2C1=NCCC2,BrC1=CC=C(CC)C=C1,81.22830675
e8d8b1f626e57a15,FullCV_01,2167,CC(C)C(C=C(C(C)C)C=C1C(C)C)=C1C2=C(P(C(C)(C)C)C(C)(C)C)C(OC)=CC=C2OC,C12=C(C=CC=C2)ON=C1,CN1CCCN2C1=NCCC2,ClC1=CC=C(OC)C=C1,0.710304987
379b8ad51e250bea,FullCV_01,2168,CC(C)C(C=C(C(C)C)C=C1C(C)C)=C1C2=C(P(C(C)(C)C)C(C)(C)C)C(OC)=CC=C2OC,CC1=CC(C(OCC)=O)=NO1,CN(C)P(N(C)C)(N(C)C)=NP(N(C)C)(N(C)C)=NCC,BrC1=NC=CC=C1,76.33612431
1bbc94ec664c215f,FullCV_01,2169,CC(C)C(C=C(C(C)C)C=C1C(C)C)=C1C2=C(P(C3CCCCC3)C4CCCCC4)C=CC=C2,FC(C=CC=C1F)=C1C2=CC=NO2,CN(C)P(N(C)C)(N(C)C)=NP(N(C)C)(N(C)C)=NCC,ClC1=CC=C(C(F)(F)F)C=C1,13.9614152
264d651c0b9859d5,FullCV_01,2170,CC(C)C(C=C(C(C)C)C=C1C(C)C)=C1C2=C(P(C(C)(C)C)C(C)(C)C)C=CC=C2,FC(C=CC=C1F)=C1C2=CC=NO2,CN1CCCN2C1=NCCC2,IC1=CN=CC=C1,79.16863895
61ce7bba24cbf5f8,FullCV_01,2171,CC(C)C(C=C(C(C)C)C=C1C(C)C)=C1C2=C(P(C(C)(C)C)C(C)(C)C)C(OC)=CC=C2OC,COC1=NOC(C(OCC)=O)=C1,CC(C)(C)/N=C(N(C)C)/N(C)C,ClC1=CN=CC=C1,2.790822418
c10b61abdfb42924,FullCV_01,2172,CC(C)C(C=C(C(C)C)C=C1C(C)C)=C1C2=C(P([C@@]3(C[C@@H]4C5)C[C@H](C4)C[C@H]5C3)[C@]6(C7)C[C@@H](C[C@@H]7C8)C[C@@H]8C6)C(OC)=CC=C2OC,O=C(OC)C1=NOC(C2=CC=CS2)=C1,CN1CCCN2C1=NCCC2,IC1=CC=C(CC)C=C1,69.61841713
0845cd0719b744b9,FullCV_01,2173,CC(C)C(C=C(C(C)C)C=C1C(C)C)=C1C2=C(P(C(C)(C)C)C(C)(C)C)C=CC=C2,CC1=NOC(C(OCC)=O)=C1,CN1CCCN2C1=NCCC2,ClC1=CC=C(CC)C=C1,0.646778821
02f8eda691f59372,FullCV_01,2174,CC(C)C(C=C(C(C)C)C=C1C(C)C)=C1C2=C(P(C(C)(C)C)C(C)(C)C)C=CC=C2,C12=C(C=CC=C2)ON=C1,CC(C)(C)/N=C(N(C)C)/N(C)C,IC1=CC=C(C(F)(F)F)C=C1,31.83731475
4a2707a1657ab748,FullCV_01,2175,CC(C)C(C=C(C(C)C)C=C1C(C)C)=C1C2=C(P(C3CCCCC3)C4CCCCC4)C=CC=C2,C1(N(CC2=CC=CC=C2)CC3=CC=CC=C3)=NOC=C1,CN1CCCN2C1=NCCC2,BrC1=CC=C(OC)C=C1,45.82883908
ae0a6f869c45dba0,FullCV_01,2176,CC(C)C(C=C(C(C)C)C=C1C(C)C)=C1C2=C(P(C3CCCCC3)C4CCCCC4)C=CC=C2,O=C(OC)C1=NOC(C2=CC=CS2)=C1,CC(C)(C)/N=C(N(C)C)/N(C)C,BrC1=NC=CC=C1,37.46429839
e192372bb9f4eb1c,FullCV_01,2177,CC(C)C(C=C(C(C)C)C=C1C(C)C)=C1C2=C(P(C3CCCCC3)C4CCCCC4)C=CC=C2,CC1=CC(C(OCC)=O)=NO1,CN1CCCN2C1=NCCC2,BrC1=CC=C(C(F)(F)F)C=C1,34.37725511
ab2a7d8c65afb1b7,FullCV_01,2178,CC(C)C(C=C(C(C)C)C=C1C(C)C)=C1C2=C(P([C@@]3(C[C@@H]4C5)C[C@H](C4)C[C@H]5C3)[C@]6(C7)C[C@@H](C[C@@H]7C8)C[C@@H]8C6)C(OC)=CC=C2OC,CCOC(C1=CON=C1)=O,CN(C)P(N(C)C)(N(C)C)=NP(N(C)C)(N(C)C)=NCC,IC1=CC=C(C(F)(F)F)C=C1,3.10979023
8bc756b40f5bc9e8,FullCV_01,2179,CC(C)C(C=C(C(C)C)C=C1C(C)C)=C1C2=C(P([C@@]3(C[C@@H]4C5)C[C@H](C4)C[C@H]5C3)[C@]6(C7)C[C@@H](C[C@@H]7C8)C[C@@H]8C6)C(OC)=CC=C2OC,CC1=C(C(OCC)=O)C=NO1,CC(C)(C)/N=C(N(C)C)/N(C)C,ClC1=CN=CC=C1,0.0
b2713be26792edd1,FullCV_01,2180,CC(C)C(C=C(C(C)C)C=C1C(C)C)=C1C2=C(P(C(C)(C)C)C(C)(C)C)C(OC)=CC=C2OC,O=C(OC)C1=NOC(C2=CC=CO2)=C1,CN(C)P(N(C)C)(N(C)C)=NP(N(C)C)(N(C)C)=NCC,BrC1=CC=C(CC)C=C1,63.52683766
837333c400184493,FullCV_01,2181,CC(C)C(C=C(C(C)C)C=C1C(C)C)=C1C2=C(P(C(C)(C)C)C(C)(C)C)C(OC)=CC=C2OC,C1(C2=CC=CC=C2)=CON=C1,CN1CCCN2C1=NCCC2,BrC1=CC=C(OC)C=C1,20.76458994
327742331a8d5412,FullCV_01,2182,CC(C)C(C=C(C(C)C)C=C1C(C)C)=C1C2=C(P(C(C)(C)C)C(C)(C)C)C=CC=C2,CC1=CC(N2C=CC=C2)=NO1,CN1CCCN2C1=NCCC2,IC1=CC=C(OC)C=C1,41.80838188
c9b31d7413cd80c5,FullCV_01,2183,CC(C)C(C=C(C(C)C)C=C1C(C)C)=C1C2=C(P([C@@]3(C[C@@H]4C5)C[C@H](C4)C[C@H]5C3)[C@]6(C7)C[C@@H](C[C@@H]7C8)C[C@@H]8C6)C(OC)=CC=C2OC,C1(N(CC2=CC=CC=C2)CC3=CC=CC=C3)=CC=NO1,CN1CCCN2C1=NCCC2,BrC1=CC=C(CC)C=C1,34.47263315
4a02c74e34687930,FullCV_01,2184,CC(C)C(C=C(C(C)C)C=C1C(C)C)=C1C2=C(P(C3CCCCC3)C4CCCCC4)C=CC=C2,C1(C2=CC=CC=C2)=CC=NO1,CN1CCCN2C1=NCCC2,BrC1=CN=CC=C1,14.16472216
b7871440d3820720,FullCV_01,2185,CC(C)C(C=C(C(C)C)C=C1C(C)C)=C1C2=C(P(C(C)(C)C)C(C)(C)C)C(OC)=CC=C2OC,O=C(OC)C1=CC=NO1,CC(C)(C)/N=C(N(C)C)/N(C)C,ClC1=CC=C(C(F)(F)F)C=C1,0.871820746
8bafb8065bf55dea,FullCV_01,2186,CC(C)C(C=C(C(C)C)C=C1C(C)C)=C1C2=C(P([C@@]3(C[C@@H]4C5)C[C@H](C4)C[C@H]5C3)[C@]6(C7)C[C@@H](C[C@@H]7C8)C[C@@H]8C6)C(OC)=CC=C2OC,C12=CON=C1C=CC=C2,CC(C)(C)/N=C(N(C)C)/N(C)C,IC1=CC=C(C(F)(F)F)C=C1,8.104754995
bef5fd07700a89bb,FullCV_01,2187,CC(C)C(C=C(C(C)C)C=C1C(C)C)=C1C2=C(P([C@@]3(C[C@@H]4C5)C[C@H](C4)C[C@H]5C3)[C@]6(C7)C[C@@H](C[C@@H]7C8)C[C@@H]8C6)C(OC)=CC=C2OC,CC1=CC(N2C=CC=C2)=NO1,CC(C)(C)/N=C(N(C)C)/N(C)C,BrC1=CC=C(OC)C=C1,38.5633346
ebffef0f31e86fe2,FullCV_01,2188,CC(C)C(C=C(C(C)C)C=C1C(C)C)=C1C2=C(P(C3CCCCC3)C4CCCCC4)C=CC=C2,CC1=CC=NO1,CN(C)P(N(C)C)(N(C)C)=NP(N(C)C)(N(C)C)=NCC,ClC1=CC=C(OC)C=C1,1.729864191
bf23ad183d3d6eff,FullCV_01,2189,CC(C)C(C=C(C(C)C)C=C1C(C)C)=C1C2=C(P(C3CCCCC3)C4CCCCC4)C=CC=C2,C12=CON=C1C=CC=C2,CN(C)P(N(C)C)(N(C)C)=NP(N(C)C)(N(C)C)=NCC,IC1=CC=C(CC)C=C1,6.083579291
2f23d3965a2ea8f9,FullCV_01,2190,CC(C)C(C=C(C(C)C)C=C1C(C)C)=C1C2=C(P(C3CCCCC3)C4CCCCC4)C=CC=C2,CC1=CC(N2C=CC=C2)=NO1,CN1CCCN2C1=NCCC2,ClC1=CC=C(OC)C=C1,1.798923194
760a2e056a407811,FullCV_01,2191,CC(C)C(C=C(C(C)C)C=C1C(C)C)=C1C2=C(P(C(C)(C)C)C(C)(C)C)C(OC)=CC=C2OC,O=C(OC)C1=CC=NO1,CN(C)P(N(C)C)(N(C)C)=NP(N(C)C)(N(C)C)=NCC,BrC1=CC=C(C(F)(F)F)C=C1,8.368171473
9b86614791198db6,FullCV_01,2192,CC(C)C(C=C(C(C)C)C=C1C(C)C)=C1C2=C(P(C(C)(C)C)C(C)(C)C)C(OC)=CC=C2OC,C1(N(CC2=CC=CC=C2)CC3=CC=CC=C3)=NOC=C1,CN1CCCN2C1=NCCC2,BrC1=NC=CC=C1,84.34096533
037d2752d4497b8f,FullCV_01,2193,CC(C)C(C=C(C(C)C)C=C1C(C)C)=C1C2=C(P(C(C)(C)C)C(C)(C)C)C=CC=C2,CC1=C(C(OCC)=O)C=NO1,CN(C)P(N(C)C)(N(C)C)=NP(N(C)C)(N(C)C)=NCC,ClC1=CC=C(C(F)(F)F)C=C1,13.02655322
128d5a906936ce3a,FullCV_01,2194,CC(C)C(C=C(C(C)C)C=C1C(C)C)=C1C2=C(P(C(C)(C)C)C(C)(C)C)C(OC)=CC=C2OC,CC1=C(C(OCC)=O)C=NO1,CN1CCCN2C1=NCCC2,IC1=CC=C(C(F)(F)F)C=C1,38.79638342
98c8c539a0a3e15e,FullCV_01,2195,CC(C)C(C=C(C(C)C)C=C1C(C)C)=C1C2=C(P(C(C)(C)C)C(C)(C)C)C=CC=C2,CC1=CC(N2C=CC=C2)=NO1,CN1CCCN2C1=NCCC2,BrC1=NC=CC=C1,82.77010873
b29cd5e4f031cf85,FullCV_01,2196,CC(C)C(C=C(C(C)C)C=C1C(C)C)=C1C2=C(P(C(C)(C)C)C(C)(C)C)C=CC=C2,COC1=NOC(C(OCC)=O)=C1,CN(C)P(N(C)C)(N(C)C)=NP(N(C)C)(N(C)C)=NCC,IC1=CC=C(C(F)(F)F)C=C1,40.2947746
bdea893e16b9848b,FullCV_01,2197,CC(C)C(C=C(C(C)C)C=C1C(C)C)=C1C2=C(P([C@@]3(C[C@@H]4C5)C[C@H](C4)C[C@H]5C3)[C@]6(C7)C[C@@H](C[C@@H]7C8)C[C@@H]8C6)C(OC)=CC=C2OC,C1(C2=CC=CC=C2)=NOC=C1,CN(C)P(N(C)C)(N(C)C)=NP(N(C)C)(N(C)C)=NCC,BrC1=CC=C(CC)C=C1,82.46360414
d7608dd4fa8b868d,FullCV_01,2198,CC(C)C(C=C(C(C)C)C=C1C(C)C)=C1C2=C(P(C(C)(C)C)C(C)(C)C)C=CC=C2,CC1=CC(N2C=CC=C2)=NO1,CN(C)P(N(C)C)(N(C)C)=NP(N(C)C)(N(C)C)=NCC,ClC1=CN=CC=C1,52.55158103
459cbbdca5a9de56,FullCV_01,2199,CC(C)C(C=C(C(C)C)C=C1C(C)C)=C1C2=C(P([C@@]3(C[C@@H]4C5)C[C@H](C4)C[C@H]5C3)[C@]6(C7)C[C@@H](C[C@@H]7C8)C[C@@H]8C6)C(OC)=CC=C2OC,CCOC(C1=NOC=C1)=O,CN1CCCN2C1=NCCC2,IC1=CC=C(CC)C=C1,79.19714754
1d403a45012e0610,FullCV_01,2200,CC(C)C(C=C(C(C)C)C=C1C(C)C)=C1C2=C(P(C(C)(C)C)C(C)(C)C)C=CC=C2,C1(N(CC2=CC=CC=C2)CC3=CC=CC=C3)=NOC=C1,CN1CCCN2C1=NCCC2,ClC1=CC=C(C(F)(F)F)C=C1,37.07516302
57cc885c25a3e6dc,FullCV_01,2201,CC(C)C(C=C(C(C)C)C=C1C(C)C)=C1C2=C(P(C(C)(C)C)C(C)(C)C)C(OC)=CC=C2OC,CC1=CC=NO1,CN(C)P(N(C)C)(N(C)C)=NP(N(C)C)(N(C)C)=NCC,BrC1=CC=C(C(F)(F)F)C=C1,1.983204496
32d70f5fb1ffea05,FullCV_01,2202,CC(C)C(C=C(C(C)C)C=C1C(C)C)=C1C2=C(P(C(C)(C)C)C(C)(C)C)C=CC=C2,O=C(OC)C1=NOC(C2=CC=CS2)=C1,CN1CCCN2C1=NCCC2,ClC1=NC=CC=C1,82.32171897
2451b65ba01715ca,FullCV_01,2203,CC(C)C(C=C(C(C)C)C=C1C(C)C)=C1C2=C(P(C3CCCCC3)C4CCCCC4)C=CC=C2,CC1=CC(C(OCC)=O)=NO1,CC(C)(C)/N=C(N(C)C)/N(C)C,ClC1=CC=C(CC)C=C1,4.179760101
af36d2e3b270df53,FullCV_01,2204,CC(C)C(C=C(C(C)C)C=C1C(C)C)=C1C2=C(P([C@@]3(C[C@@H]4C5)C[C@H](C4)C[C@H]5C3)[C@]6(C7)C[C@@H](C[C@@H]7C8)C[C@@H]8C6)C(OC)=CC=C2OC,FC(C=CC=C1F)=C1C2=CC=NO2,CN(C)P(N(C)C)(N(C)C)=NP(N(C)C)(N(C)C)=NCC,IC1=NC=CC=C1,28.29509241
925b7bbc2a095f94,FullCV_01,2205,CC(C)C(C=C(C(C)C)C=C1C(C)C)=C1C2=C(P(C(C)(C)C)C(C)(C)C)C(OC)=CC=C2OC,C1(C2=CC=CC=C2)=NOC=C1,CC(C)(C)/N=C(N(C)C)/N(C)C,ClC1=CC=C(OC)C=C1,0.682447226
8cb5228311abcae2,FullCV_01,2206,CC(C)C(C=C(C(C)C)C=C1C(C)C)=C1C2=C(P(C(C)(C)C)C(C)(C)C)C=CC=C2,COC1=NOC(C(OCC)=O)=C1,CN(C)P(N(C)C)(N(C)C)=NP(N(C)C)(N(C)C)=NCC,BrC1=CN=CC=C1,72.8784855
e70cc0a3bf0fd4c6,FullCV_01,2207,CC(C)C(C=C(C(C)C)C=C1C(C)C)=C1C2=C(P(C(C)(C)C)C(C)(C)C)C=CC=C2,CCOC(C1=NOC=C1)=O,CN1CCCN2C1=NCCC2,BrC1=CC=C(OC)C=C1,51.38895599
ef5fc18e97e151bd,FullCV_01,2208,CC(C)C(C=C(C(C)C)C=C1C(C)C)=C1C2=C(P(C3CCCCC3)C4CCCCC4)C=CC=C2,C12=C(C=CC=C2)ON=C1,CC(C)(C)/N=C(N(C)C)/N(C)C,BrC1=CC=C(OC)C=C1,1.629425083
4b7946ce4df3af6c,FullCV_01,2209,CC(C)C(C=C(C(C)C)C=C1C(C)C)=C1C2=C(P(C3CCCCC3)C4CCCCC4)C=CC=C2,C1(N(CC2=CC=CC=C2)CC3=CC=CC=C3)=CC=NO1,CN1CCCN2C1=NCCC2,ClC1=CC=C(CC)C=C1,0.0
b8dc910b76afb16a,FullCV_01,2210,CC(C)C(C=C(C(C)C)C=C1C(C)C)=C1C2=C(P(C(C)(C)C)C(C)(C)C)C=CC=C2,CC1=CC=NO1,CN(C)P(N(C)C)(N(C)C)=NP(N(C)C)(N(C)C)=NCC,IC1=CC=C(C(F)(F)F)C=C1,11.85429164
b1d5d30e2d0ac12c,FullCV_01,2211,CC(C)C(C=C(C(C)C)C=C1C(C)C)=C1C2=C(P([C@@]3(C[C@@H]4C5)C[C@H](C4)C[C@H]5C3)[C@]6(C7)C[C@@H](C[C@@H]7C8)C[C@@H]8C6)C(OC)=CC=C2OC,O=C(OC)C1=NOC(C2=CC=CO2)=C1,CN(C)P(N(C)C)(N(C)C)=NP(N(C)C)(N(C)C)=NCC,BrC1=CC=C(C(F)(F)F)C=C1,16.04849725
6cd7bd991c10e369,FullCV_01,2212,CC(C)C(C=C(C(C)C)C=C1C(C)C)=C1C2=C(P([C@@]3(C[C@@H]4C5)C[C@H](C4)C[C@H]5C3)[C@]6(C7)C[C@@H](C[C@@H]7C8)C[C@@H]8C6)C(OC)=CC=C2OC,FC(C=CC=C1F)=C1C2=CC=NO2,CC(C)(C)/N=C(N(C)C)/N(C)C,ClC1=CC=C(CC)C=C1,0.648980669
654ec7f3a57fb3b2,FullCV_01,2213,CC(C)C(C=C(C(C)C)C=C1C(C)C)=C1C2=C(P([C@@]3(C[C@@H]4C5)C[C@H](C4)C[C@H]5C3)[C@]6(C7)C[C@@H](C[C@@H]7C8)C[C@@H]8C6)C(OC)=CC=C2OC,CC1=CC(C(OCC)=O)=NO1,CC(C)(C)/N=C(N(C)C)/N(C)C,ClC1=CC=C(C(F)(F)F)C=C1,12.72121896
85fba7ea9a31e5e9,FullCV_01,2214,CC(C)C(C=C(C(C)C)C=C1C(C)C)=C1C2=C(P([C@@]3(C[C@@H]4C5)C[C@H](C4)C[C@H]5C3)[C@]6(C7)C[C@@H](C[C@@H]7C8)C[C@@H]8C6)C(OC)=CC=C2OC,CC1=C(C(OCC)=O)C=NO1,CN(C)P(N(C)C)(N(C)C)=NP(N(C)C)(N(C)C)=NCC,BrC1=CC=C(CC)C=C1,13.89350209
411cca2a35a40c0c,FullCV_01,2215,CC(C)C(C=C(C(C)C)C=C1C(C)C)=C1C2=C(P(C3CCCCC3)C4CCCCC4)C=CC=C2,CC1=CC(C(OCC)=O)=NO1,CC(C)(C)/N=C(N(C)C)/N(C)C,BrC1=CC=C(OC)C=C1,14.90450687
f4783505a063f0c8,FullCV_01,2216,CC(C)C(C=C(C(C)C)C=C1C(C)C)=C1C2=C(P(C3CCCCC3)C4CCCCC4)C=CC=C2,O=C(OC)C1=CC=NO1,CC(C)(C)/N=C(N(C)C)/N(C)C,IC1=NC=CC=C1,29.2582978
e61d9006627d1d00,FullCV_01,2217,CC(C)C(C=C(C(C)C)C=C1C(C)C)=C1C2=C(P([C@@]3(C[C@@H]4C5)C[C@H](C4)C[C@H]5C3)[C@]6(C7)C[C@@H](C[C@@H]7C8)C[C@@H]8C6)C(OC)=CC=C2OC,CC1=NOC(C(OCC)=O)=C1,CN1CCCN2C1=NCCC2,IC1=CN=CC=C1,94.50096737
99f0d86c818229c5,FullCV_01,2218,CC(C)C(C=C(C(C)C)C=C1C(C)C)=C1C2=C(P(C3CCCCC3)C4CCCCC4)C=CC=C2,C12=CON=C1C=CC=C2,CN(C)P(N(C)C)(N(C)C)=NP(N(C)C)(N(C)C)=NCC,IC1=NC=CC=C1,13.03686492
f80b486d24fb0198,FullCV_01,2219,CC(C)C(C=C(C(C)C)C=C1C(C)C)=C1C2=C(P(C(C)(C)C)C(C)(C)C)C=CC=C2,O=C(OC)C1=NOC(C2=CC=CS2)=C1,CN1CCCN2C1=NCCC2,IC1=CC=C(C(F)(F)F)C=C1,43.82916168
3455ce15be4324e9,FullCV_01,2220,CC(C)C(C=C(C(C)C)C=C1C(C)C)=C1C2=C(P([C@@]3(C[C@@H]4C5)C[C@H](C4)C[C@H]5C3)[C@]6(C7)C[C@@H](C[C@@H]7C8)C[C@@H]8C6)C(OC)=CC=C2OC,CC1=C(C(OCC)=O)C=NO1,CN1CCCN2C1=NCCC2,IC1=CC=C(OC)C=C1,25.12838943
38e1caab5293f293,FullCV_01,2221,CC(C)C(C=C(C(C)C)C=C1C(C)C)=C1C2=C(P(C(C)(C)C)C(C)(C)C)C(OC)=CC=C2OC,O=C(OC)C1=CC=NO1,CN1CCCN2C1=NCCC2,ClC1=CC=C(OC)C=C1,0.987020024
294e53417eb70b9f,FullCV_01,2222,CC(C)C(C=C(C(C)C)C=C1C(C)C)=C1C2=C(P([C@@]3(C[C@@H]4C5)C[C@H](C4)C[C@H]5C3)[C@]6(C7)C[C@@H](C[C@@H]7C8)C[C@@H]8C6)C(OC)=CC=C2OC,CCOC(C1=NOC=C1)=O,CN1CCCN2C1=NCCC2,IC1=CN=CC=C1,86.79260178
76ba7ff836e4366e,FullCV_01,2223,CC(C)C(C=C(C(C)C)C=C1C(C)C)=C1C2=C(P(C(C)(C)C)C(C)(C)C)C(OC)=CC=C2OC,FC(C=CC=C1F)=C1C2=CC=NO2,CC(C)(C)/N=C(N(C)C)/N(C)C,BrC1=CC=C(C(F)(F)F)C=C1,20.07939568
613d231215b100d7,FullCV_01,2224,CC(C)C(C=C(C(C)C)C=C1C(C)C)=C1C2=C(P([C@@]3(C[C@@H]4C5)C[C@H](C4)C[C@H]5C3)[C@]6(C7)C[C@@H](C[C@@H]7C8)C[C@@H]8C6)C(OC)=CC=C2OC,C1(C2=CC=CC=C2)=CON=C1,CN1CCCN2C1=NCCC2,IC1=CC=C(C(F)(F)F)C=C1,48.38997285
48ce7cf5866199af,FullCV_01,2225,CC(C)C(C=C(C(C)C)C=C1C(C)C)=C1C2=C(P(C(C)(C)C)C(C)(C)C)C(OC)=CC=C2OC,CCOC(C1=CON=C1)=O,CC(C)(C)/N=C(N(C)C)/N(C)C,BrC1=CN=CC=C1,1.73070141
f28c603a21417d17,FullCV_01,2226,CC(C)C(C=C(C(C)C)C=C1C(C)C)=C1C2=C(P(C(C)(C)C)C(C)(C)C)C=CC=C2,C12=C(C=CC=C2)ON=C1,CC(C)(C)/N=C(N(C)C)/N(C)C,ClC1=CN=CC=C1,27.15209242
a45d9085d4a0b60f,FullCV_01,2227,CC(C)C(C=C(C(C)C)C=C1C(C)C)=C1C2=C(P(C(C)(C)C)C(C)(C)C)C=CC=C2,C1(N(CC2=CC=CC=C2)CC3=CC=CC=C3)=CC=NO1,CN(C)P(N(C)C)(N(C)C)=NP(N(C)C)(N(C)C)=NCC,BrC1=NC=CC=C1,53.50463767
6d2e2731cda54fb2,FullCV_01,2228,CC(C)C(C=C(C(C)C)C=C1C(C)C)=C1C2=C(P(C(C)(C)C)C(C)(C)C)C=CC=C2,C12=C(C=CC=C2)ON=C1,CC(C)(C)/N=C(N(C)C)/N(C)C,BrC1=CN=CC=C1,46.97084661
87da291772c79893,FullCV_01,2229,CC(C)C(C=C(C(C)C)C=C1C(C)C)=C1C2=C(P([C@@]3(C[C@@H]4C5)C[C@H](C4)C[C@H]5C3)[C@]6(C7)C[C@@H](C[C@@H]7C8)C[C@@H]8C6)C(OC)=CC=C2OC,C12=C(C=CC=C2)ON=C1,CN(C)P(N(C)C)(N(C)C)=NP(N(C)C)(N(C)C)=NCC,ClC1=CC=C(CC)C=C1,1.999177844
2ebac10136162b95,FullCV_01,2230,CC(C)C(C=C(C(C)C)C=C1C(C)C)=C1C2=C(P(C(C)(C)C)C(C)(C)C)C(OC)=CC=C2OC,COC1=NOC(C(OCC)=O)=C1,CN(C)P(N(C)C)(N(C)C)=NP(N(C)C)(N(C)C)=NCC,BrC1=NC=CC=C1,72.16100406
8b0c54f561564e9f,FullCV_01,2231,CC(C)C(C=C(C(C)C)C=C1C(C)C)=C1C2=C(P([C@@]3(C[C@@H]4C5)C[C@H](C4)C[C@H]5C3)[C@]6(C7)C[C@@H](C[C@@H]7C8)C[C@@H]8C6)C(OC)=CC=C2OC,C1(C2=CC=CC=C2)=NOC=C1,CN1CCCN2C1=NCCC2,BrC1=CC=C(C(F)(F)F)C=C1,53.85457225
5983db85fb171606,FullCV_01,2232,CC(C)C(C=C(C(C)C)C=C1C(C)C)=C1C2=C(P([C@@]3(C[C@@H]4C5)C[C@H](C4)C[C@H]5C3)[C@]6(C7)C[C@@H](C[C@@H]7C8)C[C@@H]8C6)C(OC)=CC=C2OC,CCOC(C1=CON=C1)=O,CN1CCCN2C1=NCCC2,ClC1=CC=C(C(F)(F)F)C=C1,17.87933698
2e9d07345b214dbd,FullCV_01,2233,CC(C)C(C=C(C(C)C)C=C1C(C)C)=C1C2=C(P(C(C)(C)C)C(C)(C)C)C(OC)=CC=C2OC,O=C(OC)C1=NOC(C2=CC=CS2)=C1,CC(C)(C)/N=C(N(C)C)/N(C)C,BrC1=CC=C(C(F)(F)F)C=C1,38.90083473
0b82b8a2bb19ef6d,FullCV_01,2234,CC(C)C(C=C(C(C)C)C=C1C(C)C)=C1C2=C(P(C(C)(C)C)C(C)(C)C)C(OC)=CC=C2OC,C1(N(CC2=CC=CC=C2)CC3=CC=CC=C3)=CC=NO1,CN(C)P(N(C)C)(N(C)C)=NP(N(C)C)(N(C)C)=NCC,IC1=CC=C(C(F)(F)F)C=C1,34.70800352
007fcfcd68c12d6b,FullCV_01,2235,CC(C)C(C=C(C(C)C)C=C1C(C)C)=C1C2=C(P(C3CCCCC3)C4CCCCC4)C=CC=C2,CCOC(C1=CON=C1)=O,CN(C)P(N(C)C)(N(C)C)=NP(N(C)C)(N(C)C)=NCC,IC1=CC=C(OC)C=C1,0.0
f534ba271fc6f922,FullCV_01,2236,CC(C)C(C=C(C(C)C)C=C1C(C)C)=C1C2=C(P([C@@]3(C[C@@H]4C5)C[C@H](C4)C[C@H]5C3)[C@]6(C7)C[C@@H](C[C@@H]7C8)C[C@@H]8C6)C(OC)=CC=C2OC,FC(C=CC=C1F)=C1C2=CC=NO2,CN(C)P(N(C)C)(N(C)C)=NP(N(C)C)(N(C)C)=NCC,ClC1=CN=CC=C1,14.7474972
c3d36ffc4cca3c86,FullCV_01,2237,CC(C)C(C=C(C(C)C)C=C1C(C)C)=C1C2=C(P([C@@]3(C[C@@H]4C5)C[C@H](C4)C[C@H]5C3)[C@]6(C7)C[C@@H](C[C@@H]7C8)C[C@@H]8C6)C(OC)=CC=C2OC,C1(N(CC2=CC=CC=C2)CC3=CC=CC=C3)=NOC=C1,CN(C)P(N(C)C)(N(C)C)=NP(N(C)C)(N(C)C)=NCC,IC1=NC=CC=C1,82.34937004
16eb4f6d86fc17a2,FullCV_01,2238,CC(C)C(C=C(C(C)C)C=C1C(C)C)=C1C2=C(P(C3CCCCC3)C4CCCCC4)C=CC=C2,C1(C2=CC=CC=C2)=CON=C1,CN1CCCN2C1=NCCC2,ClC1=CC=C(CC)C=C1,2.331533569
f8cb56f3755ba98f,FullCV_01,2239,CC(C)C(C=C(C(C)C)C=C1C(C)C)=C1C2=C(P(C3CCCCC3)C4CCCCC4)C=CC=C2,CCOC(C1=NOC=C1)=O,CC(C)(C)/N=C(N(C)C)/N(C)C,BrC1=CC=C(C(F)(F)F)C=C1,27.46647446
2e1f4db1d82a4a22,FullCV_01,2240,CC(C)C(C=C(C(C)C)C=C1C(C)C)=C1C2=C(P([C@@]3(C[C@@H]4C5)C[C@H](C4)C[C@H]5C3)[C@]6(C7)C[C@@H](C[C@@H]7C8)C[C@@H]8C6)C(OC)=CC=C2OC,C1(N(CC2=CC=CC=C2)CC3=CC=CC=C3)=CC=NO1,CN1CCCN2C1=NCCC2,IC1=CC=C(C(F)(F)F)C=C1,41.60266431
55761d0376769c7f,FullCV_01,2241,CC(C)C(C=C(C(C)C)C=C1C(C)C)=C1C2=C(P(C(C)(C)C)C(C)(C)C)C(OC)=CC=C2OC,CCOC(C1=NOC=C1)=O,CC(C)(C)/N=C(N(C)C)/N(C)C,ClC1=CC=C(CC)C=C1,6.866213056
0152d7382588b1ca,FullCV_01,2242,CC(C)C(C=C(C(C)C)C=C1C(C)C)=C1C2=C(P([C@@]3(C[C@@H]4C5)C[C@H](C4)C[C@H]5C3)[C@]6(C7)C[C@@H](C[C@@H]7C8)C[C@@H]8C6)C(OC)=CC=C2OC,CC1=CC(C(OCC)=O)=NO1,CN1CCCN2C1=NCCC2,BrC1=CC=C(OC)C=C1,55.18037009
ad0dc861d19d6d6c,FullCV_01,2243,CC(C)C(C=C(C(C)C)C=C1C(C)C)=C1C2=C(P(C(C)(C)C)C(C)(C)C)C=CC=C2,C12=C(C=CC=C2)ON=C1,CN(C)P(N(C)C)(N(C)C)=NP(N(C)C)(N(C)C)=NCC,IC1=CC=C(C(F)(F)F)C=C1,40.30244069
b62587c62dd995c1,FullCV_01,2244,CC(C)C(C=C(C(C)C)C=C1C(C)C)=C1C2=C(P(C(C)(C)C)C(C)(C)C)C(OC)=CC=C2OC,O=C(OC)C1=CC=NO1,CC(C)(C)/N=C(N(C)C)/N(C)C,ClC1=CC=C(OC)C=C1,0.0
0a655f60df521980,FullCV_01,2245,CC(C)C(C=C(C(C)C)C=C1C(C)C)=C1C2=C(P(C(C)(C)C)C(C)(C)C)C(OC)=CC=C2OC,CCOC(C1=CON=C1)=O,CC(C)(C)/N=C(N(C)C)/N(C)C,BrC1=NC=CC=C1,1.592422994
db0fe057dc97a823,FullCV_01,2246,CC(C)C(C=C(C(C)C)C=C1C(C)C)=C1C2=C(P([C@@]3(C[C@@H]4C5)C[C@H](C4)C[C@H]5C3)[C@]6(C7)C[C@@H](C[C@@H]7C8)C[C@@H]8C6)C(OC)=CC=C2OC,O=C(OC)C1=CC=NO1,CN1CCCN2C1=NCCC2,BrC1=CC=C(OC)C=C1,17.8480573
bc3f4e07bfc7a83a,FullCV_01,2247,CC(C)C(C=C(C(C)C)C=C1C(C)C)=C1C2=C(P([C@@]3(C[C@@H]4C5)C[C@H](C4)C[C@H]5C3)[C@]6(C7)C[C@@H](C[C@@H]7C8)C[C@@H]8C6)C(OC)=CC=C2OC,CC1=CC(C)=NO1,CC(C)(C)/N=C(N(C)C)/N(C)C,IC1=CN=CC=C1,57.26273694
260b1cda8d6ebe93,FullCV_01,2248,CC(C)C(C=C(C(C)C)C=C1C(C)C)=C1C2=C(P(C(C)(C)C)C(C)(C)C)C(OC)=CC=C2OC,C1(C2=CC=CC=C2)=CON=C1,CN1CCCN2C1=NCCC2,ClC1=CC=C(C(F)(F)F)C=C1,22.42347536
c302aef02ac2f8df,FullCV_01,2249,CC(C)C(C=C(C(C)C)C=C1C(C)C)=C1C2=C(P(C(C)(C)C)C(C)(C)C)C(OC)=CC=C2OC,CC1=NOC(C(OCC)=O)=C1,CN(C)P(N(C)C)(N(C)C)=NP(N(C)C)(N(C)C)=NCC,BrC1=CC=C(CC)C=C1,62.16368477
a43fea3b67e5772c,FullCV_01,2250,CC(C)C(C=C(C(C)C)C=C1C(C)C)=C1C2=C(P(C(C)(C)C)C(C)(C)C)C=CC=C2,O=C(OC)C1=NOC(C2=CC=CS2)=C1,CC(C)(C)/N=C(N(C)C)/N(C)C,ClC1=CC=C(OC)C=C1,0.252253584
f2efb162be02dca9,FullCV_01,2251,CC(C)C(C=C(C(C)C)C=C1C(C)C)=C1C2=C(P(C(C)(C)C)C(C)(C)C)C=CC=C2,FC(C=CC=C1F)=C1C2=CC=NO2,CC(C)(C)/N=C(N(C)C)/N(C)C,ClC1=CC=C(C(F)(F)F)C=C1,9.295516532
862918f61c5bed9f,FullCV_01,2252,CC(C)C(C=C(C(C)C)C=C1C(C)C)=C1C2=C(P(C3CCCCC3)C4CCCCC4)C=CC=C2,COC1=NOC(C(OCC)=O)=C1,CN(C)P(N(C)C)(N(C)C)=NP(N(C)C)(N(C)C)=NCC,ClC1=CC=C(C(F)(F)F)C=C1,24.10905766
5402e68d447a292d,FullCV_01,2253,CC(C)C(C=C(C(C)C)C=C1C(C)C)=C1C2=C(P(C(C)(C)C)C(C)(C)C)C(OC)=CC=C2OC,CC1=NOC(C(OCC)=O)=C1,CN1CCCN2C1=NCCC2,BrC1=CC=C(CC)C=C1,72.38342011
becd673f8cdd1f5c,FullCV_01,2254,CC(C)C(C=C(C(C)C)C=C1C(C)C)=C1C2=C(P(C(C)(C)C)C(C)(C)C)C(OC)=CC=C2OC,CC1=NOC=C1,CN(C)P(N(C)C)(N(C)C)=NP(N(C)C)(N(C)C)=NCC,ClC1=CC=C(C(F)(F)F)C=C1,1.039364305
285c2ec2440daf24,FullCV_01,2255,CC(C)C(C=C(C(C)C)C=C1C(C)C)=C1C2=C(P(C3CCCCC3)C4CCCCC4)C=CC=C2,CCOC(C1=CON=C1)=O,CN(C)P(N(C)C)(N(C)C)=NP(N(C)C)(N(C)C)=NCC,BrC1=CN=CC=C1,0.0
f1972f4c4c924e23,FullCV_01,2256,CC(C)C(C=C(C(C)C)C=C1C(C)C)=C1C2=C(P(C(C)(C)C)C(C)(C)C)C(OC)=CC=C2OC,O=C(OC)C1=CC=NO1,CC(C)(C)/N=C(N(C)C)/N(C)C,ClC1=NC=CC=C1,13.57914578
0dca40bac3211555,FullCV_01,2257,CC(C)C(C=C(C(C)C)C=C1C(C)C)=C1C2=C(P(C(C)(C)C)C(C)(C)C)C(OC)=CC=C2OC,CC1=CC(N2C=CC=C2)=NO1,CN1CCCN2C1=NCCC2,BrC1=CC=C(CC)C=C1,74.97052076
7eb43375cca9fc8b,FullCV_01,2258,CC(C)C(C=C(C(C)C)C=C1C(C)C)=C1C2=C(P(C3CCCCC3)C4CCCCC4)C=CC=C2,C1(C2=CC=CC=C2)=CON=C1,CC(C)(C)/N=C(N(C)C)/N(C)C,IC1=CN=CC=C1,14.74148388
6e03007c3da083b8,FullCV_01,2259,CC(C)C(C=C(C(C)C)C=C1C(C)C)=C1C2=C(P(C(C)(C)C)C(C)(C)C)C=CC=C2,CC1=C(C(OCC)=O)C=NO1,CN1CCCN2C1=NCCC2,ClC1=CN=CC=C1,39.35843617
2b22cd957374d565,FullCV_01,2260,CC(C)C(C=C(C(C)C)C=C1C(C)C)=C1C2=C(P(C(C)(C)C)C(C)(C)C)C=CC=C2,C1(C2=CC=CC=C2)=NOC=C1,CC(C)(C)/N=C(N(C)C)/N(C)C,IC1=CC=C(C(F)(F)F)C=C1,50.12467654
311a66f608e03c7e,FullCV_01,2261,CC(C)C(C=C(C(C)C)C=C1C(C)C)=C1C2=C(P([C@@]3(C[C@@H]4C5)C[C@H](C4)C[C@H]5C3)[C@]6(C7)C[C@@H](C[C@@H]7C8)C[C@@H]8C6)C(OC)=CC=C2OC,C1(N(CC2=CC=CC=C2)CC3=CC=CC=C3)=CC=NO1,CN(C)P(N(C)C)(N(C)C)=NP(N(C)C)(N(C)C)=NCC,ClC1=CC=C(CC)C=C1,4.08442672
99148c34a8897fa2,FullCV_01,2262,CC(C)C(C=C(C(C)C)C=C1C(C)C)=C1C2=C(P(C3CCCCC3)C4CCCCC4)C=CC=C2,CC1=NOC(C(OCC)=O)=C1,CN(C)P(N(C)C)(N(C)C)=NP(N(C)C)(N(C)C)=NCC,IC1=CN=CC=C1,48.70823186
5e15d4bcdce89854,FullCV_01,2263,CC(C)C(C=C(C(C)C)C=C1C(C)C)=C1C2=C(P([C@@]3(C[C@@H]4C5)C[C@H](C4)C[C@H]5C3)[C@]6(C7)C[C@@H](C[C@@H]7C8)C[C@@H]8C6)C(OC)=CC=C2OC,CCOC(C1=NOC=C1)=O,CC(C)(C)/N=C(N(C)C)/N(C)C,ClC1=CN=CC=C1,14.93339955
9a1a1be07b26b345,FullCV_01,2264,CC(C)C(C=C(C(C)C)C=C1C(C)C)=C1C2=C(P(C(C)(C)C)C(C)(C)C)C(OC)=CC=C2OC,CC1=NOC=C1,CC(C)(C)/N=C(N(C)C)/N(C)C,BrC1=CC=C(CC)C=C1,77.66498135
a3dc758df38ff3bc,FullCV_01,2265,CC(C)C(C=C(C(C)C)C=C1C(C)C)=C1C2=C(P(C(C)(C)C)C(C)(C)C)C=CC=C2,FC(C=CC=C1F)=C1C2=CC=NO2,CN(C)P(N(C)C)(N(C)C)=NP(N(C)C)(N(C)C)=NCC,BrC1=CC=C(CC)C=C1,24.76005147
b0b165574465473c,FullCV_01,2266,CC(C)C(C=C(C(C)C)C=C1C(C)C)=C1C2=C(P(C3CCCCC3)C4CCCCC4)C=CC=C2,CC1=NOC(C2=CC=CC=C2)=C1,CN(C)P(N(C)C)(N(C)C)=NP(N(C)C)(N(C)C)=NCC,ClC1=CC=C(CC)C=C1,3.597789888
f7c18b7c1744c76e,FullCV_01,2267,CC(C)C(C=C(C(C)C)C=C1C(C)C)=C1C2=C(P(C3CCCCC3)C4CCCCC4)C=CC=C2,C12=CON=C1C=CC=C2,CN1CCCN2C1=NCCC2,ClC1=CN=CC=C1,0.0
6b5757abab85a9bc,FullCV_01,2268,CC(C)C(C=C(C(C)C)C=C1C(C)C)=C1C2=C(P(C(C)(C)C)C(C)(C)C)C(OC)=CC=C2OC,CC1=NOC=C1,CN1CCCN2C1=NCCC2,ClC1=CN=CC=C1,14.59032311
ddb4418f0a985397,FullCV_01,2269,CC(C)C(C=C(C(C)C)C=C1C(C)C)=C1C2=C(P(C3CCCCC3)C4CCCCC4)C=CC=C2,CC1=C(C(OCC)=O)C=NO1,CC(C)(C)/N=C(N(C)C)/N(C)C,ClC1=CC=C(CC)C=C1,0.0
6441d3f7d573de82,FullCV_01,2270,CC(C)C(C=C(C(C)C)C=C1C(C)C)=C1C2=C(P(C(C)(C)C)C(C)(C)C)C=CC=C2,C12=C(C=CC=C2)ON=C1,CC(C)(C)/N=C(N(C)C)/N(C)C,BrC1=NC=CC=C1,50.50908656
4b700c699f6bafb2,FullCV_01,2271,CC(C)C(C=C(C(C)C)C=C1C(C)C)=C1C2=C(P(C(C)(C)C)C(C)(C)C)C(OC)=CC=C2OC,C12=C(C=CC=C2)ON=C1,CN(C)P(N(C)C)(N(C)C)=NP(N(C)C)(N(C)C)=NCC,BrC1=CC=C(OC)C=C1,23.1010236
1e6bc56bbb31c8de,FullCV_01,2272,CC(C)C(C=C(C(C)C)C=C1C(C)C)=C1C2=C(P(C(C)(C)C)C(C)(C)C)C=CC=C2,C12=CON=C1C=CC=C2,CN(C)P(N(C)C)(N(C)C)=NP(N(C)C)(N(C)C)=NCC,ClC1=NC=CC=C1,19.47556274
497a2e1082eac1c9,FullCV_01,2273,CC(C)C(C=C(C(C)C)C=C1C(C)C)=C1C2=C(P(C3CCCCC3)C4CCCCC4)C=CC=C2,CC1=CC(C(OCC)=O)=NO1,CC(C)(C)/N=C(N(C)C)/N(C)C,ClC1=CC=C(C(F)(F)F)C=C1,20.36096013
bd36dc26c5bde15a,FullCV_01,2274,CC(C)C(C=C(C(C)C)C=C1C(C)C)=C1C2=C(P(C(C)(C)C)C(C)(C)C)C(OC)=CC=C2OC,C1(C2=CC=CC=C2)=NOC=C1,CC(C)(C)/N=C(N(C)C)/N(C)C,IC1=CC=C(OC)C=C1,45.50089871
5581df4c119c53e6,FullCV_01,2275,CC(C)C(C=C(C(C)C)C=C1C(C)C)=C1C2=C(P([C@@]3(C[C@@H]4C5)C[C@H](C4)C[C@H]5C3)[C@]6(C7)C[C@@H](C[C@@H]7C8)C[C@@H]8C6)C(OC)=CC=C2OC,CCOC(C1=CON=C1)=O,CC(C)(C)/N=C(N(C)C)/N(C)C,IC1=NC=CC=C1,0.0
f362edecfab9bd22,FullCV_01,2276,CC(C)C(C=C(C(C)C)C=C1C(C)C)=C1C2=C(P(C3CCCCC3)C4CCCCC4)C=CC=C2,CCOC(C1=NOC=C1)=O,CN1CCCN2C1=NCCC2,ClC1=CC=C(OC)C=C1,0.344428756
15ac52cd57cee083,FullCV_01,2277,CC(C)C(C=C(C(C)C)C=C1C(C)C)=C1C2=C(P(C(C)(C)C)C(C)(C)C)C=CC=C2,C1(C2=CC=CC=C2)=CC=NO1,CN1CCCN2C1=NCCC2,BrC1=CC=C(C(F)(F)F)C=C1,51.39708789
1cb46ced1e51a5ba,FullCV_01,2278,CC(C)C(C=C(C(C)C)C=C1C(C)C)=C1C2=C(P(C(C)(C)C)C(C)(C)C)C(OC)=CC=C2OC,C1(N(CC2=CC=CC=C2)CC3=CC=CC=C3)=CC=NO1,CC(C)(C)/N=C(N(C)C)/N(C)C,IC1=NC=CC=C1,64.15465798
08fb1c255ef70d54,FullCV_01,2279,CC(C)C(C=C(C(C)C)C=C1C(C)C)=C1C2=C(P(C(C)(C)C)C(C)(C)C)C=CC=C2,C1(C2=CC=CC=C2)=CON=C1,CN(C)P(N(C)C)(N(C)C)=NP(N(C)C)(N(C)C)=NCC,IC1=CC=C(OC)C=C1,19.65840226
d56cfcca2bb36d3b,FullCV_01,2280,CC(C)C(C=C(C(C)C)C=C1C(C)C)=C1C2=C(P(C3CCCCC3)C4CCCCC4)C=CC=C2,O=C(OC)C1=CC=NO1,CN1CCCN2C1=NCCC2,IC1=NC=CC=C1,23.41994655
d1abea323fb1a602,FullCV_01,2281,CC(C)C(C=C(C(C)C)C=C1C(C)C)=C1C2=C(P([C@@]3(C[C@@H]4C5)C[C@H](C4)C[C@H]5C3)[C@]6(C7)C[C@@H](C[C@@H]7C8)C[C@@H]8C6)C(OC)=CC=C2OC,CC1=CC(C)=NO1,CN(C)P(N(C)C)(N(C)C)=NP(N(C)C)(N(C)C)=NCC,IC1=CC=C(CC)C=C1,68.3339655
54faa9bcb36376ce,FullCV_01,2282,CC(C)C(C=C(C(C)C)C=C1C(C)C)=C1C2=C(P([C@@]3(C[C@@H]4C5)C[C@H](C4)C[C@H]5C3)[C@]6(C7)C[C@@H](C[C@@H]7C8)C[C@@H]8C6)C(OC)=CC=C2OC,CC1=CC=NO1,CN(C)P(N(C)C)(N(C)C)=NP(N(C)C)(N(C)C)=NCC,IC1=CC=C(C(F)(F)F)C=C1,3.446957245
f6db29e45bb4656f,FullCV_01,2283,CC(C)C(C=C(C(C)C)C=C1C(C)C)=C1C2=C(P(C(C)(C)C)C(C)(C)C)C=CC=C2,C1(C2=CC=CC=C2)=CON=C1,CC(C)(C)/N=C(N(C)C)/N(C)C,ClC1=CC=C(OC)C=C1,0.529819216
6e69c6a0995698bb,FullCV_01,2284,CC(C)C(C=C(C(C)C)C=C1C(C)C)=C1C2=C(P(C3CCCCC3)C4CCCCC4)C=CC=C2,CC1=CC(C)=NO1,CC(C)(C)/N=C(N(C)C)/N(C)C,IC1=CC=C(C(F)(F)F)C=C1,31.86956379
9de06f30b3c8baf9,FullCV_01,2285,CC(C)C(C=C(C(C)C)C=C1C(C)C)=C1C2=C(P(C3CCCCC3)C4CCCCC4)C=CC=C2,CCOC(C1=CON=C1)=O,CN(C)P(N(C)C)(N(C)C)=NP(N(C)C)(N(C)C)=NCC,BrC1=CC=C(OC)C=C1,0.0
cc66f104ad4c7337,FullCV_01,2286,CC(C)C(C=C(C(C)C)C=C1C(C)C)=C1C2=C(P([C@@]3(C[C@@H]4C5)C[C@H](C4)C[C@H]5C3)[C@]6(C7)C[C@@H](C[C@@H]7C8)C[C@@H]8C6)C(OC)=CC=C2OC,C1(N(CC2=CC=CC=C2)CC3=CC=CC=C3)=NOC=C1,CN(C)P(N(C)C)(N(C)C)=NP(N(C)C)(N(C)C)=NCC,ClC1=CC=C(CC)C=C1,2.350274713
328698ee15f925bd,FullCV_01,2287,CC(C)C(C=C(C(C)C)C=C1C(C)C)=C1C2=C(P(C(C)(C)C)C(C)(C)C)C=CC=C2,CC1=NOC(C(OCC)=O)=C1,CN(C)P(N(C)C)(N(C)C)=NP(N(C)C)(N(C)C)=NCC,BrC1=CN=CC=C1,67.81850094
23af1044e78ed6e7,FullCV_01,2288,CC(C)C(C=C(C(C)C)C=C1C(C)C)=C1C2=C(P(C(C)(C)C)C(C)(C)C)C(OC)=CC=C2OC,O=C(OC)C1=NOC(C2=CC=CS2)=C1,CN(C)P(N(C)C)(N(C)C)=NP(N(C)C)(N(C)C)=NCC,ClC1=NC=CC=C1,72.60987428
c2fa50fe32a1fc8f,FullCV_01,2289,CC(C)C(C=C(C(C)C)C=C1C(C)C)=C1C2=C(P(C(C)(C)C)C(C)(C)C)C(OC)=CC=C2OC,COC1=NOC(C(OCC)=O)=C1,CC(C)(C)/N=C(N(C)C)/N(C)C,BrC1=CC=C(CC)C=C1,50.4472159
8b3acdd892d6d5dc,FullCV_01,2290,CC(C)C(C=C(C(C)C)C=C1C(C)C)=C1C2=C(P(C3CCCCC3)C4CCCCC4)C=CC=C2,FC(C=CC=C1F)=C1C2=CC=NO2,CN(C)P(N(C)C)(N(C)C)=NP(N(C)C)(N(C)C)=NCC,BrC1=CN=CC=C1,10.08173564
fdc32551022c8896,FullCV_01,2291,CC(C)C(C=C(C(C)C)C=C1C(C)C)=C1C2=C(P(C3CCCCC3)C4CCCCC4)C=CC=C2,COC1=NOC(C(OCC)=O)=C1,CN1CCCN2C1=NCCC2,ClC1=CN=CC=C1,4.577603745
a10757919c0c1c9c,FullCV_01,2292,CC(C)C(C=C(C(C)C)C=C1C(C)C)=C1C2=C(P(C3CCCCC3)C4CCCCC4)C=CC=C2,O=C(OC)C1=CC=NO1,CN1CCCN2C1=NCCC2,ClC1=CC=C(C(F)(F)F)C=C1,9.967512853
e99be0ef796e4b93,FullCV_01,2293,CC(C)C(C=C(C(C)C)C=C1C(C)C)=C1C2=C(P(C(C)(C)C)C(C)(C)C)C(OC)=CC=C2OC,C1(C2=CC=CC=C2)=CON=C1,CC(C)(C)/N=C(N(C)C)/N(C)C,ClC1=CN=CC=C1,4.546243303
dd979dd4caae85a7,FullCV_01,2294,CC(C)C(C=C(C(C)C)C=C1C(C)C)=C1C2=C(P(C(C)(C)C)C(C)(C)C)C=CC=C2,CC1=NOC(C2=CC=CC=C2)=C1,CC(C)(C)/N=C(N(C)C)/N(C)C,BrC1=CC=C(C(F)(F)F)C=C1,38.72175402
3d089dbc854bef09,FullCV_01,2295,CC(C)C(C=C(C(C)C)C=C1C(C)C)=C1C2=C(P([C@@]3(C[C@@H]4C5)C[C@H](C4)C[C@H]5C3)[C@]6(C7)C[C@@H](C[C@@H]7C8)C[C@@H]8C6)C(OC)=CC=C2OC,C1(C2=CC=CC=C2)=CC=NO1,CN1CCCN2C1=NCCC2,BrC1=CN=CC=C1,86.41541039
985b17cc6a0d4cf2,FullCV_01,2296,CC(C)C(C=C(C(C)C)C=C1C(C)C)=C1C2=C(P([C@@]3(C[C@@H]4C5)C[C@H](C4)C[C@H]5C3)[C@]6(C7)C[C@@H](C[C@@H]7C8)C[C@@H]8C6)C(OC)=CC=C2OC,CC1=NOC(C(OCC)=O)=C1,CC(C)(C)/N=C(N(C)C)/N(C)C,IC1=CC=C(C(F)(F)F)C=C1,44.44197306
c2ac4834bd4a6b61,FullCV_01,2297,CC(C)C(C=C(C(C)C)C=C1C(C)C)=C1C2=C(P(C3CCCCC3)C4CCCCC4)C=CC=C2,O=C(OC)C1=CC=NO1,CC(C)(C)/N=C(N(C)C)/N(C)C,BrC1=NC=CC=C1,24.97534285
183efbf03719e9b4,FullCV_01,2298,CC(C)C(C=C(C(C)C)C=C1C(C)C)=C1C2=C(P(C(C)(C)C)C(C)(C)C)C(OC)=CC=C2OC,C1(C2=CC=CC=C2)=CON=C1,CN1CCCN2C1=NCCC2,BrC1=NC=CC=C1,71.49385038
3d6d53623ec917f9,FullCV_01,2299,CC(C)C(C=C(C(C)C)C=C1C(C)C)=C1C2=C(P(C3CCCCC3)C4CCCCC4)C=CC=C2,C1(N(CC2=CC=CC=C2)CC3=CC=CC=C3)=NOC=C1,CN(C)P(N(C)C)(N(C)C)=NP(N(C)C)(N(C)C)=NCC,BrC1=NC=CC=C1,19.59466142
d9c237c29dc0c9a8,FullCV_01,2300,CC(C)C(C=C(C(C)C)C=C1C(C)C)=C1C2=C(P(C3CCCCC3)C4CCCCC4)C=CC=C2,CC1=NOC(C2=CC=CC=C2)=C1,CN1CCCN2C1=NCCC2,IC1=CC=C(OC)C=C1,21.41511712
bc6a0007df389e77,FullCV_01,2301,CC(C)C(C=C(C(C)C)C=C1C(C)C)=C1C2=C(P(C3CCCCC3)C4CCCCC4)C=CC=C2,CC1=CC=NO1,CC(C)(C)/N=C(N(C)C)/N(C)C,IC1=CC=C(C(F)(F)F)C=C1,34.38141407
9f63f5a1aaf6a338,FullCV_01,2302,CC(C)C(C=C(C(C)C)C=C1C(C)C)=C1C2=C(P([C@@]3(C[C@@H]4C5)C[C@H](C4)C[C@H]5C3)[C@]6(C7)C[C@@H](C[C@@H]7C8)C[C@@H]8C6)C(OC)=CC=C2OC,C1(C2=CC=CC=C2)=CC=NO1,CN1CCCN2C1=NCCC2,IC1=CC=C(CC)C=C1,80.9780499
476f88c354d7cc71,FullCV_01,2303,CC(C)C(C=C(C(C)C)C=C1C(C)C)=C1C2=C(P(C3CCCCC3)C4CCCCC4)C=CC=C2,CC1=CC(C)=NO1,CC(C)(C)/N=C(N(C)C)/N(C)C,BrC1=CC=C(CC)C=C1,33.44114491
1ef0e6ffc7c6c8b4,FullCV_01,2304,CC(C)C(C=C(C(C)C)C=C1C(C)C)=C1C2=C(P(C(C)(C)C)C(C)(C)C)C=CC=C2,COC1=NOC(C(OCC)=O)=C1,CC(C)(C)/N=C(N(C)C)/N(C)C,ClC1=CN=CC=C1,21.26152094
5da8d07bd738b26a,FullCV_01,2305,CC(C)C(C=C(C(C)C)C=C1C(C)C)=C1C2=C(P(C(C)(C)C)C(C)(C)C)C=CC=C2,CCOC(C1=NOC=C1)=O,CC(C)(C)/N=C(N(C)C)/N(C)C,ClC1=NC=CC=C1,60.26102193
7dcb588ba7ce4e73,FullCV_01,2306,CC(C)C(C=C(C(C)C)C=C1C(C)C)=C1C2=C(P(C3CCCCC3)C4CCCCC4)C=CC=C2,CC1=NOC=C1,CN(C)P(N(C)C)(N(C)C)=NP(N(C)C)(N(C)C)=NCC,IC1=CC=C(OC)C=C1,35.21497708
b400026d47bc70ca,FullCV_01,2307,CC(C)C(C=C(C(C)C)C=C1C(C)C)=C1C2=C(P(C(C)(C)C)C(C)(C)C)C=CC=C2,C12=C(C=CC=C2)ON=C1,CN1CCCN2C1=NCCC2,ClC1=CN=CC=C1,49.15752148
e06244100791e41d,FullCV_01,2308,CC(C)C(C=C(C(C)C)C=C1C(C)C)=C1C2=C(P(C(C)(C)C)C(C)(C)C)C=CC=C2,O=C(OC)C1=NOC(C2=CC=CO2)=C1,CC(C)(C)/N=C(N(C)C)/N(C)C,BrC1=CC=C(C(F)(F)F)C=C1,37.31441052
36a9f31572e049d4,FullCV_01,2309,CC(C)C(C=C(C(C)C)C=C1C(C)C)=C1C2=C(P(C3CCCCC3)C4CCCCC4)C=CC=C2,C1(N(CC2=CC=CC=C2)CC3=CC=CC=C3)=CC=NO1,CN(C)P(N(C)C)(N(C)C)=NP(N(C)C)(N(C)C)=NCC,IC1=NC=CC=C1,13.26217146
1a3190eca3c82c76,FullCV_01,2310,CC(C)C(C=C(C(C)C)C=C1C(C)C)=C1C2=C(P(C(C)(C)C)C(C)(C)C)C=CC=C2,O=C(OC)C1=NOC(C2=CC=CO2)=C1,CN(C)P(N(C)C)(N(C)C)=NP(N(C)C)(N(C)C)=NCC,BrC1=CN=CC=C1,74.07785582
c63adede8dcd4a4f,FullCV_01,2311,CC(C)C(C=C(C(C)C)C=C1C(C)C)=C1C2=C(P(C3CCCCC3)C4CCCCC4)C=CC=C2,C1(C2=CC=CC=C2)=CON=C1,CC(C)(C)/N=C(N(C)C)/N(C)C,ClC1=NC=CC=C1,16.82928554
b59e47506cef60f2,FullCV_01,2312,CC(C)C(C=C(C(C)C)C=C1C(C)C)=C1C2=C(P(C(C)(C)C)C(C)(C)C)C=CC=C2,CCOC(C1=NOC=C1)=O,CN1CCCN2C1=NCCC2,ClC1=CN=CC=C1,31.87466664
44f1caf745a9fe93,FullCV_01,2313,CC(C)C(C=C(C(C)C)C=C1C(C)C)=C1C2=C(P(C(C)(C)C)C(C)(C)C)C=CC=C2,O=C(OC)C1=NOC(C2=CC=CO2)=C1,CN(C)P(N(C)C)(N(C)C)=NP(N(C)C)(N(C)C)=NCC,BrC1=CC=C(OC)C=C1,42.74477554
337bc4115edb11e9,FullCV_01,2314,CC(C)C(C=C(C(C)C)C=C1C(C)C)=C1C2=C(P([C@@]3(C[C@@H]4C5)C[C@H](C4)C[C@H]5C3)[C@]6(C7)C[C@@H](C[C@@H]7C8)C[C@@H]8C6)C(OC)=CC=C2OC,O=C(OC)C1=CC=NO1,CN(C)P(N(C)C)(N(C)C)=NP(N(C)C)(N(C)C)=NCC,ClC1=CN=CC=C1,2.238996806
b698e2b2e6db0576,FullCV_01,2315,CC(C)C(C=C(C(C)C)C=C1C(C)C)=C1C2=C(P([C@@]3(C[C@@H]4C5)C[C@H](C4)C[C@H]5C3)[C@]6(C7)C[C@@H](C[C@@H]7C8)C[C@@H]8C6)C(OC)=CC=C2OC,C1(C2=CC=CC=C2)=NOC=C1,CN1CCCN2C1=NCCC2,IC1=CC=C(OC)C=C1,50.10376029
7e25fe553396563a,FullCV_01,2316,CC(C)C(C=C(C(C)C)C=C1C(C)C)=C1C2=C(P(C(C)(C)C)C(C)(C)C)C(OC)=CC=C2OC,CC1=CC(N2C=CC=C2)=NO1,CC(C)(C)/N=C(N(C)C)/N(C)C,IC1=CN=CC=C1,60.5253289
76e7e04d454f1766,FullCV_01,2317,CC(C)C(C=C(C(C)C)C=C1C(C)C)=C1C2=C(P(C(C)(C)C)C(C)(C)C)C(OC)=CC=C2OC,C1(C2=CC=CC=C2)=CC=NO1,CC(C)(C)/N=C(N(C)C)/N(C)C,IC1=NC=CC=C1,83.36436834
4d40b1c974c7ef27,FullCV_01,2318,CC(C)C(C=C(C(C)C)C=C1C(C)C)=C1C2=C(P(C(C)(C)C)C(C)(C)C)C=CC=C2,CCOC(C1=CON=C1)=O,CN1CCCN2C1=NCCC2,IC1=CN=CC=C1,33.8132368
8ab432db945d4cd8,FullCV_01,2319,CC(C)C(C=C(C(C)C)C=C1C(C)C)=C1C2=C(P(C3CCCCC3)C4CCCCC4)C=CC=C2,CCOC(C1=CON=C1)=O,CN(C)P(N(C)C)(N(C)C)=NP(N(C)C)(N(C)C)=NCC,ClC1=CC=C(C(F)(F)F)C=C1,0.522267307
d74306f1b743f729,FullCV_01,2320,CC(C)C(C=C(C(C)C)C=C1C(C)C)=C1C2=C(P(C(C)(C)C)C(C)(C)C)C=CC=C2,FC(C=CC=C1F)=C1C2=CC=NO2,CN1CCCN2C1=NCCC2,ClC1=CC=C(OC)C=C1,2.890686767
5cd63c711061a2ce,FullCV_01,2321,CC(C)C(C=C(C(C)C)C=C1C(C)C)=C1C2=C(P(C(C)(C)C)C(C)(C)C)C=CC=C2,CC1=C(C(OCC)=O)C=NO1,CN1CCCN2C1=NCCC2,BrC1=CC=C(C(F)(F)F)C=C1,27.11496768
1bc1cf68058aab22,FullCV_01,2322,CC(C)C(C=C(C(C)C)C=C1C(C)C)=C1C2=C(P(C3CCCCC3)C4CCCCC4)C=CC=C2,O=C(OC)C1=NOC(C2=CC=CO2)=C1,CC(C)(C)/N=C(N(C)C)/N(C)C,BrC1=CC=C(OC)C=C1,7.405890223
df7bf3121f9c985e,FullCV_01,2323,CC(C)C(C=C(C(C)C)C=C1C(C)C)=C1C2=C(P([C@@]3(C[C@@H]4C5)C[C@H](C4)C[C@H]5C3)[C@]6(C7)C[C@@H](C[C@@H]7C8)C[C@@H]8C6)C(OC)=CC=C2OC,C1(C2=CC=CC=C2)=CON=C1,CN(C)P(N(C)C)(N(C)C)=NP(N(C)C)(N(C)C)=NCC,ClC1=CC=C(OC)C=C1,1.858564029
6234585dc5a6611d,FullCV_01,2324,CC(C)C(C=C(C(C)C)C=C1C(C)C)=C1C2=C(P([C@@]3(C[C@@H]4C5)C[C@H](C4)C[C@H]5C3)[C@]6(C7)C[C@@H](C[C@@H]7C8)C[C@@H]8C6)C(OC)=CC=C2OC,COC1=NOC(C(OCC)=O)=C1,CC(C)(C)/N=C(N(C)C)/N(C)C,ClC1=CC=C(C(F)(F)F)C=C1,3.42165598
e9fa63be44c48be1,FullCV_01,2325,CC(C)C(C=C(C(C)C)C=C1C(C)C)=C1C2=C(P(C(C)(C)C)C(C)(C)C)C(OC)=CC=C2OC,C1(C2=CC=CC=C2)=CON=C1,CC(C)(C)/N=C(N(C)C)/N(C)C,ClC1=CC=C(C(F)(F)F)C=C1,3.468901589
ad0c2b7c088b127f,FullCV_01,2326,CC(C)C(C=C(C(C)C)C=C1C(C)C)=C1C2=C(P(C(C)(C)C)C(C)(C)C)C=CC=C2,C1(N(CC2=CC=CC=C2)CC3=CC=CC=C3)=CC=NO1,CN1CCCN2C1=NCCC2,IC1=CN=CC=C1,80.67857489
3da7daa3df66fdd0,FullCV_01,2327,CC(C)C(C=C(C(C)C)C=C1C(C)C)=C1C2=C(P(C(C)(C)C)C(C)(C)C)C=CC=C2,COC1=NOC(C(OCC)=O)=C1,CN(C)P(N(C)C)(N(C)C)=NP(N(C)C)(N(C)C)=NCC,IC1=CC=C(CC)C=C1,64.44051661
9d80495ec739a29e,FullCV_01,2328,CC(C)C(C=C(C(C)C)C=C1C(C)C)=C1C2=C(P(C(C)(C)C)C(C)(C)C)C=CC=C2,COC1=NOC(C(OCC)=O)=C1,CN1CCCN2C1=NCCC2,BrC1=NC=CC=C1,81.27460019
37fa76b7ab6b77ec,FullCV_01,2329,CC(C)C(C=C(C(C)C)C=C1C(C)C)=C1C2=C(P(C(C)(C)C)C(C)(C)C)C=CC=C2,CC1=NOC(C2=CC=CC=C2)=C1,CN1CCCN2C1=NCCC2,IC1=NC=CC=C1,83.82528245
4b08d682e336fb06,FullCV_01,2330,CC(C)C(C=C(C(C)C)C=C1C(C)C)=C1C2=C(P(C(C)(C)C)C(C)(C)C)C(OC)=CC=C2OC,CCOC(C1=CON=C1)=O,CN1CCCN2C1=NCCC2,BrC1=CC=C(C(F)(F)F)C=C1,22.43503561
c67469c1859c7c6f,FullCV_01,2331,CC(C)C(C=C(C(C)C)C=C1C(C)C)=C1C2=C(P(C(C)(C)C)C(C)(C)C)C(OC)=CC=C2OC,C1(C2=CC=CC=C2)=NOC=C1,CN(C)P(N(C)C)(N(C)C)=NP(N(C)C)(N(C)C)=NCC,IC1=NC=CC=C1,89.46707858
ca8c7c16da6632a6,FullCV_01,2332,CC(C)C(C=C(C(C)C)C=C1C(C)C)=C1C2=C(P(C(C)(C)C)C(C)(C)C)C(OC)=CC=C2OC,CC1=CC(N2C=CC=C2)=NO1,CN1CCCN2C1=NCCC2,IC1=CC=C(OC)C=C1,49.15467449
52389d4924e528fa,FullCV_01,2333,CC(C)C(C=C(C(C)C)C=C1C(C)C)=C1C2=C(P(C(C)(C)C)C(C)(C)C)C(OC)=CC=C2OC,CC1=NOC=C1,CN(C)P(N(C)C)(N(C)C)=NP(N(C)C)(N(C)C)=NCC,IC1=CN=CC=C1,0.597977578
30dcb1b3726ad36d,FullCV_01,2334,CC(C)C(C=C(C(C)C)C=C1C(C)C)=C1C2=C(P(C(C)(C)C)C(C)(C)C)C=CC=C2,CCOC(C1=NOC=C1)=O,CN(C)P(N(C)C)(N(C)C)=NP(N(C)C)(N(C)C)=NCC,IC1=NC=CC=C1,9.011992674
ea836ebbcb50fafe,FullCV_01,2335,CC(C)C(C=C(C(C)C)C=C1C(C)C)=C1C2=C(P(C(C)(C)C)C(C)(C)C)C(OC)=CC=C2OC,C1(N(CC2=CC=CC=C2)CC3=CC=CC=C3)=CC=NO1,CC(C)(C)/N=C(N(C)C)/N(C)C,BrC1=CC=C(C(F)(F)F)C=C1,30.47937114
45fafb42124a36b9,FullCV_01,2336,CC(C)C(C=C(C(C)C)C=C1C(C)C)=C1C2=C(P(C3CCCCC3)C4CCCCC4)C=CC=C2,CC1=NOC=C1,CN(C)P(N(C)C)(N(C)C)=NP(N(C)C)(N(C)C)=NCC,IC1=CC=C(CC)C=C1,65.69456697
ff04e03fcfb3cb6d,FullCV_01,2337,CC(C)C(C=C(C(C)C)C=C1C(C)C)=C1C2=C(P(C(C)(C)C)C(C)(C)C)C(OC)=CC=C2OC,FC(C=CC=C1F)=C1C2=CC=NO2,CN(C)P(N(C)C)(N(C)C)=NP(N(C)C)(N(C)C)=NCC,BrC1=CC=C(C(F)(F)F)C=C1,12.38761085
e95010b7c3d3e54d,FullCV_01,2338,CC(C)C(C=C(C(C)C)C=C1C(C)C)=C1C2=C(P(C(C)(C)C)C(C)(C)C)C=CC=C2,CCOC(C1=CON=C1)=O,CC(C)(C)/N=C(N(C)C)/N(C)C,BrC1=NC=CC=C1,6.315944702
ded92bc5ec9c18d2,FullCV_01,2339,CC(C)C(C=C(C(C)C)C=C1C(C)C)=C1C2=C(P(C3CCCCC3)C4CCCCC4)C=CC=C2,C1(C2=CC=CC=C2)=CON=C1,CN(C)P(N(C)C)(N(C)C)=NP(N(C)C)(N(C)C)=NCC,BrC1=CC=C(C(F)(F)F)C=C1,13.83708642
edc587d22428e68d,FullCV_01,2340,CC(C)C(C=C(C(C)C)C=C1C(C)C)=C1C2=C(P(C(C)(C)C)C(C)(C)C)C=CC=C2,C1(N(CC2=CC=CC=C2)CC3=CC=CC=C3)=NOC=C1,CC(C)(C)/N=C(N(C)C)/N(C)C,IC1=CC=C(CC)C=C1,59.81582481
aff9ade02f8fd259,FullCV_01,2341,CC(C)C(C=C(C(C)C)C=C1C(C)C)=C1C2=C(P([C@@]3(C[C@@H]4C5)C[C@H](C4)C[C@H]5C3)[C@]6(C7)C[C@@H](C[C@@H]7C8)C[C@@H]8C6)C(OC)=CC=C2OC,CC1=CC(C)=NO1,CC(C)(C)/N=C(N(C)C)/N(C)C,IC1=CC=C(OC)C=C1,35.25588385
1c90f74bce347723,FullCV_01,2342,CC(C)C(C=C(C(C)C)C=C1C(C)C)=C1C2=C(P(C(C)(C)C)C(C)(C)C)C(OC)=CC=C2OC,CC1=CC(N2C=CC=C2)=NO1,CN1CCCN2C1=NCCC2,BrC1=NC=CC=C1,80.79670421
eef9513b6f333af0,FullCV_01,2343,CC(C)C(C=C(C(C)C)C=C1C(C)C)=C1C2=C(P(C3CCCCC3)C4CCCCC4)C=CC=C2,CC1=CC=NO1,CN1CCCN2C1=NCCC2,IC1=CC=C(CC)C=C1,30.59514524
7e8cfce286527e45,FullCV_01,2344,CC(C)C(C=C(C(C)C)C=C1C(C)C)=C1C2=C(P(C3CCCCC3)C4CCCCC4)C=CC=C2,CCOC(C1=NOC=C1)=O,CN1CCCN2C1=NCCC2,BrC1=CC=C(C(F)(F)F)C=C1,31.22142105
7629d6375b7d194c,FullCV_01,2345,CC(C)C(C=C(C(C)C)C=C1C(C)C)=C1C2=C(P([C@@]3(C[C@@H]4C5)C[C@H](C4)C[C@H]5C3)[C@]6(C7)C[C@@H](C[C@@H]7C8)C[C@@H]8C6)C(OC)=CC=C2OC,CC1=CC(N2C=CC=C2)=NO1,CN1CCCN2C1=NCCC2,IC1=CC=C(C(F)(F)F)C=C1,43.02832469
eb4b8c6f5ef8f319,FullCV_01,2346,CC(C)C(C=C(C(C)C)C=C1C(C)C)=C1C2=C(P(C3CCCCC3)C4CCCCC4)C=CC=C2,C1(C2=CC=CC=C2)=NOC=C1,CN(C)P(N(C)C)(N(C)C)=NP(N(C)C)(N(C)C)=NCC,IC1=CC=C(C(F)(F)F)C=C1,20.86747592
c7bba61cfe52d239,FullCV_01,2347,CC(C)C(C=C(C(C)C)C=C1C(C)C)=C1C2=C(P(C(C)(C)C)C(C)(C)C)C(OC)=CC=C2OC,CC1=CC=NO1,CN(C)P(N(C)C)(N(C)C)=NP(N(C)C)(N(C)C)=NCC,BrC1=CC=C(OC)C=C1,9.853260903
f99641de1890e660,FullCV_01,2348,CC(C)C(C=C(C(C)C)C=C1C(C)C)=C1C2=C(P(C(C)(C)C)C(C)(C)C)C(OC)=CC=C2OC,COC1=NOC(C(OCC)=O)=C1,CC(C)(C)/N=C(N(C)C)/N(C)C,BrC1=CN=CC=C1,55.60412419
73659ec282b116e3,FullCV_01,2349,CC(C)C(C=C(C(C)C)C=C1C(C)C)=C1C2=C(P([C@@]3(C[C@@H]4C5)C[C@H](C4)C[C@H]5C3)[C@]6(C7)C[C@@H](C[C@@H]7C8)C[C@@H]8C6)C(OC)=CC=C2OC,O=C(OC)C1=CC=NO1,CN(C)P(N(C)C)(N(C)C)=NP(N(C)C)(N(C)C)=NCC,IC1=NC=CC=C1,15.42196799
3aed8eaa4c5a0dae,FullCV_01,2350,CC(C)C(C=C(C(C)C)C=C1C(C)C)=C1C2=C(P(C3CCCCC3)C4CCCCC4)C=CC=C2,CCOC(C1=CON=C1)=O,CN(C)P(N(C)C)(N(C)C)=NP(N(C)C)(N(C)C)=NCC,BrC1=CC=C(C(F)(F)F)C=C1,0.0
30af74b24a15e2ed,FullCV_01,2351,CC(C)C(C=C(C(C)C)C=C1C(C)C)=C1C2=C(P(C(C)(C)C)C(C)(C)C)C(OC)=CC=C2OC,O=C(OC)C1=CC=NO1,CN(C)P(N(C)C)(N(C)C)=NP(N(C)C)(N(C)C)=NCC,ClC1=NC=CC=C1,16.31613355
ecf7b94e5aef35eb,FullCV_01,2352,CC(C)C(C=C(C(C)C)C=C1C(C)C)=C1C2=C(P(C3CCCCC3)C4CCCCC4)C=CC=C2,C1(N(CC2=CC=CC=C2)CC3=CC=CC=C3)=CC=NO1,CN1CCCN2C1=NCCC2,ClC1=CC=C(OC)C=C1,0.0
87d5b36681da3af2,FullCV_01,2353,CC(C)C(C=C(C(C)C)C=C1C(C)C)=C1C2=C(P(C3CCCCC3)C4CCCCC4)C=CC=C2,CC1=CC(C)=NO1,CN(C)P(N(C)C)(N(C)C)=NP(N(C)C)(N(C)C)=NCC,IC1=CN=CC=C1,76.45126838
b70e011e11d21504,FullCV_01,2354,CC(C)C(C=C(C(C)C)C=C1C(C)C)=C1C2=C(P(C(C)(C)C)C(C)(C)C)C(OC)=CC=C2OC,O=C(OC)C1=NOC(C2=CC=CS2)=C1,CC(C)(C)/N=C(N(C)C)/N(C)C,IC1=CC=C(OC)C=C1,41.08459601
af4398bac02334f7,FullCV_01,2355,CC(C)C(C=C(C(C)C)C=C1C(C)C)=C1C2=C(P([C@@]3(C[C@@H]4C5)C[C@H](C4)C[C@H]5C3)[C@]6(C7)C[C@@H](C[C@@H]7C8)C[C@@H]8C6)C(OC)=CC=C2OC,CC1=CC(C(OCC)=O)=NO1,CN(C)P(N(C)C)(N(C)C)=NP(N(C)C)(N(C)C)=NCC,IC1=CN=CC=C1,56.03413013
f2016fe4423c4781,FullCV_01,2356,CC(C)C(C=C(C(C)C)C=C1C(C)C)=C1C2=C(P(C(C)(C)C)C(C)(C)C)C(OC)=CC=C2OC,CC1=CC(C(OCC)=O)=NO1,CC(C)(C)/N=C(N(C)C)/N(C)C,BrC1=CN=CC=C1,72.58738213
90ee18288433789d,FullCV_01,2357,CC(C)C(C=C(C(C)C)C=C1C(C)C)=C1C2=C(P(C(C)(C)C)C(C)(C)C)C=CC=C2,CC1=NOC=C1,CC(C)(C)/N=C(N(C)C)/N(C)C,IC1=CC=C(CC)C=C1,81.02094948
9b2f792d2fd08c6d,FullCV_01,2358,CC(C)C(C=C(C(C)C)C=C1C(C)C)=C1C2=C(P(C(C)(C)C)C(C)(C)C)C=CC=C2,CC1=NOC(C(OCC)=O)=C1,CN(C)P(N(C)C)(N(C)C)=NP(N(C)C)(N(C)C)=NCC,BrC1=CC=C(OC)C=C1,42.11946098
1cee77b4c20908ff,FullCV_01,2359,CC(C)C(C=C(C(C)C)C=C1C(C)C)=C1C2=C(P(C3CCCCC3)C4CCCCC4)C=CC=C2,O=C(OC)C1=CC=NO1,CN(C)P(N(C)C)(N(C)C)=NP(N(C)C)(N(C)C)=NCC,BrC1=CC=C(CC)C=C1,8.653540466
fe64d221664ffb22,FullCV_01,2360,CC(C)C(C=C(C(C)C)C=C1C(C)C)=C1C2=C(P(C(C)(C)C)C(C)(C)C)C=CC=C2,FC(C=CC=C1F)=C1C2=CC=NO2,CN1CCCN2C1=NCCC2,IC1=CC=C(CC)C=C1,72.13959481
195a3d29eb512cd7,FullCV_01,2361,CC(C)C(C=C(C(C)C)C=C1C(C)C)=C1C2=C(P([C@@]3(C[C@@H]4C5)C[C@H](C4)C[C@H]5C3)[C@]6(C7)C[C@@H](C[C@@H]7C8)C[C@@H]8C6)C(OC)=CC=C2OC,CC1=CC=NO1,CN(C)P(N(C)C)(N(C)C)=NP(N(C)C)(N(C)C)=NCC,BrC1=CC=C(OC)C=C1,7.829216765
2a7a88eca34834ac,FullCV_01,2362,CC(C)C(C=C(C(C)C)C=C1C(C)C)=C1C2=C(P(C3CCCCC3)C4CCCCC4)C=CC=C2,O=C(OC)C1=CC=NO1,CN1CCCN2C1=NCCC2,IC1=CN=CC=C1,12.53742021
f99f8c37b7cee447,FullCV_01,2363,CC(C)C(C=C(C(C)C)C=C1C(C)C)=C1C2=C(P([C@@]3(C[C@@H]4C5)C[C@H](C4)C[C@H]5C3)[C@]6(C7)C[C@@H](C[C@@H]7C8)C[C@@H]8C6)C(OC)=CC=C2OC,CC1=NOC(C2=CC=CC=C2)=C1,CN1CCCN2C1=NCCC2,ClC1=CC=C(C(F)(F)F)C=C1,7.126598878
aa99e92094e27563,FullCV_01,2364,CC(C)C(C=C(C(C)C)C=C1C(C)C)=C1C2=C(P([C@@]3(C[C@@H]4C5)C[C@H](C4)C[C@H]5C3)[C@]6(C7)C[C@@H](C[C@@H]7C8)C[C@@H]8C6)C(OC)=CC=C2OC,C1(C2=CC=CC=C2)=CC=NO1,CC(C)(C)/N=C(N(C)C)/N(C)C,BrC1=CN=CC=C1,48.30710262
98d70390a1243306,FullCV_01,2365,CC(C)C(C=C(C(C)C)C=C1C(C)C)=C1C2=C(P(C3CCCCC3)C4CCCCC4)C=CC=C2,C12=C(C=CC=C2)ON=C1,CN1CCCN2C1=NCCC2,BrC1=CC=C(C(F)(F)F)C=C1,28.60232004
f7577b3197ba6d05,FullCV_01,2366,CC(C)C(C=C(C(C)C)C=C1C(C)C)=C1C2=C(P(C(C)(C)C)C(C)(C)C)C(OC)=CC=C2OC,CC1=CC(C(OCC)=O)=NO1,CN(C)P(N(C)C)(N(C)C)=NP(N(C)C)(N(C)C)=NCC,ClC1=CC=C(CC)C=C1,0.858974836
9e8bbc798fcc5027,FullCV_01,2367,CC(C)C(C=C(C(C)C)C=C1C(C)C)=C1C2=C(P(C(C)(C)C)C(C)(C)C)C=CC=C2,CC1=CC(C)=NO1,CN(C)P(N(C)C)(N(C)C)=NP(N(C)C)(N(C)C)=NCC,BrC1=CC=C(CC)C=C1,72.6088082
18d2554b1cc78967,FullCV_01,2368,CC(C)C(C=C(C(C)C)C=C1C(C)C)=C1C2=C(P(C(C)(C)C)C(C)(C)C)C(OC)=CC=C2OC,CC1=C(C(OCC)=O)C=NO1,CN(C)P(N(C)C)(N(C)C)=NP(N(C)C)(N(C)C)=NCC,BrC1=NC=CC=C1,28.5763008
bff0fe42a2708fdc,FullCV_01,2369,CC(C)C(C=C(C(C)C)C=C1C(C)C)=C1C2=C(P(C(C)(C)C)C(C)(C)C)C(OC)=CC=C2OC,C1(C2=CC=CC=C2)=NOC=C1,CN(C)P(N(C)C)(N(C)C)=NP(N(C)C)(N(C)C)=NCC,ClC1=CC=C(C(F)(F)F)C=C1,7.021683633
6230ecdf6ab9e757,FullCV_01,2370,CC(C)C(C=C(C(C)C)C=C1C(C)C)=C1C2=C(P(C3CCCCC3)C4CCCCC4)C=CC=C2,CCOC(C1=CON=C1)=O,CN1CCCN2C1=NCCC2,IC1=CC=C(OC)C=C1,9.35930625
6384b9057d4edeb0,FullCV_01,2371,CC(C)C(C=C(C(C)C)C=C1C(C)C)=C1C2=C(P(C(C)(C)C)C(C)(C)C)C=CC=C2,CC1=CC(N2C=CC=C2)=NO1,CN1CCCN2C1=NCCC2,IC1=NC=CC=C1,80.16290148
0ad7b14318db7559,FullCV_01,2372,CC(C)C(C=C(C(C)C)C=C1C(C)C)=C1C2=C(P(C3CCCCC3)C4CCCCC4)C=CC=C2,CC1=C(C(OCC)=O)C=NO1,CN(C)P(N(C)C)(N(C)C)=NP(N(C)C)(N(C)C)=NCC,BrC1=CC=C(OC)C=C1,9.070205476
4afb0ba608a54a22,FullCV_01,2373,CC(C)C(C=C(C(C)C)C=C1C(C)C)=C1C2=C(P(C(C)(C)C)C(C)(C)C)C(OC)=CC=C2OC,CC1=C(C(OCC)=O)C=NO1,CC(C)(C)/N=C(N(C)C)/N(C)C,ClC1=NC=CC=C1,9.836570629
df2ed078d1c2ac6f,FullCV_01,2374,CC(C)C(C=C(C(C)C)C=C1C(C)C)=C1C2=C(P(C(C)(C)C)C(C)(C)C)C=CC=C2,CC1=C(C(OCC)=O)C=NO1,CN1CCCN2C1=NCCC2,IC1=CC=C(C(F)(F)F)C=C1,41.66866973
7a04e2fb769dd19d,FullCV_01,2375,CC(C)C(C=C(C(C)C)C=C1C(C)C)=C1C2=C(P(C(C)(C)C)C(C)(C)C)C(OC)=CC=C2OC,CCOC(C1=NOC=C1)=O,CN1CCCN2C1=NCCC2,IC1=CC=C(CC)C=C1,80.5818059
b27741cb355d299d,FullCV_01,2376,CC(C)C(C=C(C(C)C)C=C1C(C)C)=C1C2=C(P(C3CCCCC3)C4CCCCC4)C=CC=C2,CC1=CC(N2C=CC=C2)=NO1,CC(C)(C)/N=C(N(C)C)/N(C)C,BrC1=CC=C(C(F)(F)F)C=C1,32.07542073
3f5239f2bf00597b,FullCV_01,2377,CC(C)C(C=C(C(C)C)C=C1C(C)C)=C1C2=C(P(C(C)(C)C)C(C)(C)C)C=CC=C2,CCOC(C1=NOC=C1)=O,CN1CCCN2C1=NCCC2,BrC1=NC=CC=C1,85.40177854
def121c12fd064ba,FullCV_01,2378,CC(C)C(C=C(C(C)C)C=C1C(C)C)=C1C2=C(P(C(C)(C)C)C(C)(C)C)C(OC)=CC=C2OC,O=C(OC)C1=NOC(C2=CC=CO2)=C1,CC(C)(C)/N=C(N(C)C)/N(C)C,BrC1=NC=CC=C1,62.07451283
a2797b1d00a47330,FullCV_01,2379,CC(C)C(C=C(C(C)C)C=C1C(C)C)=C1C2=C(P([C@@]3(C[C@@H]4C5)C[C@H](C4)C[C@H]5C3)[C@]6(C7)C[C@@H](C[C@@H]7C8)C[C@@H]8C6)C(OC)=CC=C2OC,CC1=CC(N2C=CC=C2)=NO1,CC(C)(C)/N=C(N(C)C)/N(C)C,BrC1=NC=CC=C1,53.66497703
ccbeb02ea370f7a1,FullCV_01,2380,CC(C)C(C=C(C(C)C)C=C1C(C)C)=C1C2=C(P(C(C)(C)C)C(C)(C)C)C=CC=C2,CC1=C(C(OCC)=O)C=NO1,CN(C)P(N(C)C)(N(C)C)=NP(N(C)C)(N(C)C)=NCC,ClC1=CC=C(CC)C=C1,4.57865157
d300fda45b253f49,FullCV_01,2381,CC(C)C(C=C(C(C)C)C=C1C(C)C)=C1C2=C(P([C@@]3(C[C@@H]4C5)C[C@H](C4)C[C@H]5C3)[C@]6(C7)C[C@@H](C[C@@H]7C8)C[C@@H]8C6)C(OC)=CC=C2OC,C1(N(CC2=CC=CC=C2)CC3=CC=CC=C3)=NOC=C1,CC(C)(C)/N=C(N(C)C)/N(C)C,BrC1=CC=C(OC)C=C1,59.06928985
575d93870ebb7aa9,FullCV_01,2382,CC(C)C(C=C(C(C)C)C=C1C(C)C)=C1C2=C(P(C3CCCCC3)C4CCCCC4)C=CC=C2,COC1=NOC(C(OCC)=O)=C1,CC(C)(C)/N=C(N(C)C)/N(C)C,IC1=CC=C(C(F)(F)F)C=C1,35.8368136
876ce2fcd0ad4d5f,FullCV_01,2383,CC(C)C(C=C(C(C)C)C=C1C(C)C)=C1C2=C(P(C(C)(C)C)C(C)(C)C)C=CC=C2,COC1=NOC(C(OCC)=O)=C1,CN(C)P(N(C)C)(N(C)C)=NP(N(C)C)(N(C)C)=NCC,BrC1=CC=C(CC)C=C1,61.05645885
7b436a1bbd5249c0,FullCV_01,2384,CC(C)C(C=C(C(C)C)C=C1C(C)C)=C1C2=C(P(C3CCCCC3)C4CCCCC4)C=CC=C2,CCOC(C1=NOC=C1)=O,CC(C)(C)/N=C(N(C)C)/N(C)C,ClC1=CC=C(OC)C=C1,0.426836265
bd13e7a7516f892d,FullCV_01,2385,CC(C)C(C=C(C(C)C)C=C1C(C)C)=C1C2=C(P([C@@]3(C[C@@H]4C5)C[C@H](C4)C[C@H]5C3)[C@]6(C7)C[C@@H](C[C@@H]7C8)C[C@@H]8C6)C(OC)=CC=C2OC,CC1=C(C(OCC)=O)C=NO1,CN(C)P(N(C)C)(N(C)C)=NP(N(C)C)(N(C)C)=NCC,ClC1=CC=C(C(F)(F)F)C=C1,7.257395781
0d6228dcd52b5b6b,FullCV_01,2386,CC(C)C(C=C(C(C)C)C=C1C(C)C)=C1C2=C(P(C3CCCCC3)C4CCCCC4)C=CC=C2,FC(C=CC=C1F)=C1C2=CC=NO2,CN1CCCN2C1=NCCC2,IC1=CC=C(C(F)(F)F)C=C1,24.0555231
ed0fe7cdffc23e98,FullCV_01,2387,CC(C)C(C=C(C(C)C)C=C1C(C)C)=C1C2=C(P(C3CCCCC3)C4CCCCC4)C=CC=C2,CC1=C(C(OCC)=O)C=NO1,CC(C)(C)/N=C(N(C)C)/N(C)C,BrC1=CC=C(C(F)(F)F)C=C1,9.795326165
8f4f44c490e23405,FullCV_01,2388,CC(C)C(C=C(C(C)C)C=C1C(C)C)=C1C2=C(P(C3CCCCC3)C4CCCCC4)C=CC=C2,C12=CON=C1C=CC=C2,CN1CCCN2C1=NCCC2,ClC1=CC=C(CC)C=C1,0.0
6a5eed885b2989a7,FullCV_01,2389,CC(C)C(C=C(C(C)C)C=C1C(C)C)=C1C2=C(P([C@@]3(C[C@@H]4C5)C[C@H](C4)C[C@H]5C3)[C@]6(C7)C[C@@H](C[C@@H]7C8)C[C@@H]8C6)C(OC)=CC=C2OC,CC1=CC(C(OCC)=O)=NO1,CC(C)(C)/N=C(N(C)C)/N(C)C,ClC1=CC=C(CC)C=C1,0.778234105
1fd1c1a1242a331c,FullCV_01,2390,CC(C)C(C=C(C(C)C)C=C1C(C)C)=C1C2=C(P([C@@]3(C[C@@H]4C5)C[C@H](C4)C[C@H]5C3)[C@]6(C7)C[C@@H](C[C@@H]7C8)C[C@@H]8C6)C(OC)=CC=C2OC,CC1=CC(N2C=CC=C2)=NO1,CC(C)(C)/N=C(N(C)C)/N(C)C,BrC1=CC=C(C(F)(F)F)C=C1,35.28597628
bd7a7d6e0a9d1516,FullCV_01,2391,CC(C)C(C=C(C(C)C)C=C1C(C)C)=C1C2=C(P([C@@]3(C[C@@H]4C5)C[C@H](C4)C[C@H]5C3)[C@]6(C7)C[C@@H](C[C@@H]7C8)C[C@@H]8C6)C(OC)=CC=C2OC,COC1=NOC(C(OCC)=O)=C1,CC(C)(C)/N=C(N(C)C)/N(C)C,IC1=CC=C(C(F)(F)F)C=C1,39.43512545
70afa47a43f738dd,FullCV_01,2392,CC(C)C(C=C(C(C)C)C=C1C(C)C)=C1C2=C(P([C@@]3(C[C@@H]4C5)C[C@H](C4)C[C@H]5C3)[C@]6(C7)C[C@@H](C[C@@H]7C8)C[C@@H]8C6)C(OC)=CC=C2OC,CCOC(C1=NOC=C1)=O,CN(C)P(N(C)C)(N(C)C)=NP(N(C)C)(N(C)C)=NCC,BrC1=CC=C(OC)C=C1,0.0
83e687f61e418349,FullCV_01,2393,CC(C)C(C=C(C(C)C)C=C1C(C)C)=C1C2=C(P(C(C)(C)C)C(C)(C)C)C=CC=C2,CCOC(C1=NOC=C1)=O,CC(C)(C)/N=C(N(C)C)/N(C)C,IC1=CC=C(CC)C=C1,58.99233401
a8d7eaf6e809f2f8,FullCV_01,2394,CC(C)C(C=C(C(C)C)C=C1C(C)C)=C1C2=C(P([C@@]3(C[C@@H]4C5)C[C@H](C4)C[C@H]5C3)[C@]6(C7)C[C@@H](C[C@@H]7C8)C[C@@H]8C6)C(OC)=CC=C2OC,C1(N(CC2=CC=CC=C2)CC3=CC=CC=C3)=NOC=C1,CN1CCCN2C1=NCCC2,IC1=NC=CC=C1,94.15173815
0a33ff513930e358,FullCV_01,2395,CC(C)C(C=C(C(C)C)C=C1C(C)C)=C1C2=C(P([C@@]3(C[C@@H]4C5)C[C@H](C4)C[C@H]5C3)[C@]6(C7)C[C@@H](C[C@@H]7C8)C[C@@H]8C6)C(OC)=CC=C2OC,C1(C2=CC=CC=C2)=CON=C1,CN1CCCN2C1=NCCC2,ClC1=CC=C(C(F)(F)F)C=C1,20.59737033
4d19a456b400d83b,FullCV_01,2396,CC(C)C(C=C(C(C)C)C=C1C(C)C)=C1C2=C(P(C(C)(C)C)C(C)(C)C)C(OC)=CC=C2OC,CC1=C(C(OCC)=O)C=NO1,CN1CCCN2C1=NCCC2,IC1=CC=C(OC)C=C1,29.42310745
46935e622cc6593b,FullCV_01,2397,CC(C)C(C=C(C(C)C)C=C1C(C)C)=C1C2=C(P(C3CCCCC3)C4CCCCC4)C=CC=C2,C1(N(CC2=CC=CC=C2)CC3=CC=CC=C3)=CC=NO1,CC(C)(C)/N=C(N(C)C)/N(C)C,BrC1=CC=C(OC)C=C1,0.597123544
930758d0777a0a97,FullCV_01,2398,CC(C)C(C=C(C(C)C)C=C1C(C)C)=C1C2=C(P(C(C)(C)C)C(C)(C)C)C(OC)=CC=C2OC,CCOC(C1=NOC=C1)=O,CN(C)P(N(C)C)(N(C)C)=NP(N(C)C)(N(C)C)=NCC,BrC1=CN=CC=C1,0.0
3d647d5aabbe5a65,FullCV_01,2399,CC(C)C(C=C(C(C)C)C=C1C(C)C)=C1C2=C(P(C3CCCCC3)C4CCCCC4)C=CC=C2,O=C(OC)C1=NOC(C2=CC=CO2)=C1,CN(C)P(N(C)C)(N(C)C)=NP(N(C)C)(N(C)C)=NCC,IC1=NC=CC=C1,29.79340439
512197d4e220a77d,FullCV_01,2400,CC(C)C(C=C(C(C)C)C=C1C(C)C)=C1C2=C(P(C3CCCCC3)C4CCCCC4)C=CC=C2,CC1=CC(C(OCC)=O)=NO1,CN(C)P(N(C)C)(N(C)C)=NP(N(C)C)(N(C)C)=NCC,ClC1=CC=C(CC)C=C1,4.992379236
12ec3c2eacdb1b23,FullCV_01,2401,CC(C)C(C=C(C(C)C)C=C1C(C)C)=C1C2=C(P([C@@]3(C[C@@H]4C5)C[C@H](C4)C[C@H]5C3)[C@]6(C7)C[C@@H](C[C@@H]7C8)C[C@@H]8C6)C(OC)=CC=C2OC,O=C(OC)C1=CC=NO1,CC(C)(C)/N=C(N(C)C)/N(C)C,ClC1=CN=CC=C1,0.0
7cd2cfa8b98e8d7e,FullCV_01,2402,CC(C)C(C=C(C(C)C)C=C1C(C)C)=C1C2=C(P(C3CCCCC3)C4CCCCC4)C=CC=C2,CC1=CC(C(OCC)=O)=NO1,CN1CCCN2C1=NCCC2,ClC1=CN=CC=C1,13.29271578
6314b9a1f73622d2,FullCV_01,2403,CC(C)C(C=C(C(C)C)C=C1C(C)C)=C1C2=C(P(C3CCCCC3)C4CCCCC4)C=CC=C2,CC1=NOC=C1,CC(C)(C)/N=C(N(C)C)/N(C)C,IC1=CC=C(OC)C=C1,34.22871308
3f76d8b17d3d3081,FullCV_01,2404,CC(C)C(C=C(C(C)C)C=C1C(C)C)=C1C2=C(P(C3CCCCC3)C4CCCCC4)C=CC=C2,C1(N(CC2=CC=CC=C2)CC3=CC=CC=C3)=NOC=C1,CC(C)(C)/N=C(N(C)C)/N(C)C,BrC1=CC=C(CC)C=C1,24.92429214
2dc234c6db9f884d,FullCV_01,2405,CC(C)C(C=C(C(C)C)C=C1C(C)C)=C1C2=C(P(C(C)(C)C)C(C)(C)C)C(OC)=CC=C2OC,CC1=NOC(C2=CC=CC=C2)=C1,CC(C)(C)/N=C(N(C)C)/N(C)C,IC1=CN=CC=C1,61.57150807
209f6530c6fa9f0b,FullCV_01,2406,CC(C)C(C=C(C(C)C)C=C1C(C)C)=C1C2=C(P([C@@]3(C[C@@H]4C5)C[C@H](C4)C[C@H]5C3)[C@]6(C7)C[C@@H](C[C@@H]7C8)C[C@@H]8C6)C(OC)=CC=C2OC,CC1=CC(N2C=CC=C2)=NO1,CN1CCCN2C1=NCCC2,ClC1=CN=CC=C1,9.540861126
c9eb0a222ca0d576,FullCV_01,2407,CC(C)C(C=C(C(C)C)C=C1C(C)C)=C1C2=C(P(C(C)(C)C)C(C)(C)C)C(OC)=CC=C2OC,CCOC(C1=CON=C1)=O,CN(C)P(N(C)C)(N(C)C)=NP(N(C)C)(N(C)C)=NCC,ClC1=CC=C(CC)C=C1,9.606838288
d0ce0b423a351ff4,FullCV_01,2408,CC(C)C(C=C(C(C)C)C=C1C(C)C)=C1C2=C(P([C@@]3(C[C@@H]4C5)C[C@H](C4)C[C@H]5C3)[C@]6(C7)C[C@@H](C[C@@H]7C8)C[C@@H]8C6)C(OC)=CC=C2OC,CC1=CC(C(OCC)=O)=NO1,CN1CCCN2C1=NCCC2,ClC1=CC=C(CC)C=C1,1.087256852
ca9a05cabd79af58,FullCV_01,2409,CC(C)C(C=C(C(C)C)C=C1C(C)C)=C1C2=C(P(C(C)(C)C)C(C)(C)C)C=CC=C2,C1(C2=CC=CC=C2)=NOC=C1,CN(C)P(N(C)C)(N(C)C)=NP(N(C)C)(N(C)C)=NCC,IC1=CC=C(OC)C=C1,54.23706048
0671a6cfe762f9d8,FullCV_01,2410,CC(C)C(C=C(C(C)C)C=C1C(C)C)=C1C2=C(P(C3CCCCC3)C4CCCCC4)C=CC=C2,CC1=NOC(C2=CC=CC=C2)=C1,CC(C)(C)/N=C(N(C)C)/N(C)C,ClC1=CC=C(CC)C=C1,3.418730848
849733e223310062,FullCV_01,2411,CC(C)C(C=C(C(C)C)C=C1C(C)C)=C1C2=C(P([C@@]3(C[C@@H]4C5)C[C@H](C4)C[C@H]5C3)[C@]6(C7)C[C@@H](C[C@@H]7C8)C[C@@H]8C6)C(OC)=CC=C2OC,CCOC(C1=CON=C1)=O,CC(C)(C)/N=C(N(C)C)/N(C)C,ClC1=CC=C(OC)C=C1,0.0
4827da32ae4b245b,FullCV_01,2412,CC(C)C(C=C(C(C)C)C=C1C(C)C)=C1C2=C(P(C3CCCCC3)C4CCCCC4)C=CC=C2,C1(C2=CC=CC=C2)=CC=NO1,CN(C)P(N(C)C)(N(C)C)=NP(N(C)C)(N(C)C)=NCC,IC1=NC=CC=C1,19.59428889
00ba96b647217bfa,FullCV_01,2413,CC(C)C(C=C(C(C)C)C=C1C(C)C)=C1C2=C(P(C3CCCCC3)C4CCCCC4)C=CC=C2,O=C(OC)C1=NOC(C2=CC=CO2)=C1,CN(C)P(N(C)C)(N(C)C)=NP(N(C)C)(N(C)C)=NCC,BrC1=CN=CC=C1,18.20970217
ed26de1303c38244,FullCV_01,2414,CC(C)C(C=C(C(C)C)C=C1C(C)C)=C1C2=C(P(C(C)(C)C)C(C)(C)C)C(OC)=CC=C2OC,C1(N(CC2=CC=CC=C2)CC3=CC=CC=C3)=NOC=C1,CC(C)(C)/N=C(N(C)C)/N(C)C,IC1=CC=C(OC)C=C1,60.30536067
95ad2fe2b198350c,FullCV_01,2415,CC(C)C(C=C(C(C)C)C=C1C(C)C)=C1C2=C(P(C(C)(C)C)C(C)(C)C)C(OC)=CC=C2OC,FC(C=CC=C1F)=C1C2=CC=NO2,CC(C)(C)/N=C(N(C)C)/N(C)C,ClC1=CN=CC=C1,1.607816561
91225bae12d7da06,FullCV_01,2416,CC(C)C(C=C(C(C)C)C=C1C(C)C)=C1C2=C(P(C(C)(C)C)C(C)(C)C)C(OC)=CC=C2OC,CC1=C(C(OCC)=O)C=NO1,CN(C)P(N(C)C)(N(C)C)=NP(N(C)C)(N(C)C)=NCC,IC1=CC=C(CC)C=C1,30.46158728
55cca21cb151b94a,FullCV_01,2417,CC(C)C(C=C(C(C)C)C=C1C(C)C)=C1C2=C(P([C@@]3(C[C@@H]4C5)C[C@H](C4)C[C@H]5C3)[C@]6(C7)C[C@@H](C[C@@H]7C8)C[C@@H]8C6)C(OC)=CC=C2OC,CC1=NOC=C1,CN(C)P(N(C)C)(N(C)C)=NP(N(C)C)(N(C)C)=NCC,ClC1=CC=C(CC)C=C1,1.117675591
7461b3259978bc4d,FullCV_01,2418,CC(C)C(C=C(C(C)C)C=C1C(C)C)=C1C2=C(P(C(C)(C)C)C(C)(C)C)C(OC)=CC=C2OC,C1(C2=CC=CC=C2)=NOC=C1,CC(C)(C)/N=C(N(C)C)/N(C)C,BrC1=CC=C(CC)C=C1,73.58359974
e77af803e9c382b0,FullCV_01,2419,CC(C)C(C=C(C(C)C)C=C1C(C)C)=C1C2=C(P([C@@]3(C[C@@H]4C5)C[C@H](C4)C[C@H]5C3)[C@]6(C7)C[C@@H](C[C@@H]7C8)C[C@@H]8C6)C(OC)=CC=C2OC,COC1=NOC(C(OCC)=O)=C1,CN(C)P(N(C)C)(N(C)C)=NP(N(C)C)(N(C)C)=NCC,ClC1=CC=C(CC)C=C1,2.294941324
63ba338fc514dc17,FullCV_01,2420,CC(C)C(C=C(C(C)C)C=C1C(C)C)=C1C2=C(P([C@@]3(C[C@@H]4C5)C[C@H](C4)C[C@H]5C3)[C@]6(C7)C[C@@H](C[C@@H]7C8)C[C@@H]8C6)C(OC)=CC=C2OC,FC(C=CC=C1F)=C1C2=CC=NO2,CN1CCCN2C1=NCCC2,IC1=CN=CC=C1,76.73986616
facf93f4197167e7,FullCV_01,2421,CC(C)C(C=C(C(C)C)C=C1C(C)C)=C1C2=C(P([C@@]3(C[C@@H]4C5)C[C@H](C4)C[C@H]5C3)[C@]6(C7)C[C@@H](C[C@@H]7C8)C[C@@H]8C6)C(OC)=CC=C2OC,C12=C(C=CC=C2)ON=C1,CN1CCCN2C1=NCCC2,BrC1=CC=C(C(F)(F)F)C=C1,32.88980878
eda9abbc9edb01e4,FullCV_01,2422,CC(C)C(C=C(C(C)C)C=C1C(C)C)=C1C2=C(P([C@@]3(C[C@@H]4C5)C[C@H](C4)C[C@H]5C3)[C@]6(C7)C[C@@H](C[C@@H]7C8)C[C@@H]8C6)C(OC)=CC=C2OC,CC1=C(C(OCC)=O)C=NO1,CN1CCCN2C1=NCCC2,IC1=CC=C(C(F)(F)F)C=C1,34.65614692
920f5a2b25873345,FullCV_01,2423,CC(C)C(C=C(C(C)C)C=C1C(C)C)=C1C2=C(P(C(C)(C)C)C(C)(C)C)C(OC)=CC=C2OC,CC1=CC(N2C=CC=C2)=NO1,CC(C)(C)/N=C(N(C)C)/N(C)C,ClC1=CC=C(C(F)(F)F)C=C1,27.20831726
6b3f75c5556ad84c,FullCV_01,2424,CC(C)C(C=C(C(C)C)C=C1C(C)C)=C1C2=C(P(C3CCCCC3)C4CCCCC4)C=CC=C2,CC1=CC(C)=NO1,CN1CCCN2C1=NCCC2,IC1=CC=C(CC)C=C1,64.13599101
a74802e4a1c32280,FullCV_01,2425,CC(C)C(C=C(C(C)C)C=C1C(C)C)=C1C2=C(P([C@@]3(C[C@@H]4C5)C[C@H](C4)C[C@H]5C3)[C@]6(C7)C[C@@H](C[C@@H]7C8)C[C@@H]8C6)C(OC)=CC=C2OC,CC1=CC(C)=NO1,CN(C)P(N(C)C)(N(C)C)=NP(N(C)C)(N(C)C)=NCC,BrC1=CN=CC=C1,31.49662818
50a0712d5f662b29,FullCV_01,2426,CC(C)C(C=C(C(C)C)C=C1C(C)C)=C1C2=C(P(C3CCCCC3)C4CCCCC4)C=CC=C2,C1(N(CC2=CC=CC=C2)CC3=CC=CC=C3)=NOC=C1,CC(C)(C)/N=C(N(C)C)/N(C)C,IC1=CN=CC=C1,30.41179661
9cbe265f16deff80,FullCV_01,2427,CC(C)C(C=C(C(C)C)C=C1C(C)C)=C1C2=C(P(C(C)(C)C)C(C)(C)C)C(OC)=CC=C2OC,CC1=NOC(C(OCC)=O)=C1,CN1CCCN2C1=NCCC2,IC1=CN=CC=C1,89.21674959
8b741be5b1cdfbab,FullCV_01,2428,CC(C)C(C=C(C(C)C)C=C1C(C)C)=C1C2=C(P(C(C)(C)C)C(C)(C)C)C(OC)=CC=C2OC,C1(C2=CC=CC=C2)=NOC=C1,CN(C)P(N(C)C)(N(C)C)=NP(N(C)C)(N(C)C)=NCC,IC1=CC=C(OC)C=C1,50.89816476
a4eb6f541100b78f,FullCV_01,2429,CC(C)C(C=C(C(C)C)C=C1C(C)C)=C1C2=C(P(C3CCCCC3)C4CCCCC4)C=CC=C2,CC1=CC(C)=NO1,CN(C)P(N(C)C)(N(C)C)=NP(N(C)C)(N(C)C)=NCC,IC1=NC=CC=C1,21.9180702
8a0dfb4951a01676,FullCV_01,2430,CC(C)C(C=C(C(C)C)C=C1C(C)C)=C1C2=C(P(C(C)(C)C)C(C)(C)C)C=CC=C2,CC1=C(C(OCC)=O)C=NO1,CC(C)(C)/N=C(N(C)C)/N(C)C,IC1=CC=C(C(F)(F)F)C=C1,23.9717282
265f013eb230b2b6,FullCV_01,2431,CC(C)C(C=C(C(C)C)C=C1C(C)C)=C1C2=C(P([C@@]3(C[C@@H]4C5)C[C@H](C4)C[C@H]5C3)[C@]6(C7)C[C@@H](C[C@@H]7C8)C[C@@H]8C6)C(OC)=CC=C2OC,CC1=C(C(OCC)=O)C=NO1,CN(C)P(N(C)C)(N(C)C)=NP(N(C)C)(N(C)C)=NCC,ClC1=CN=CC=C1,7.488530825
10f4cccbaac8b41b,FullCV_01,2432,CC(C)C(C=C(C(C)C)C=C1C(C)C)=C1C2=C(P(C(C)(C)C)C(C)(C)C)C=CC=C2,C12=CON=C1C=CC=C2,CC(C)(C)/N=C(N(C)C)/N(C)C,IC1=CC=C(C(F)(F)F)C=C1,9.518190042
e542ef4c66108758,FullCV_01,2433,CC(C)C(C=C(C(C)C)C=C1C(C)C)=C1C2=C(P([C@@]3(C[C@@H]4C5)C[C@H](C4)C[C@H]5C3)[C@]6(C7)C[C@@H](C[C@@H]7C8)C[C@@H]8C6)C(OC)=CC=C2OC,C1(C2=CC=CC=C2)=NOC=C1,CC(C)(C)/N=C(N(C)C)/N(C)C,BrC1=CC=C(C(F)(F)F)C=C1,48.06786456
8658be29cba02649,FullCV_01,2434,CC(C)C(C=C(C(C)C)C=C1C(C)C)=C1C2=C(P(C3CCCCC3)C4CCCCC4)C=CC=C2,C1(N(CC2=CC=CC=C2)CC3=CC=CC=C3)=CC=NO1,CN1CCCN2C1=NCCC2,ClC1=CC=C(C(F)(F)F)C=C1,1.249008464
58d623273cc964f3,FullCV_01,2435,CC(C)C(C=C(C(C)C)C=C1C(C)C)=C1C2=C(P(C(C)(C)C)C(C)(C)C)C(OC)=CC=C2OC,CC1=CC(N2C=CC=C2)=NO1,CC(C)(C)/N=C(N(C)C)/N(C)C,ClC1=NC=CC=C1,62.79572595
cde79d59ced9da16,FullCV_01,2436,CC(C)C(C=C(C(C)C)C=C1C(C)C)=C1C2=C(P(C(C)(C)C)C(C)(C)C)C=CC=C2,C1(C2=CC=CC=C2)=CC=NO1,CC(C)(C)/N=C(N(C)C)/N(C)C,ClC1=CC=C(CC)C=C1,2.599454304
060e59b2a515ad43,FullCV_01,2437,CC(C)C(C=C(C(C)C)C=C1C(C)C)=C1C2=C(P([C@@]3(C[C@@H]4C5)C[C@H](C4)C[C@H]5C3)[C@]6(C7)C[C@@H](C[C@@H]7C8)C[C@@H]8C6)C(OC)=CC=C2OC,C1(C2=CC=CC=C2)=CC=NO1,CC(C)(C)/N=C(N(C)C)/N(C)C,BrC1=CC=C(C(F)(F)F)C=C1,22.516172
3448960037391ee0,FullCV_01,2438,CC(C)C(C=C(C(C)C)C=C1C(C)C)=C1C2=C(P([C@@]3(C[C@@H]4C5)C[C@H](C4)C[C@H]5C3)[C@]6(C7)C[C@@H](C[C@@H]7C8)C[C@@H]8C6)C(OC)=CC=C2OC,C12=CON=C1C=CC=C2,CC(C)(C)/N=C(N(C)C)/N(C)C,BrC1=CC=C(C(F)(F)F)C=C1,3.160193721
b26efe5d5f63ddda,FullCV_01,2439,CC(C)C(C=C(C(C)C)C=C1C(C)C)=C1C2=C(P(C(C)(C)C)C(C)(C)C)C(OC)=CC=C2OC,CC1=NOC(C2=CC=CC=C2)=C1,CN(C)P(N(C)C)(N(C)C)=NP(N(C)C)(N(C)C)=NCC,IC1=NC=CC=C1,82.33244396
f0c8df439518506d,FullCV_01,2440,CC(C)C(C=C(C(C)C)C=C1C(C)C)=C1C2=C(P([C@@]3(C[C@@H]4C5)C[C@H](C4)C[C@H]5C3)[C@]6(C7)C[C@@H](C[C@@H]7C8)C[C@@H]8C6)C(OC)=CC=C2OC,C12=CON=C1C=CC=C2,CN(C)P(N(C)C)(N(C)C)=NP(N(C)C)(N(C)C)=NCC,ClC1=CC=C(C(F)(F)F)C=C1,1.069060713
c865bee5dd689457,FullCV_01,2441,CC(C)C(C=C(C(C)C)C=C1C(C)C)=C1C2=C(P(C3CCCCC3)C4CCCCC4)C=CC=C2,C12=C(C=CC=C2)ON=C1,CN(C)P(N(C)C)(N(C)C)=NP(N(C)C)(N(C)C)=NCC,BrC1=NC=CC=C1,24.04057337
9815da7f58cda01b,FullCV_01,2442,CC(C)C(C=C(C(C)C)C=C1C(C)C)=C1C2=C(P(C(C)(C)C)C(C)(C)C)C=CC=C2,C1(C2=CC=CC=C2)=CON=C1,CN(C)P(N(C)C)(N(C)C)=NP(N(C)C)(N(C)C)=NCC,ClC1=CC=C(OC)C=C1,2.060581853
9e29f41f64ead937,FullCV_01,2443,CC(C)C(C=C(C(C)C)C=C1C(C)C)=C1C2=C(P(C(C)(C)C)C(C)(C)C)C(OC)=CC=C2OC,C12=CON=C1C=CC=C2,CC(C)(C)/N=C(N(C)C)/N(C)C,IC1=CC=C(C(F)(F)F)C=C1,11.98186799
4e72918712d52afe,FullCV_01,2444,CC(C)C(C=C(C(C)C)C=C1C(C)C)=C1C2=C(P(C(C)(C)C)C(C)(C)C)C(OC)=CC=C2OC,CC1=NOC(C(OCC)=O)=C1,CN(C)P(N(C)C)(N(C)C)=NP(N(C)C)(N(C)C)=NCC,BrC1=CC=C(OC)C=C1,40.45135336
d77428b4ea75027b,FullCV_01,2445,CC(C)C(C=C(C(C)C)C=C1C(C)C)=C1C2=C(P([C@@]3(C[C@@H]4C5)C[C@H](C4)C[C@H]5C3)[C@]6(C7)C[C@@H](C[C@@H]7C8)C[C@@H]8C6)C(OC)=CC=C2OC,CC1=C(C(OCC)=O)C=NO1,CN1CCCN2C1=NCCC2,IC1=CN=CC=C1,47.34357171
c5598c3cadad2195,FullCV_01,2446,CC(C)C(C=C(C(C)C)C=C1C(C)C)=C1C2=C(P(C3CCCCC3)C4CCCCC4)C=CC=C2,O=C(OC)C1=NOC(C2=CC=CS2)=C1,CN1CCCN2C1=NCCC2,IC1=CC=C(C(F)(F)F)C=C1,36.25454831
aa6aaae3ff80bbee,FullCV_01,2447,CC(C)C(C=C(C(C)C)C=C1C(C)C)=C1C2=C(P(C(C)(C)C)C(C)(C)C)C=CC=C2,C12=C(C=CC=C2)ON=C1,CN(C)P(N(C)C)(N(C)C)=NP(N(C)C)(N(C)C)=NCC,BrC1=CN=CC=C1,64.2716813
f5784276d87faf75,FullCV_01,2448,CC(C)C(C=C(C(C)C)C=C1C(C)C)=C1C2=C(P(C(C)(C)C)C(C)(C)C)C=CC=C2,C1(C2=CC=CC=C2)=CC=NO1,CC(C)(C)/N=C(N(C)C)/N(C)C,IC1=CC=C(CC)C=C1,72.39052533
1a169be664784527,FullCV_01,2449,CC(C)C(C=C(C(C)C)C=C1C(C)C)=C1C2=C(P(C(C)(C)C)C(C)(C)C)C=CC=C2,CC1=NOC(C(OCC)=O)=C1,CN(C)P(N(C)C)(N(C)C)=NP(N(C)C)(N(C)C)=NCC,ClC1=CC=C(OC)C=C1,0.0
352f94426fea94c6,FullCV_01,2450,CC(C)C(C=C(C(C)C)C=C1C(C)C)=C1C2=C(P(C(C)(C)C)C(C)(C)C)C(OC)=CC=C2OC,O=C(OC)C1=CC=NO1,CN1CCCN2C1=NCCC2,IC1=CC=C(CC)C=C1,72.70979963
7d2e3b4249b37462,FullCV_01,2451,CC(C)C(C=C(C(C)C)C=C1C(C)C)=C1C2=C(P([C@@]3(C[C@@H]4C5)C[C@H](C4)C[C@H]5C3)[C@]6(C7)C[C@@H](C[C@@H]7C8)C[C@@H]8C6)C(OC)=CC=C2OC,C1(C2=CC=CC=C2)=NOC=C1,CC(C)(C)/N=C(N(C)C)/N(C)C,ClC1=CN=CC=C1,35.8579046
4250072a0cedb1e0,FullCV_01,2452,CC(C)C(C=C(C(C)C)C=C1C(C)C)=C1C2=C(P(C(C)(C)C)C(C)(C)C)C(OC)=CC=C2OC,CC1=CC=NO1,CN1CCCN2C1=NCCC2,BrC1=CC=C(C(F)(F)F)C=C1,29.59583126
2fa0c1843c31de4f,FullCV_01,2453,CC(C)C(C=C(C(C)C)C=C1C(C)C)=C1C2=C(P([C@@]3(C[C@@H]4C5)C[C@H](C4)C[C@H]5C3)[C@]6(C7)C[C@@H](C[C@@H]7C8)C[C@@H]8C6)C(OC)=CC=C2OC,CC1=CC=NO1,CC(C)(C)/N=C(N(C)C)/N(C)C,ClC1=NC=CC=C1,28.41978949
2f6eacad8d210f89,FullCV_01,2454,CC(C)C(C=C(C(C)C)C=C1C(C)C)=C1C2=C(P(C(C)(C)C)C(C)(C)C)C=CC=C2,C1(C2=CC=CC=C2)=NOC=C1,CN1CCCN2C1=NCCC2,BrC1=CN=CC=C1,94.87994774
00a40957cf90d876,FullCV_01,2455,CC(C)C(C=C(C(C)C)C=C1C(C)C)=C1C2=C(P([C@@]3(C[C@@H]4C5)C[C@H](C4)C[C@H]5C3)[C@]6(C7)C[C@@H](C[C@@H]7C8)C[C@@H]8C6)C(OC)=CC=C2OC,O=C(OC)C1=NOC(C2=CC=CO2)=C1,CN1CCCN2C1=NCCC2,ClC1=CC=C(OC)C=C1,0.0
aaffb50de4dd8417,FullCV_01,2456,CC(C)C(C=C(C(C)C)C=C1C(C)C)=C1C2=C(P([C@@]3(C[C@@H]4C5)C[C@H](C4)C[C@H]5C3)[C@]6(C7)C[C@@H](C[C@@H]7C8)C[C@@H]8C6)C(OC)=CC=C2OC,CC1=NOC(C(OCC)=O)=C1,CN(C)P(N(C)C)(N(C)C)=NP(N(C)C)(N(C)C)=NCC,IC1=CC=C(OC)C=C1,52.78848387
22f0e4580623da28,FullCV_01,2457,CC(C)C(C=C(C(C)C)C=C1C(C)C)=C1C2=C(P(C(C)(C)C)C(C)(C)C)C=CC=C2,O=C(OC)C1=NOC(C2=CC=CO2)=C1,CN1CCCN2C1=NCCC2,BrC1=CC=C(C(F)(F)F)C=C1,40.36775448
bdf1f2e4e1edc393,FullCV_01,2458,CC(C)C(C=C(C(C)C)C=C1C(C)C)=C1C2=C(P(C3CCCCC3)C4CCCCC4)C=CC=C2,C12=C(C=CC=C2)ON=C1,CC(C)(C)/N=C(N(C)C)/N(C)C,IC1=CC=C(OC)C=C1,2.128691227
dc10d21c3f539677,FullCV_01,2459,CC(C)C(C=C(C(C)C)C=C1C(C)C)=C1C2=C(P(C3CCCCC3)C4CCCCC4)C=CC=C2,C1(C2=CC=CC=C2)=NOC=C1,CN1CCCN2C1=NCCC2,ClC1=CN=CC=C1,15.1458408
e310a94de0965636,FullCV_01,2460,CC(C)C(C=C(C(C)C)C=C1C(C)C)=C1C2=C(P(C(C)(C)C)C(C)(C)C)C(OC)=CC=C2OC,CCOC(C1=NOC=C1)=O,CN(C)P(N(C)C)(N(C)C)=NP(N(C)C)(N(C)C)=NCC,IC1=CC=C(C(F)(F)F)C=C1,10.5253011
f98c00c81d6b2b70,FullCV_01,2461,CC(C)C(C=C(C(C)C)C=C1C(C)C)=C1C2=C(P(C(C)(C)C)C(C)(C)C)C(OC)=CC=C2OC,CC1=CC(C(OCC)=O)=NO1,CN1CCCN2C1=NCCC2,IC1=CN=CC=C1,87.55418753
7ce417fcfaefdb38,FullCV_01,2462,CC(C)C(C=C(C(C)C)C=C1C(C)C)=C1C2=C(P(C3CCCCC3)C4CCCCC4)C=CC=C2,O=C(OC)C1=NOC(C2=CC=CO2)=C1,CN(C)P(N(C)C)(N(C)C)=NP(N(C)C)(N(C)C)=NCC,BrC1=CC=C(CC)C=C1,32.95642094
4f06c5977a67efe0,FullCV_01,2463,CC(C)C(C=C(C(C)C)C=C1C(C)C)=C1C2=C(P(C(C)(C)C)C(C)(C)C)C=CC=C2,O=C(OC)C1=NOC(C2=CC=CO2)=C1,CC(C)(C)/N=C(N(C)C)/N(C)C,ClC1=CC=C(OC)C=C1,0.0
f0d5e834542df1bf,FullCV_01,2464,CC(C)C(C=C(C(C)C)C=C1C(C)C)=C1C2=C(P(C3CCCCC3)C4CCCCC4)C=CC=C2,C12=C(C=CC=C2)ON=C1,CN1CCCN2C1=NCCC2,BrC1=CC=C(CC)C=C1,11.8907701
92096604619d74aa,FullCV_01,2465,CC(C)C(C=C(C(C)C)C=C1C(C)C)=C1C2=C(P(C(C)(C)C)C(C)(C)C)C=CC=C2,C1(C2=CC=CC=C2)=CON=C1,CN1CCCN2C1=NCCC2,BrC1=CN=CC=C1,94.34623373
833c59468081f3cb,FullCV_01,2466,CC(C)C(C=C(C(C)C)C=C1C(C)C)=C1C2=C(P(C3CCCCC3)C4CCCCC4)C=CC=C2,C1(N(CC2=CC=CC=C2)CC3=CC=CC=C3)=CC=NO1,CN(C)P(N(C)C)(N(C)C)=NP(N(C)C)(N(C)C)=NCC,IC1=CC=C(OC)C=C1,2.819747326
f362ecec9a4fa95e,FullCV_01,2467,CC(C)C(C=C(C(C)C)C=C1C(C)C)=C1C2=C(P(C(C)(C)C)C(C)(C)C)C(OC)=CC=C2OC,C1(C2=CC=CC=C2)=CC=NO1,CC(C)(C)/N=C(N(C)C)/N(C)C,IC1=CC=C(OC)C=C1,40.37403082
3905154564a0c966,FullCV_01,2468,CC(C)C(C=C(C(C)C)C=C1C(C)C)=C1C2=C(P(C(C)(C)C)C(C)(C)C)C=CC=C2,COC1=NOC(C(OCC)=O)=C1,CN1CCCN2C1=NCCC2,ClC1=CC=C(OC)C=C1,0.399824711
67d574ad19a391d0,FullCV_01,2469,CC(C)C(C=C(C(C)C)C=C1C(C)C)=C1C2=C(P(C(C)(C)C)C(C)(C)C)C=CC=C2,CCOC(C1=NOC=C1)=O,CN(C)P(N(C)C)(N(C)C)=NP(N(C)C)(N(C)C)=NCC,IC1=CN=CC=C1,1.171055965
e9306b78ba52b346,FullCV_01,2470,CC(C)C(C=C(C(C)C)C=C1C(C)C)=C1C2=C(P([C@@]3(C[C@@H]4C5)C[C@H](C4)C[C@H]5C3)[C@]6(C7)C[C@@H](C[C@@H]7C8)C[C@@H]8C6)C(OC)=CC=C2OC,CCOC(C1=CON=C1)=O,CN(C)P(N(C)C)(N(C)C)=NP(N(C)C)(N(C)C)=NCC,ClC1=NC=CC=C1,0.0
2e028bc92d73976e,FullCV_01,2471,CC(C)C(C=C(C(C)C)C=C1C(C)C)=C1C2=C(P(C(C)(C)C)C(C)(C)C)C(OC)=CC=C2OC,CCOC(C1=NOC=C1)=O,CC(C)(C)/N=C(N(C)C)/N(C)C,IC1=NC=CC=C1,63.18914382
9e8102cc1765aa0d,FullCV_01,2472,CC(C)C(C=C(C(C)C)C=C1C(C)C)=C1C2=C(P([C@@]3(C[C@@H]4C5)C[C@H](C4)C[C@H]5C3)[C@]6(C7)C[C@@H](C[C@@H]7C8)C[C@@H]8C6)C(OC)=CC=C2OC,C1(C2=CC=CC=C2)=NOC=C1,CC(C)(C)/N=C(N(C)C)/N(C)C,ClC1=NC=CC=C1,61.91869342
14fd3de734339083,FullCV_01,2473,CC(C)C(C=C(C(C)C)C=C1C(C)C)=C1C2=C(P(C(C)(C)C)C(C)(C)C)C=CC=C2,C1(C2=CC=CC=C2)=CC=NO1,CN1CCCN2C1=NCCC2,ClC1=CC=C(CC)C=C1,15.31942872
9af4b92160dfe986,FullCV_01,2474,CC(C)C(C=C(C(C)C)C=C1C(C)C)=C1C2=C(P(C(C)(C)C)C(C)(C)C)C(OC)=CC=C2OC,CC1=CC=NO1,CC(C)(C)/N=C(N(C)C)/N(C)C,ClC1=CC=C(C(F)(F)F)C=C1,2.874679313
538a7e1ae1812efc,FullCV_01,2475,CC(C)C(C=C(C(C)C)C=C1C(C)C)=C1C2=C(P(C(C)(C)C)C(C)(C)C)C(OC)=CC=C2OC,O=C(OC)C1=NOC(C2=CC=CS2)=C1,CN(C)P(N(C)C)(N(C)C)=NP(N(C)C)(N(C)C)=NCC,IC1=CC=C(OC)C=C1,41.53702825
d152c99f7ef658d0,FullCV_01,2476,CC(C)C(C=C(C(C)C)C=C1C(C)C)=C1C2=C(P(C3CCCCC3)C4CCCCC4)C=CC=C2,CC1=CC(N2C=CC=C2)=NO1,CC(C)(C)/N=C(N(C)C)/N(C)C,ClC1=CN=CC=C1,12.63535619
468b12781a4f72f0,FullCV_01,2477,CC(C)C(C=C(C(C)C)C=C1C(C)C)=C1C2=C(P(C3CCCCC3)C4CCCCC4)C=CC=C2,CC1=CC(N2C=CC=C2)=NO1,CN1CCCN2C1=NCCC2,BrC1=CC=C(C(F)(F)F)C=C1,31.15934188
4d706e2b45b64ca9,FullCV_01,2478,CC(C)C(C=C(C(C)C)C=C1C(C)C)=C1C2=C(P(C(C)(C)C)C(C)(C)C)C=CC=C2,CC1=CC(C)=NO1,CN(C)P(N(C)C)(N(C)C)=NP(N(C)C)(N(C)C)=NCC,BrC1=CC=C(OC)C=C1,44.92520247
c6088a5d82e59c83,FullCV_01,2479,CC(C)C(C=C(C(C)C)C=C1C(C)C)=C1C2=C(P([C@@]3(C[C@@H]4C5)C[C@H](C4)C[C@H]5C3)[C@]6(C7)C[C@@H](C[C@@H]7C8)C[C@@H]8C6)C(OC)=CC=C2OC,FC(C=CC=C1F)=C1C2=CC=NO2,CN(C)P(N(C)C)(N(C)C)=NP(N(C)C)(N(C)C)=NCC,BrC1=NC=CC=C1,25.90827653
855af67eb140cae5,FullCV_01,2480,CC(C)C(C=C(C(C)C)C=C1C(C)C)=C1C2=C(P(C3CCCCC3)C4CCCCC4)C=CC=C2,CC1=NOC(C2=CC=CC=C2)=C1,CC(C)(C)/N=C(N(C)C)/N(C)C,BrC1=CC=C(C(F)(F)F)C=C1,31.62416369
cc1d7737b74abc4b,FullCV_01,2481,CC(C)C(C=C(C(C)C)C=C1C(C)C)=C1C2=C(P(C3CCCCC3)C4CCCCC4)C=CC=C2,FC(C=CC=C1F)=C1C2=CC=NO2,CN1CCCN2C1=NCCC2,ClC1=CC=C(OC)C=C1,0.0
379691878a35995d,FullCV_01,2482,CC(C)C(C=C(C(C)C)C=C1C(C)C)=C1C2=C(P(C(C)(C)C)C(C)(C)C)C(OC)=CC=C2OC,O=C(OC)C1=NOC(C2=CC=CS2)=C1,CN(C)P(N(C)C)(N(C)C)=NP(N(C)C)(N(C)C)=NCC,BrC1=CC=C(CC)C=C1,63.22828466
b457e7cc65336aad,FullCV_01,2483,CC(C)C(C=C(C(C)C)C=C1C(C)C)=C1C2=C(P([C@@]3(C[C@@H]4C5)C[C@H](C4)C[C@H]5C3)[C@]6(C7)C[C@@H](C[C@@H]7C8)C[C@@H]8C6)C(OC)=CC=C2OC,C1(N(CC2=CC=CC=C2)CC3=CC=CC=C3)=CC=NO1,CN1CCCN2C1=NCCC2,ClC1=CC=C(OC)C=C1,0.0
e2fd4cba6d71034b,FullCV_01,2484,CC(C)C(C=C(C(C)C)C=C1C(C)C)=C1C2=C(P(C(C)(C)C)C(C)(C)C)C=CC=C2,C12=CON=C1C=CC=C2,CN(C)P(N(C)C)(N(C)C)=NP(N(C)C)(N(C)C)=NCC,IC1=CC=C(CC)C=C1,13.95628888
6d5b5e3c30de7ad3,FullCV_01,2485,CC(C)C(C=C(C(C)C)C=C1C(C)C)=C1C2=C(P([C@@]3(C[C@@H]4C5)C[C@H](C4)C[C@H]5C3)[C@]6(C7)C[C@@H](C[C@@H]7C8)C[C@@H]8C6)C(OC)=CC=C2OC,CCOC(C1=NOC=C1)=O,CC(C)(C)/N=C(N(C)C)/N(C)C,ClC1=CC=C(CC)C=C1,1.161532817
fa7c814fb6773a84,FullCV_01,2486,CC(C)C(C=C(C(C)C)C=C1C(C)C)=C1C2=C(P([C@@]3(C[C@@H]4C5)C[C@H](C4)C[C@H]5C3)[C@]6(C7)C[C@@H](C[C@@H]7C8)C[C@@H]8C6)C(OC)=CC=C2OC,CCOC(C1=CON=C1)=O,CN(C)P(N(C)C)(N(C)C)=NP(N(C)C)(N(C)C)=NCC,BrC1=CN=CC=C1,2.42482932
32cf566115d7ab96,FullCV_01,2487,CC(C)C(C=C(C(C)C)C=C1C(C)C)=C1C2=C(P(C(C)(C)C)C(C)(C)C)C=CC=C2,C1(N(CC2=CC=CC=C2)CC3=CC=CC=C3)=CC=NO1,CN(C)P(N(C)C)(N(C)C)=NP(N(C)C)(N(C)C)=NCC,BrC1=CC=C(C(F)(F)F)C=C1,10.72653134
38162a36ea6580d6,FullCV_01,2488,CC(C)C(C=C(C(C)C)C=C1C(C)C)=C1C2=C(P([C@@]3(C[C@@H]4C5)C[C@H](C4)C[C@H]5C3)[C@]6(C7)C[C@@H](C[C@@H]7C8)C[C@@H]8C6)C(OC)=CC=C2OC,C1(C2=CC=CC=C2)=CON=C1,CC(C)(C)/N=C(N(C)C)/N(C)C,BrC1=CC=C(OC)C=C1,15.1448727
df93e04f1eb91848,FullCV_01,2489,CC(C)C(C=C(C(C)C)C=C1C(C)C)=C1C2=C(P(C3CCCCC3)C4CCCCC4)C=CC=C2,C1(C2=CC=CC=C2)=NOC=C1,CC(C)(C)/N=C(N(C)C)/N(C)C,BrC1=NC=CC=C1,59.55262648
a9679f26cab8d373,FullCV_01,2490,CC(C)C(C=C(C(C)C)C=C1C(C)C)=C1C2=C(P([C@@]3(C[C@@H]4C5)C[C@H](C4)C[C@H]5C3)[C@]6(C7)C[C@@H](C[C@@H]7C8)C[C@@H]8C6)C(OC)=CC=C2OC,CC1=NOC(C(OCC)=O)=C1,CN1CCCN2C1=NCCC2,BrC1=CC=C(OC)C=C1,32.99753143
4cf92d7fbeeda682,FullCV_01,2491,CC(C)C(C=C(C(C)C)C=C1C(C)C)=C1C2=C(P(C(C)(C)C)C(C)(C)C)C=CC=C2,CC1=NOC=C1,CC(C)(C)/N=C(N(C)C)/N(C)C,IC1=CN=CC=C1,86.971127
095c2508c9438c83,FullCV_01,2492,CC(C)C(C=C(C(C)C)C=C1C(C)C)=C1C2=C(P(C(C)(C)C)C(C)(C)C)C=CC=C2,C1(N(CC2=CC=CC=C2)CC3=CC=CC=C3)=NOC=C1,CC(C)(C)/N=C(N(C)C)/N(C)C,IC1=NC=CC=C1,62.22086343
253befe1847aec6d,FullCV_01,2493,CC(C)C(C=C(C(C)C)C=C1C(C)C)=C1C2=C(P(C3CCCCC3)C4CCCCC4)C=CC=C2,C1(N(CC2=CC=CC=C2)CC3=CC=CC=C3)=NOC=C1,CN1CCCN2C1=NCCC2,BrC1=CN=CC=C1,24.91728565
47b86fa301c16953,FullCV_01,2494,CC(C)C(C=C(C(C)C)C=C1C(C)C)=C1C2=C(P(C3CCCCC3)C4CCCCC4)C=CC=C2,CC1=CC(N2C=CC=C2)=NO1,CN(C)P(N(C)C)(N(C)C)=NP(N(C)C)(N(C)C)=NCC,ClC1=NC=CC=C1,18.57739993
32c45af2c05d6bd9,FullCV_01,2495,CC(C)C(C=C(C(C)C)C=C1C(C)C)=C1C2=C(P(C(C)(C)C)C(C)(C)C)C=CC=C2,C1(N(CC2=CC=CC=C2)CC3=CC=CC=C3)=NOC=C1,CN(C)P(N(C)C)(N(C)C)=NP(N(C)C)(N(C)C)=NCC,IC1=NC=CC=C1,63.222267
92295a66a81353aa,FullCV_01,2496,CC(C)C(C=C(C(C)C)C=C1C(C)C)=C1C2=C(P([C@@]3(C[C@@H]4C5)C[C@H](C4)C[C@H]5C3)[C@]6(C7)C[C@@H](C[C@@H]7C8)C[C@@H]8C6)C(OC)=CC=C2OC,C1(C2=CC=CC=C2)=CON=C1,CN1CCCN2C1=NCCC2,BrC1=CN=CC=C1,68.89095082
3a09695de13d146b,FullCV_01,2497,CC(C)C(C=C(C(C)C)C=C1C(C)C)=C1C2=C(P(C3CCCCC3)C4CCCCC4)C=CC=C2,O=C(OC)C1=NOC(C2=CC=CS2)=C1,CN1CCCN2C1=NCCC2,BrC1=CC=C(C(F)(F)F)C=C1,26.03173318
646e510d50f1f7e2,FullCV_01,2498,CC(C)C(C=C(C(C)C)C=C1C(C)C)=C1C2=C(P(C3CCCCC3)C4CCCCC4)C=CC=C2,O=C(OC)C1=NOC(C2=CC=CS2)=C1,CC(C)(C)/N=C(N(C)C)/N(C)C,ClC1=CC=C(C(F)(F)F)C=C1,10.4860128
805c46617d6c3d04,FullCV_01,2499,CC(C)C(C=C(C(C)C)C=C1C(C)C)=C1C2=C(P([C@@]3(C[C@@H]4C5)C[C@H](C4)C[C@H]5C3)[C@]6(C7)C[C@@H](C[C@@H]7C8)C[C@@H]8C6)C(OC)=CC=C2OC,CC1=CC(N2C=CC=C2)=NO1,CC(C)(C)/N=C(N(C)C)/N(C)C,ClC1=CC=C(OC)C=C1,0.926720681
54c7d724e33f8ed8,FullCV_01,2500,CC(C)C(C=C(C(C)C)C=C1C(C)C)=C1C2=C(P(C(C)(C)C)C(C)(C)C)C(OC)=CC=C2OC,CC1=CC(C)=NO1,CC(C)(C)/N=C(N(C)C)/N(C)C,IC1=CC=C(C(F)(F)F)C=C1,36.38014621
31e0f82f338fb909,FullCV_01,2501,CC(C)C(C=C(C(C)C)C=C1C(C)C)=C1C2=C(P(C(C)(C)C)C(C)(C)C)C(OC)=CC=C2OC,C1(N(CC2=CC=CC=C2)CC3=CC=CC=C3)=NOC=C1,CN1CCCN2C1=NCCC2,ClC1=CC=C(CC)C=C1,12.64243358
57b14ec06890dde8,FullCV_01,2502,CC(C)C(C=C(C(C)C)C=C1C(C)C)=C1C2=C(P(C(C)(C)C)C(C)(C)C)C(OC)=CC=C2OC,C1(N(CC2=CC=CC=C2)CC3=CC=CC=C3)=CC=NO1,CN1CCCN2C1=NCCC2,ClC1=CC=C(C(F)(F)F)C=C1,12.78962475
96effa847a99b50b,FullCV_01,2503,CC(C)C(C=C(C(C)C)C=C1C(C)C)=C1C2=C(P(C(C)(C)C)C(C)(C)C)C(OC)=CC=C2OC,C12=C(C=CC=C2)ON=C1,CN1CCCN2C1=NCCC2,IC1=CC=C(CC)C=C1,69.13479769
bda157c638582897,FullCV_01,2504,CC(C)C(C=C(C(C)C)C=C1C(C)C)=C1C2=C(P(C(C)(C)C)C(C)(C)C)C=CC=C2,FC(C=CC=C1F)=C1C2=CC=NO2,CC(C)(C)/N=C(N(C)C)/N(C)C,ClC1=CC=C(CC)C=C1,1.257407502
546c072a398e58e4,FullCV_01,2505,CC(C)C(C=C(C(C)C)C=C1C(C)C)=C1C2=C(P(C3CCCCC3)C4CCCCC4)C=CC=C2,COC1=NOC(C(OCC)=O)=C1,CN(C)P(N(C)C)(N(C)C)=NP(N(C)C)(N(C)C)=NCC,BrC1=NC=CC=C1,46.64960106
1c9b05ee077bc08d,FullCV_01,2506,CC(C)C(C=C(C(C)C)C=C1C(C)C)=C1C2=C(P(C(C)(C)C)C(C)(C)C)C(OC)=CC=C2OC,CC1=CC=NO1,CN(C)P(N(C)C)(N(C)C)=NP(N(C)C)(N(C)C)=NCC,BrC1=CN=CC=C1,3.947187556
da31ca333332e2fb,FullCV_01,2507,CC(C)C(C=C(C(C)C)C=C1C(C)C)=C1C2=C(P(C3CCCCC3)C4CCCCC4)C=CC=C2,CC1=C(C(OCC)=O)C=NO1,CN1CCCN2C1=NCCC2,IC1=CC=C(CC)C=C1,30.9794262
c1a82b918487b72d,FullCV_01,2508,CC(C)C(C=C(C(C)C)C=C1C(C)C)=C1C2=C(P(C(C)(C)C)C(C)(C)C)C(OC)=CC=C2OC,COC1=NOC(C(OCC)=O)=C1,CN1CCCN2C1=NCCC2,IC1=CN=CC=C1,81.99763098
12fbed67e5b321c8,FullCV_01,2509,CC(C)C(C=C(C(C)C)C=C1C(C)C)=C1C2=C(P(C3CCCCC3)C4CCCCC4)C=CC=C2,C1(N(CC2=CC=CC=C2)CC3=CC=CC=C3)=CC=NO1,CN1CCCN2C1=NCCC2,IC1=CN=CC=C1,0.0
74d91d89da28f846,FullCV_01,2510,CC(C)C(C=C(C(C)C)C=C1C(C)C)=C1C2=C(P(C(C)(C)C)C(C)(C)C)C=CC=C2,CC1=NOC=C1,CN1CCCN2C1=NCCC2,BrC1=CN=CC=C1,92.72370704
e1a540f6b405ec84,FullCV_01,2511,CC(C)C(C=C(C(C)C)C=C1C(C)C)=C1C2=C(P([C@@]3(C[C@@H]4C5)C[C@H](C4)C[C@H]5C3)[C@]6(C7)C[C@@H](C[C@@H]7C8)C[C@@H]8C6)C(OC)=CC=C2OC,CC1=CC(C(OCC)=O)=NO1,CN(C)P(N(C)C)(N(C)C)=NP(N(C)C)(N(C)C)=NCC,BrC1=NC=CC=C1,74.63930208
c02ef79cdec98d58,FullCV_01,2512,CC(C)C(C=C(C(C)C)C=C1C(C)C)=C1C2=C(P(C3CCCCC3)C4CCCCC4)C=CC=C2,C12=CON=C1C=CC=C2,CN1CCCN2C1=NCCC2,BrC1=CN=CC=C1,3.074693717
84dbfeb67eab18f4,FullCV_01,2513,CC(C)C(C=C(C(C)C)C=C1C(C)C)=C1C2=C(P(C(C)(C)C)C(C)(C)C)C=CC=C2,CC1=CC=NO1,CC(C)(C)/N=C(N(C)C)/N(C)C,ClC1=CC=C(C(F)(F)F)C=C1,10.309392
7be339f79c57ece8,FullCV_01,2514,CC(C)C(C=C(C(C)C)C=C1C(C)C)=C1C2=C(P(C(C)(C)C)C(C)(C)C)C=CC=C2,O=C(OC)C1=CC=NO1,CN(C)P(N(C)C)(N(C)C)=NP(N(C)C)(N(C)C)=NCC,IC1=CC=C(CC)C=C1,17.45236147
5c89e8169e43e925,FullCV_01,2515,CC(C)C(C=C(C(C)C)C=C1C(C)C)=C1C2=C(P(C3CCCCC3)C4CCCCC4)C=CC=C2,CC1=CC=NO1,CN1CCCN2C1=NCCC2,BrC1=CC=C(C(F)(F)F)C=C1,22.58353247
1ea439f19c5fa327,FullCV_01,2516,CC(C)C(C=C(C(C)C)C=C1C(C)C)=C1C2=C(P(C(C)(C)C)C(C)(C)C)C=CC=C2,C12=C(C=CC=C2)ON=C1,CN1CCCN2C1=NCCC2,IC1=CC=C(CC)C=C1,60.28741502
fc7816ee420c23f0,FullCV_01,2517,CC(C)C(C=C(C(C)C)C=C1C(C)C)=C1C2=C(P(C3CCCCC3)C4CCCCC4)C=CC=C2,CC1=NOC(C2=CC=CC=C2)=C1,CC(C)(C)/N=C(N(C)C)/N(C)C,ClC1=NC=CC=C1,22.54874195
b479eb46117995d2,FullCV_01,2518,CC(C)C(C=C(C(C)C)C=C1C(C)C)=C1C2=C(P(C(C)(C)C)C(C)(C)C)C=CC=C2,C12=CON=C1C=CC=C2,CC(C)(C)/N=C(N(C)C)/N(C)C,ClC1=CN=CC=C1,0.0
e200a03055abb41f,FullCV_01,2519,CC(C)C(C=C(C(C)C)C=C1C(C)C)=C1C2=C(P(C(C)(C)C)C(C)(C)C)C=CC=C2,C12=CON=C1C=CC=C2,CC(C)(C)/N=C(N(C)C)/N(C)C,BrC1=NC=CC=C1,36.7072802
42f000b7fd3b663c,FullCV_01,2520,CC(C)C(C=C(C(C)C)C=C1C(C)C)=C1C2=C(P(C3CCCCC3)C4CCCCC4)C=CC=C2,CC1=CC(C)=NO1,CN1CCCN2C1=NCCC2,ClC1=CN=CC=C1,13.37572764
57176071f91deae8,FullCV_01,2521,CC(C)C(C=C(C(C)C)C=C1C(C)C)=C1C2=C(P(C3CCCCC3)C4CCCCC4)C=CC=C2,CC1=NOC(C(OCC)=O)=C1,CN1CCCN2C1=NCCC2,ClC1=NC=CC=C1,33.8754215
bb27fce4284a648b,FullCV_01,2522,CC(C)C(C=C(C(C)C)C=C1C(C)C)=C1C2=C(P([C@@]3(C[C@@H]4C5)C[C@H](C4)C[C@H]5C3)[C@]6(C7)C[C@@H](C[C@@H]7C8)C[C@@H]8C6)C(OC)=CC=C2OC,CC1=NOC(C(OCC)=O)=C1,CN(C)P(N(C)C)(N(C)C)=NP(N(C)C)(N(C)C)=NCC,ClC1=CN=CC=C1,6.141106311
c42a35ba14929572,FullCV_01,2523,CC(C)C(C=C(C(C)C)C=C1C(C)C)=C1C2=C(P([C@@]3(C[C@@H]4C5)C[C@H](C4)C[C@H]5C3)[C@]6(C7)C[C@@H](C[C@@H]7C8)C[C@@H]8C6)C(OC)=CC=C2OC,COC1=NOC(C(OCC)=O)=C1,CN(C)P(N(C)C)(N(C)C)=NP(N(C)C)(N(C)C)=NCC,BrC1=CC=C(C(F)(F)F)C=C1,24.99527669
b0daf044dc52cfd7,FullCV_01,2524,CC(C)C(C=C(C(C)C)C=C1C(C)C)=C1C2=C(P(C(C)(C)C)C(C)(C)C)C(OC)=CC=C2OC,CC1=NOC=C1,CC(C)(C)/N=C(N(C)C)/N(C)C,IC1=NC=CC=C1,90.37135809
63cfaa3a61f2e573,FullCV_01,2525,CC(C)C(C=C(C(C)C)C=C1C(C)C)=C1C2=C(P(C(C)(C)C)C(C)(C)C)C=CC=C2,C1(N(CC2=CC=CC=C2)CC3=CC=CC=C3)=NOC=C1,CC(C)(C)/N=C(N(C)C)/N(C)C,ClC1=CC=C(OC)C=C1,41.03794598
a4c986fa7db53364,FullCV_01,2526,CC(C)C(C=C(C(C)C)C=C1C(C)C)=C1C2=C(P([C@@]3(C[C@@H]4C5)C[C@H](C4)C[C@H]5C3)[C@]6(C7)C[C@@H](C[C@@H]7C8)C[C@@H]8C6)C(OC)=CC=C2OC,CC1=CC(C(OCC)=O)=NO1,CC(C)(C)/N=C(N(C)C)/N(C)C,BrC1=NC=CC=C1,56.65401799
26d97e6c1db7dd6a,FullCV_01,2527,CC(C)C(C=C(C(C)C)C=C1C(C)C)=C1C2=C(P(C3CCCCC3)C4CCCCC4)C=CC=C2,O=C(OC)C1=NOC(C2=CC=CO2)=C1,CN(C)P(N(C)C)(N(C)C)=NP(N(C)C)(N(C)C)=NCC,IC1=CC=C(C(F)(F)F)C=C1,38.88169758
50c3b936c1336f2c,FullCV_01,2528,CC(C)C(C=C(C(C)C)C=C1C(C)C)=C1C2=C(P(C(C)(C)C)C(C)(C)C)C(OC)=CC=C2OC,COC1=NOC(C(OCC)=O)=C1,CC(C)(C)/N=C(N(C)C)/N(C)C,BrC1=CC=C(OC)C=C1,25.94389985
94ed44139d076ba7,FullCV_01,2529,CC(C)C(C=C(C(C)C)C=C1C(C)C)=C1C2=C(P([C@@]3(C[C@@H]4C5)C[C@H](C4)C[C@H]5C3)[C@]6(C7)C[C@@H](C[C@@H]7C8)C[C@@H]8C6)C(OC)=CC=C2OC,COC1=NOC(C(OCC)=O)=C1,CN(C)P(N(C)C)(N(C)C)=NP(N(C)C)(N(C)C)=NCC,IC1=NC=CC=C1,80.90631241
d477491676aed168,FullCV_01,2530,CC(C)C(C=C(C(C)C)C=C1C(C)C)=C1C2=C(P(C3CCCCC3)C4CCCCC4)C=CC=C2,C1(N(CC2=CC=CC=C2)CC3=CC=CC=C3)=NOC=C1,CN1CCCN2C1=NCCC2,BrC1=CC=C(C(F)(F)F)C=C1,24.01338043
3b13b3f03b3cd65d,FullCV_01,2531,CC(C)C(C=C(C(C)C)C=C1C(C)C)=C1C2=C(P([C@@]3(C[C@@H]4C5)C[C@H](C4)C[C@H]5C3)[C@]6(C7)C[C@@H](C[C@@H]7C8)C[C@@H]8C6)C(OC)=CC=C2OC,CC1=NOC=C1,CN(C)P(N(C)C)(N(C)C)=NP(N(C)C)(N(C)C)=NCC,BrC1=CC=C(CC)C=C1,83.14947865
14f030266a67dd16,FullCV_01,2532,CC(C)C(C=C(C(C)C)C=C1C(C)C)=C1C2=C(P([C@@]3(C[C@@H]4C5)C[C@H](C4)C[C@H]5C3)[C@]6(C7)C[C@@H](C[C@@H]7C8)C[C@@H]8C6)C(OC)=CC=C2OC,C1(C2=CC=CC=C2)=CC=NO1,CC(C)(C)/N=C(N(C)C)/N(C)C,IC1=CN=CC=C1,72.94185386
51f32bfc5eedf6fc,FullCV_01,2533,CC(C)C(C=C(C(C)C)C=C1C(C)C)=C1C2=C(P([C@@]3(C[C@@H]4C5)C[C@H](C4)C[C@H]5C3)[C@]6(C7)C[C@@H](C[C@@H]7C8)C[C@@H]8C6)C(OC)=CC=C2OC,C12=C(C=CC=C2)ON=C1,CC(C)(C)/N=C(N(C)C)/N(C)C,IC1=CN=CC=C1,52.66349061
3fdade290fbd9c78,FullCV_01,2534,CC(C)C(C=C(C(C)C)C=C1C(C)C)=C1C2=C(P(C(C)(C)C)C(C)(C)C)C=CC=C2,C1(C2=CC=CC=C2)=NOC=C1,CC(C)(C)/N=C(N(C)C)/N(C)C,BrC1=CC=C(OC)C=C1,45.39654665
f6a5795452671716,FullCV_01,2535,CC(C)C(C=C(C(C)C)C=C1C(C)C)=C1C2=C(P(C(C)(C)C)C(C)(C)C)C(OC)=CC=C2OC,C12=CON=C1C=CC=C2,CN1CCCN2C1=NCCC2,BrC1=CC=C(C(F)(F)F)C=C1,9.508022367
a5d50309956287da,FullCV_01,2536,CC(C)C(C=C(C(C)C)C=C1C(C)C)=C1C2=C(P(C(C)(C)C)C(C)(C)C)C(OC)=CC=C2OC,CCOC(C1=NOC=C1)=O,CN(C)P(N(C)C)(N(C)C)=NP(N(C)C)(N(C)C)=NCC,BrC1=CC=C(OC)C=C1,0.0
ea000aef68aebc4e,FullCV_01,2537,CC(C)C(C=C(C(C)C)C=C1C(C)C)=C1C2=C(P(C(C)(C)C)C(C)(C)C)C(OC)=CC=C2OC,C1(N(CC2=CC=CC=C2)CC3=CC=CC=C3)=CC=NO1,CN1CCCN2C1=NCCC2,IC1=NC=CC=C1,86.32465757
979b015d2cbe05d2,FullCV_01,2538,CC(C)C(C=C(C(C)C)C=C1C(C)C)=C1C2=C(P(C(C)(C)C)C(C)(C)C)C(OC)=CC=C2OC,C1(C2=CC=CC=C2)=CC=NO1,CN1CCCN2C1=NCCC2,ClC1=NC=CC=C1,69.39855223
fe1c14e0c4e563b4,FullCV_01,2539,CC(C)C(C=C(C(C)C)C=C1C(C)C)=C1C2=C(P(C(C)(C)C)C(C)(C)C)C=CC=C2,FC(C=CC=C1F)=C1C2=CC=NO2,CN(C)P(N(C)C)(N(C)C)=NP(N(C)C)(N(C)C)=NCC,IC1=CC=C(CC)C=C1,28.11243479
46211d9e5c6b89eb,FullCV_01,2540,CC(C)C(C=C(C(C)C)C=C1C(C)C)=C1C2=C(P(C(C)(C)C)C(C)(C)C)C=CC=C2,FC(C=CC=C1F)=C1C2=CC=NO2,CC(C)(C)/N=C(N(C)C)/N(C)C,BrC1=CC=C(C(F)(F)F)C=C1,35.04870846
c7477c928d533721,FullCV_01,2541,CC(C)C(C=C(C(C)C)C=C1C(C)C)=C1C2=C(P(C3CCCCC3)C4CCCCC4)C=CC=C2,COC1=NOC(C(OCC)=O)=C1,CN(C)P(N(C)C)(N(C)C)=NP(N(C)C)(N(C)C)=NCC,ClC1=NC=CC=C1,36.55522639
05995a5caf8e49ea,FullCV_01,2542,CC(C)C(C=C(C(C)C)C=C1C(C)C)=C1C2=C(P(C(C)(C)C)C(C)(C)C)C=CC=C2,FC(C=CC=C1F)=C1C2=CC=NO2,CN(C)P(N(C)C)(N(C)C)=NP(N(C)C)(N(C)C)=NCC,ClC1=CC=C(OC)C=C1,2.118660091
4ab019886ba758ee,FullCV_01,2543,CC(C)C(C=C(C(C)C)C=C1C(C)C)=C1C2=C(P(C(C)(C)C)C(C)(C)C)C=CC=C2,C12=C(C=CC=C2)ON=C1,CN1CCCN2C1=NCCC2,IC1=CC=C(C(F)(F)F)C=C1,49.46796695
b8d43928b40dc8aa,FullCV_01,2544,CC(C)C(C=C(C(C)C)C=C1C(C)C)=C1C2=C(P(C(C)(C)C)C(C)(C)C)C=CC=C2,COC1=NOC(C(OCC)=O)=C1,CC(C)(C)/N=C(N(C)C)/N(C)C,IC1=CC=C(C(F)(F)F)C=C1,40.40712226
5c37b38149aa69e9,FullCV_01,2545,CC(C)C(C=C(C(C)C)C=C1C(C)C)=C1C2=C(P(C(C)(C)C)C(C)(C)C)C(OC)=CC=C2OC,CC1=NOC(C2=CC=CC=C2)=C1,CN1CCCN2C1=NCCC2,IC1=NC=CC=C1,89.12987666
1383d66e2b71454f,FullCV_01,2546,CC(C)C(C=C(C(C)C)C=C1C(C)C)=C1C2=C(P(C(C)(C)C)C(C)(C)C)C=CC=C2,CC1=CC(C(OCC)=O)=NO1,CC(C)(C)/N=C(N(C)C)/N(C)C,ClC1=CN=CC=C1,34.20844443
1553c8cdc2b16ee1,FullCV_01,2547,CC(C)C(C=C(C(C)C)C=C1C(C)C)=C1C2=C(P(C3CCCCC3)C4CCCCC4)C=CC=C2,O=C(OC)C1=NOC(C2=CC=CO2)=C1,CN1CCCN2C1=NCCC2,BrC1=CC=C(CC)C=C1,17.29489164
6cfb308c8603f2ec,FullCV_01,2548,CC(C)C(C=C(C(C)C)C=C1C(C)C)=C1C2=C(P(C(C)(C)C)C(C)(C)C)C=CC=C2,C12=CON=C1C=CC=C2,CN(C)P(N(C)C)(N(C)C)=NP(N(C)C)(N(C)C)=NCC,ClC1=CC=C(OC)C=C1,0.970983294
1731d167b84b3291,FullCV_01,2549,CC(C)C(C=C(C(C)C)C=C1C(C)C)=C1C2=C(P([C@@]3(C[C@@H]4C5)C[C@H](C4)C[C@H]5C3)[C@]6(C7)C[C@@H](C[C@@H]7C8)C[C@@H]8C6)C(OC)=CC=C2OC,CC1=CC=NO1,CN1CCCN2C1=NCCC2,ClC1=NC=CC=C1,70.04834525
6a2d60bc1d08637e,FullCV_01,2550,CC(C)C(C=C(C(C)C)C=C1C(C)C)=C1C2=C(P([C@@]3(C[C@@H]4C5)C[C@H](C4)C[C@H]5C3)[C@]6(C7)C[C@@H](C[C@@H]7C8)C[C@@H]8C6)C(OC)=CC=C2OC,O=C(OC)C1=NOC(C2=CC=CS2)=C1,CN(C)P(N(C)C)(N(C)C)=NP(N(C)C)(N(C)C)=NCC,IC1=CC=C(C(F)(F)F)C=C1,27.25583167
2826cffc88b9826a,FullCV_01,2551,CC(C)C(C=C(C(C)C)C=C1C(C)C)=C1C2=C(P(C(C)(C)C)C(C)(C)C)C=CC=C2,CC1=NOC(C(OCC)=O)=C1,CC(C)(C)/N=C(N(C)C)/N(C)C,BrC1=CN=CC=C1,78.08461533
3e8af9152265e95c,FullCV_01,2552,CC(C)C(C=C(C(C)C)C=C1C(C)C)=C1C2=C(P(C(C)(C)C)C(C)(C)C)C=CC=C2,CCOC(C1=CON=C1)=O,CN1CCCN2C1=NCCC2,IC1=CC=C(CC)C=C1,30.76250124
45baf4f0d020d88b,FullCV_01,2553,CC(C)C(C=C(C(C)C)C=C1C(C)C)=C1C2=C(P(C3CCCCC3)C4CCCCC4)C=CC=C2,C1(C2=CC=CC=C2)=CC=NO1,CC(C)(C)/N=C(N(C)C)/N(C)C,BrC1=CN=CC=C1,11.38334579
783296d565dcbd4f,FullCV_01,2554,CC(C)C(C=C(C(C)C)C=C1C(C)C)=C1C2=C(P([C@@]3(C[C@@H]4C5)C[C@H](C4)C[C@H]5C3)[C@]6(C7)C[C@@H](C[C@@H]7C8)C[C@@H]8C6)C(OC)=CC=C2OC,CC1=NOC=C1,CC(C)(C)/N=C(N(C)C)/N(C)C,ClC1=NC=CC=C1,38.32865111
537f4d4756621d46,FullCV_01,2555,CC(C)C(C=C(C(C)C)C=C1C(C)C)=C1C2=C(P([C@@]3(C[C@@H]4C5)C[C@H](C4)C[C@H]5C3)[C@]6(C7)C[C@@H](C[C@@H]7C8)C[C@@H]8C6)C(OC)=CC=C2OC,CC1=CC(C)=NO1,CN(C)P(N(C)C)(N(C)C)=NP(N(C)C)(N(C)C)=NCC,IC1=CN=CC=C1,70.31871872
7fced1243a816fde,FullCV_01,2556,CC(C)C(C=C(C(C)C)C=C1C(C)C)=C1C2=C(P(C(C)(C)C)C(C)(C)C)C(OC)=CC=C2OC,CC1=NOC=C1,CN1CCCN2C1=NCCC2,BrC1=CC=C(OC)C=C1,48.43208177
3b9f979416185bc2,FullCV_01,2557,CC(C)C(C=C(C(C)C)C=C1C(C)C)=C1C2=C(P(C3CCCCC3)C4CCCCC4)C=CC=C2,COC1=NOC(C(OCC)=O)=C1,CN(C)P(N(C)C)(N(C)C)=NP(N(C)C)(N(C)C)=NCC,IC1=CC=C(OC)C=C1,32.37253744
4d8b7ca24a0f659d,FullCV_01,2558,CC(C)C(C=C(C(C)C)C=C1C(C)C)=C1C2=C(P([C@@]3(C[C@@H]4C5)C[C@H](C4)C[C@H]5C3)[C@]6(C7)C[C@@H](C[C@@H]7C8)C[C@@H]8C6)C(OC)=CC=C2OC,C1(C2=CC=CC=C2)=NOC=C1,CN(C)P(N(C)C)(N(C)C)=NP(N(C)C)(N(C)C)=NCC,BrC1=NC=CC=C1,83.37705512
d0154f67ce7ad13e,FullCV_01,2559,CC(C)C(C=C(C(C)C)C=C1C(C)C)=C1C2=C(P(C(C)(C)C)C(C)(C)C)C(OC)=CC=C2OC,FC(C=CC=C1F)=C1C2=CC=NO2,CN(C)P(N(C)C)(N(C)C)=NP(N(C)C)(N(C)C)=NCC,ClC1=CC=C(OC)C=C1,0.746156967
1b96200cf5f0032e,FullCV_01,2560,CC(C)C(C=C(C(C)C)C=C1C(C)C)=C1C2=C(P(C(C)(C)C)C(C)(C)C)C=CC=C2,FC(C=CC=C1F)=C1C2=CC=NO2,CC(C)(C)/N=C(N(C)C)/N(C)C,IC1=CC=C(OC)C=C1,35.68810141
d98dcd60eb79f626,FullCV_01,2561,CC(C)C(C=C(C(C)C)C=C1C(C)C)=C1C2=C(P(C(C)(C)C)C(C)(C)C)C=CC=C2,CC1=CC(C)=NO1,CN(C)P(N(C)C)(N(C)C)=NP(N(C)C)(N(C)C)=NCC,BrC1=NC=CC=C1,76.21686958
3f3a1bc55666b184,FullCV_01,2562,CC(C)C(C=C(C(C)C)C=C1C(C)C)=C1C2=C(P([C@@]3(C[C@@H]4C5)C[C@H](C4)C[C@H]5C3)[C@]6(C7)C[C@@H](C[C@@H]7C8)C[C@@H]8C6)C(OC)=CC=C2OC,CCOC(C1=NOC=C1)=O,CC(C)(C)/N=C(N(C)C)/N(C)C,ClC1=NC=CC=C1,43.94688122
86d421240c83dad0,FullCV_01,2563,CC(C)C(C=C(C(C)C)C=C1C(C)C)=C1C2=C(P(C3CCCCC3)C4CCCCC4)C=CC=C2,CC1=CC(C)=NO1,CN1CCCN2C1=NCCC2,BrC1=CN=CC=C1,30.61273502
d3cb42c1c50e07f6,FullCV_01,2564,CC(C)C(C=C(C(C)C)C=C1C(C)C)=C1C2=C(P([C@@]3(C[C@@H]4C5)C[C@H](C4)C[C@H]5C3)[C@]6(C7)C[C@@H](C[C@@H]7C8)C[C@@H]8C6)C(OC)=CC=C2OC,CC1=CC=NO1,CC(C)(C)/N=C(N(C)C)/N(C)C,IC1=CC=C(CC)C=C1,60.33199916
008160d621a3afb3,FullCV_01,2565,CC(C)C(C=C(C(C)C)C=C1C(C)C)=C1C2=C(P(C(C)(C)C)C(C)(C)C)C=CC=C2,O=C(OC)C1=CC=NO1,CC(C)(C)/N=C(N(C)C)/N(C)C,IC1=NC=CC=C1,57.95225277
59a46e976aa8c80a,FullCV_01,2566,CC(C)C(C=C(C(C)C)C=C1C(C)C)=C1C2=C(P(C(C)(C)C)C(C)(C)C)C=CC=C2,O=C(OC)C1=NOC(C2=CC=CO2)=C1,CN(C)P(N(C)C)(N(C)C)=NP(N(C)C)(N(C)C)=NCC,ClC1=CC=C(OC)C=C1,0.0
975c90ff61b4f257,FullCV_01,2567,CC(C)C(C=C(C(C)C)C=C1C(C)C)=C1C2=C(P(C3CCCCC3)C4CCCCC4)C=CC=C2,C1(C2=CC=CC=C2)=CC=NO1,CN(C)P(N(C)C)(N(C)C)=NP(N(C)C)(N(C)C)=NCC,BrC1=NC=CC=C1,15.23875818
d4acad875bc3c44e,FullCV_01,2568,CC(C)C(C=C(C(C)C)C=C1C(C)C)=C1C2=C(P([C@@]3(C[C@@H]4C5)C[C@H](C4)C[C@H]5C3)[C@]6(C7)C[C@@H](C[C@@H]7C8)C[C@@H]8C6)C(OC)=CC=C2OC,COC1=NOC(C(OCC)=O)=C1,CN1CCCN2C1=NCCC2,ClC1=CC=C(OC)C=C1,0.0
42bbcaf6bc67eef9,FullCV_01,2569,CC(C)C(C=C(C(C)C)C=C1C(C)C)=C1C2=C(P(C(C)(C)C)C(C)(C)C)C=CC=C2,CC1=C(C(OCC)=O)C=NO1,CN(C)P(N(C)C)(N(C)C)=NP(N(C)C)(N(C)C)=NCC,BrC1=NC=CC=C1,35.06478929
29883685e56e3f75,FullCV_01,2570,CC(C)C(C=C(C(C)C)C=C1C(C)C)=C1C2=C(P(C3CCCCC3)C4CCCCC4)C=CC=C2,CC1=CC(N2C=CC=C2)=NO1,CN1CCCN2C1=NCCC2,IC1=CN=CC=C1,43.30658798
af1f39375f928e75,FullCV_01,2571,CC(C)C(C=C(C(C)C)C=C1C(C)C)=C1C2=C(P(C(C)(C)C)C(C)(C)C)C=CC=C2,C12=C(C=CC=C2)ON=C1,CC(C)(C)/N=C(N(C)C)/N(C)C,ClC1=CC=C(CC)C=C1,4.064443696
705997c0e1bacd40,FullCV_01,2572,CC(C)C(C=C(C(C)C)C=C1C(C)C)=C1C2=C(P(C(C)(C)C)C(C)(C)C)C(OC)=CC=C2OC,CCOC(C1=NOC=C1)=O,CC(C)(C)/N=C(N(C)C)/N(C)C,ClC1=CC=C(OC)C=C1,0.438548426
7b59d2553ca23963,FullCV_01,2573,CC(C)C(C=C(C(C)C)C=C1C(C)C)=C1C2=C(P(C(C)(C)C)C(C)(C)C)C(OC)=CC=C2OC,C1(C2=CC=CC=C2)=CC=NO1,CN(C)P(N(C)C)(N(C)C)=NP(N(C)C)(N(C)C)=NCC,ClC1=NC=CC=C1,24.90011385
c3d3e2f99fd0a63f,FullCV_01,2574,CC(C)C(C=C(C(C)C)C=C1C(C)C)=C1C2=C(P(C(C)(C)C)C(C)(C)C)C=CC=C2,CC1=CC=NO1,CN1CCCN2C1=NCCC2,ClC1=CC=C(CC)C=C1,5.49871711
ec87839b5dc4106a,FullCV_01,2575,CC(C)C(C=C(C(C)C)C=C1C(C)C)=C1C2=C(P(C(C)(C)C)C(C)(C)C)C(OC)=CC=C2OC,C1(N(CC2=CC=CC=C2)CC3=CC=CC=C3)=CC=NO1,CN1CCCN2C1=NCCC2,BrC1=CC=C(OC)C=C1,36.44526769
e073878cc0db7d4a,FullCV_01,2576,CC(C)C(C=C(C(C)C)C=C1C(C)C)=C1C2=C(P(C(C)(C)C)C(C)(C)C)C=CC=C2,CC1=C(C(OCC)=O)C=NO1,CN(C)P(N(C)C)(N(C)C)=NP(N(C)C)(N(C)C)=NCC,BrC1=CC=C(C(F)(F)F)C=C1,16.09836574
10df955adf523cc0,FullCV_01,2577,CC(C)C(C=C(C(C)C)C=C1C(C)C)=C1C2=C(P(C(C)(C)C)C(C)(C)C)C=CC=C2,CCOC(C1=NOC=C1)=O,CN(C)P(N(C)C)(N(C)C)=NP(N(C)C)(N(C)C)=NCC,BrC1=CC=C(C(F)(F)F)C=C1,0.0
2931ee3a4917253f,FullCV_01,2578,CC(C)C(C=C(C(C)C)C=C1C(C)C)=C1C2=C(P(C3CCCCC3)C4CCCCC4)C=CC=C2,CCOC(C1=CON=C1)=O,CN(C)P(N(C)C)(N(C)C)=NP(N(C)C)(N(C)C)=NCC,IC1=CC=C(CC)C=C1,0.0
31bfef9760c8ffdc,FullCV_01,2579,CC(C)C(C=C(C(C)C)C=C1C(C)C)=C1C2=C(P(C(C)(C)C)C(C)(C)C)C(OC)=CC=C2OC,C12=CON=C1C=CC=C2,CC(C)(C)/N=C(N(C)C)/N(C)C,IC1=NC=CC=C1,43.16671419
3c3d1e6a1f933c74,FullCV_01,2580,CC(C)C(C=C(C(C)C)C=C1C(C)C)=C1C2=C(P([C@@]3(C[C@@H]4C5)C[C@H](C4)C[C@H]5C3)[C@]6(C7)C[C@@H](C[C@@H]7C8)C[C@@H]8C6)C(OC)=CC=C2OC,FC(C=CC=C1F)=C1C2=CC=NO2,CC(C)(C)/N=C(N(C)C)/N(C)C,ClC1=CC=C(OC)C=C1,0.467733508
f17edb38411b6a01,FullCV_01,2581,CC(C)C(C=C(C(C)C)C=C1C(C)C)=C1C2=C(P(C3CCCCC3)C4CCCCC4)C=CC=C2,COC1=NOC(C(OCC)=O)=C1,CC(C)(C)/N=C(N(C)C)/N(C)C,BrC1=CC=C(CC)C=C1,32.40012299
a5dc2aaadb2e8be0,FullCV_01,2582,CC(C)C(C=C(C(C)C)C=C1C(C)C)=C1C2=C(P([C@@]3(C[C@@H]4C5)C[C@H](C4)C[C@H]5C3)[C@]6(C7)C[C@@H](C[C@@H]7C8)C[C@@H]8C6)C(OC)=CC=C2OC,C12=C(C=CC=C2)ON=C1,CN(C)P(N(C)C)(N(C)C)=NP(N(C)C)(N(C)C)=NCC,IC1=NC=CC=C1,40.32898976
ffe254027115798b,FullCV_01,2583,CC(C)C(C=C(C(C)C)C=C1C(C)C)=C1C2=C(P(C(C)(C)C)C(C)(C)C)C=CC=C2,C1(C2=CC=CC=C2)=CON=C1,CN1CCCN2C1=NCCC2,IC1=CC=C(OC)C=C1,56.13504943
56b9cb13a16cd53d,FullCV_01,2584,CC(C)C(C=C(C(C)C)C=C1C(C)C)=C1C2=C(P(C(C)(C)C)C(C)(C)C)C=CC=C2,CC1=CC(C(OCC)=O)=NO1,CC(C)(C)/N=C(N(C)C)/N(C)C,IC1=CN=CC=C1,80.60055876
ffa9c3313615231e,FullCV_01,2585,CC(C)C(C=C(C(C)C)C=C1C(C)C)=C1C2=C(P(C(C)(C)C)C(C)(C)C)C=CC=C2,C1(C2=CC=CC=C2)=NOC=C1,CC(C)(C)/N=C(N(C)C)/N(C)C,IC1=NC=CC=C1,91.93340238
6724837985fe571b,FullCV_01,2586,CC(C)C(C=C(C(C)C)C=C1C(C)C)=C1C2=C(P(C(C)(C)C)C(C)(C)C)C=CC=C2,O=C(OC)C1=NOC(C2=CC=CO2)=C1,CN1CCCN2C1=NCCC2,BrC1=CC=C(CC)C=C1,70.19925962
584e1f62eb5a757a,FullCV_01,2587,CC(C)C(C=C(C(C)C)C=C1C(C)C)=C1C2=C(P([C@@]3(C[C@@H]4C5)C[C@H](C4)C[C@H]5C3)[C@]6(C7)C[C@@H](C[C@@H]7C8)C[C@@H]8C6)C(OC)=CC=C2OC,CCOC(C1=CON=C1)=O,CC(C)(C)/N=C(N(C)C)/N(C)C,ClC1=CN=CC=C1,0.0
5ed3f8fb79fff651,FullCV_01,2588,CC(C)C(C=C(C(C)C)C=C1C(C)C)=C1C2=C(P([C@@]3(C[C@@H]4C5)C[C@H](C4)C[C@H]5C3)[C@]6(C7)C[C@@H](C[C@@H]7C8)C[C@@H]8C6)C(OC)=CC=C2OC,C1(C2=CC=CC=C2)=CON=C1,CN(C)P(N(C)C)(N(C)C)=NP(N(C)C)(N(C)C)=NCC,BrC1=CN=CC=C1,71.41375314
6a87eec71b8ae114,FullCV_01,2589,CC(C)C(C=C(C(C)C)C=C1C(C)C)=C1C2=C(P(C3CCCCC3)C4CCCCC4)C=CC=C2,O=C(OC)C1=CC=NO1,CN(C)P(N(C)C)(N(C)C)=NP(N(C)C)(N(C)C)=NCC,ClC1=CC=C(C(F)(F)F)C=C1,9.055172217
443cd61f2c416fe2,FullCV_01,2590,CC(C)C(C=C(C(C)C)C=C1C(C)C)=C1C2=C(P(C(C)(C)C)C(C)(C)C)C=CC=C2,CCOC(C1=NOC=C1)=O,CN1CCCN2C1=NCCC2,BrC1=CC=C(CC)C=C1,73.31932313
f1e29bfa6c1ed30e,FullCV_01,2591,CC(C)C(C=C(C(C)C)C=C1C(C)C)=C1C2=C(P(C(C)(C)C)C(C)(C)C)C(OC)=CC=C2OC,FC(C=CC=C1F)=C1C2=CC=NO2,CN1CCCN2C1=NCCC2,ClC1=NC=CC=C1,64.98015189
ba1db3888e5dd208,FullCV_01,2592,CC(C)C(C=C(C(C)C)C=C1C(C)C)=C1C2=C(P([C@@]3(C[C@@H]4C5)C[C@H](C4)C[C@H]5C3)[C@]6(C7)C[C@@H](C[C@@H]7C8)C[C@@H]8C6)C(OC)=CC=C2OC,C1(C2=CC=CC=C2)=CC=NO1,CN1CCCN2C1=NCCC2,ClC1=CC=C(C(F)(F)F)C=C1,10.00188169
d064fac5dc452afe,FullCV_01,2593,CC(C)C(C=C(C(C)C)C=C1C(C)C)=C1C2=C(P(C(C)(C)C)C(C)(C)C)C=CC=C2,O=C(OC)C1=CC=NO1,CC(C)(C)/N=C(N(C)C)/N(C)C,ClC1=CC=C(OC)C=C1,0.0
a7fe77e00956a954,FullCV_01,2594,CC(C)C(C=C(C(C)C)C=C1C(C)C)=C1C2=C(P(C(C)(C)C)C(C)(C)C)C=CC=C2,C1(C2=CC=CC=C2)=CC=NO1,CN(C)P(N(C)C)(N(C)C)=NP(N(C)C)(N(C)C)=NCC,ClC1=CC=C(OC)C=C1,2.663355036
54b8df27e289723e,FullCV_01,2595,CC(C)C(C=C(C(C)C)C=C1C(C)C)=C1C2=C(P(C(C)(C)C)C(C)(C)C)C=CC=C2,CC1=CC(C(OCC)=O)=NO1,CN1CCCN2C1=NCCC2,ClC1=NC=CC=C1,84.85609846
51acad75f9eef4bf,FullCV_01,2596,CC(C)C(C=C(C(C)C)C=C1C(C)C)=C1C2=C(P(C3CCCCC3)C4CCCCC4)C=CC=C2,C1(C2=CC=CC=C2)=CON=C1,CN1CCCN2C1=NCCC2,IC1=CC=C(C(F)(F)F)C=C1,26.67806508
b52e0c0c67aabf41,FullCV_01,2597,CC(C)C(C=C(C(C)C)C=C1C(C)C)=C1C2=C(P(C(C)(C)C)C(C)(C)C)C(OC)=CC=C2OC,C1(N(CC2=CC=CC=C2)CC3=CC=CC=C3)=CC=NO1,CN(C)P(N(C)C)(N(C)C)=NP(N(C)C)(N(C)C)=NCC,BrC1=CC=C(C(F)(F)F)C=C1,28.92940614
b92486d0c26d75f1,FullCV_01,2598,CC(C)C(C=C(C(C)C)C=C1C(C)C)=C1C2=C(P(C3CCCCC3)C4CCCCC4)C=CC=C2,FC(C=CC=C1F)=C1C2=CC=NO2,CN(C)P(N(C)C)(N(C)C)=NP(N(C)C)(N(C)C)=NCC,IC1=CC=C(CC)C=C1,16.70711364
e9ffeda646b0ece4,FullCV_01,2599,CC(C)C(C=C(C(C)C)C=C1C(C)C)=C1C2=C(P([C@@]3(C[C@@H]4C5)C[C@H](C4)C[C@H]5C3)[C@]6(C7)C[C@@H](C[C@@H]7C8)C[C@@H]8C6)C(OC)=CC=C2OC,CC1=NOC(C(OCC)=O)=C1,CC(C)(C)/N=C(N(C)C)/N(C)C,ClC1=NC=CC=C1,34.68494953
7090f62c7b6f4734,FullCV_01,2600,CC(C)C(C=C(C(C)C)C=C1C(C)C)=C1C2=C(P(C(C)(C)C)C(C)(C)C)C(OC)=CC=C2OC,CC1=CC(C)=NO1,CN(C)P(N(C)C)(N(C)C)=NP(N(C)C)(N(C)C)=NCC,ClC1=CC=C(C(F)(F)F)C=C1,8.171441334
843aef9fe7ab6442,FullCV_01,2601,CC(C)C(C=C(C(C)C)C=C1C(C)C)=C1C2=C(P(C3CCCCC3)C4CCCCC4)C=CC=C2,C1(C2=CC=CC=C2)=CC=NO1,CC(C)(C)/N=C(N(C)C)/N(C)C,BrC1=CC=C(C(F)(F)F)C=C1,30.5912617
0867ef0fb1e49e4c,FullCV_01,2602,CC(C)C(C=C(C(C)C)C=C1C(C)C)=C1C2=C(P(C(C)(C)C)C(C)(C)C)C(OC)=CC=C2OC,FC(C=CC=C1F)=C1C2=CC=NO2,CN(C)P(N(C)C)(N(C)C)=NP(N(C)C)(N(C)C)=NCC,BrC1=CC=C(OC)C=C1,12.59161714
5c24478b5d6f1cc8,FullCV_01,2603,CC(C)C(C=C(C(C)C)C=C1C(C)C)=C1C2=C(P(C3CCCCC3)C4CCCCC4)C=CC=C2,C12=CON=C1C=CC=C2,CN(C)P(N(C)C)(N(C)C)=NP(N(C)C)(N(C)C)=NCC,BrC1=CN=CC=C1,7.996830791
80a8eb91231c308f,FullCV_01,2604,CC(C)C(C=C(C(C)C)C=C1C(C)C)=C1C2=C(P(C3CCCCC3)C4CCCCC4)C=CC=C2,CCOC(C1=NOC=C1)=O,CN1CCCN2C1=NCCC2,IC1=CN=CC=C1,34.74690376
0bc22e2ca2908072,FullCV_01,2605,CC(C)C(C=C(C(C)C)C=C1C(C)C)=C1C2=C(P(C(C)(C)C)C(C)(C)C)C=CC=C2,O=C(OC)C1=NOC(C2=CC=CO2)=C1,CN(C)P(N(C)C)(N(C)C)=NP(N(C)C)(N(C)C)=NCC,IC1=CC=C(OC)C=C1,44.8781348
19c0333a24f69cae,FullCV_01,2606,CC(C)C(C=C(C(C)C)C=C1C(C)C)=C1C2=C(P([C@@]3(C[C@@H]4C5)C[C@H](C4)C[C@H]5C3)[C@]6(C7)C[C@@H](C[C@@H]7C8)C[C@@H]8C6)C(OC)=CC=C2OC,C12=CON=C1C=CC=C2,CN1CCCN2C1=NCCC2,IC1=CC=C(OC)C=C1,39.27719826
d1fe787dfa7b84be,FullCV_01,2607,CC(C)C(C=C(C(C)C)C=C1C(C)C)=C1C2=C(P(C(C)(C)C)C(C)(C)C)C(OC)=CC=C2OC,C1(C2=CC=CC=C2)=CC=NO1,CN(C)P(N(C)C)(N(C)C)=NP(N(C)C)(N(C)C)=NCC,BrC1=NC=CC=C1,28.47849533
f574e7612b142d6a,FullCV_01,2608,CC(C)C(C=C(C(C)C)C=C1C(C)C)=C1C2=C(P(C3CCCCC3)C4CCCCC4)C=CC=C2,O=C(OC)C1=CC=NO1,CN(C)P(N(C)C)(N(C)C)=NP(N(C)C)(N(C)C)=NCC,BrC1=CC=C(OC)C=C1,2.627491811
105dcb53b9f2d44d,FullCV_01,2609,CC(C)C(C=C(C(C)C)C=C1C(C)C)=C1C2=C(P([C@@]3(C[C@@H]4C5)C[C@H](C4)C[C@H]5C3)[C@]6(C7)C[C@@H](C[C@@H]7C8)C[C@@H]8C6)C(OC)=CC=C2OC,CC1=CC=NO1,CN(C)P(N(C)C)(N(C)C)=NP(N(C)C)(N(C)C)=NCC,IC1=CC=C(CC)C=C1,17.30024922
da69bcb115c09bac,FullCV_01,2610,CC(C)C(C=C(C(C)C)C=C1C(C)C)=C1C2=C(P(C(C)(C)C)C(C)(C)C)C(OC)=CC=C2OC,O=C(OC)C1=NOC(C2=CC=CO2)=C1,CN1CCCN2C1=NCCC2,ClC1=CN=CC=C1,2.405254053
4b907ef942ad32af,FullCV_01,2611,CC(C)C(C=C(C(C)C)C=C1C(C)C)=C1C2=C(P(C(C)(C)C)C(C)(C)C)C=CC=C2,CC1=NOC(C2=CC=CC=C2)=C1,CN(C)P(N(C)C)(N(C)C)=NP(N(C)C)(N(C)C)=NCC,ClC1=NC=CC=C1,54.53336611
b380a7e849d76494,FullCV_01,2612,CC(C)C(C=C(C(C)C)C=C1C(C)C)=C1C2=C(P(C(C)(C)C)C(C)(C)C)C(OC)=CC=C2OC,CC1=CC=NO1,CN1CCCN2C1=NCCC2,BrC1=CN=CC=C1,80.64990682
af9b46e2d8592f66,FullCV_01,2613,CC(C)C(C=C(C(C)C)C=C1C(C)C)=C1C2=C(P(C3CCCCC3)C4CCCCC4)C=CC=C2,O=C(OC)C1=CC=NO1,CN1CCCN2C1=NCCC2,IC1=CC=C(CC)C=C1,12.67179243
846f8959f7faf0cc,FullCV_01,2614,CC(C)C(C=C(C(C)C)C=C1C(C)C)=C1C2=C(P(C3CCCCC3)C4CCCCC4)C=CC=C2,CC1=CC(C(OCC)=O)=NO1,CC(C)(C)/N=C(N(C)C)/N(C)C,IC1=CC=C(OC)C=C1,19.596159
88857b69ece1ba41,FullCV_01,2615,CC(C)C(C=C(C(C)C)C=C1C(C)C)=C1C2=C(P(C3CCCCC3)C4CCCCC4)C=CC=C2,C1(C2=CC=CC=C2)=CC=NO1,CC(C)(C)/N=C(N(C)C)/N(C)C,IC1=CN=CC=C1,24.41818234
d6dcb5ddad916472,FullCV_01,2616,CC(C)C(C=C(C(C)C)C=C1C(C)C)=C1C2=C(P(C(C)(C)C)C(C)(C)C)C=CC=C2,CC1=CC(C)=NO1,CN1CCCN2C1=NCCC2,IC1=CC=C(OC)C=C1,52.0133379
65a9ab71f6636274,FullCV_01,2617,CC(C)C(C=C(C(C)C)C=C1C(C)C)=C1C2=C(P(C(C)(C)C)C(C)(C)C)C=CC=C2,C12=CON=C1C=CC=C2,CN1CCCN2C1=NCCC2,ClC1=CC=C(OC)C=C1,0.0
7fa369019af327f3,FullCV_01,2618,CC(C)C(C=C(C(C)C)C=C1C(C)C)=C1C2=C(P([C@@]3(C[C@@H]4C5)C[C@H](C4)C[C@H]5C3)[C@]6(C7)C[C@@H](C[C@@H]7C8)C[C@@H]8C6)C(OC)=CC=C2OC,CC1=CC(C(OCC)=O)=NO1,CN(C)P(N(C)C)(N(C)C)=NP(N(C)C)(N(C)C)=NCC,ClC1=CN=CC=C1,5.908085833
ae4123d7480bb9d6,FullCV_01,2619,CC(C)C(C=C(C(C)C)C=C1C(C)C)=C1C2=C(P(C(C)(C)C)C(C)(C)C)C=CC=C2,CCOC(C1=NOC=C1)=O,CN(C)P(N(C)C)(N(C)C)=NP(N(C)C)(N(C)C)=NCC,ClC1=NC=CC=C1,3.510094374
fd4d83f8617ae310,FullCV_01,2620,CC(C)C(C=C(C(C)C)C=C1C(C)C)=C1C2=C(P([C@@]3(C[C@@H]4C5)C[C@H](C4)C[C@H]5C3)[C@]6(C7)C[C@@H](C[C@@H]7C8)C[C@@H]8C6)C(OC)=CC=C2OC,C1(N(CC2=CC=CC=C2)CC3=CC=CC=C3)=NOC=C1,CC(C)(C)/N=C(N(C)C)/N(C)C,ClC1=CN=CC=C1,20.34813867
0f430f46a35d90bd,FullCV_01,2621,CC(C)C(C=C(C(C)C)C=C1C(C)C)=C1C2=C(P(C3CCCCC3)C4CCCCC4)C=CC=C2,CC1=CC=NO1,CN(C)P(N(C)C)(N(C)C)=NP(N(C)C)(N(C)C)=NCC,IC1=CC=C(OC)C=C1,4.112217946
10818d270a6276ff,FullCV_01,2622,CC(C)C(C=C(C(C)C)C=C1C(C)C)=C1C2=C(P([C@@]3(C[C@@H]4C5)C[C@H](C4)C[C@H]5C3)[C@]6(C7)C[C@@H](C[C@@H]7C8)C[C@@H]8C6)C(OC)=CC=C2OC,CC1=CC(C)=NO1,CN1CCCN2C1=NCCC2,BrC1=CC=C(C(F)(F)F)C=C1,33.95037625
0ece2c2d80df8796,FullCV_01,2623,CC(C)C(C=C(C(C)C)C=C1C(C)C)=C1C2=C(P(C(C)(C)C)C(C)(C)C)C=CC=C2,CCOC(C1=NOC=C1)=O,CN1CCCN2C1=NCCC2,IC1=CC=C(CC)C=C1,74.44046437
d0b37fbce7a4434c,FullCV_01,2624,CC(C)C(C=C(C(C)C)C=C1C(C)C)=C1C2=C(P(C3CCCCC3)C4CCCCC4)C=CC=C2,CCOC(C1=NOC=C1)=O,CN1CCCN2C1=NCCC2,BrC1=NC=CC=C1,51.52656955
793bad016f3d3e7c,FullCV_01,2625,CC(C)C(C=C(C(C)C)C=C1C(C)C)=C1C2=C(P(C(C)(C)C)C(C)(C)C)C(OC)=CC=C2OC,C12=C(C=CC=C2)ON=C1,CN(C)P(N(C)C)(N(C)C)=NP(N(C)C)(N(C)C)=NCC,ClC1=CC=C(OC)C=C1,0.593797719
8fa7f64f33eff01d,FullCV_01,2626,CC(C)C(C=C(C(C)C)C=C1C(C)C)=C1C2=C(P(C(C)(C)C)C(C)(C)C)C=CC=C2,C1(N(CC2=CC=CC=C2)CC3=CC=CC=C3)=CC=NO1,CC(C)(C)/N=C(N(C)C)/N(C)C,BrC1=CC=C(CC)C=C1,22.74107385
617e516f913d782d,FullCV_01,2627,CC(C)C(C=C(C(C)C)C=C1C(C)C)=C1C2=C(P(C(C)(C)C)C(C)(C)C)C=CC=C2,CC1=CC(C(OCC)=O)=NO1,CC(C)(C)/N=C(N(C)C)/N(C)C,IC1=NC=CC=C1,86.21979782
94bab6a1455e2042,FullCV_01,2628,CC(C)C(C=C(C(C)C)C=C1C(C)C)=C1C2=C(P(C(C)(C)C)C(C)(C)C)C(OC)=CC=C2OC,CC1=C(C(OCC)=O)C=NO1,CN(C)P(N(C)C)(N(C)C)=NP(N(C)C)(N(C)C)=NCC,ClC1=CN=CC=C1,13.71916528
fbb32fa5a9c8bf0d,FullCV_01,2629,CC(C)C(C=C(C(C)C)C=C1C(C)C)=C1C2=C(P(C3CCCCC3)C4CCCCC4)C=CC=C2,O=C(OC)C1=NOC(C2=CC=CS2)=C1,CC(C)(C)/N=C(N(C)C)/N(C)C,IC1=CC=C(CC)C=C1,37.021541
4d97f4adf5396b2c,FullCV_01,2630,CC(C)C(C=C(C(C)C)C=C1C(C)C)=C1C2=C(P(C(C)(C)C)C(C)(C)C)C(OC)=CC=C2OC,C1(C2=CC=CC=C2)=CON=C1,CN(C)P(N(C)C)(N(C)C)=NP(N(C)C)(N(C)C)=NCC,BrC1=CC=C(C(F)(F)F)C=C1,13.23389373
04d77cb8d993f55f,FullCV_01,2631,CC(C)C(C=C(C(C)C)C=C1C(C)C)=C1C2=C(P(C(C)(C)C)C(C)(C)C)C(OC)=CC=C2OC,C12=C(C=CC=C2)ON=C1,CN1CCCN2C1=NCCC2,IC1=CC=C(OC)C=C1,35.50826326
5116467ce31aca9e,FullCV_01,2632,CC(C)C(C=C(C(C)C)C=C1C(C)C)=C1C2=C(P(C(C)(C)C)C(C)(C)C)C(OC)=CC=C2OC,CCOC(C1=NOC=C1)=O,CN(C)P(N(C)C)(N(C)C)=NP(N(C)C)(N(C)C)=NCC,ClC1=CC=C(OC)C=C1,0.0
38a0102134ed1e83,FullCV_01,2633,CC(C)C(C=C(C(C)C)C=C1C(C)C)=C1C2=C(P(C(C)(C)C)C(C)(C)C)C(OC)=CC=C2OC,C1(C2=CC=CC=C2)=NOC=C1,CN1CCCN2C1=NCCC2,IC1=CC=C(C(F)(F)F)C=C1,46.14092963
00c96979b23c7692,FullCV_01,2634,CC(C)C(C=C(C(C)C)C=C1C(C)C)=C1C2=C(P(C3CCCCC3)C4CCCCC4)C=CC=C2,O=C(OC)C1=NOC(C2=CC=CO2)=C1,CN(C)P(N(C)C)(N(C)C)=NP(N(C)C)(N(C)C)=NCC,IC1=CC=C(OC)C=C1,9.226197008
8ec17388a1d3bbd8,FullCV_01,2635,CC(C)C(C=C(C(C)C)C=C1C(C)C)=C1C2=C(P(C(C)(C)C)C(C)(C)C)C(OC)=CC=C2OC,C1(C2=CC=CC=C2)=NOC=C1,CN1CCCN2C1=NCCC2,ClC1=CC=C(C(F)(F)F)C=C1,23.89038147
f3aac266166b042c,FullCV_01,2636,CC(C)C(C=C(C(C)C)C=C1C(C)C)=C1C2=C(P(C(C)(C)C)C(C)(C)C)C=CC=C2,O=C(OC)C1=CC=NO1,CC(C)(C)/N=C(N(C)C)/N(C)C,BrC1=CC=C(C(F)(F)F)C=C1,27.07281953
b592274ef52e8b4a,FullCV_01,2637,CC(C)C(C=C(C(C)C)C=C1C(C)C)=C1C2=C(P(C(C)(C)C)C(C)(C)C)C(OC)=CC=C2OC,CC1=CC(C)=NO1,CN1CCCN2C1=NCCC2,ClC1=NC=CC=C1,79.07949659
284aa42fe2cd1948,FullCV_01,2638,CC(C)C(C=C(C(C)C)C=C1C(C)C)=C1C2=C(P(C(C)(C)C)C(C)(C)C)C=CC=C2,O=C(OC)C1=CC=NO1,CN1CCCN2C1=NCCC2,IC1=CC=C(C(F)(F)F)C=C1,44.03901684
e0db92c40f9d21d7,FullCV_01,2639,CC(C)C(C=C(C(C)C)C=C1C(C)C)=C1C2=C(P(C(C)(C)C)C(C)(C)C)C=CC=C2,O=C(OC)C1=NOC(C2=CC=CO2)=C1,CC(C)(C)/N=C(N(C)C)/N(C)C,IC1=CN=CC=C1,68.10761052
04196bb6649ead5e,FullCV_01,2640,CC(C)C(C=C(C(C)C)C=C1C(C)C)=C1C2=C(P([C@@]3(C[C@@H]4C5)C[C@H](C4)C[C@H]5C3)[C@]6(C7)C[C@@H](C[C@@H]7C8)C[C@@H]8C6)C(OC)=CC=C2OC,O=C(OC)C1=CC=NO1,CN(C)P(N(C)C)(N(C)C)=NP(N(C)C)(N(C)C)=NCC,IC1=CC=C(OC)C=C1,8.071196301
9694463ecf4cc103,FullCV_01,2641,CC(C)C(C=C(C(C)C)C=C1C(C)C)=C1C2=C(P(C3CCCCC3)C4CCCCC4)C=CC=C2,C1(C2=CC=CC=C2)=NOC=C1,CC(C)(C)/N=C(N(C)C)/N(C)C,IC1=CN=CC=C1,44.33084711
a4302e790ea0569a,FullCV_01,2642,CC(C)C(C=C(C(C)C)C=C1C(C)C)=C1C2=C(P(C(C)(C)C)C(C)(C)C)C(OC)=CC=C2OC,CC1=C(C(OCC)=O)C=NO1,CC(C)(C)/N=C(N(C)C)/N(C)C,IC1=CC=C(C(F)(F)F)C=C1,21.43045359
f874b41a32a6d72c,FullCV_01,2643,CC(C)C(C=C(C(C)C)C=C1C(C)C)=C1C2=C(P(C(C)(C)C)C(C)(C)C)C=CC=C2,C1(C2=CC=CC=C2)=CON=C1,CN(C)P(N(C)C)(N(C)C)=NP(N(C)C)(N(C)C)=NCC,BrC1=CN=CC=C1,74.00970333
4baa7841018afa77,FullCV_01,2644,CC(C)C(C=C(C(C)C)C=C1C(C)C)=C1C2=C(P(C3CCCCC3)C4CCCCC4)C=CC=C2,CC1=CC(N2C=CC=C2)=NO1,CC(C)(C)/N=C(N(C)C)/N(C)C,BrC1=CC=C(CC)C=C1,33.78601477
f0ed0f4beb4c8471,FullCV_01,2645,CC(C)C(C=C(C(C)C)C=C1C(C)C)=C1C2=C(P(C3CCCCC3)C4CCCCC4)C=CC=C2,CC1=CC(C)=NO1,CN1CCCN2C1=NCCC2,ClC1=CC=C(CC)C=C1,2.841459947
0929cea5e5e8eb96,FullCV_01,2646,CC(C)C(C=C(C(C)C)C=C1C(C)C)=C1C2=C(P(C(C)(C)C)C(C)(C)C)C(OC)=CC=C2OC,O=C(OC)C1=CC=NO1,CN1CCCN2C1=NCCC2,ClC1=CN=CC=C1,24.93118771
fba6ea1698b488f5,FullCV_01,2647,CC(C)C(C=C(C(C)C)C=C1C(C)C)=C1C2=C(P(C(C)(C)C)C(C)(C)C)C(OC)=CC=C2OC,CCOC(C1=NOC=C1)=O,CC(C)(C)/N=C(N(C)C)/N(C)C,IC1=CN=CC=C1,64.64035682
19c89aed5abc0897,FullCV_01,2648,CC(C)C(C=C(C(C)C)C=C1C(C)C)=C1C2=C(P(C(C)(C)C)C(C)(C)C)C(OC)=CC=C2OC,CC1=NOC(C2=CC=CC=C2)=C1,CN1CCCN2C1=NCCC2,ClC1=CC=C(C(F)(F)F)C=C1,11.32681683
d6ee29a13c119692,FullCV_01,2649,CC(C)C(C=C(C(C)C)C=C1C(C)C)=C1C2=C(P(C3CCCCC3)C4CCCCC4)C=CC=C2,CC1=CC(C)=NO1,CN1CCCN2C1=NCCC2,IC1=CC=C(C(F)(F)F)C=C1,42.53147932
bed58a0d2d6cad8e,FullCV_01,2650,CC(C)C(C=C(C(C)C)C=C1C(C)C)=C1C2=C(P([C@@]3(C[C@@H]4C5)C[C@H](C4)C[C@H]5C3)[C@]6(C7)C[C@@H](C[C@@H]7C8)C[C@@H]8C6)C(OC)=CC=C2OC,FC(C=CC=C1F)=C1C2=CC=NO2,CC(C)(C)/N=C(N(C)C)/N(C)C,BrC1=CC=C(OC)C=C1,14.98944103
559c995beb66b0ae,FullCV_01,2651,CC(C)C(C=C(C(C)C)C=C1C(C)C)=C1C2=C(P(C(C)(C)C)C(C)(C)C)C=CC=C2,CC1=NOC(C2=CC=CC=C2)=C1,CN(C)P(N(C)C)(N(C)C)=NP(N(C)C)(N(C)C)=NCC,ClC1=CN=CC=C1,51.9557832
3af25e60fe45c97f,FullCV_01,2652,CC(C)C(C=C(C(C)C)C=C1C(C)C)=C1C2=C(P(C(C)(C)C)C(C)(C)C)C=CC=C2,CC1=NOC(C(OCC)=O)=C1,CN(C)P(N(C)C)(N(C)C)=NP(N(C)C)(N(C)C)=NCC,IC1=CC=C(CC)C=C1,66.44951759
122e3effff53b5af,FullCV_01,2653,CC(C)C(C=C(C(C)C)C=C1C(C)C)=C1C2=C(P(C3CCCCC3)C4CCCCC4)C=CC=C2,CC1=CC(N2C=CC=C2)=NO1,CN(C)P(N(C)C)(N(C)C)=NP(N(C)C)(N(C)C)=NCC,IC1=CN=CC=C1,75.11548375
4ff817304b47d404,FullCV_01,2654,CC(C)C(C=C(C(C)C)C=C1C(C)C)=C1C2=C(P(C(C)(C)C)C(C)(C)C)C(OC)=CC=C2OC,C1(C2=CC=CC=C2)=CON=C1,CN(C)P(N(C)C)(N(C)C)=NP(N(C)C)(N(C)C)=NCC,ClC1=CC=C(C(F)(F)F)C=C1,9.322132163
a039a037649659b1,FullCV_01,2655,CC(C)C(C=C(C(C)C)C=C1C(C)C)=C1C2=C(P([C@@]3(C[C@@H]4C5)C[C@H](C4)C[C@H]5C3)[C@]6(C7)C[C@@H](C[C@@H]7C8)C[C@@H]8C6)C(OC)=CC=C2OC,CC1=NOC(C2=CC=CC=C2)=C1,CN1CCCN2C1=NCCC2,IC1=CC=C(OC)C=C1,49.61017751
84dcc9c1f8c43898,FullCV_01,2656,CC(C)C(C=C(C(C)C)C=C1C(C)C)=C1C2=C(P(C(C)(C)C)C(C)(C)C)C(OC)=CC=C2OC,C12=C(C=CC=C2)ON=C1,CC(C)(C)/N=C(N(C)C)/N(C)C,ClC1=NC=CC=C1,36.66758858
2248f6f5eec01be8,FullCV_01,2657,CC(C)C(C=C(C(C)C)C=C1C(C)C)=C1C2=C(P(C(C)(C)C)C(C)(C)C)C=CC=C2,FC(C=CC=C1F)=C1C2=CC=NO2,CN1CCCN2C1=NCCC2,BrC1=CC=C(C(F)(F)F)C=C1,40.13524468
bac32844a9af3ffa,FullCV_01,2658,CC(C)C(C=C(C(C)C)C=C1C(C)C)=C1C2=C(P([C@@]3(C[C@@H]4C5)C[C@H](C4)C[C@H]5C3)[C@]6(C7)C[C@@H](C[C@@H]7C8)C[C@@H]8C6)C(OC)=CC=C2OC,O=C(OC)C1=CC=NO1,CN1CCCN2C1=NCCC2,ClC1=CN=CC=C1,7.732563505
6ba578bfe8aec8f8,FullCV_01,2659,CC(C)C(C=C(C(C)C)C=C1C(C)C)=C1C2=C(P(C(C)(C)C)C(C)(C)C)C(OC)=CC=C2OC,O=C(OC)C1=NOC(C2=CC=CO2)=C1,CN(C)P(N(C)C)(N(C)C)=NP(N(C)C)(N(C)C)=NCC,IC1=CC=C(OC)C=C1,39.32745332
d6851c9487356767,FullCV_01,2660,CC(C)C(C=C(C(C)C)C=C1C(C)C)=C1C2=C(P(C3CCCCC3)C4CCCCC4)C=CC=C2,CC1=CC(C)=NO1,CC(C)(C)/N=C(N(C)C)/N(C)C,IC1=CC=C(OC)C=C1,17.10738006
7131ece8b9a4d90e,FullCV_01,2661,CC(C)C(C=C(C(C)C)C=C1C(C)C)=C1C2=C(P(C(C)(C)C)C(C)(C)C)C=CC=C2,C12=C(C=CC=C2)ON=C1,CN(C)P(N(C)C)(N(C)C)=NP(N(C)C)(N(C)C)=NCC,IC1=CN=CC=C1,65.73471929
3b03456067546f2b,FullCV_01,2662,CC(C)C(C=C(C(C)C)C=C1C(C)C)=C1C2=C(P([C@@]3(C[C@@H]4C5)C[C@H](C4)C[C@H]5C3)[C@]6(C7)C[C@@H](C[C@@H]7C8)C[C@@H]8C6)C(OC)=CC=C2OC,O=C(OC)C1=NOC(C2=CC=CO2)=C1,CN1CCCN2C1=NCCC2,BrC1=CC=C(C(F)(F)F)C=C1,29.62604669
89dfcd498d50f5d3,FullCV_01,2663,CC(C)C(C=C(C(C)C)C=C1C(C)C)=C1C2=C(P(C(C)(C)C)C(C)(C)C)C=CC=C2,CC1=CC=NO1,CC(C)(C)/N=C(N(C)C)/N(C)C,IC1=CC=C(OC)C=C1,42.00742206
3a10c3dc45d97500,FullCV_01,2664,CC(C)C(C=C(C(C)C)C=C1C(C)C)=C1C2=C(P(C(C)(C)C)C(C)(C)C)C(OC)=CC=C2OC,C1(N(CC2=CC=CC=C2)CC3=CC=CC=C3)=NOC=C1,CN(C)P(N(C)C)(N(C)C)=NP(N(C)C)(N(C)C)=NCC,IC1=CC=C(CC)C=C1,72.37220718
c4154a776ad0e388,FullCV_01,2665,CC(C)C(C=C(C(C)C)C=C1C(C)C)=C1C2=C(P(C(C)(C)C)C(C)(C)C)C(OC)=CC=C2OC,O=C(OC)C1=CC=NO1,CN1CCCN2C1=NCCC2,ClC1=CC=C(CC)C=C1,12.47762059
1362773be32d25c0,FullCV_01,2666,CC(C)C(C=C(C(C)C)C=C1C(C)C)=C1C2=C(P(C(C)(C)C)C(C)(C)C)C(OC)=CC=C2OC,CC1=CC=NO1,CN(C)P(N(C)C)(N(C)C)=NP(N(C)C)(N(C)C)=NCC,ClC1=NC=CC=C1,28.40072634
c4d5946faadf1a9a,FullCV_01,2667,CC(C)C(C=C(C(C)C)C=C1C(C)C)=C1C2=C(P(C3CCCCC3)C4CCCCC4)C=CC=C2,FC(C=CC=C1F)=C1C2=CC=NO2,CN1CCCN2C1=NCCC2,BrC1=CN=CC=C1,11.07544016
89929074797f8a58,FullCV_01,2668,CC(C)C(C=C(C(C)C)C=C1C(C)C)=C1C2=C(P(C(C)(C)C)C(C)(C)C)C(OC)=CC=C2OC,CCOC(C1=NOC=C1)=O,CN1CCCN2C1=NCCC2,IC1=CC=C(C(F)(F)F)C=C1,51.11682644
02910e224dbc25cf,FullCV_01,2669,CC(C)C(C=C(C(C)C)C=C1C(C)C)=C1C2=C(P(C(C)(C)C)C(C)(C)C)C=CC=C2,O=C(OC)C1=NOC(C2=CC=CS2)=C1,CC(C)(C)/N=C(N(C)C)/N(C)C,IC1=CC=C(CC)C=C1,57.50576347
27195e4616d3161a,FullCV_01,2670,CC(C)C(C=C(C(C)C)C=C1C(C)C)=C1C2=C(P(C(C)(C)C)C(C)(C)C)C=CC=C2,C12=C(C=CC=C2)ON=C1,CN(C)P(N(C)C)(N(C)C)=NP(N(C)C)(N(C)C)=NCC,ClC1=CN=CC=C1,38.1181996
c273dd7da3b52810,FullCV_01,2671,CC(C)C(C=C(C(C)C)C=C1C(C)C)=C1C2=C(P(C3CCCCC3)C4CCCCC4)C=CC=C2,CC1=NOC=C1,CN1CCCN2C1=NCCC2,BrC1=NC=CC=C1,65.27849508
955cd9424b7febc1,FullCV_01,2672,CC(C)C(C=C(C(C)C)C=C1C(C)C)=C1C2=C(P(C(C)(C)C)C(C)(C)C)C=CC=C2,CC1=CC(C)=NO1,CN1CCCN2C1=NCCC2,IC1=CC=C(CC)C=C1,75.59377488
a352a83ea5caafda,FullCV_01,2673,CC(C)C(C=C(C(C)C)C=C1C(C)C)=C1C2=C(P([C@@]3(C[C@@H]4C5)C[C@H](C4)C[C@H]5C3)[C@]6(C7)C[C@@H](C[C@@H]7C8)C[C@@H]8C6)C(OC)=CC=C2OC,C1(C2=CC=CC=C2)=NOC=C1,CN1CCCN2C1=NCCC2,ClC1=NC=CC=C1,89.88953077
3b3a0ea599548774,FullCV_01,2674,CC(C)C(C=C(C(C)C)C=C1C(C)C)=C1C2=C(P(C(C)(C)C)C(C)(C)C)C(OC)=CC=C2OC,O=C(OC)C1=NOC(C2=CC=CS2)=C1,CN1CCCN2C1=NCCC2,BrC1=CN=CC=C1,65.74098646
cb0e60020e327db9,FullCV_01,2675,CC(C)C(C=C(C(C)C)C=C1C(C)C)=C1C2=C(P(C(C)(C)C)C(C)(C)C)C(OC)=CC=C2OC,CC1=CC(C)=NO1,CN(C)P(N(C)C)(N(C)C)=NP(N(C)C)(N(C)C)=NCC,BrC1=CC=C(CC)C=C1,67.28395541
3f19230255422d09,FullCV_01,2676,CC(C)C(C=C(C(C)C)C=C1C(C)C)=C1C2=C(P([C@@]3(C[C@@H]4C5)C[C@H](C4)C[C@H]5C3)[C@]6(C7)C[C@@H](C[C@@H]7C8)C[C@@H]8C6)C(OC)=CC=C2OC,CC1=NOC(C(OCC)=O)=C1,CC(C)(C)/N=C(N(C)C)/N(C)C,BrC1=CC=C(OC)C=C1,21.71222946
409f0a45530f335a,FullCV_01,2677,CC(C)C(C=C(C(C)C)C=C1C(C)C)=C1C2=C(P([C@@]3(C[C@@H]4C5)C[C@H](C4)C[C@H]5C3)[C@]6(C7)C[C@@H](C[C@@H]7C8)C[C@@H]8C6)C(OC)=CC=C2OC,O=C(OC)C1=NOC(C2=CC=CO2)=C1,CN(C)P(N(C)C)(N(C)C)=NP(N(C)C)(N(C)C)=NCC,ClC1=CC=C(CC)C=C1,0.0
bb6c80c8c5b03376,FullCV_01,2678,CC(C)C(C=C(C(C)C)C=C1C(C)C)=C1C2=C(P([C@@]3(C[C@@H]4C5)C[C@H](C4)C[C@H]5C3)[C@]6(C7)C[C@@H](C[C@@H]7C8)C[C@@H]8C6)C(OC)=CC=C2OC,CC1=CC(N2C=CC=C2)=NO1,CN(C)P(N(C)C)(N(C)C)=NP(N(C)C)(N(C)C)=NCC,IC1=CC=C(CC)C=C1,68.20094264
493c9954c7c77a30,FullCV_01,2679,CC(C)C(C=C(C(C)C)C=C1C(C)C)=C1C2=C(P(C3CCCCC3)C4CCCCC4)C=CC=C2,O=C(OC)C1=NOC(C2=CC=CO2)=C1,CC(C)(C)/N=C(N(C)C)/N(C)C,BrC1=CC=C(CC)C=C1,20.3250042
f9c6c12758f91422,FullCV_01,2680,CC(C)C(C=C(C(C)C)C=C1C(C)C)=C1C2=C(P([C@@]3(C[C@@H]4C5)C[C@H](C4)C[C@H]5C3)[C@]6(C7)C[C@@H](C[C@@H]7C8)C[C@@H]8C6)C(OC)=CC=C2OC,O=C(OC)C1=NOC(C2=CC=CO2)=C1,CC(C)(C)/N=C(N(C)C)/N(C)C,ClC1=CC=C(OC)C=C1,0.0
969a6110fae2215d,FullCV_01,2681,CC(C)C(C=C(C(C)C)C=C1C(C)C)=C1C2=C(P(C(C)(C)C)C(C)(C)C)C=CC=C2,C1(C2=CC=CC=C2)=NOC=C1,CC(C)(C)/N=C(N(C)C)/N(C)C,BrC1=NC=CC=C1,86.2541164
4f1b209de1a6adb4,FullCV_01,2682,CC(C)C(C=C(C(C)C)C=C1C(C)C)=C1C2=C(P(C(C)(C)C)C(C)(C)C)C=CC=C2,CC1=NOC(C(OCC)=O)=C1,CN1CCCN2C1=NCCC2,ClC1=NC=CC=C1,91.39064225
2931ce3e16a62acd,FullCV_01,2683,CC(C)C(C=C(C(C)C)C=C1C(C)C)=C1C2=C(P(C3CCCCC3)C4CCCCC4)C=CC=C2,CC1=CC(C(OCC)=O)=NO1,CN(C)P(N(C)C)(N(C)C)=NP(N(C)C)(N(C)C)=NCC,ClC1=CN=CC=C1,20.85782482
4e1da3d4323466a1,FullCV_01,2684,CC(C)C(C=C(C(C)C)C=C1C(C)C)=C1C2=C(P(C3CCCCC3)C4CCCCC4)C=CC=C2,CC1=NOC(C(OCC)=O)=C1,CC(C)(C)/N=C(N(C)C)/N(C)C,IC1=CN=CC=C1,36.85037948
2256624398335b4a,FullCV_01,2685,CC(C)C(C=C(C(C)C)C=C1C(C)C)=C1C2=C(P(C(C)(C)C)C(C)(C)C)C(OC)=CC=C2OC,C1(C2=CC=CC=C2)=NOC=C1,CC(C)(C)/N=C(N(C)C)/N(C)C,IC1=CC=C(CC)C=C1,79.18190676
51405192803f7d0f,FullCV_01,2686,CC(C)C(C=C(C(C)C)C=C1C(C)C)=C1C2=C(P(C3CCCCC3)C4CCCCC4)C=CC=C2,C1(C2=CC=CC=C2)=NOC=C1,CN(C)P(N(C)C)(N(C)C)=NP(N(C)C)(N(C)C)=NCC,BrC1=CC=C(C(F)(F)F)C=C1,2.391870808
6bd475d50e19b4ef,FullCV_01,2687,CC(C)C(C=C(C(C)C)C=C1C(C)C)=C1C2=C(P(C3CCCCC3)C4CCCCC4)C=CC=C2,C12=C(C=CC=C2)ON=C1,CC(C)(C)/N=C(N(C)C)/N(C)C,IC1=CN=CC=C1,8.041639597
47d8eec29bd97e94,FullCV_01,2688,CC(C)C(C=C(C(C)C)C=C1C(C)C)=C1C2=C(P([C@@]3(C[C@@H]4C5)C[C@H](C4)C[C@H]5C3)[C@]6(C7)C[C@@H](C[C@@H]7C8)C[C@@H]8C6)C(OC)=CC=C2OC,CC1=NOC=C1,CN(C)P(N(C)C)(N(C)C)=NP(N(C)C)(N(C)C)=NCC,BrC1=CN=CC=C1,1.826315609
70d09bf093d357c6,FullCV_01,2689,CC(C)C(C=C(C(C)C)C=C1C(C)C)=C1C2=C(P([C@@]3(C[C@@H]4C5)C[C@H](C4)C[C@H]5C3)[C@]6(C7)C[C@@H](C[C@@H]7C8)C[C@@H]8C6)C(OC)=CC=C2OC,C1(N(CC2=CC=CC=C2)CC3=CC=CC=C3)=CC=NO1,CN1CCCN2C1=NCCC2,ClC1=NC=CC=C1,31.19527434
031396eb5d37ede5,FullCV_01,2690,CC(C)C(C=C(C(C)C)C=C1C(C)C)=C1C2=C(P(C3CCCCC3)C4CCCCC4)C=CC=C2,CC1=NOC(C2=CC=CC=C2)=C1,CN1CCCN2C1=NCCC2,ClC1=CC=C(CC)C=C1,2.217163117
388deec8964f3184,FullCV_01,2691,CC(C)C(C=C(C(C)C)C=C1C(C)C)=C1C2=C(P([C@@]3(C[C@@H]4C5)C[C@H](C4)C[C@H]5C3)[C@]6(C7)C[C@@H](C[C@@H]7C8)C[C@@H]8C6)C(OC)=CC=C2OC,C1(N(CC2=CC=CC=C2)CC3=CC=CC=C3)=NOC=C1,CC(C)(C)/N=C(N(C)C)/N(C)C,ClC1=NC=CC=C1,34.05189508
8bf5519ad35083c2,FullCV_01,2692,CC(C)C(C=C(C(C)C)C=C1C(C)C)=C1C2=C(P(C(C)(C)C)C(C)(C)C)C(OC)=CC=C2OC,O=C(OC)C1=NOC(C2=CC=CS2)=C1,CC(C)(C)/N=C(N(C)C)/N(C)C,IC1=CN=CC=C1,61.04278074
fbb3f2a50f242a6c,FullCV_01,2693,CC(C)C(C=C(C(C)C)C=C1C(C)C)=C1C2=C(P(C(C)(C)C)C(C)(C)C)C=CC=C2,O=C(OC)C1=NOC(C2=CC=CO2)=C1,CC(C)(C)/N=C(N(C)C)/N(C)C,IC1=NC=CC=C1,59.66718586
8bdd75f4f139e14d,FullCV_01,2694,CC(C)C(C=C(C(C)C)C=C1C(C)C)=C1C2=C(P(C3CCCCC3)C4CCCCC4)C=CC=C2,C1(C2=CC=CC=C2)=NOC=C1,CC(C)(C)/N=C(N(C)C)/N(C)C,BrC1=CC=C(C(F)(F)F)C=C1,35.72058232
666a8fbec8b53a98,FullCV_01,2695,CC(C)C(C=C(C(C)C)C=C1C(C)C)=C1C2=C(P(C3CCCCC3)C4CCCCC4)C=CC=C2,CC1=CC=NO1,CC(C)(C)/N=C(N(C)C)/N(C)C,BrC1=CC=C(CC)C=C1,26.51530021
1b24dbf62d35515e,FullCV_01,2696,CC(C)C(C=C(C(C)C)C=C1C(C)C)=C1C2=C(P([C@@]3(C[C@@H]4C5)C[C@H](C4)C[C@H]5C3)[C@]6(C7)C[C@@H](C[C@@H]7C8)C[C@@H]8C6)C(OC)=CC=C2OC,CC1=CC(N2C=CC=C2)=NO1,CN(C)P(N(C)C)(N(C)C)=NP(N(C)C)(N(C)C)=NCC,BrC1=CC=C(OC)C=C1,49.20462645
fdc1514708b699c0,FullCV_01,2697,CC(C)C(C=C(C(C)C)C=C1C(C)C)=C1C2=C(P(C(C)(C)C)C(C)(C)C)C=CC=C2,CC1=NOC(C2=CC=CC=C2)=C1,CN1CCCN2C1=NCCC2,BrC1=CC=C(CC)C=C1,69.25619095
b6e5ea309450e089,FullCV_01,2698,CC(C)C(C=C(C(C)C)C=C1C(C)C)=C1C2=C(P(C(C)(C)C)C(C)(C)C)C(OC)=CC=C2OC,CC1=CC(N2C=CC=C2)=NO1,CN1CCCN2C1=NCCC2,IC1=CN=CC=C1,80.7977409
c78950c692a0249c,FullCV_01,2699,CC(C)C(C=C(C(C)C)C=C1C(C)C)=C1C2=C(P(C(C)(C)C)C(C)(C)C)C=CC=C2,CC1=C(C(OCC)=O)C=NO1,CN1CCCN2C1=NCCC2,IC1=CN=CC=C1,60.06619639
d5cd5b1df454500c,FullCV_01,2700,CC(C)C(C=C(C(C)C)C=C1C(C)C)=C1C2=C(P(C3CCCCC3)C4CCCCC4)C=CC=C2,CC1=CC(N2C=CC=C2)=NO1,CN(C)P(N(C)C)(N(C)C)=NP(N(C)C)(N(C)C)=NCC,IC1=CC=C(C(F)(F)F)C=C1,41.0055284
22afe8e1917d8c87,FullCV_01,2701,CC(C)C(C=C(C(C)C)C=C1C(C)C)=C1C2=C(P([C@@]3(C[C@@H]4C5)C[C@H](C4)C[C@H]5C3)[C@]6(C7)C[C@@H](C[C@@H]7C8)C[C@@H]8C6)C(OC)=CC=C2OC,C1(C2=CC=CC=C2)=CON=C1,CN1CCCN2C1=NCCC2,BrC1=CC=C(C(F)(F)F)C=C1,33.22033214
d633fd3bfe5f4e7f,FullCV_01,2702,CC(C)C(C=C(C(C)C)C=C1C(C)C)=C1C2=C(P(C3CCCCC3)C4CCCCC4)C=CC=C2,CC1=CC(N2C=CC=C2)=NO1,CC(C)(C)/N=C(N(C)C)/N(C)C,IC1=CC=C(OC)C=C1,22.92734992
63e5d3756d903a4c,FullCV_01,2703,CC(C)C(C=C(C(C)C)C=C1C(C)C)=C1C2=C(P(C3CCCCC3)C4CCCCC4)C=CC=C2,C1(C2=CC=CC=C2)=CON=C1,CN1CCCN2C1=NCCC2,BrC1=CC=C(CC)C=C1,15.28777504
ac0d2a8bf32de329,FullCV_01,2704,CC(C)C(C=C(C(C)C)C=C1C(C)C)=C1C2=C(P(C(C)(C)C)C(C)(C)C)C(OC)=CC=C2OC,O=C(OC)C1=NOC(C2=CC=CO2)=C1,CN1CCCN2C1=NCCC2,ClC1=CC=C(CC)C=C1,4.390150349
0785645bd14c321b,FullCV_01,2705,CC(C)C(C=C(C(C)C)C=C1C(C)C)=C1C2=C(P(C3CCCCC3)C4CCCCC4)C=CC=C2,C1(N(CC2=CC=CC=C2)CC3=CC=CC=C3)=NOC=C1,CC(C)(C)/N=C(N(C)C)/N(C)C,BrC1=CC=C(OC)C=C1,47.13740479
ada5dc9730e08752,FullCV_01,2706,CC(C)C(C=C(C(C)C)C=C1C(C)C)=C1C2=C(P(C(C)(C)C)C(C)(C)C)C=CC=C2,CC1=C(C(OCC)=O)C=NO1,CN1CCCN2C1=NCCC2,BrC1=CC=C(CC)C=C1,44.1778543
a62fa7efadb9d09b,FullCV_01,2707,CC(C)C(C=C(C(C)C)C=C1C(C)C)=C1C2=C(P([C@@]3(C[C@@H]4C5)C[C@H](C4)C[C@H]5C3)[C@]6(C7)C[C@@H](C[C@@H]7C8)C[C@@H]8C6)C(OC)=CC=C2OC,CC1=CC(C(OCC)=O)=NO1,CN1CCCN2C1=NCCC2,IC1=CC=C(CC)C=C1,80.71099803
50107fb313fb919a,FullCV_01,2708,CC(C)C(C=C(C(C)C)C=C1C(C)C)=C1C2=C(P(C(C)(C)C)C(C)(C)C)C(OC)=CC=C2OC,COC1=NOC(C(OCC)=O)=C1,CN(C)P(N(C)C)(N(C)C)=NP(N(C)C)(N(C)C)=NCC,ClC1=CN=CC=C1,6.877576478
c23c7368bec9c9db,FullCV_01,2709,CC(C)C(C=C(C(C)C)C=C1C(C)C)=C1C2=C(P([C@@]3(C[C@@H]4C5)C[C@H](C4)C[C@H]5C3)[C@]6(C7)C[C@@H](C[C@@H]7C8)C[C@@H]8C6)C(OC)=CC=C2OC,CC1=CC(C)=NO1,CC(C)(C)/N=C(N(C)C)/N(C)C,ClC1=CC=C(CC)C=C1,1.279456438
e6323b52fe0651e0,FullCV_01,2710,CC(C)C(C=C(C(C)C)C=C1C(C)C)=C1C2=C(P(C(C)(C)C)C(C)(C)C)C=CC=C2,CC1=CC(C(OCC)=O)=NO1,CN(C)P(N(C)C)(N(C)C)=NP(N(C)C)(N(C)C)=NCC,IC1=CC=C(C(F)(F)F)C=C1,44.65371267
8653b57342128a25,FullCV_01,2711,CC(C)C(C=C(C(C)C)C=C1C(C)C)=C1C2=C(P([C@@]3(C[C@@H]4C5)C[C@H](C4)C[C@H]5C3)[C@]6(C7)C[C@@H](C[C@@H]7C8)C[C@@H]8C6)C(OC)=CC=C2OC,CCOC(C1=CON=C1)=O,CC(C)(C)/N=C(N(C)C)/N(C)C,IC1=CC=C(CC)C=C1,2.600006823
c68ea82717d76642,FullCV_01,2712,CC(C)C(C=C(C(C)C)C=C1C(C)C)=C1C2=C(P(C(C)(C)C)C(C)(C)C)C(OC)=CC=C2OC,CC1=NOC=C1,CC(C)(C)/N=C(N(C)C)/N(C)C,BrC1=NC=CC=C1,77.4707991
bf8ea42fc426edd6,FullCV_01,2713,CC(C)C(C=C(C(C)C)C=C1C(C)C)=C1C2=C(P(C(C)(C)C)C(C)(C)C)C(OC)=CC=C2OC,C1(C2=CC=CC=C2)=NOC=C1,CN(C)P(N(C)C)(N(C)C)=NP(N(C)C)(N(C)C)=NCC,IC1=CC=C(CC)C=C1,73.4448659
edc12fe8d9801cc7,FullCV_01,2714,CC(C)C(C=C(C(C)C)C=C1C(C)C)=C1C2=C(P([C@@]3(C[C@@H]4C5)C[C@H](C4)C[C@H]5C3)[C@]6(C7)C[C@@H](C[C@@H]7C8)C[C@@H]8C6)C(OC)=CC=C2OC,CC1=NOC=C1,CN1CCCN2C1=NCCC2,BrC1=CN=CC=C1,86.08980917
835e9c6e7e771f39,FullCV_01,2715,CC(C)C(C=C(C(C)C)C=C1C(C)C)=C1C2=C(P(C(C)(C)C)C(C)(C)C)C=CC=C2,C1(C2=CC=CC=C2)=CON=C1,CN1CCCN2C1=NCCC2,ClC1=NC=CC=C1,88.44637346
3ccf42932c0d64d6,FullCV_01,2716,CC(C)C(C=C(C(C)C)C=C1C(C)C)=C1C2=C(P(C3CCCCC3)C4CCCCC4)C=CC=C2,FC(C=CC=C1F)=C1C2=CC=NO2,CN(C)P(N(C)C)(N(C)C)=NP(N(C)C)(N(C)C)=NCC,ClC1=CC=C(OC)C=C1,2.548391087
3213bbedc207b181,FullCV_01,2717,CC(C)C(C=C(C(C)C)C=C1C(C)C)=C1C2=C(P([C@@]3(C[C@@H]4C5)C[C@H](C4)C[C@H]5C3)[C@]6(C7)C[C@@H](C[C@@H]7C8)C[C@@H]8C6)C(OC)=CC=C2OC,C1(N(CC2=CC=CC=C2)CC3=CC=CC=C3)=NOC=C1,CN(C)P(N(C)C)(N(C)C)=NP(N(C)C)(N(C)C)=NCC,ClC1=CC=C(OC)C=C1,6.970567232
79b4dd530062ec2f,FullCV_01,2718,CC(C)C(C=C(C(C)C)C=C1C(C)C)=C1C2=C(P(C(C)(C)C)C(C)(C)C)C=CC=C2,O=C(OC)C1=NOC(C2=CC=CS2)=C1,CN1CCCN2C1=NCCC2,BrC1=CN=CC=C1,75.98553455
9754588672f4d228,FullCV_01,2719,CC(C)C(C=C(C(C)C)C=C1C(C)C)=C1C2=C(P(C3CCCCC3)C4CCCCC4)C=CC=C2,C12=C(C=CC=C2)ON=C1,CC(C)(C)/N=C(N(C)C)/N(C)C,ClC1=CC=C(OC)C=C1,0.0
39aa48d3e8ef5783,FullCV_01,2720,CC(C)C(C=C(C(C)C)C=C1C(C)C)=C1C2=C(P([C@@]3(C[C@@H]4C5)C[C@H](C4)C[C@H]5C3)[C@]6(C7)C[C@@H](C[C@@H]7C8)C[C@@H]8C6)C(OC)=CC=C2OC,CC1=CC=NO1,CN1CCCN2C1=NCCC2,BrC1=CC=C(OC)C=C1,42.90896956
99c773a16276e3ec,FullCV_01,2721,CC(C)C(C=C(C(C)C)C=C1C(C)C)=C1C2=C(P(C3CCCCC3)C4CCCCC4)C=CC=C2,C12=C(C=CC=C2)ON=C1,CC(C)(C)/N=C(N(C)C)/N(C)C,IC1=NC=CC=C1,12.68763797
baa056e46e0c5dfa,FullCV_01,2722,CC(C)C(C=C(C(C)C)C=C1C(C)C)=C1C2=C(P([C@@]3(C[C@@H]4C5)C[C@H](C4)C[C@H]5C3)[C@]6(C7)C[C@@H](C[C@@H]7C8)C[C@@H]8C6)C(OC)=CC=C2OC,CC1=NOC(C2=CC=CC=C2)=C1,CN1CCCN2C1=NCCC2,BrC1=CC=C(C(F)(F)F)C=C1,37.93567028
3447a94b76004d66,FullCV_01,2723,CC(C)C(C=C(C(C)C)C=C1C(C)C)=C1C2=C(P([C@@]3(C[C@@H]4C5)C[C@H](C4)C[C@H]5C3)[C@]6(C7)C[C@@H](C[C@@H]7C8)C[C@@H]8C6)C(OC)=CC=C2OC,CC1=NOC(C2=CC=CC=C2)=C1,CN(C)P(N(C)C)(N(C)C)=NP(N(C)C)(N(C)C)=NCC,BrC1=CC=C(C(F)(F)F)C=C1,15.46929664
063bc9d16a76839d,FullCV_01,2724,CC(C)C(C=C(C(C)C)C=C1C(C)C)=C1C2=C(P([C@@]3(C[C@@H]4C5)C[C@H](C4)C[C@H]5C3)[C@]6(C7)C[C@@H](C[C@@H]7C8)C[C@@H]8C6)C(OC)=CC=C2OC,CC1=CC=NO1,CN(C)P(N(C)C)(N(C)C)=NP(N(C)C)(N(C)C)=NCC,BrC1=NC=CC=C1,21.75875381
6517c92356bfe502,FullCV_01,2725,CC(C)C(C=C(C(C)C)C=C1C(C)C)=C1C2=C(P(C3CCCCC3)C4CCCCC4)C=CC=C2,CC1=CC(C(OCC)=O)=NO1,CN1CCCN2C1=NCCC2,ClC1=NC=CC=C1,38.14302674
6a107c6855f30396,FullCV_01,2726,CC(C)C(C=C(C(C)C)C=C1C(C)C)=C1C2=C(P([C@@]3(C[C@@H]4C5)C[C@H](C4)C[C@H]5C3)[C@]6(C7)C[C@@H](C[C@@H]7C8)C[C@@H]8C6)C(OC)=CC=C2OC,CC1=CC(C)=NO1,CC(C)(C)/N=C(N(C)C)/N(C)C,ClC1=CC=C(OC)C=C1,0.319224301
9779f656d21634c5,FullCV_01,2727,CC(C)C(C=C(C(C)C)C=C1C(C)C)=C1C2=C(P(C(C)(C)C)C(C)(C)C)C=CC=C2,CC1=NOC(C2=CC=CC=C2)=C1,CN(C)P(N(C)C)(N(C)C)=NP(N(C)C)(N(C)C)=NCC,ClC1=CC=C(OC)C=C1,1.277604509
50550e6a2eefadde,FullCV_01,2728,CC(C)C(C=C(C(C)C)C=C1C(C)C)=C1C2=C(P(C(C)(C)C)C(C)(C)C)C(OC)=CC=C2OC,C12=CON=C1C=CC=C2,CC(C)(C)/N=C(N(C)C)/N(C)C,BrC1=CC=C(CC)C=C1,7.705318498
6d624bb371794a10,FullCV_01,2729,CC(C)C(C=C(C(C)C)C=C1C(C)C)=C1C2=C(P(C(C)(C)C)C(C)(C)C)C(OC)=CC=C2OC,CC1=NOC=C1,CN(C)P(N(C)C)(N(C)C)=NP(N(C)C)(N(C)C)=NCC,IC1=CC=C(C(F)(F)F)C=C1,28.58196621
7e9a7f5a1a333953,FullCV_01,2730,CC(C)C(C=C(C(C)C)C=C1C(C)C)=C1C2=C(P([C@@]3(C[C@@H]4C5)C[C@H](C4)C[C@H]5C3)[C@]6(C7)C[C@@H](C[C@@H]7C8)C[C@@H]8C6)C(OC)=CC=C2OC,FC(C=CC=C1F)=C1C2=CC=NO2,CC(C)(C)/N=C(N(C)C)/N(C)C,IC1=CN=CC=C1,56.57387493
674a36b29487c4dd,FullCV_01,2731,CC(C)C(C=C(C(C)C)C=C1C(C)C)=C1C2=C(P(C(C)(C)C)C(C)(C)C)C=CC=C2,C1(C2=CC=CC=C2)=NOC=C1,CN(C)P(N(C)C)(N(C)C)=NP(N(C)C)(N(C)C)=NCC,BrC1=NC=CC=C1,72.15476775
cdc45c999d4fd570,FullCV_01,2732,CC(C)C(C=C(C(C)C)C=C1C(C)C)=C1C2=C(P(C(C)(C)C)C(C)(C)C)C=CC=C2,CC1=CC=NO1,CN(C)P(N(C)C)(N(C)C)=NP(N(C)C)(N(C)C)=NCC,ClC1=NC=CC=C1,30.38899776
ae11cdd1e2c74450,FullCV_01,2733,CC(C)C(C=C(C(C)C)C=C1C(C)C)=C1C2=C(P(C3CCCCC3)C4CCCCC4)C=CC=C2,C12=CON=C1C=CC=C2,CC(C)(C)/N=C(N(C)C)/N(C)C,IC1=CC=C(CC)C=C1,4.889819476
fcecc4cf2ce28215,FullCV_01,2734,CC(C)C(C=C(C(C)C)C=C1C(C)C)=C1C2=C(P(C(C)(C)C)C(C)(C)C)C=CC=C2,CC1=C(C(OCC)=O)C=NO1,CC(C)(C)/N=C(N(C)C)/N(C)C,BrC1=CC=C(C(F)(F)F)C=C1,9.794715203
13f7718765754f7f,FullCV_01,2735,CC(C)C(C=C(C(C)C)C=C1C(C)C)=C1C2=C(P([C@@]3(C[C@@H]4C5)C[C@H](C4)C[C@H]5C3)[C@]6(C7)C[C@@H](C[C@@H]7C8)C[C@@H]8C6)C(OC)=CC=C2OC,COC1=NOC(C(OCC)=O)=C1,CN(C)P(N(C)C)(N(C)C)=NP(N(C)C)(N(C)C)=NCC,ClC1=CN=CC=C1,8.332944957
63ce204eff9dd3b9,FullCV_01,2736,CC(C)C(C=C(C(C)C)C=C1C(C)C)=C1C2=C(P(C3CCCCC3)C4CCCCC4)C=CC=C2,C12=CON=C1C=CC=C2,CC(C)(C)/N=C(N(C)C)/N(C)C,ClC1=CC=C(CC)C=C1,0.0
ca9b6a8c7a3a5929,FullCV_01,2737,CC(C)C(C=C(C(C)C)C=C1C(C)C)=C1C2=C(P(C(C)(C)C)C(C)(C)C)C=CC=C2,C1(C2=CC=CC=C2)=NOC=C1,CN1CCCN2C1=NCCC2,BrC1=CC=C(CC)C=C1,83.09647392
7e81205a309dd226,FullCV_01,2738,CC(C)C(C=C(C(C)C)C=C1C(C)C)=C1C2=C(P(C3CCCCC3)C4CCCCC4)C=CC=C2,O=C(OC)C1=CC=NO1,CN1CCCN2C1=NCCC2,BrC1=CC=C(CC)C=C1,12.57060724
8baeaf9c2a858c08,FullCV_01,2739,CC(C)C(C=C(C(C)C)C=C1C(C)C)=C1C2=C(P([C@@]3(C[C@@H]4C5)C[C@H](C4)C[C@H]5C3)[C@]6(C7)C[C@@H](C[C@@H]7C8)C[C@@H]8C6)C(OC)=CC=C2OC,C1(N(CC2=CC=CC=C2)CC3=CC=CC=C3)=CC=NO1,CN(C)P(N(C)C)(N(C)C)=NP(N(C)C)(N(C)C)=NCC,IC1=CN=CC=C1,56.41870071
bc3a96f3259817c2,FullCV_01,2740,CC(C)C(C=C(C(C)C)C=C1C(C)C)=C1C2=C(P(C(C)(C)C)C(C)(C)C)C=CC=C2,C1(N(CC2=CC=CC=C2)CC3=CC=CC=C3)=CC=NO1,CN1CCCN2C1=NCCC2,ClC1=CC=C(OC)C=C1,0.712699399
4a595c04aa529be3,FullCV_01,2741,CC(C)C(C=C(C(C)C)C=C1C(C)C)=C1C2=C(P(C3CCCCC3)C4CCCCC4)C=CC=C2,CCOC(C1=CON=C1)=O,CC(C)(C)/N=C(N(C)C)/N(C)C,IC1=CC=C(C(F)(F)F)C=C1,0.70766924
d02c7df500ed93c2,FullCV_01,2742,CC(C)C(C=C(C(C)C)C=C1C(C)C)=C1C2=C(P(C3CCCCC3)C4CCCCC4)C=CC=C2,CC1=NOC(C2=CC=CC=C2)=C1,CN(C)P(N(C)C)(N(C)C)=NP(N(C)C)(N(C)C)=NCC,ClC1=NC=CC=C1,20.97581455
3a524802d7f31487,FullCV_01,2743,CC(C)C(C=C(C(C)C)C=C1C(C)C)=C1C2=C(P(C(C)(C)C)C(C)(C)C)C=CC=C2,CC1=CC(C(OCC)=O)=NO1,CN1CCCN2C1=NCCC2,ClC1=CC=C(OC)C=C1,1.18600639
a08da4819cf502da,FullCV_01,2744,CC(C)C(C=C(C(C)C)C=C1C(C)C)=C1C2=C(P(C(C)(C)C)C(C)(C)C)C(OC)=CC=C2OC,CC1=NOC=C1,CN1CCCN2C1=NCCC2,IC1=CN=CC=C1,93.10117477
50d961b9b7739907,FullCV_01,2745,CC(C)C(C=C(C(C)C)C=C1C(C)C)=C1C2=C(P(C3CCCCC3)C4CCCCC4)C=CC=C2,COC1=NOC(C(OCC)=O)=C1,CC(C)(C)/N=C(N(C)C)/N(C)C,BrC1=CC=C(C(F)(F)F)C=C1,30.08596307
639daa8c1618d721,FullCV_01,2746,CC(C)C(C=C(C(C)C)C=C1C(C)C)=C1C2=C(P(C(C)(C)C)C(C)(C)C)C(OC)=CC=C2OC,CC1=CC(N2C=CC=C2)=NO1,CN(C)P(N(C)C)(N(C)C)=NP(N(C)C)(N(C)C)=NCC,IC1=CN=CC=C1,61.99734129
3ad71e918d782157,FullCV_01,2747,CC(C)C(C=C(C(C)C)C=C1C(C)C)=C1C2=C(P(C3CCCCC3)C4CCCCC4)C=CC=C2,C1(C2=CC=CC=C2)=CC=NO1,CN1CCCN2C1=NCCC2,IC1=NC=CC=C1,54.83360857
9bff1e8c2085c668,FullCV_01,2748,CC(C)C(C=C(C(C)C)C=C1C(C)C)=C1C2=C(P(C3CCCCC3)C4CCCCC4)C=CC=C2,C1(C2=CC=CC=C2)=NOC=C1,CN1CCCN2C1=NCCC2,IC1=CN=CC=C1,53.36463944
1eea7af35d828951,FullCV_01,2749,CC(C)C(C=C(C(C)C)C=C1C(C)C)=C1C2=C(P(C3CCCCC3)C4CCCCC4)C=CC=C2,C1(C2=CC=CC=C2)=NOC=C1,CN1CCCN2C1=NCCC2,ClC1=CC=C(C(F)(F)F)C=C1,26.52646529
c3435415e94e907e,FullCV_01,2750,CC(C)C(C=C(C(C)C)C=C1C(C)C)=C1C2=C(P(C(C)(C)C)C(C)(C)C)C=CC=C2,C12=CON=C1C=CC=C2,CN(C)P(N(C)C)(N(C)C)=NP(N(C)C)(N(C)C)=NCC,BrC1=CN=CC=C1,14.44407911
54ff17f1351928ac,FullCV_01,2751,CC(C)C(C=C(C(C)C)C=C1C(C)C)=C1C2=C(P(C(C)(C)C)C(C)(C)C)C=CC=C2,CCOC(C1=NOC=C1)=O,CN1CCCN2C1=NCCC2,IC1=CC=C(OC)C=C1,56.62080434
601ee74ee7aad9f9,FullCV_01,2752,CC(C)C(C=C(C(C)C)C=C1C(C)C)=C1C2=C(P(C3CCCCC3)C4CCCCC4)C=CC=C2,C12=C(C=CC=C2)ON=C1,CC(C)(C)/N=C(N(C)C)/N(C)C,IC1=CC=C(CC)C=C1,11.20904607
6512481804bb336d,FullCV_01,2753,CC(C)C(C=C(C(C)C)C=C1C(C)C)=C1C2=C(P(C(C)(C)C)C(C)(C)C)C=CC=C2,CC1=CC(N2C=CC=C2)=NO1,CN1CCCN2C1=NCCC2,BrC1=CC=C(C(F)(F)F)C=C1,39.20587876
20fe95c53dc901c9,FullCV_01,2754,CC(C)C(C=C(C(C)C)C=C1C(C)C)=C1C2=C(P(C(C)(C)C)C(C)(C)C)C=CC=C2,CC1=NOC=C1,CC(C)(C)/N=C(N(C)C)/N(C)C,BrC1=CC=C(CC)C=C1,80.58281911
7641224140804a10,FullCV_01,2755,CC(C)C(C=C(C(C)C)C=C1C(C)C)=C1C2=C(P(C(C)(C)C)C(C)(C)C)C=CC=C2,O=C(OC)C1=NOC(C2=CC=CO2)=C1,CN1CCCN2C1=NCCC2,IC1=CC=C(C(F)(F)F)C=C1,42.68363634
d0503218df2982ea,FullCV_01,2756,CC(C)C(C=C(C(C)C)C=C1C(C)C)=C1C2=C(P(C3CCCCC3)C4CCCCC4)C=CC=C2,C1(N(CC2=CC=CC=C2)CC3=CC=CC=C3)=NOC=C1,CN(C)P(N(C)C)(N(C)C)=NP(N(C)C)(N(C)C)=NCC,IC1=NC=CC=C1,19.12358264
0d237917a41efc99,FullCV_01,2757,CC(C)C(C=C(C(C)C)C=C1C(C)C)=C1C2=C(P(C3CCCCC3)C4CCCCC4)C=CC=C2,O=C(OC)C1=NOC(C2=CC=CS2)=C1,CN1CCCN2C1=NCCC2,IC1=CC=C(OC)C=C1,6.114675165
ee499289717d9d94,FullCV_01,2758,CC(C)C(C=C(C(C)C)C=C1C(C)C)=C1C2=C(P([C@@]3(C[C@@H]4C5)C[C@H](C4)C[C@H]5C3)[C@]6(C7)C[C@@H](C[C@@H]7C8)C[C@@H]8C6)C(OC)=CC=C2OC,O=C(OC)C1=NOC(C2=CC=CO2)=C1,CC(C)(C)/N=C(N(C)C)/N(C)C,BrC1=CN=CC=C1,0.0
f301d8db8963ce05,FullCV_01,2759,CC(C)C(C=C(C(C)C)C=C1C(C)C)=C1C2=C(P([C@@]3(C[C@@H]4C5)C[C@H](C4)C[C@H]5C3)[C@]6(C7)C[C@@H](C[C@@H]7C8)C[C@@H]8C6)C(OC)=CC=C2OC,CC1=CC(C)=NO1,CC(C)(C)/N=C(N(C)C)/N(C)C,BrC1=CC=C(CC)C=C1,50.41927701
808cafa07fd20d0b,FullCV_01,2760,CC(C)C(C=C(C(C)C)C=C1C(C)C)=C1C2=C(P(C(C)(C)C)C(C)(C)C)C=CC=C2,C1(N(CC2=CC=CC=C2)CC3=CC=CC=C3)=NOC=C1,CC(C)(C)/N=C(N(C)C)/N(C)C,ClC1=CC=C(C(F)(F)F)C=C1,33.27025402
2e8fedac52492ae1,FullCV_01,2761,CC(C)C(C=C(C(C)C)C=C1C(C)C)=C1C2=C(P([C@@]3(C[C@@H]4C5)C[C@H](C4)C[C@H]5C3)[C@]6(C7)C[C@@H](C[C@@H]7C8)C[C@@H]8C6)C(OC)=CC=C2OC,C1(N(CC2=CC=CC=C2)CC3=CC=CC=C3)=NOC=C1,CN(C)P(N(C)C)(N(C)C)=NP(N(C)C)(N(C)C)=NCC,IC1=CC=C(CC)C=C1,68.53030279
6bdeb2ad486826e9,FullCV_01,2762,CC(C)C(C=C(C(C)C)C=C1C(C)C)=C1C2=C(P([C@@]3(C[C@@H]4C5)C[C@H](C4)C[C@H]5C3)[C@]6(C7)C[C@@H](C[C@@H]7C8)C[C@@H]8C6)C(OC)=CC=C2OC,CC1=C(C(OCC)=O)C=NO1,CN1CCCN2C1=NCCC2,ClC1=CC=C(C(F)(F)F)C=C1,5.889073661
2970993160051334,FullCV_01,2763,CC(C)C(C=C(C(C)C)C=C1C(C)C)=C1C2=C(P(C(C)(C)C)C(C)(C)C)C=CC=C2,CC1=CC=NO1,CC(C)(C)/N=C(N(C)C)/N(C)C,BrC1=CC=C(CC)C=C1,52.43953497
ff4ceccf7e7348ae,FullCV_01,2764,CC(C)C(C=C(C(C)C)C=C1C(C)C)=C1C2=C(P(C(C)(C)C)C(C)(C)C)C=CC=C2,C1(C2=CC=CC=C2)=CC=NO1,CN(C)P(N(C)C)(N(C)C)=NP(N(C)C)(N(C)C)=NCC,BrC1=CC=C(C(F)(F)F)C=C1,18.97417112
30bef0ba6fe4bb07,FullCV_01,2765,CC(C)C(C=C(C(C)C)C=C1C(C)C)=C1C2=C(P(C(C)(C)C)C(C)(C)C)C=CC=C2,CC1=CC=NO1,CN(C)P(N(C)C)(N(C)C)=NP(N(C)C)(N(C)C)=NCC,BrC1=CC=C(CC)C=C1,19.25650723
1b7db126aa16a6f0,FullCV_01,2766,CC(C)C(C=C(C(C)C)C=C1C(C)C)=C1C2=C(P(C(C)(C)C)C(C)(C)C)C(OC)=CC=C2OC,C1(N(CC2=CC=CC=C2)CC3=CC=CC=C3)=CC=NO1,CC(C)(C)/N=C(N(C)C)/N(C)C,IC1=CN=CC=C1,57.52960259
ec85af33955b9094,FullCV_01,2767,CC(C)C(C=C(C(C)C)C=C1C(C)C)=C1C2=C(P(C3CCCCC3)C4CCCCC4)C=CC=C2,C12=C(C=CC=C2)ON=C1,CN(C)P(N(C)C)(N(C)C)=NP(N(C)C)(N(C)C)=NCC,BrC1=CC=C(C(F)(F)F)C=C1,27.47304315
89f4be2b54bd06fa,FullCV_01,2768,CC(C)C(C=C(C(C)C)C=C1C(C)C)=C1C2=C(P([C@@]3(C[C@@H]4C5)C[C@H](C4)C[C@H]5C3)[C@]6(C7)C[C@@H](C[C@@H]7C8)C[C@@H]8C6)C(OC)=CC=C2OC,CC1=CC(C(OCC)=O)=NO1,CN1CCCN2C1=NCCC2,ClC1=NC=CC=C1,86.20017514
0058cd0ddb5997e6,FullCV_01,2769,CC(C)C(C=C(C(C)C)C=C1C(C)C)=C1C2=C(P(C(C)(C)C)C(C)(C)C)C(OC)=CC=C2OC,C1(N(CC2=CC=CC=C2)CC3=CC=CC=C3)=CC=NO1,CC(C)(C)/N=C(N(C)C)/N(C)C,BrC1=NC=CC=C1,38.06656269
94768786307e47cf,FullCV_01,2770,CC(C)C(C=C(C(C)C)C=C1C(C)C)=C1C2=C(P(C(C)(C)C)C(C)(C)C)C=CC=C2,O=C(OC)C1=CC=NO1,CN(C)P(N(C)C)(N(C)C)=NP(N(C)C)(N(C)C)=NCC,BrC1=CN=CC=C1,14.81646107
603b29f0b942b0bd,FullCV_01,2771,CC(C)C(C=C(C(C)C)C=C1C(C)C)=C1C2=C(P([C@@]3(C[C@@H]4C5)C[C@H](C4)C[C@H]5C3)[C@]6(C7)C[C@@H](C[C@@H]7C8)C[C@@H]8C6)C(OC)=CC=C2OC,FC(C=CC=C1F)=C1C2=CC=NO2,CN(C)P(N(C)C)(N(C)C)=NP(N(C)C)(N(C)C)=NCC,BrC1=CC=C(C(F)(F)F)C=C1,12.16304801
74f4de978dfab1f1,FullCV_01,2772,CC(C)C(C=C(C(C)C)C=C1C(C)C)=C1C2=C(P(C3CCCCC3)C4CCCCC4)C=CC=C2,COC1=NOC(C(OCC)=O)=C1,CN1CCCN2C1=NCCC2,ClC1=CC=C(C(F)(F)F)C=C1,8.286467695
767d44e98200eb8a,FullCV_01,2773,CC(C)C(C=C(C(C)C)C=C1C(C)C)=C1C2=C(P([C@@]3(C[C@@H]4C5)C[C@H](C4)C[C@H]5C3)[C@]6(C7)C[C@@H](C[C@@H]7C8)C[C@@H]8C6)C(OC)=CC=C2OC,C1(C2=CC=CC=C2)=NOC=C1,CN1CCCN2C1=NCCC2,ClC1=CC=C(OC)C=C1,1.068125406
5e514ddd08cd6e10,FullCV_01,2774,CC(C)C(C=C(C(C)C)C=C1C(C)C)=C1C2=C(P(C(C)(C)C)C(C)(C)C)C=CC=C2,O=C(OC)C1=NOC(C2=CC=CO2)=C1,CN1CCCN2C1=NCCC2,IC1=CC=C(OC)C=C1,44.37252425
4eea2d79970a3b11,FullCV_01,2775,CC(C)C(C=C(C(C)C)C=C1C(C)C)=C1C2=C(P([C@@]3(C[C@@H]4C5)C[C@H](C4)C[C@H]5C3)[C@]6(C7)C[C@@H](C[C@@H]7C8)C[C@@H]8C6)C(OC)=CC=C2OC,CC1=NOC=C1,CC(C)(C)/N=C(N(C)C)/N(C)C,IC1=CC=C(OC)C=C1,53.38444046
5f0db9a028c20d95,FullCV_01,2776,CC(C)C(C=C(C(C)C)C=C1C(C)C)=C1C2=C(P([C@@]3(C[C@@H]4C5)C[C@H](C4)C[C@H]5C3)[C@]6(C7)C[C@@H](C[C@@H]7C8)C[C@@H]8C6)C(OC)=CC=C2OC,C1(C2=CC=CC=C2)=CC=NO1,CN(C)P(N(C)C)(N(C)C)=NP(N(C)C)(N(C)C)=NCC,ClC1=CC=C(OC)C=C1,1.705289038
bd84f34cb841e0bb,FullCV_01,2777,CC(C)C(C=C(C(C)C)C=C1C(C)C)=C1C2=C(P(C(C)(C)C)C(C)(C)C)C(OC)=CC=C2OC,O=C(OC)C1=CC=NO1,CC(C)(C)/N=C(N(C)C)/N(C)C,BrC1=CC=C(C(F)(F)F)C=C1,10.20185762
53980b8e705fa91d,FullCV_01,2778,CC(C)C(C=C(C(C)C)C=C1C(C)C)=C1C2=C(P(C3CCCCC3)C4CCCCC4)C=CC=C2,O=C(OC)C1=NOC(C2=CC=CS2)=C1,CN(C)P(N(C)C)(N(C)C)=NP(N(C)C)(N(C)C)=NCC,ClC1=CC=C(OC)C=C1,0.0
709db0a8c17a1076,FullCV_01,2779,CC(C)C(C=C(C(C)C)C=C1C(C)C)=C1C2=C(P(C(C)(C)C)C(C)(C)C)C=CC=C2,CCOC(C1=CON=C1)=O,CC(C)(C)/N=C(N(C)C)/N(C)C,IC1=CN=CC=C1,3.973986769
a5dd0087e30de7b2,FullCV_01,2780,CC(C)C(C=C(C(C)C)C=C1C(C)C)=C1C2=C(P(C(C)(C)C)C(C)(C)C)C=CC=C2,C1(C2=CC=CC=C2)=NOC=C1,CN(C)P(N(C)C)(N(C)C)=NP(N(C)C)(N(C)C)=NCC,IC1=NC=CC=C1,73.13874552
9481029433e62923,FullCV_01,2781,CC(C)C(C=C(C(C)C)C=C1C(C)C)=C1C2=C(P([C@@]3(C[C@@H]4C5)C[C@H](C4)C[C@H]5C3)[C@]6(C7)C[C@@H](C[C@@H]7C8)C[C@@H]8C6)C(OC)=CC=C2OC,C12=C(C=CC=C2)ON=C1,CC(C)(C)/N=C(N(C)C)/N(C)C,ClC1=CC=C(CC)C=C1,1.039903259
fc328f8200248b9c,FullCV_01,2782,CC(C)C(C=C(C(C)C)C=C1C(C)C)=C1C2=C(P(C(C)(C)C)C(C)(C)C)C(OC)=CC=C2OC,C12=C(C=CC=C2)ON=C1,CN1CCCN2C1=NCCC2,IC1=CC=C(C(F)(F)F)C=C1,49.30223849
433142e11b9befc8,FullCV_01,2783,CC(C)C(C=C(C(C)C)C=C1C(C)C)=C1C2=C(P(C(C)(C)C)C(C)(C)C)C(OC)=CC=C2OC,CC1=CC=NO1,CC(C)(C)/N=C(N(C)C)/N(C)C,IC1=CN=CC=C1,62.34681732
b8bf1b0410b685d4,FullCV_01,2784,CC(C)C(C=C(C(C)C)C=C1C(C)C)=C1C2=C(P(C3CCCCC3)C4CCCCC4)C=CC=C2,COC1=NOC(C(OCC)=O)=C1,CN(C)P(N(C)C)(N(C)C)=NP(N(C)C)(N(C)C)=NCC,BrC1=CC=C(OC)C=C1,25.1779767
57acbd1bdd05545d,FullCV_01,2785,CC(C)C(C=C(C(C)C)C=C1C(C)C)=C1C2=C(P(C(C)(C)C)C(C)(C)C)C(OC)=CC=C2OC,FC(C=CC=C1F)=C1C2=CC=NO2,CN1CCCN2C1=NCCC2,IC1=CN=CC=C1,83.04189522
709a06ac8796c850,FullCV_01,2786,CC(C)C(C=C(C(C)C)C=C1C(C)C)=C1C2=C(P(C(C)(C)C)C(C)(C)C)C(OC)=CC=C2OC,C1(C2=CC=CC=C2)=CON=C1,CN(C)P(N(C)C)(N(C)C)=NP(N(C)C)(N(C)C)=NCC,BrC1=CC=C(CC)C=C1,26.55673667
0c465c6b73a68934,FullCV_01,2787,CC(C)C(C=C(C(C)C)C=C1C(C)C)=C1C2=C(P(C(C)(C)C)C(C)(C)C)C(OC)=CC=C2OC,CC1=CC(N2C=CC=C2)=NO1,CC(C)(C)/N=C(N(C)C)/N(C)C,IC1=CC=C(CC)C=C1,65.48133698
1b6f513d77c800ac,FullCV_01,2788,CC(C)C(C=C(C(C)C)C=C1C(C)C)=C1C2=C(P(C(C)(C)C)C(C)(C)C)C=CC=C2,CC1=CC(N2C=CC=C2)=NO1,CN(C)P(N(C)C)(N(C)C)=NP(N(C)C)(N(C)C)=NCC,IC1=CC=C(C(F)(F)F)C=C1,36.80129147
9a5d4f289d77e657,FullCV_01,2789,CC(C)C(C=C(C(C)C)C=C1C(C)C)=C1C2=C(P(C3CCCCC3)C4CCCCC4)C=CC=C2,CC1=CC(C)=NO1,CN1CCCN2C1=NCCC2,BrC1=CC=C(CC)C=C1,36.58244249
153eb4bcbf035285,FullCV_01,2790,CC(C)C(C=C(C(C)C)C=C1C(C)C)=C1C2=C(P(C3CCCCC3)C4CCCCC4)C=CC=C2,O=C(OC)C1=NOC(C2=CC=CO2)=C1,CN1CCCN2C1=NCCC2,ClC1=CC=C(CC)C=C1,0.94272788
e22a3f251e5d6241,FullCV_01,2791,CC(C)C(C=C(C(C)C)C=C1C(C)C)=C1C2=C(P([C@@]3(C[C@@H]4C5)C[C@H](C4)C[C@H]5C3)[C@]6(C7)C[C@@H](C[C@@H]7C8)C[C@@H]8C6)C(OC)=CC=C2OC,C12=CON=C1C=CC=C2,CC(C)(C)/N=C(N(C)C)/N(C)C,ClC1=CC=C(CC)C=C1,0.0
9d6ab37377a49548,FullCV_01,2792,CC(C)C(C=C(C(C)C)C=C1C(C)C)=C1C2=C(P(C3CCCCC3)C4CCCCC4)C=CC=C2,O=C(OC)C1=NOC(C2=CC=CS2)=C1,CN1CCCN2C1=NCCC2,IC1=CC=C(CC)C=C1,31.26628393
093cc28bef86e978,FullCV_01,2793,CC(C)C(C=C(C(C)C)C=C1C(C)C)=C1C2=C(P(C(C)(C)C)C(C)(C)C)C(OC)=CC=C2OC,CC1=CC=NO1,CN1CCCN2C1=NCCC2,IC1=CC=C(OC)C=C1,49.74093184
64faa7f680ab1d30,FullCV_01,2794,CC(C)C(C=C(C(C)C)C=C1C(C)C)=C1C2=C(P(C(C)(C)C)C(C)(C)C)C(OC)=CC=C2OC,C1(C2=CC=CC=C2)=NOC=C1,CN1CCCN2C1=NCCC2,BrC1=CC=C(C(F)(F)F)C=C1,46.79588748
96ba403ee1acd7a2,FullCV_01,2795,CC(C)C(C=C(C(C)C)C=C1C(C)C)=C1C2=C(P(C(C)(C)C)C(C)(C)C)C(OC)=CC=C2OC,CC1=CC(C(OCC)=O)=NO1,CC(C)(C)/N=C(N(C)C)/N(C)C,IC1=CC=C(CC)C=C1,74.75498754
08327d000c5bffe5,FullCV_01,2796,CC(C)C(C=C(C(C)C)C=C1C(C)C)=C1C2=C(P(C3CCCCC3)C4CCCCC4)C=CC=C2,CC1=C(C(OCC)=O)C=NO1,CN1CCCN2C1=NCCC2,BrC1=NC=CC=C1,28.69582004
9a183c9c9251b403,FullCV_01,2797,CC(C)C(C=C(C(C)C)C=C1C(C)C)=C1C2=C(P(C(C)(C)C)C(C)(C)C)C=CC=C2,CC1=NOC(C2=CC=CC=C2)=C1,CC(C)(C)/N=C(N(C)C)/N(C)C,ClC1=CN=CC=C1,33.03335054
541c8e7e18bc72a8,FullCV_01,2798,CC(C)C(C=C(C(C)C)C=C1C(C)C)=C1C2=C(P(C(C)(C)C)C(C)(C)C)C(OC)=CC=C2OC,CC1=CC(C)=NO1,CN(C)P(N(C)C)(N(C)C)=NP(N(C)C)(N(C)C)=NCC,ClC1=CC=C(CC)C=C1,1.372286353
94146c6b165735c9,FullCV_01,2799,CC(C)C(C=C(C(C)C)C=C1C(C)C)=C1C2=C(P([C@@]3(C[C@@H]4C5)C[C@H](C4)C[C@H]5C3)[C@]6(C7)C[C@@H](C[C@@H]7C8)C[C@@H]8C6)C(OC)=CC=C2OC,CC1=NOC(C2=CC=CC=C2)=C1,CN1CCCN2C1=NCCC2,ClC1=CC=C(OC)C=C1,0.0
788c00dcd70244d0,FullCV_01,2800,CC(C)C(C=C(C(C)C)C=C1C(C)C)=C1C2=C(P(C(C)(C)C)C(C)(C)C)C=CC=C2,CC1=NOC(C(OCC)=O)=C1,CN1CCCN2C1=NCCC2,BrC1=CN=CC=C1,92.57247896
d8dcf951233e6406,FullCV_01,2801,CC(C)C(C=C(C(C)C)C=C1C(C)C)=C1C2=C(P(C3CCCCC3)C4CCCCC4)C=CC=C2,CC1=NOC(C(OCC)=O)=C1,CN1CCCN2C1=NCCC2,BrC1=CN=CC=C1,31.6780045
43a59bf60998ba4f,FullCV_01,2802,CC(C)C(C=C(C(C)C)C=C1C(C)C)=C1C2=C(P(C(C)(C)C)C(C)(C)C)C=CC=C2,O=C(OC)C1=NOC(C2=CC=CS2)=C1,CC(C)(C)/N=C(N(C)C)/N(C)C,ClC1=CN=CC=C1,6.684386034
07d3b1ab51cdd9cd,FullCV_01,2803,CC(C)C(C=C(C(C)C)C=C1C(C)C)=C1C2=C(P([C@@]3(C[C@@H]4C5)C[C@H](C4)C[C@H]5C3)[C@]6(C7)C[C@@H](C[C@@H]7C8)C[C@@H]8C6)C(OC)=CC=C2OC,O=C(OC)C1=NOC(C2=CC=CO2)=C1,CN(C)P(N(C)C)(N(C)C)=NP(N(C)C)(N(C)C)=NCC,IC1=CC=C(OC)C=C1,43.09475613
2a9d43c93610f630,FullCV_01,2804,CC(C)C(C=C(C(C)C)C=C1C(C)C)=C1C2=C(P(C(C)(C)C)C(C)(C)C)C=CC=C2,CC1=NOC(C2=CC=CC=C2)=C1,CC(C)(C)/N=C(N(C)C)/N(C)C,ClC1=CC=C(C(F)(F)F)C=C1,31.26129694
aa1d7f939b86f68b,FullCV_01,2805,CC(C)C(C=C(C(C)C)C=C1C(C)C)=C1C2=C(P([C@@]3(C[C@@H]4C5)C[C@H](C4)C[C@H]5C3)[C@]6(C7)C[C@@H](C[C@@H]7C8)C[C@@H]8C6)C(OC)=CC=C2OC,CC1=NOC=C1,CN(C)P(N(C)C)(N(C)C)=NP(N(C)C)(N(C)C)=NCC,IC1=CC=C(CC)C=C1,82.84063003
67a8c8c77f621ee0,FullCV_01,2806,CC(C)C(C=C(C(C)C)C=C1C(C)C)=C1C2=C(P(C3CCCCC3)C4CCCCC4)C=CC=C2,O=C(OC)C1=NOC(C2=CC=CO2)=C1,CN1CCCN2C1=NCCC2,IC1=CC=C(OC)C=C1,8.109204436
e8d66c18a115714f,FullCV_01,2807,CC(C)C(C=C(C(C)C)C=C1C(C)C)=C1C2=C(P(C3CCCCC3)C4CCCCC4)C=CC=C2,CC1=CC(C)=NO1,CN(C)P(N(C)C)(N(C)C)=NP(N(C)C)(N(C)C)=NCC,IC1=CC=C(OC)C=C1,41.17834608
cbba53705c886c05,FullCV_01,2808,CC(C)C(C=C(C(C)C)C=C1C(C)C)=C1C2=C(P(C3CCCCC3)C4CCCCC4)C=CC=C2,CC1=CC(C(OCC)=O)=NO1,CC(C)(C)/N=C(N(C)C)/N(C)C,IC1=NC=CC=C1,57.55128922
9a0a127d2e6f4b01,FullCV_01,2809,CC(C)C(C=C(C(C)C)C=C1C(C)C)=C1C2=C(P(C(C)(C)C)C(C)(C)C)C=CC=C2,CC1=CC(C(OCC)=O)=NO1,CC(C)(C)/N=C(N(C)C)/N(C)C,IC1=CC=C(CC)C=C1,82.32885806
2ae23432bd366862,FullCV_01,2810,CC(C)C(C=C(C(C)C)C=C1C(C)C)=C1C2=C(P(C(C)(C)C)C(C)(C)C)C=CC=C2,CC1=NOC(C(OCC)=O)=C1,CC(C)(C)/N=C(N(C)C)/N(C)C,ClC1=NC=CC=C1,70.2055639
0b8f3f722c8452fc,FullCV_01,2811,CC(C)C(C=C(C(C)C)C=C1C(C)C)=C1C2=C(P(C(C)(C)C)C(C)(C)C)C(OC)=CC=C2OC,CC1=CC(N2C=CC=C2)=NO1,CN(C)P(N(C)C)(N(C)C)=NP(N(C)C)(N(C)C)=NCC,BrC1=CC=C(CC)C=C1,68.91825786
e60c0b23bc076af2,FullCV_01,2812,CC(C)C(C=C(C(C)C)C=C1C(C)C)=C1C2=C(P(C(C)(C)C)C(C)(C)C)C=CC=C2,CC1=CC(C)=NO1,CN1CCCN2C1=NCCC2,ClC1=CC=C(C(F)(F)F)C=C1,28.72536954
5bcce912ba508375,FullCV_01,2813,CC(C)C(C=C(C(C)C)C=C1C(C)C)=C1C2=C(P([C@@]3(C[C@@H]4C5)C[C@H](C4)C[C@H]5C3)[C@]6(C7)C[C@@H](C[C@@H]7C8)C[C@@H]8C6)C(OC)=CC=C2OC,CC1=CC(C(OCC)=O)=NO1,CN1CCCN2C1=NCCC2,BrC1=CC=C(C(F)(F)F)C=C1,52.13571621
84335878224ba6e4,FullCV_01,2814,CC(C)C(C=C(C(C)C)C=C1C(C)C)=C1C2=C(P([C@@]3(C[C@@H]4C5)C[C@H](C4)C[C@H]5C3)[C@]6(C7)C[C@@H](C[C@@H]7C8)C[C@@H]8C6)C(OC)=CC=C2OC,C1(C2=CC=CC=C2)=CON=C1,CC(C)(C)/N=C(N(C)C)/N(C)C,IC1=CC=C(C(F)(F)F)C=C1,35.66483427
d86eb617e6362693,FullCV_01,2815,CC(C)C(C=C(C(C)C)C=C1C(C)C)=C1C2=C(P([C@@]3(C[C@@H]4C5)C[C@H](C4)C[C@H]5C3)[C@]6(C7)C[C@@H](C[C@@H]7C8)C[C@@H]8C6)C(OC)=CC=C2OC,CC1=CC(N2C=CC=C2)=NO1,CN(C)P(N(C)C)(N(C)C)=NP(N(C)C)(N(C)C)=NCC,BrC1=CN=CC=C1,16.85617983
6f652fccdcde4536,FullCV_01,2816,CC(C)C(C=C(C(C)C)C=C1C(C)C)=C1C2=C(P(C(C)(C)C)C(C)(C)C)C=CC=C2,CC1=CC(C)=NO1,CC(C)(C)/N=C(N(C)C)/N(C)C,IC1=CC=C(OC)C=C1,40.32887688
b4554a9df9e43fa6,FullCV_01,2817,CC(C)C(C=C(C(C)C)C=C1C(C)C)=C1C2=C(P(C3CCCCC3)C4CCCCC4)C=CC=C2,CC1=CC(C(OCC)=O)=NO1,CN1CCCN2C1=NCCC2,ClC1=CC=C(CC)C=C1,4.206951598
197f5abf71a11303,FullCV_01,2818,CC(C)C(C=C(C(C)C)C=C1C(C)C)=C1C2=C(P(C(C)(C)C)C(C)(C)C)C(OC)=CC=C2OC,CCOC(C1=NOC=C1)=O,CN(C)P(N(C)C)(N(C)C)=NP(N(C)C)(N(C)C)=NCC,IC1=NC=CC=C1,27.04583578
0633a4491082fe84,FullCV_01,2819,CC(C)C(C=C(C(C)C)C=C1C(C)C)=C1C2=C(P(C(C)(C)C)C(C)(C)C)C(OC)=CC=C2OC,CCOC(C1=NOC=C1)=O,CN1CCCN2C1=NCCC2,BrC1=CN=CC=C1,86.89971677
394c21a0d3941db3,FullCV_01,2820,CC(C)C(C=C(C(C)C)C=C1C(C)C)=C1C2=C(P(C(C)(C)C)C(C)(C)C)C(OC)=CC=C2OC,O=C(OC)C1=NOC(C2=CC=CS2)=C1,CN(C)P(N(C)C)(N(C)C)=NP(N(C)C)(N(C)C)=NCC,ClC1=CC=C(OC)C=C1,0.0
ca975d19519e38b8,FullCV_01,2821,CC(C)C(C=C(C(C)C)C=C1C(C)C)=C1C2=C(P([C@@]3(C[C@@H]4C5)C[C@H](C4)C[C@H]5C3)[C@]6(C7)C[C@@H](C[C@@H]7C8)C[C@@H]8C6)C(OC)=CC=C2OC,CC1=CC(C)=NO1,CN1CCCN2C1=NCCC2,IC1=CC=C(C(F)(F)F)C=C1,47.09445645
20fcde9c9a3a4cae,FullCV_01,2822,CC(C)C(C=C(C(C)C)C=C1C(C)C)=C1C2=C(P(C(C)(C)C)C(C)(C)C)C=CC=C2,C1(C2=CC=CC=C2)=CC=NO1,CN1CCCN2C1=NCCC2,IC1=CN=CC=C1,98.28722602
cb5de89e09b21b9e,FullCV_01,2823,CC(C)C(C=C(C(C)C)C=C1C(C)C)=C1C2=C(P(C(C)(C)C)C(C)(C)C)C=CC=C2,CCOC(C1=NOC=C1)=O,CN(C)P(N(C)C)(N(C)C)=NP(N(C)C)(N(C)C)=NCC,ClC1=CC=C(CC)C=C1,0.0
bc43b70235e0a5a2,FullCV_01,2824,CC(C)C(C=C(C(C)C)C=C1C(C)C)=C1C2=C(P(C3CCCCC3)C4CCCCC4)C=CC=C2,C12=C(C=CC=C2)ON=C1,CN(C)P(N(C)C)(N(C)C)=NP(N(C)C)(N(C)C)=NCC,ClC1=CN=CC=C1,15.22072074
b9731c66c662bcf9,FullCV_01,2825,CC(C)C(C=C(C(C)C)C=C1C(C)C)=C1C2=C(P(C(C)(C)C)C(C)(C)C)C=CC=C2,CC1=CC(C(OCC)=O)=NO1,CC(C)(C)/N=C(N(C)C)/N(C)C,BrC1=CC=C(OC)C=C1,39.52986412
3d8db6af5550936d,FullCV_01,2826,CC(C)C(C=C(C(C)C)C=C1C(C)C)=C1C2=C(P(C(C)(C)C)C(C)(C)C)C=CC=C2,FC(C=CC=C1F)=C1C2=CC=NO2,CN(C)P(N(C)C)(N(C)C)=NP(N(C)C)(N(C)C)=NCC,BrC1=NC=CC=C1,31.76624566
baffc0c56784d7b9,FullCV_01,2827,CC(C)C(C=C(C(C)C)C=C1C(C)C)=C1C2=C(P(C3CCCCC3)C4CCCCC4)C=CC=C2,CC1=CC=NO1,CC(C)(C)/N=C(N(C)C)/N(C)C,BrC1=NC=CC=C1,37.83294904
b14c7959de5e65b0,FullCV_01,2828,CC(C)C(C=C(C(C)C)C=C1C(C)C)=C1C2=C(P(C(C)(C)C)C(C)(C)C)C=CC=C2,O=C(OC)C1=NOC(C2=CC=CS2)=C1,CN(C)P(N(C)C)(N(C)C)=NP(N(C)C)(N(C)C)=NCC,IC1=CC=C(OC)C=C1,41.36745101
35558e94a7d5d45b,FullCV_01,2829,CC(C)C(C=C(C(C)C)C=C1C(C)C)=C1C2=C(P([C@@]3(C[C@@H]4C5)C[C@H](C4)C[C@H]5C3)[C@]6(C7)C[C@@H](C[C@@H]7C8)C[C@@H]8C6)C(OC)=CC=C2OC,COC1=NOC(C(OCC)=O)=C1,CN1CCCN2C1=NCCC2,IC1=NC=CC=C1,92.11972779
12a48e57e247bb70,FullCV_01,2830,CC(C)C(C=C(C(C)C)C=C1C(C)C)=C1C2=C(P([C@@]3(C[C@@H]4C5)C[C@H](C4)C[C@H]5C3)[C@]6(C7)C[C@@H](C[C@@H]7C8)C[C@@H]8C6)C(OC)=CC=C2OC,CCOC(C1=NOC=C1)=O,CN1CCCN2C1=NCCC2,ClC1=CC=C(CC)C=C1,1.226267555
b674c8bfff82959d,FullCV_01,2831,CC(C)C(C=C(C(C)C)C=C1C(C)C)=C1C2=C(P(C(C)(C)C)C(C)(C)C)C=CC=C2,O=C(OC)C1=CC=NO1,CC(C)(C)/N=C(N(C)C)/N(C)C,BrC1=CN=CC=C1,46.50216111
6230618ba1902931,FullCV_01,2832,CC(C)C(C=C(C(C)C)C=C1C(C)C)=C1C2=C(P(C(C)(C)C)C(C)(C)C)C=CC=C2,CC1=NOC=C1,CC(C)(C)/N=C(N(C)C)/N(C)C,IC1=CC=C(OC)C=C1,52.5635645
4ae500b8a0627220,FullCV_01,2833,CC(C)C(C=C(C(C)C)C=C1C(C)C)=C1C2=C(P(C(C)(C)C)C(C)(C)C)C(OC)=CC=C2OC,CC1=C(C(OCC)=O)C=NO1,CN1CCCN2C1=NCCC2,BrC1=CC=C(CC)C=C1,45.3883139
ab929fbf85720ce0,FullCV_01,2834,CC(C)C(C=C(C(C)C)C=C1C(C)C)=C1C2=C(P(C(C)(C)C)C(C)(C)C)C(OC)=CC=C2OC,C1(N(CC2=CC=CC=C2)CC3=CC=CC=C3)=NOC=C1,CC(C)(C)/N=C(N(C)C)/N(C)C,ClC1=CC=C(OC)C=C1,39.97323526
e410fd30e2c52d23,FullCV_01,2835,CC(C)C(C=C(C(C)C)C=C1C(C)C)=C1C2=C(P(C(C)(C)C)C(C)(C)C)C=CC=C2,CC1=NOC=C1,CC(C)(C)/N=C(N(C)C)/N(C)C,BrC1=CC=C(OC)C=C1,43.182647
6c6ee640aa388347,FullCV_01,2836,CC(C)C(C=C(C(C)C)C=C1C(C)C)=C1C2=C(P([C@@]3(C[C@@H]4C5)C[C@H](C4)C[C@H]5C3)[C@]6(C7)C[C@@H](C[C@@H]7C8)C[C@@H]8C6)C(OC)=CC=C2OC,CCOC(C1=NOC=C1)=O,CN1CCCN2C1=NCCC2,ClC1=CN=CC=C1,11.53765302
a46a9e7a21416997,FullCV_01,2837,CC(C)C(C=C(C(C)C)C=C1C(C)C)=C1C2=C(P(C(C)(C)C)C(C)(C)C)C=CC=C2,CC1=NOC(C(OCC)=O)=C1,CC(C)(C)/N=C(N(C)C)/N(C)C,ClC1=CN=CC=C1,3.149733367
2a16b09e158cbe66,FullCV_01,2838,CC(C)C(C=C(C(C)C)C=C1C(C)C)=C1C2=C(P(C(C)(C)C)C(C)(C)C)C(OC)=CC=C2OC,CC1=NOC(C2=CC=CC=C2)=C1,CN(C)P(N(C)C)(N(C)C)=NP(N(C)C)(N(C)C)=NCC,IC1=CC=C(OC)C=C1,49.72808893
2bfee733397a8282,FullCV_01,2839,CC(C)C(C=C(C(C)C)C=C1C(C)C)=C1C2=C(P([C@@]3(C[C@@H]4C5)C[C@H](C4)C[C@H]5C3)[C@]6(C7)C[C@@H](C[C@@H]7C8)C[C@@H]8C6)C(OC)=CC=C2OC,C1(C2=CC=CC=C2)=CC=NO1,CN1CCCN2C1=NCCC2,ClC1=NC=CC=C1,68.0065648
6acfa630a093f928,FullCV_01,2840,CC(C)C(C=C(C(C)C)C=C1C(C)C)=C1C2=C(P(C3CCCCC3)C4CCCCC4)C=CC=C2,CC1=C(C(OCC)=O)C=NO1,CN(C)P(N(C)C)(N(C)C)=NP(N(C)C)(N(C)C)=NCC,BrC1=CN=CC=C1,8.798104801
56ddb0b69ec3dc54,FullCV_01,2841,CC(C)C(C=C(C(C)C)C=C1C(C)C)=C1C2=C(P(C(C)(C)C)C(C)(C)C)C(OC)=CC=C2OC,C12=C(C=CC=C2)ON=C1,CN(C)P(N(C)C)(N(C)C)=NP(N(C)C)(N(C)C)=NCC,BrC1=CC=C(CC)C=C1,54.9141799
8f3b422247fa3151,FullCV_01,2842,CC(C)C(C=C(C(C)C)C=C1C(C)C)=C1C2=C(P(C(C)(C)C)C(C)(C)C)C=CC=C2,C1(C2=CC=CC=C2)=CC=NO1,CN(C)P(N(C)C)(N(C)C)=NP(N(C)C)(N(C)C)=NCC,IC1=CC=C(CC)C=C1,26.6748995
9fd3853e585b58a4,FullCV_01,2843,CC(C)C(C=C(C(C)C)C=C1C(C)C)=C1C2=C(P(C(C)(C)C)C(C)(C)C)C=CC=C2,CC1=C(C(OCC)=O)C=NO1,CN(C)P(N(C)C)(N(C)C)=NP(N(C)C)(N(C)C)=NCC,BrC1=CC=C(CC)C=C1,22.0084522
bf9c5ca1128338ee,FullCV_01,2844,CC(C)C(C=C(C(C)C)C=C1C(C)C)=C1C2=C(P([C@@]3(C[C@@H]4C5)C[C@H](C4)C[C@H]5C3)[C@]6(C7)C[C@@H](C[C@@H]7C8)C[C@@H]8C6)C(OC)=CC=C2OC,C1(N(CC2=CC=CC=C2)CC3=CC=CC=C3)=CC=NO1,CC(C)(C)/N=C(N(C)C)/N(C)C,BrC1=CN=CC=C1,47.55321922
839dc884fe1f671e,FullCV_01,2845,CC(C)C(C=C(C(C)C)C=C1C(C)C)=C1C2=C(P([C@@]3(C[C@@H]4C5)C[C@H](C4)C[C@H]5C3)[C@]6(C7)C[C@@H](C[C@@H]7C8)C[C@@H]8C6)C(OC)=CC=C2OC,O=C(OC)C1=NOC(C2=CC=CS2)=C1,CN(C)P(N(C)C)(N(C)C)=NP(N(C)C)(N(C)C)=NCC,BrC1=CC=C(OC)C=C1,27.61595801
fbbca62ef469d760,FullCV_01,2846,CC(C)C(C=C(C(C)C)C=C1C(C)C)=C1C2=C(P(C(C)(C)C)C(C)(C)C)C(OC)=CC=C2OC,C12=C(C=CC=C2)ON=C1,CN1CCCN2C1=NCCC2,ClC1=CN=CC=C1,40.91094026
08112d4dd1e82f1c,FullCV_01,2847,CC(C)C(C=C(C(C)C)C=C1C(C)C)=C1C2=C(P(C3CCCCC3)C4CCCCC4)C=CC=C2,CC1=CC(C)=NO1,CN(C)P(N(C)C)(N(C)C)=NP(N(C)C)(N(C)C)=NCC,ClC1=CN=CC=C1,47.96214472
b697b825c8c509b0,FullCV_01,2848,CC(C)C(C=C(C(C)C)C=C1C(C)C)=C1C2=C(P([C@@]3(C[C@@H]4C5)C[C@H](C4)C[C@H]5C3)[C@]6(C7)C[C@@H](C[C@@H]7C8)C[C@@H]8C6)C(OC)=CC=C2OC,C1(C2=CC=CC=C2)=NOC=C1,CN(C)P(N(C)C)(N(C)C)=NP(N(C)C)(N(C)C)=NCC,BrC1=CC=C(C(F)(F)F)C=C1,41.59326244
9a8fd3d13be4da78,FullCV_01,2849,CC(C)C(C=C(C(C)C)C=C1C(C)C)=C1C2=C(P(C(C)(C)C)C(C)(C)C)C=CC=C2,O=C(OC)C1=NOC(C2=CC=CO2)=C1,CN1CCCN2C1=NCCC2,ClC1=CC=C(C(F)(F)F)C=C1,12.21708819
bf5ed8f72c86f26e,FullCV_01,2850,CC(C)C(C=C(C(C)C)C=C1C(C)C)=C1C2=C(P([C@@]3(C[C@@H]4C5)C[C@H](C4)C[C@H]5C3)[C@]6(C7)C[C@@H](C[C@@H]7C8)C[C@@H]8C6)C(OC)=CC=C2OC,CCOC(C1=NOC=C1)=O,CN(C)P(N(C)C)(N(C)C)=NP(N(C)C)(N(C)C)=NCC,IC1=CN=CC=C1,16.7720232
e5e8e41341c3ea14,FullCV_01,2851,CC(C)C(C=C(C(C)C)C=C1C(C)C)=C1C2=C(P(C(C)(C)C)C(C)(C)C)C(OC)=CC=C2OC,CC1=NOC=C1,CN1CCCN2C1=NCCC2,IC1=CC=C(CC)C=C1,79.06108402
5b1e909ee1964d19,FullCV_01,2852,CC(C)C(C=C(C(C)C)C=C1C(C)C)=C1C2=C(P(C(C)(C)C)C(C)(C)C)C(OC)=CC=C2OC,O=C(OC)C1=NOC(C2=CC=CO2)=C1,CN1CCCN2C1=NCCC2,IC1=CC=C(OC)C=C1,49.04564688
ab097b049b9d1697,FullCV_01,2853,CC(C)C(C=C(C(C)C)C=C1C(C)C)=C1C2=C(P(C3CCCCC3)C4CCCCC4)C=CC=C2,FC(C=CC=C1F)=C1C2=CC=NO2,CN(C)P(N(C)C)(N(C)C)=NP(N(C)C)(N(C)C)=NCC,BrC1=CC=C(CC)C=C1,14.7618925
26ee89229c84071b,FullCV_01,2854,CC(C)C(C=C(C(C)C)C=C1C(C)C)=C1C2=C(P(C(C)(C)C)C(C)(C)C)C(OC)=CC=C2OC,C1(N(CC2=CC=CC=C2)CC3=CC=CC=C3)=NOC=C1,CC(C)(C)/N=C(N(C)C)/N(C)C,ClC1=CC=C(C(F)(F)F)C=C1,27.94500953
18c47337dbf3c8f8,FullCV_01,2855,CC(C)C(C=C(C(C)C)C=C1C(C)C)=C1C2=C(P(C3CCCCC3)C4CCCCC4)C=CC=C2,C1(C2=CC=CC=C2)=NOC=C1,CN1CCCN2C1=NCCC2,IC1=CC=C(OC)C=C1,19.44976087
d8c92ae8a41bb0d1,FullCV_01,2856,CC(C)C(C=C(C(C)C)C=C1C(C)C)=C1C2=C(P(C3CCCCC3)C4CCCCC4)C=CC=C2,CC1=NOC=C1,CC(C)(C)/N=C(N(C)C)/N(C)C,IC1=CC=C(C(F)(F)F)C=C1,41.13226409
897d95e11557780b,FullCV_01,2857,CC(C)C(C=C(C(C)C)C=C1C(C)C)=C1C2=C(P(C(C)(C)C)C(C)(C)C)C=CC=C2,CCOC(C1=CON=C1)=O,CN(C)P(N(C)C)(N(C)C)=NP(N(C)C)(N(C)C)=NCC,BrC1=CC=C(OC)C=C1,4.621114909
01124c0a67051b4d,FullCV_01,2858,CC(C)C(C=C(C(C)C)C=C1C(C)C)=C1C2=C(P(C(C)(C)C)C(C)(C)C)C(OC)=CC=C2OC,CC1=CC(C(OCC)=O)=NO1,CC(C)(C)/N=C(N(C)C)/N(C)C,IC1=NC=CC=C1,85.26909551
d9817920847c14cb,FullCV_01,2859,CC(C)C(C=C(C(C)C)C=C1C(C)C)=C1C2=C(P(C3CCCCC3)C4CCCCC4)C=CC=C2,C1(N(CC2=CC=CC=C2)CC3=CC=CC=C3)=NOC=C1,CN(C)P(N(C)C)(N(C)C)=NP(N(C)C)(N(C)C)=NCC,ClC1=CN=CC=C1,37.0158274
f17dc1718b08fd0e,FullCV_01,2860,CC(C)C(C=C(C(C)C)C=C1C(C)C)=C1C2=C(P(C(C)(C)C)C(C)(C)C)C(OC)=CC=C2OC,C1(N(CC2=CC=CC=C2)CC3=CC=CC=C3)=NOC=C1,CN1CCCN2C1=NCCC2,BrC1=CC=C(OC)C=C1,67.81431274
94bde006a69f1755,FullCV_01,2861,CC(C)C(C=C(C(C)C)C=C1C(C)C)=C1C2=C(P(C3CCCCC3)C4CCCCC4)C=CC=C2,C1(C2=CC=CC=C2)=CON=C1,CN1CCCN2C1=NCCC2,IC1=NC=CC=C1,34.44632451
4eebb18491326e57,FullCV_01,2862,CC(C)C(C=C(C(C)C)C=C1C(C)C)=C1C2=C(P(C(C)(C)C)C(C)(C)C)C=CC=C2,O=C(OC)C1=NOC(C2=CC=CO2)=C1,CN1CCCN2C1=NCCC2,ClC1=CC=C(OC)C=C1,0.0
890b60fdf8c10061,FullCV_01,2863,CC(C)C(C=C(C(C)C)C=C1C(C)C)=C1C2=C(P([C@@]3(C[C@@H]4C5)C[C@H](C4)C[C@H]5C3)[C@]6(C7)C[C@@H](C[C@@H]7C8)C[C@@H]8C6)C(OC)=CC=C2OC,C1(N(CC2=CC=CC=C2)CC3=CC=CC=C3)=NOC=C1,CN(C)P(N(C)C)(N(C)C)=NP(N(C)C)(N(C)C)=NCC,ClC1=NC=CC=C1,76.3099624
41a8cc5560fca04d,FullCV_01,2864,CC(C)C(C=C(C(C)C)C=C1C(C)C)=C1C2=C(P(C(C)(C)C)C(C)(C)C)C=CC=C2,C1(N(CC2=CC=CC=C2)CC3=CC=CC=C3)=NOC=C1,CN(C)P(N(C)C)(N(C)C)=NP(N(C)C)(N(C)C)=NCC,ClC1=CC=C(CC)C=C1,9.771808987
637a1a97cbb88276,FullCV_01,2865,CC(C)C(C=C(C(C)C)C=C1C(C)C)=C1C2=C(P(C(C)(C)C)C(C)(C)C)C(OC)=CC=C2OC,CCOC(C1=CON=C1)=O,CC(C)(C)/N=C(N(C)C)/N(C)C,IC1=CN=CC=C1,2.661542727
09ecbf0966b352b5,FullCV_01,2866,CC(C)C(C=C(C(C)C)C=C1C(C)C)=C1C2=C(P(C3CCCCC3)C4CCCCC4)C=CC=C2,C1(N(CC2=CC=CC=C2)CC3=CC=CC=C3)=NOC=C1,CC(C)(C)/N=C(N(C)C)/N(C)C,ClC1=NC=CC=C1,26.0695387
420e92200b385910,FullCV_01,2867,CC(C)C(C=C(C(C)C)C=C1C(C)C)=C1C2=C(P(C3CCCCC3)C4CCCCC4)C=CC=C2,C12=CON=C1C=CC=C2,CC(C)(C)/N=C(N(C)C)/N(C)C,BrC1=CN=CC=C1,5.948041851
9e607569c8f30f7b,FullCV_01,2868,CC(C)C(C=C(C(C)C)C=C1C(C)C)=C1C2=C(P([C@@]3(C[C@@H]4C5)C[C@H](C4)C[C@H]5C3)[C@]6(C7)C[C@@H](C[C@@H]7C8)C[C@@H]8C6)C(OC)=CC=C2OC,CC1=CC=NO1,CN1CCCN2C1=NCCC2,ClC1=CC=C(CC)C=C1,1.379250532
cfab65019d61d475,FullCV_01,2869,CC(C)C(C=C(C(C)C)C=C1C(C)C)=C1C2=C(P(C(C)(C)C)C(C)(C)C)C(OC)=CC=C2OC,C1(C2=CC=CC=C2)=CC=NO1,CC(C)(C)/N=C(N(C)C)/N(C)C,IC1=CN=CC=C1,80.28994263
cee67358326c0a4d,FullCV_01,2870,CC(C)C(C=C(C(C)C)C=C1C(C)C)=C1C2=C(P(C3CCCCC3)C4CCCCC4)C=CC=C2,C12=CON=C1C=CC=C2,CN(C)P(N(C)C)(N(C)C)=NP(N(C)C)(N(C)C)=NCC,BrC1=CC=C(C(F)(F)F)C=C1,8.110761371
f27e2597b5714b77,FullCV_01,2871,CC(C)C(C=C(C(C)C)C=C1C(C)C)=C1C2=C(P(C3CCCCC3)C4CCCCC4)C=CC=C2,C1(N(CC2=CC=CC=C2)CC3=CC=CC=C3)=NOC=C1,CN(C)P(N(C)C)(N(C)C)=NP(N(C)C)(N(C)C)=NCC,IC1=CC=C(CC)C=C1,69.21564786
81f7be5acb6435be,FullCV_01,2872,CC(C)C(C=C(C(C)C)C=C1C(C)C)=C1C2=C(P(C(C)(C)C)C(C)(C)C)C=CC=C2,C1(C2=CC=CC=C2)=CC=NO1,CN1CCCN2C1=NCCC2,BrC1=CC=C(CC)C=C1,81.56943098
565a86449f3de869,FullCV_01,2873,CC(C)C(C=C(C(C)C)C=C1C(C)C)=C1C2=C(P(C3CCCCC3)C4CCCCC4)C=CC=C2,O=C(OC)C1=NOC(C2=CC=CS2)=C1,CN(C)P(N(C)C)(N(C)C)=NP(N(C)C)(N(C)C)=NCC,IC1=CC=C(C(F)(F)F)C=C1,32.03839032
8f10e25c963f04d0,FullCV_01,2874,CC(C)C(C=C(C(C)C)C=C1C(C)C)=C1C2=C(P([C@@]3(C[C@@H]4C5)C[C@H](C4)C[C@H]5C3)[C@]6(C7)C[C@@H](C[C@@H]7C8)C[C@@H]8C6)C(OC)=CC=C2OC,COC1=NOC(C(OCC)=O)=C1,CC(C)(C)/N=C(N(C)C)/N(C)C,IC1=CN=CC=C1,64.8702395
5f5c5817247c5ae1,FullCV_01,2875,CC(C)C(C=C(C(C)C)C=C1C(C)C)=C1C2=C(P(C3CCCCC3)C4CCCCC4)C=CC=C2,CC1=C(C(OCC)=O)C=NO1,CN(C)P(N(C)C)(N(C)C)=NP(N(C)C)(N(C)C)=NCC,BrC1=CC=C(C(F)(F)F)C=C1,15.0324858
ada160a2b075fa76,FullCV_01,2876,CC(C)C(C=C(C(C)C)C=C1C(C)C)=C1C2=C(P(C(C)(C)C)C(C)(C)C)C(OC)=CC=C2OC,CC1=NOC(C2=CC=CC=C2)=C1,CN1CCCN2C1=NCCC2,BrC1=NC=CC=C1,84.33974431
999475f1223a35eb,FullCV_01,2877,CC(C)C(C=C(C(C)C)C=C1C(C)C)=C1C2=C(P([C@@]3(C[C@@H]4C5)C[C@H](C4)C[C@H]5C3)[C@]6(C7)C[C@@H](C[C@@H]7C8)C[C@@H]8C6)C(OC)=CC=C2OC,CC1=NOC(C2=CC=CC=C2)=C1,CN(C)P(N(C)C)(N(C)C)=NP(N(C)C)(N(C)C)=NCC,ClC1=CC=C(CC)C=C1,0.0
49f2d1d1b863b38d,FullCV_01,2878,CC(C)C(C=C(C(C)C)C=C1C(C)C)=C1C2=C(P(C(C)(C)C)C(C)(C)C)C=CC=C2,C1(N(CC2=CC=CC=C2)CC3=CC=CC=C3)=CC=NO1,CN(C)P(N(C)C)(N(C)C)=NP(N(C)C)(N(C)C)=NCC,ClC1=CN=CC=C1,13.25100229
2c8e30c20b995986,FullCV_01,2879,CC(C)C(C=C(C(C)C)C=C1C(C)C)=C1C2=C(P(C3CCCCC3)C4CCCCC4)C=CC=C2,C1(C2=CC=CC=C2)=NOC=C1,CC(C)(C)/N=C(N(C)C)/N(C)C,ClC1=CC=C(OC)C=C1,1.299881507
1c3f52299c0fbbd0,FullCV_01,2880,CC(C)C(C=C(C(C)C)C=C1C(C)C)=C1C2=C(P(C(C)(C)C)C(C)(C)C)C=CC=C2,C12=CON=C1C=CC=C2,CN(C)P(N(C)C)(N(C)C)=NP(N(C)C)(N(C)C)=NCC,ClC1=CC=C(CC)C=C1,4.522238884
c6b13f41b2f6cec6,FullCV_01,2881,CC(C)C(C=C(C(C)C)C=C1C(C)C)=C1C2=C(P(C3CCCCC3)C4CCCCC4)C=CC=C2,CC1=C(C(OCC)=O)C=NO1,CN1CCCN2C1=NCCC2,ClC1=CC=C(OC)C=C1,0.0
7909b318e3f35132,FullCV_01,2882,CC(C)C(C=C(C(C)C)C=C1C(C)C)=C1C2=C(P(C(C)(C)C)C(C)(C)C)C=CC=C2,CC1=CC(C)=NO1,CC(C)(C)/N=C(N(C)C)/N(C)C,ClC1=CC=C(OC)C=C1,0.96264489
30eb4f232f979b1d,FullCV_01,2883,CC(C)C(C=C(C(C)C)C=C1C(C)C)=C1C2=C(P(C(C)(C)C)C(C)(C)C)C=CC=C2,CC1=C(C(OCC)=O)C=NO1,CC(C)(C)/N=C(N(C)C)/N(C)C,IC1=CN=CC=C1,39.10680932
021b45d23a837805,FullCV_01,2884,CC(C)C(C=C(C(C)C)C=C1C(C)C)=C1C2=C(P(C(C)(C)C)C(C)(C)C)C(OC)=CC=C2OC,CCOC(C1=CON=C1)=O,CN(C)P(N(C)C)(N(C)C)=NP(N(C)C)(N(C)C)=NCC,IC1=CN=CC=C1,6.499222361
d2bfc8e0deaeebdf,FullCV_01,2885,CC(C)C(C=C(C(C)C)C=C1C(C)C)=C1C2=C(P(C(C)(C)C)C(C)(C)C)C=CC=C2,O=C(OC)C1=CC=NO1,CN(C)P(N(C)C)(N(C)C)=NP(N(C)C)(N(C)C)=NCC,BrC1=CC=C(OC)C=C1,9.065649451
8e0ef50ca745629a,FullCV_01,2886,CC(C)C(C=C(C(C)C)C=C1C(C)C)=C1C2=C(P(C3CCCCC3)C4CCCCC4)C=CC=C2,O=C(OC)C1=NOC(C2=CC=CO2)=C1,CN1CCCN2C1=NCCC2,BrC1=CC=C(OC)C=C1,4.698019536
0907b67a4f659deb,FullCV_01,2887,CC(C)C(C=C(C(C)C)C=C1C(C)C)=C1C2=C(P([C@@]3(C[C@@H]4C5)C[C@H](C4)C[C@H]5C3)[C@]6(C7)C[C@@H](C[C@@H]7C8)C[C@@H]8C6)C(OC)=CC=C2OC,C1(C2=CC=CC=C2)=CC=NO1,CN1CCCN2C1=NCCC2,BrC1=CC=C(C(F)(F)F)C=C1,37.52076416
03b9c4bb25dab242,FullCV_01,2888,CC(C)C(C=C(C(C)C)C=C1C(C)C)=C1C2=C(P(C(C)(C)C)C(C)(C)C)C=CC=C2,C12=CON=C1C=CC=C2,CC(C)(C)/N=C(N(C)C)/N(C)C,ClC1=CC=C(C(F)(F)F)C=C1,0.330501293
11c7439219e098c1,FullCV_01,2889,CC(C)C(C=C(C(C)C)C=C1C(C)C)=C1C2=C(P(C(C)(C)C)C(C)(C)C)C(OC)=CC=C2OC,CC1=C(C(OCC)=O)C=NO1,CC(C)(C)/N=C(N(C)C)/N(C)C,IC1=CC=C(CC)C=C1,39.99701682
0d921408cb7cb817,FullCV_01,2890,CC(C)C(C=C(C(C)C)C=C1C(C)C)=C1C2=C(P(C(C)(C)C)C(C)(C)C)C(OC)=CC=C2OC,C1(N(CC2=CC=CC=C2)CC3=CC=CC=C3)=NOC=C1,CN(C)P(N(C)C)(N(C)C)=NP(N(C)C)(N(C)C)=NCC,BrC1=CC=C(CC)C=C1,65.10791868
b4dda762364c33dc,FullCV_01,2891,CC(C)C(C=C(C(C)C)C=C1C(C)C)=C1C2=C(P(C3CCCCC3)C4CCCCC4)C=CC=C2,CC1=CC(C)=NO1,CN1CCCN2C1=NCCC2,ClC1=CC=C(C(F)(F)F)C=C1,12.90070345
4b249968a7ec97a8,FullCV_01,2892,CC(C)C(C=C(C(C)C)C=C1C(C)C)=C1C2=C(P(C(C)(C)C)C(C)(C)C)C=CC=C2,COC1=NOC(C(OCC)=O)=C1,CN1CCCN2C1=NCCC2,IC1=CC=C(CC)C=C1,67.99152053
46f22c2cc3cd851a,FullCV_01,2893,CC(C)C(C=C(C(C)C)C=C1C(C)C)=C1C2=C(P([C@@]3(C[C@@H]4C5)C[C@H](C4)C[C@H]5C3)[C@]6(C7)C[C@@H](C[C@@H]7C8)C[C@@H]8C6)C(OC)=CC=C2OC,CC1=CC(N2C=CC=C2)=NO1,CN1CCCN2C1=NCCC2,BrC1=CN=CC=C1,61.6695561
2cb518d09c135fdb,FullCV_01,2894,CC(C)C(C=C(C(C)C)C=C1C(C)C)=C1C2=C(P(C3CCCCC3)C4CCCCC4)C=CC=C2,C1(N(CC2=CC=CC=C2)CC3=CC=CC=C3)=NOC=C1,CN1CCCN2C1=NCCC2,IC1=CN=CC=C1,43.47281583
64cf4d2d02aff6ec,FullCV_01,2895,CC(C)C(C=C(C(C)C)C=C1C(C)C)=C1C2=C(P(C(C)(C)C)C(C)(C)C)C(OC)=CC=C2OC,CC1=C(C(OCC)=O)C=NO1,CC(C)(C)/N=C(N(C)C)/N(C)C,BrC1=CC=C(C(F)(F)F)C=C1,7.316239252
c185b46b02d34566,FullCV_01,2896,CC(C)C(C=C(C(C)C)C=C1C(C)C)=C1C2=C(P(C(C)(C)C)C(C)(C)C)C(OC)=CC=C2OC,FC(C=CC=C1F)=C1C2=CC=NO2,CN1CCCN2C1=NCCC2,BrC1=CC=C(CC)C=C1,53.30648897
9ec9e254ad92879b,FullCV_01,2897,CC(C)C(C=C(C(C)C)C=C1C(C)C)=C1C2=C(P(C(C)(C)C)C(C)(C)C)C=CC=C2,CCOC(C1=NOC=C1)=O,CC(C)(C)/N=C(N(C)C)/N(C)C,IC1=CC=C(C(F)(F)F)C=C1,35.32665147
0accf01545d8b32b,FullCV_01,2898,CC(C)C(C=C(C(C)C)C=C1C(C)C)=C1C2=C(P(C(C)(C)C)C(C)(C)C)C=CC=C2,CC1=CC(C)=NO1,CN(C)P(N(C)C)(N(C)C)=NP(N(C)C)(N(C)C)=NCC,IC1=CC=C(OC)C=C1,47.05254638
5eb9e5077dbc5fdd,FullCV_01,2899,CC(C)C(C=C(C(C)C)C=C1C(C)C)=C1C2=C(P(C(C)(C)C)C(C)(C)C)C(OC)=CC=C2OC,C12=C(C=CC=C2)ON=C1,CC(C)(C)/N=C(N(C)C)/N(C)C,ClC1=CC=C(CC)C=C1,9.58087319
2476abadcc54f23e,FullCV_01,2900,CC(C)C(C=C(C(C)C)C=C1C(C)C)=C1C2=C(P(C3CCCCC3)C4CCCCC4)C=CC=C2,O=C(OC)C1=CC=NO1,CN(C)P(N(C)C)(N(C)C)=NP(N(C)C)(N(C)C)=NCC,BrC1=CC=C(C(F)(F)F)C=C1,8.916453721
448ad0c9a2159655,FullCV_01,2901,CC(C)C(C=C(C(C)C)C=C1C(C)C)=C1C2=C(P(C3CCCCC3)C4CCCCC4)C=CC=C2,C12=C(C=CC=C2)ON=C1,CN(C)P(N(C)C)(N(C)C)=NP(N(C)C)(N(C)C)=NCC,ClC1=CC=C(CC)C=C1,8.822068949
8a330352ff1e560c,FullCV_01,2902,CC(C)C(C=C(C(C)C)C=C1C(C)C)=C1C2=C(P(C3CCCCC3)C4CCCCC4)C=CC=C2,CC1=C(C(OCC)=O)C=NO1,CC(C)(C)/N=C(N(C)C)/N(C)C,IC1=CC=C(OC)C=C1,2.613234135
002465155b78daa0,FullCV_01,2903,CC(C)C(C=C(C(C)C)C=C1C(C)C)=C1C2=C(P([C@@]3(C[C@@H]4C5)C[C@H](C4)C[C@H]5C3)[C@]6(C7)C[C@@H](C[C@@H]7C8)C[C@@H]8C6)C(OC)=CC=C2OC,C1(C2=CC=CC=C2)=CC=NO1,CC(C)(C)/N=C(N(C)C)/N(C)C,IC1=NC=CC=C1,65.38933316
d3a870b15b9d7e48,FullCV_01,2904,CC(C)C(C=C(C(C)C)C=C1C(C)C)=C1C2=C(P(C(C)(C)C)C(C)(C)C)C=CC=C2,C1(C2=CC=CC=C2)=CON=C1,CC(C)(C)/N=C(N(C)C)/N(C)C,ClC1=CN=CC=C1,12.48383732
d3b6e77d30bbea32,FullCV_01,2905,CC(C)C(C=C(C(C)C)C=C1C(C)C)=C1C2=C(P(C(C)(C)C)C(C)(C)C)C(OC)=CC=C2OC,O=C(OC)C1=NOC(C2=CC=CS2)=C1,CN(C)P(N(C)C)(N(C)C)=NP(N(C)C)(N(C)C)=NCC,IC1=CC=C(C(F)(F)F)C=C1,32.35958784
63407e500453a841,FullCV_01,2906,CC(C)C(C=C(C(C)C)C=C1C(C)C)=C1C2=C(P(C(C)(C)C)C(C)(C)C)C(OC)=CC=C2OC,CC1=NOC(C2=CC=CC=C2)=C1,CC(C)(C)/N=C(N(C)C)/N(C)C,IC1=NC=CC=C1,63.37225968
a53f3fc17938fe4f,FullCV_01,2907,CC(C)C(C=C(C(C)C)C=C1C(C)C)=C1C2=C(P(C(C)(C)C)C(C)(C)C)C(OC)=CC=C2OC,C1(N(CC2=CC=CC=C2)CC3=CC=CC=C3)=NOC=C1,CN1CCCN2C1=NCCC2,IC1=NC=CC=C1,88.72522624
c33f6eeb3b25a845,FullCV_01,2908,CC(C)C(C=C(C(C)C)C=C1C(C)C)=C1C2=C(P([C@@]3(C[C@@H]4C5)C[C@H](C4)C[C@H]5C3)[C@]6(C7)C[C@@H](C[C@@H]7C8)C[C@@H]8C6)C(OC)=CC=C2OC,CC1=CC=NO1,CN(C)P(N(C)C)(N(C)C)=NP(N(C)C)(N(C)C)=NCC,ClC1=CC=C(OC)C=C1,0.0
2c2aa51783e5b636,FullCV_01,2909,CC(C)C(C=C(C(C)C)C=C1C(C)C)=C1C2=C(P([C@@]3(C[C@@H]4C5)C[C@H](C4)C[C@H]5C3)[C@]6(C7)C[C@@H](C[C@@H]7C8)C[C@@H]8C6)C(OC)=CC=C2OC,C1(C2=CC=CC=C2)=NOC=C1,CN(C)P(N(C)C)(N(C)C)=NP(N(C)C)(N(C)C)=NCC,ClC1=CN=CC=C1,9.147761663
d2a53eb1a5deda94,FullCV_01,2910,CC(C)C(C=C(C(C)C)C=C1C(C)C)=C1C2=C(P(C(C)(C)C)C(C)(C)C)C=CC=C2,C1(N(CC2=CC=CC=C2)CC3=CC=CC=C3)=NOC=C1,CC(C)(C)/N=C(N(C)C)/N(C)C,BrC1=NC=CC=C1,66.50686069
a90115b1bca04a1d,FullCV_01,2911,CC(C)C(C=C(C(C)C)C=C1C(C)C)=C1C2=C(P([C@@]3(C[C@@H]4C5)C[C@H](C4)C[C@H]5C3)[C@]6(C7)C[C@@H](C[C@@H]7C8)C[C@@H]8C6)C(OC)=CC=C2OC,FC(C=CC=C1F)=C1C2=CC=NO2,CN(C)P(N(C)C)(N(C)C)=NP(N(C)C)(N(C)C)=NCC,BrC1=CC=C(CC)C=C1,21.20587604
3f0f08239858fb88,FullCV_01,2912,CC(C)C(C=C(C(C)C)C=C1C(C)C)=C1C2=C(P(C(C)(C)C)C(C)(C)C)C(OC)=CC=C2OC,CC1=CC(N2C=CC=C2)=NO1,CN(C)P(N(C)C)(N(C)C)=NP(N(C)C)(N(C)C)=NCC,IC1=CC=C(CC)C=C1,69.27632316
6916d107c00174df,FullCV_01,2913,CC(C)C(C=C(C(C)C)C=C1C(C)C)=C1C2=C(P(C(C)(C)C)C(C)(C)C)C=CC=C2,C1(N(CC2=CC=CC=C2)CC3=CC=CC=C3)=CC=NO1,CN1CCCN2C1=NCCC2,IC1=NC=CC=C1,84.10193793
fabd7736fbd4768b,FullCV_01,2914,CC(C)C(C=C(C(C)C)C=C1C(C)C)=C1C2=C(P(C(C)(C)C)C(C)(C)C)C=CC=C2,C1(C2=CC=CC=C2)=CC=NO1,CN(C)P(N(C)C)(N(C)C)=NP(N(C)C)(N(C)C)=NCC,BrC1=CN=CC=C1,26.25688388
38d341ffaae040e8,FullCV_01,2915,CC(C)C(C=C(C(C)C)C=C1C(C)C)=C1C2=C(P([C@@]3(C[C@@H]4C5)C[C@H](C4)C[C@H]5C3)[C@]6(C7)C[C@@H](C[C@@H]7C8)C[C@@H]8C6)C(OC)=CC=C2OC,CC1=CC(N2C=CC=C2)=NO1,CN1CCCN2C1=NCCC2,ClC1=CC=C(C(F)(F)F)C=C1,15.21649465
f13195c108d67e73,FullCV_01,2916,CC(C)C(C=C(C(C)C)C=C1C(C)C)=C1C2=C(P(C(C)(C)C)C(C)(C)C)C=CC=C2,C1(C2=CC=CC=C2)=NOC=C1,CC(C)(C)/N=C(N(C)C)/N(C)C,ClC1=CN=CC=C1,49.30997149
a1db0528169d346d,FullCV_01,2917,CC(C)C(C=C(C(C)C)C=C1C(C)C)=C1C2=C(P([C@@]3(C[C@@H]4C5)C[C@H](C4)C[C@H]5C3)[C@]6(C7)C[C@@H](C[C@@H]7C8)C[C@@H]8C6)C(OC)=CC=C2OC,CC1=NOC(C(OCC)=O)=C1,CN(C)P(N(C)C)(N(C)C)=NP(N(C)C)(N(C)C)=NCC,ClC1=CC=C(OC)C=C1,0.380918213
b0a09f9515ba5a41,FullCV_01,2918,CC(C)C(C=C(C(C)C)C=C1C(C)C)=C1C2=C(P(C3CCCCC3)C4CCCCC4)C=CC=C2,CC1=NOC(C(OCC)=O)=C1,CN(C)P(N(C)C)(N(C)C)=NP(N(C)C)(N(C)C)=NCC,BrC1=NC=CC=C1,37.65445791
289a345451a13d10,FullCV_01,2919,CC(C)C(C=C(C(C)C)C=C1C(C)C)=C1C2=C(P(C(C)(C)C)C(C)(C)C)C=CC=C2,O=C(OC)C1=NOC(C2=CC=CO2)=C1,CN(C)P(N(C)C)(N(C)C)=NP(N(C)C)(N(C)C)=NCC,IC1=CC=C(C(F)(F)F)C=C1,40.11142329
49823f5c8db0e733,FullCV_01,2920,CC(C)C(C=C(C(C)C)C=C1C(C)C)=C1C2=C(P(C(C)(C)C)C(C)(C)C)C(OC)=CC=C2OC,COC1=NOC(C(OCC)=O)=C1,CN(C)P(N(C)C)(N(C)C)=NP(N(C)C)(N(C)C)=NCC,IC1=NC=CC=C1,78.28452045
d41419b1ba00f45d,FullCV_01,2921,CC(C)C(C=C(C(C)C)C=C1C(C)C)=C1C2=C(P([C@@]3(C[C@@H]4C5)C[C@H](C4)C[C@H]5C3)[C@]6(C7)C[C@@H](C[C@@H]7C8)C[C@@H]8C6)C(OC)=CC=C2OC,C1(C2=CC=CC=C2)=CC=NO1,CN(C)P(N(C)C)(N(C)C)=NP(N(C)C)(N(C)C)=NCC,BrC1=CC=C(C(F)(F)F)C=C1,8.742546332
a670c440adcbbd02,FullCV_01,2922,CC(C)C(C=C(C(C)C)C=C1C(C)C)=C1C2=C(P(C(C)(C)C)C(C)(C)C)C=CC=C2,C1(C2=CC=CC=C2)=CON=C1,CN(C)P(N(C)C)(N(C)C)=NP(N(C)C)(N(C)C)=NCC,ClC1=CN=CC=C1,68.76495224
d9db52b79ac343ab,FullCV_01,2923,CC(C)C(C=C(C(C)C)C=C1C(C)C)=C1C2=C(P(C(C)(C)C)C(C)(C)C)C=CC=C2,CC1=NOC(C2=CC=CC=C2)=C1,CN1CCCN2C1=NCCC2,BrC1=CC=C(OC)C=C1,46.21141257
ed9cb215723b22c3,FullCV_01,2924,CC(C)C(C=C(C(C)C)C=C1C(C)C)=C1C2=C(P(C(C)(C)C)C(C)(C)C)C=CC=C2,COC1=NOC(C(OCC)=O)=C1,CN(C)P(N(C)C)(N(C)C)=NP(N(C)C)(N(C)C)=NCC,ClC1=CC=C(OC)C=C1,3.120933892
bfb753786432a584,FullCV_01,2925,CC(C)C(C=C(C(C)C)C=C1C(C)C)=C1C2=C(P(C3CCCCC3)C4CCCCC4)C=CC=C2,COC1=NOC(C(OCC)=O)=C1,CC(C)(C)/N=C(N(C)C)/N(C)C,ClC1=CN=CC=C1,8.905135224
e89046fbc1bb1092,FullCV_01,2926,CC(C)C(C=C(C(C)C)C=C1C(C)C)=C1C2=C(P(C(C)(C)C)C(C)(C)C)C(OC)=CC=C2OC,CC1=C(C(OCC)=O)C=NO1,CC(C)(C)/N=C(N(C)C)/N(C)C,BrC1=NC=CC=C1,16.26033077
704a0b3ebf6f77c1,FullCV_01,2927,CC(C)C(C=C(C(C)C)C=C1C(C)C)=C1C2=C(P([C@@]3(C[C@@H]4C5)C[C@H](C4)C[C@H]5C3)[C@]6(C7)C[C@@H](C[C@@H]7C8)C[C@@H]8C6)C(OC)=CC=C2OC,C12=C(C=CC=C2)ON=C1,CC(C)(C)/N=C(N(C)C)/N(C)C,BrC1=NC=CC=C1,19.53099508
d2fae096340e5e2d,FullCV_01,2928,CC(C)C(C=C(C(C)C)C=C1C(C)C)=C1C2=C(P(C(C)(C)C)C(C)(C)C)C(OC)=CC=C2OC,C1(C2=CC=CC=C2)=CC=NO1,CN(C)P(N(C)C)(N(C)C)=NP(N(C)C)(N(C)C)=NCC,IC1=CC=C(C(F)(F)F)C=C1,9.546870881
e8bb9ee98904229c,FullCV_01,2929,CC(C)C(C=C(C(C)C)C=C1C(C)C)=C1C2=C(P(C3CCCCC3)C4CCCCC4)C=CC=C2,CC1=CC(N2C=CC=C2)=NO1,CC(C)(C)/N=C(N(C)C)/N(C)C,IC1=CN=CC=C1,41.00150742
8cc7c950fa953d0f,FullCV_01,2930,CC(C)C(C=C(C(C)C)C=C1C(C)C)=C1C2=C(P(C(C)(C)C)C(C)(C)C)C=CC=C2,O=C(OC)C1=NOC(C2=CC=CS2)=C1,CC(C)(C)/N=C(N(C)C)/N(C)C,BrC1=CC=C(CC)C=C1,55.17541483
9f7d358ccee6085f,FullCV_01,2931,CC(C)C(C=C(C(C)C)C=C1C(C)C)=C1C2=C(P(C3CCCCC3)C4CCCCC4)C=CC=C2,C12=C(C=CC=C2)ON=C1,CN1CCCN2C1=NCCC2,ClC1=CC=C(C(F)(F)F)C=C1,18.97711675
10c4bb0a8a174aa7,FullCV_01,2932,CC(C)C(C=C(C(C)C)C=C1C(C)C)=C1C2=C(P([C@@]3(C[C@@H]4C5)C[C@H](C4)C[C@H]5C3)[C@]6(C7)C[C@@H](C[C@@H]7C8)C[C@@H]8C6)C(OC)=CC=C2OC,CC1=NOC(C(OCC)=O)=C1,CN(C)P(N(C)C)(N(C)C)=NP(N(C)C)(N(C)C)=NCC,ClC1=NC=CC=C1,55.08984272
57674c1844213eb9,FullCV_01,2933,CC(C)C(C=C(C(C)C)C=C1C(C)C)=C1C2=C(P(C(C)(C)C)C(C)(C)C)C(OC)=CC=C2OC,C1(C2=CC=CC=C2)=NOC=C1,CN(C)P(N(C)C)(N(C)C)=NP(N(C)C)(N(C)C)=NCC,ClC1=CC=C(OC)C=C1,0.51807887
118242c96db09391,FullCV_01,2934,CC(C)C(C=C(C(C)C)C=C1C(C)C)=C1C2=C(P([C@@]3(C[C@@H]4C5)C[C@H](C4)C[C@H]5C3)[C@]6(C7)C[C@@H](C[C@@H]7C8)C[C@@H]8C6)C(OC)=CC=C2OC,CC1=NOC(C2=CC=CC=C2)=C1,CN(C)P(N(C)C)(N(C)C)=NP(N(C)C)(N(C)C)=NCC,BrC1=NC=CC=C1,75.06901133
9fcddad5a999c525,FullCV_01,2935,CC(C)C(C=C(C(C)C)C=C1C(C)C)=C1C2=C(P(C(C)(C)C)C(C)(C)C)C(OC)=CC=C2OC,C1(C2=CC=CC=C2)=CC=NO1,CN(C)P(N(C)C)(N(C)C)=NP(N(C)C)(N(C)C)=NCC,ClC1=CN=CC=C1,6.753074014
6eb9ff75f6b9c896,FullCV_01,2936,CC(C)C(C=C(C(C)C)C=C1C(C)C)=C1C2=C(P(C(C)(C)C)C(C)(C)C)C=CC=C2,CC1=NOC(C(OCC)=O)=C1,CN1CCCN2C1=NCCC2,BrC1=CC=C(OC)C=C1,49.61438009
8f48efb4eb12eab3,FullCV_01,2937,CC(C)C(C=C(C(C)C)C=C1C(C)C)=C1C2=C(P(C3CCCCC3)C4CCCCC4)C=CC=C2,CCOC(C1=CON=C1)=O,CN1CCCN2C1=NCCC2,BrC1=CN=CC=C1,12.51722888
f7d5bf8f6eca827e,FullCV_01,2938,CC(C)C(C=C(C(C)C)C=C1C(C)C)=C1C2=C(P(C3CCCCC3)C4CCCCC4)C=CC=C2,O=C(OC)C1=NOC(C2=CC=CS2)=C1,CC(C)(C)/N=C(N(C)C)/N(C)C,IC1=NC=CC=C1,39.38981845
5e91f24198f95c81,FullCV_01,2939,CC(C)C(C=C(C(C)C)C=C1C(C)C)=C1C2=C(P(C3CCCCC3)C4CCCCC4)C=CC=C2,CC1=CC=NO1,CN(C)P(N(C)C)(N(C)C)=NP(N(C)C)(N(C)C)=NCC,ClC1=NC=CC=C1,13.98755594
4662a3a1505a70ce,FullCV_01,2940,CC(C)C(C=C(C(C)C)C=C1C(C)C)=C1C2=C(P(C(C)(C)C)C(C)(C)C)C(OC)=CC=C2OC,CC1=NOC(C2=CC=CC=C2)=C1,CN1CCCN2C1=NCCC2,IC1=CC=C(OC)C=C1,49.53018855
4cff45425cc1b539,FullCV_01,2941,CC(C)C(C=C(C(C)C)C=C1C(C)C)=C1C2=C(P(C(C)(C)C)C(C)(C)C)C=CC=C2,CCOC(C1=CON=C1)=O,CN1CCCN2C1=NCCC2,ClC1=NC=CC=C1,40.21576406
112dc2f99a5b9ae5,FullCV_01,2942,CC(C)C(C=C(C(C)C)C=C1C(C)C)=C1C2=C(P(C(C)(C)C)C(C)(C)C)C(OC)=CC=C2OC,CC1=NOC(C(OCC)=O)=C1,CC(C)(C)/N=C(N(C)C)/N(C)C,ClC1=CC=C(OC)C=C1,0.0
03142738a667b1ed,FullCV_01,2943,CC(C)C(C=C(C(C)C)C=C1C(C)C)=C1C2=C(P(C(C)(C)C)C(C)(C)C)C=CC=C2,O=C(OC)C1=CC=NO1,CN(C)P(N(C)C)(N(C)C)=NP(N(C)C)(N(C)C)=NCC,BrC1=CC=C(C(F)(F)F)C=C1,10.72342611
f6363fd54b0a7134,FullCV_01,2944,CC(C)C(C=C(C(C)C)C=C1C(C)C)=C1C2=C(P(C(C)(C)C)C(C)(C)C)C=CC=C2,C1(N(CC2=CC=CC=C2)CC3=CC=CC=C3)=NOC=C1,CC(C)(C)/N=C(N(C)C)/N(C)C,BrC1=CC=C(CC)C=C1,57.19204969
4a5c2e33f270c0bb,FullCV_01,2945,CC(C)C(C=C(C(C)C)C=C1C(C)C)=C1C2=C(P(C3CCCCC3)C4CCCCC4)C=CC=C2,C12=C(C=CC=C2)ON=C1,CN1CCCN2C1=NCCC2,ClC1=CC=C(CC)C=C1,5.163801227
08e588f15ada1cb1,FullCV_01,2946,CC(C)C(C=C(C(C)C)C=C1C(C)C)=C1C2=C(P(C(C)(C)C)C(C)(C)C)C(OC)=CC=C2OC,O=C(OC)C1=NOC(C2=CC=CS2)=C1,CN(C)P(N(C)C)(N(C)C)=NP(N(C)C)(N(C)C)=NCC,BrC1=NC=CC=C1,78.22401013
bfa6ab1e168e4aef,FullCV_01,2947,CC(C)C(C=C(C(C)C)C=C1C(C)C)=C1C2=C(P([C@@]3(C[C@@H]4C5)C[C@H](C4)C[C@H]5C3)[C@]6(C7)C[C@@H](C[C@@H]7C8)C[C@@H]8C6)C(OC)=CC=C2OC,O=C(OC)C1=NOC(C2=CC=CS2)=C1,CN1CCCN2C1=NCCC2,ClC1=CC=C(C(F)(F)F)C=C1,2.565604497
48ab59be87820d2f,FullCV_01,2948,CC(C)C(C=C(C(C)C)C=C1C(C)C)=C1C2=C(P(C(C)(C)C)C(C)(C)C)C(OC)=CC=C2OC,CCOC(C1=CON=C1)=O,CN1CCCN2C1=NCCC2,BrC1=CC=C(OC)C=C1,15.37805239
37ca61aa07ff8c6e,FullCV_01,2949,CC(C)C(C=C(C(C)C)C=C1C(C)C)=C1C2=C(P(C(C)(C)C)C(C)(C)C)C=CC=C2,C12=C(C=CC=C2)ON=C1,CN1CCCN2C1=NCCC2,BrC1=NC=CC=C1,83.68183531
8ddcd8b02c034a72,FullCV_01,2950,CC(C)C(C=C(C(C)C)C=C1C(C)C)=C1C2=C(P(C(C)(C)C)C(C)(C)C)C=CC=C2,CCOC(C1=NOC=C1)=O,CN(C)P(N(C)C)(N(C)C)=NP(N(C)C)(N(C)C)=NCC,BrC1=CN=CC=C1,0.0
6c7df0b4da8bb446,FullCV_01,2951,CC(C)C(C=C(C(C)C)C=C1C(C)C)=C1C2=C(P(C3CCCCC3)C4CCCCC4)C=CC=C2,CC1=NOC(C2=CC=CC=C2)=C1,CN1CCCN2C1=NCCC2,BrC1=CC=C(OC)C=C1,9.540244592
fc478c2835292562,FullCV_01,2952,CC(C)C(C=C(C(C)C)C=C1C(C)C)=C1C2=C(P(C(C)(C)C)C(C)(C)C)C(OC)=CC=C2OC,C1(C2=CC=CC=C2)=CC=NO1,CN(C)P(N(C)C)(N(C)C)=NP(N(C)C)(N(C)C)=NCC,ClC1=CC=C(CC)C=C1,4.337310253
8b242916bdd229cd,FullCV_01,2953,CC(C)C(C=C(C(C)C)C=C1C(C)C)=C1C2=C(P(C(C)(C)C)C(C)(C)C)C(OC)=CC=C2OC,C1(N(CC2=CC=CC=C2)CC3=CC=CC=C3)=NOC=C1,CC(C)(C)/N=C(N(C)C)/N(C)C,BrC1=CC=C(CC)C=C1,57.9781308
f5f21d5e077d33ae,FullCV_01,2954,CC(C)C(C=C(C(C)C)C=C1C(C)C)=C1C2=C(P([C@@]3(C[C@@H]4C5)C[C@H](C4)C[C@H]5C3)[C@]6(C7)C[C@@H](C[C@@H]7C8)C[C@@H]8C6)C(OC)=CC=C2OC,CC1=CC(C(OCC)=O)=NO1,CC(C)(C)/N=C(N(C)C)/N(C)C,IC1=NC=CC=C1,68.60611463
7d1b8b86048dceba,FullCV_01,2955,CC(C)C(C=C(C(C)C)C=C1C(C)C)=C1C2=C(P(C3CCCCC3)C4CCCCC4)C=CC=C2,C1(N(CC2=CC=CC=C2)CC3=CC=CC=C3)=NOC=C1,CC(C)(C)/N=C(N(C)C)/N(C)C,ClC1=CC=C(OC)C=C1,39.22831543
d5f8d3e7bb3cd93a,FullCV_01,2956,CC(C)C(C=C(C(C)C)C=C1C(C)C)=C1C2=C(P(C(C)(C)C)C(C)(C)C)C(OC)=CC=C2OC,C1(C2=CC=CC=C2)=CON=C1,CN(C)P(N(C)C)(N(C)C)=NP(N(C)C)(N(C)C)=NCC,ClC1=CC=C(CC)C=C1,3.848767902
498c19d9eaf4aad1,FullCV_01,2957,CC(C)C(C=C(C(C)C)C=C1C(C)C)=C1C2=C(P([C@@]3(C[C@@H]4C5)C[C@H](C4)C[C@H]5C3)[C@]6(C7)C[C@@H](C[C@@H]7C8)C[C@@H]8C6)C(OC)=CC=C2OC,O=C(OC)C1=NOC(C2=CC=CS2)=C1,CC(C)(C)/N=C(N(C)C)/N(C)C,BrC1=CC=C(CC)C=C1,35.20097749
5d88674dd1b1cf9a,FullCV_01,2958,CC(C)C(C=C(C(C)C)C=C1C(C)C)=C1C2=C(P(C3CCCCC3)C4CCCCC4)C=CC=C2,CC1=NOC(C2=CC=CC=C2)=C1,CN(C)P(N(C)C)(N(C)C)=NP(N(C)C)(N(C)C)=NCC,BrC1=CC=C(C(F)(F)F)C=C1,16.25238798
54d8770ff714a6cd,FullCV_01,2959,CC(C)C(C=C(C(C)C)C=C1C(C)C)=C1C2=C(P(C(C)(C)C)C(C)(C)C)C=CC=C2,CC1=NOC(C2=CC=CC=C2)=C1,CN1CCCN2C1=NCCC2,BrC1=NC=CC=C1,84.42429873
22bc127b39750068,FullCV_01,2960,CC(C)C(C=C(C(C)C)C=C1C(C)C)=C1C2=C(P(C(C)(C)C)C(C)(C)C)C(OC)=CC=C2OC,C1(C2=CC=CC=C2)=NOC=C1,CN(C)P(N(C)C)(N(C)C)=NP(N(C)C)(N(C)C)=NCC,BrC1=CC=C(C(F)(F)F)C=C1,32.41068171
261360b7c0376c31,FullCV_01,2961,CC(C)C(C=C(C(C)C)C=C1C(C)C)=C1C2=C(P(C(C)(C)C)C(C)(C)C)C(OC)=CC=C2OC,C12=CON=C1C=CC=C2,CN1CCCN2C1=NCCC2,IC1=CN=CC=C1,26.6793303
b2d527c1cd05fa63,FullCV_01,2962,CC(C)C(C=C(C(C)C)C=C1C(C)C)=C1C2=C(P([C@@]3(C[C@@H]4C5)C[C@H](C4)C[C@H]5C3)[C@]6(C7)C[C@@H](C[C@@H]7C8)C[C@@H]8C6)C(OC)=CC=C2OC,CC1=CC(C)=NO1,CN(C)P(N(C)C)(N(C)C)=NP(N(C)C)(N(C)C)=NCC,IC1=NC=CC=C1,79.76966371
a26608e852644fd0,FullCV_01,2963,CC(C)C(C=C(C(C)C)C=C1C(C)C)=C1C2=C(P([C@@]3(C[C@@H]4C5)C[C@H](C4)C[C@H]5C3)[C@]6(C7)C[C@@H](C[C@@H]7C8)C[C@@H]8C6)C(OC)=CC=C2OC,C12=CON=C1C=CC=C2,CN1CCCN2C1=NCCC2,IC1=CC=C(C(F)(F)F)C=C1,39.56647024
f44e17843b9ca778,FullCV_01,2964,CC(C)C(C=C(C(C)C)C=C1C(C)C)=C1C2=C(P([C@@]3(C[C@@H]4C5)C[C@H](C4)C[C@H]5C3)[C@]6(C7)C[C@@H](C[C@@H]7C8)C[C@@H]8C6)C(OC)=CC=C2OC,CC1=CC(N2C=CC=C2)=NO1,CN(C)P(N(C)C)(N(C)C)=NP(N(C)C)(N(C)C)=NCC,BrC1=CC=C(CC)C=C1,67.14890203
f09b153ecadef031,FullCV_01,2965,CC(C)C(C=C(C(C)C)C=C1C(C)C)=C1C2=C(P(C3CCCCC3)C4CCCCC4)C=CC=C2,CC1=NOC(C(OCC)=O)=C1,CN(C)P(N(C)C)(N(C)C)=NP(N(C)C)(N(C)C)=NCC,ClC1=CC=C(CC)C=C1,0.960810012
8604ebcc38d5da9d,FullCV_01,2966,CC(C)C(C=C(C(C)C)C=C1C(C)C)=C1C2=C(P([C@@]3(C[C@@H]4C5)C[C@H](C4)C[C@H]5C3)[C@]6(C7)C[C@@H](C[C@@H]7C8)C[C@@H]8C6)C(OC)=CC=C2OC,C1(C2=CC=CC=C2)=CON=C1,CN(C)P(N(C)C)(N(C)C)=NP(N(C)C)(N(C)C)=NCC,BrC1=CC=C(CC)C=C1,23.31600153
b35b40dd46fd31b7,FullCV_01,2967,CC(C)C(C=C(C(C)C)C=C1C(C)C)=C1C2=C(P(C3CCCCC3)C4CCCCC4)C=CC=C2,CC1=NOC(C(OCC)=O)=C1,CN1CCCN2C1=NCCC2,IC1=CN=CC=C1,46.01420049
c3e76edad3492569,FullCV_01,2968,CC(C)C(C=C(C(C)C)C=C1C(C)C)=C1C2=C(P(C(C)(C)C)C(C)(C)C)C(OC)=CC=C2OC,COC1=NOC(C(OCC)=O)=C1,CN1CCCN2C1=NCCC2,ClC1=NC=CC=C1,71.00136701
cc3399a08fa64c6b,FullCV_01,2969,CC(C)C(C=C(C(C)C)C=C1C(C)C)=C1C2=C(P(C3CCCCC3)C4CCCCC4)C=CC=C2,C1(C2=CC=CC=C2)=NOC=C1,CN(C)P(N(C)C)(N(C)C)=NP(N(C)C)(N(C)C)=NCC,ClC1=CC=C(CC)C=C1,9.085602443
2cd9fbc4afdd21e9,FullCV_01,2970,CC(C)C(C=C(C(C)C)C=C1C(C)C)=C1C2=C(P(C(C)(C)C)C(C)(C)C)C=CC=C2,FC(C=CC=C1F)=C1C2=CC=NO2,CN1CCCN2C1=NCCC2,IC1=CC=C(C(F)(F)F)C=C1,46.24961136
d5aab38e09ffcc65,FullCV_01,2971,CC(C)C(C=C(C(C)C)C=C1C(C)C)=C1C2=C(P(C(C)(C)C)C(C)(C)C)C=CC=C2,CC1=NOC(C(OCC)=O)=C1,CN1CCCN2C1=NCCC2,BrC1=CC=C(CC)C=C1,86.59757822
9ec96d7f6855823c,FullCV_01,2972,CC(C)C(C=C(C(C)C)C=C1C(C)C)=C1C2=C(P([C@@]3(C[C@@H]4C5)C[C@H](C4)C[C@H]5C3)[C@]6(C7)C[C@@H](C[C@@H]7C8)C[C@@H]8C6)C(OC)=CC=C2OC,CC1=NOC(C2=CC=CC=C2)=C1,CN(C)P(N(C)C)(N(C)C)=NP(N(C)C)(N(C)C)=NCC,ClC1=CN=CC=C1,0.0
6ecfd87fab1f4f27,FullCV_01,2973,CC(C)C(C=C(C(C)C)C=C1C(C)C)=C1C2=C(P(C(C)(C)C)C(C)(C)C)C=CC=C2,O=C(OC)C1=CC=NO1,CC(C)(C)/N=C(N(C)C)/N(C)C,IC1=CC=C(OC)C=C1,35.19969401
23a29244e0471845,FullCV_01,2974,CC(C)C(C=C(C(C)C)C=C1C(C)C)=C1C2=C(P(C(C)(C)C)C(C)(C)C)C=CC=C2,CC1=CC(C)=NO1,CN1CCCN2C1=NCCC2,BrC1=CC=C(C(F)(F)F)C=C1,34.91231211
5f7e1fafeaefb11d,FullCV_01,2975,CC(C)C(C=C(C(C)C)C=C1C(C)C)=C1C2=C(P(C(C)(C)C)C(C)(C)C)C(OC)=CC=C2OC,CC1=NOC(C2=CC=CC=C2)=C1,CC(C)(C)/N=C(N(C)C)/N(C)C,BrC1=CC=C(CC)C=C1,59.00727735
088e0d9833fa4094,FullCV_01,2976,CC(C)C(C=C(C(C)C)C=C1C(C)C)=C1C2=C(P(C(C)(C)C)C(C)(C)C)C(OC)=CC=C2OC,CC1=CC(C)=NO1,CN(C)P(N(C)C)(N(C)C)=NP(N(C)C)(N(C)C)=NCC,IC1=CC=C(OC)C=C1,48.36396181
c762bfe27f0b6130,FullCV_01,2977,CC(C)C(C=C(C(C)C)C=C1C(C)C)=C1C2=C(P(C3CCCCC3)C4CCCCC4)C=CC=C2,O=C(OC)C1=NOC(C2=CC=CO2)=C1,CN(C)P(N(C)C)(N(C)C)=NP(N(C)C)(N(C)C)=NCC,ClC1=CN=CC=C1,3.169099331
f00de246ad2de9de,FullCV_01,2978,CC(C)C(C=C(C(C)C)C=C1C(C)C)=C1C2=C(P(C3CCCCC3)C4CCCCC4)C=CC=C2,C1(C2=CC=CC=C2)=CON=C1,CN(C)P(N(C)C)(N(C)C)=NP(N(C)C)(N(C)C)=NCC,BrC1=NC=CC=C1,17.08756486
a33f02a1ea554732,FullCV_01,2979,CC(C)C(C=C(C(C)C)C=C1C(C)C)=C1C2=C(P(C3CCCCC3)C4CCCCC4)C=CC=C2,CC1=CC(C)=NO1,CN(C)P(N(C)C)(N(C)C)=NP(N(C)C)(N(C)C)=NCC,ClC1=CC=C(CC)C=C1,10.30004263
68d376a3a201170a,FullCV_01,2980,CC(C)C(C=C(C(C)C)C=C1C(C)C)=C1C2=C(P(C3CCCCC3)C4CCCCC4)C=CC=C2,CC1=NOC(C(OCC)=O)=C1,CC(C)(C)/N=C(N(C)C)/N(C)C,ClC1=CC=C(OC)C=C1,0.0
7cc210644ec1a825,FullCV_01,2981,CC(C)C(C=C(C(C)C)C=C1C(C)C)=C1C2=C(P([C@@]3(C[C@@H]4C5)C[C@H](C4)C[C@H]5C3)[C@]6(C7)C[C@@H](C[C@@H]7C8)C[C@@H]8C6)C(OC)=CC=C2OC,CC1=CC(C)=NO1,CC(C)(C)/N=C(N(C)C)/N(C)C,IC1=CC=C(CC)C=C1,57.65452227
89d4885041a8313f,FullCV_01,2982,CC(C)C(C=C(C(C)C)C=C1C(C)C)=C1C2=C(P(C(C)(C)C)C(C)(C)C)C(OC)=CC=C2OC,CC1=CC(C(OCC)=O)=NO1,CC(C)(C)/N=C(N(C)C)/N(C)C,ClC1=CC=C(C(F)(F)F)C=C1,24.27358667
ce40d591a402b4bf,FullCV_01,2983,CC(C)C(C=C(C(C)C)C=C1C(C)C)=C1C2=C(P(C(C)(C)C)C(C)(C)C)C(OC)=CC=C2OC,O=C(OC)C1=NOC(C2=CC=CO2)=C1,CN1CCCN2C1=NCCC2,BrC1=NC=CC=C1,87.52908706
49541238a0144360,FullCV_01,2984,CC(C)C(C=C(C(C)C)C=C1C(C)C)=C1C2=C(P(C(C)(C)C)C(C)(C)C)C(OC)=CC=C2OC,C12=C(C=CC=C2)ON=C1,CN(C)P(N(C)C)(N(C)C)=NP(N(C)C)(N(C)C)=NCC,IC1=CC=C(CC)C=C1,59.29246641
cfa5af0516e67e86,FullCV_01,2985,CC(C)C(C=C(C(C)C)C=C1C(C)C)=C1C2=C(P(C(C)(C)C)C(C)(C)C)C=CC=C2,O=C(OC)C1=CC=NO1,CN1CCCN2C1=NCCC2,ClC1=CC=C(CC)C=C1,16.12823791
4bcf51c49219a4ae,FullCV_01,2986,CC(C)C(C=C(C(C)C)C=C1C(C)C)=C1C2=C(P([C@@]3(C[C@@H]4C5)C[C@H](C4)C[C@H]5C3)[C@]6(C7)C[C@@H](C[C@@H]7C8)C[C@@H]8C6)C(OC)=CC=C2OC,CC1=CC(C(OCC)=O)=NO1,CN1CCCN2C1=NCCC2,IC1=CN=CC=C1,92.65898323
90056a1f476f33df,FullCV_01,2987,CC(C)C(C=C(C(C)C)C=C1C(C)C)=C1C2=C(P(C(C)(C)C)C(C)(C)C)C=CC=C2,CC1=CC(C(OCC)=O)=NO1,CN1CCCN2C1=NCCC2,BrC1=CN=CC=C1,89.48065113
e15e545f97ddc4c5,FullCV_01,2988,CC(C)C(C=C(C(C)C)C=C1C(C)C)=C1C2=C(P(C3CCCCC3)C4CCCCC4)C=CC=C2,O=C(OC)C1=NOC(C2=CC=CO2)=C1,CN1CCCN2C1=NCCC2,ClC1=NC=CC=C1,25.48313253
75fde07c4431daee,FullCV_01,2989,CC(C)C(C=C(C(C)C)C=C1C(C)C)=C1C2=C(P(C3CCCCC3)C4CCCCC4)C=CC=C2,CC1=CC(N2C=CC=C2)=NO1,CN1CCCN2C1=NCCC2,BrC1=CC=C(OC)C=C1,9.508784567
043224168fb77425,FullCV_01,2990,CC(C)C(C=C(C(C)C)C=C1C(C)C)=C1C2=C(P(C(C)(C)C)C(C)(C)C)C(OC)=CC=C2OC,C1(C2=CC=CC=C2)=CC=NO1,CN(C)P(N(C)C)(N(C)C)=NP(N(C)C)(N(C)C)=NCC,BrC1=CC=C(OC)C=C1,12.592787
dabdeab1a43f3ec6,FullCV_01,2991,CC(C)C(C=C(C(C)C)C=C1C(C)C)=C1C2=C(P(C3CCCCC3)C4CCCCC4)C=CC=C2,O=C(OC)C1=CC=NO1,CN1CCCN2C1=NCCC2,IC1=CC=C(C(F)(F)F)C=C1,18.90594075
d97312375770f758,FullCV_01,2992,CC(C)C(C=C(C(C)C)C=C1C(C)C)=C1C2=C(P(C3CCCCC3)C4CCCCC4)C=CC=C2,CC1=NOC=C1,CN1CCCN2C1=NCCC2,BrC1=CC=C(OC)C=C1,14.82994008
e3a10a03f33b5ac8,FullCV_01,2993,CC(C)C(C=C(C(C)C)C=C1C(C)C)=C1C2=C(P(C(C)(C)C)C(C)(C)C)C(OC)=CC=C2OC,CC1=NOC=C1,CN1CCCN2C1=NCCC2,BrC1=NC=CC=C1,93.03255731
9489cf79cd6c8224,FullCV_01,2994,CC(C)C(C=C(C(C)C)C=C1C(C)C)=C1C2=C(P(C3CCCCC3)C4CCCCC4)C=CC=C2,CC1=CC(C(OCC)=O)=NO1,CN(C)P(N(C)C)(N(C)C)=NP(N(C)C)(N(C)C)=NCC,IC1=CN=CC=C1,30.87112941
97da9a446f0d0d69,FullCV_01,2995,CC(C)C(C=C(C(C)C)C=C1C(C)C)=C1C2=C(P(C(C)(C)C)C(C)(C)C)C(OC)=CC=C2OC,CC1=NOC(C2=CC=CC=C2)=C1,CN1CCCN2C1=NCCC2,BrC1=CC=C(CC)C=C1,70.7141131
17a5e299e7e54cd5,FullCV_01,2996,CC(C)C(C=C(C(C)C)C=C1C(C)C)=C1C2=C(P(C3CCCCC3)C4CCCCC4)C=CC=C2,C1(C2=CC=CC=C2)=CC=NO1,CN(C)P(N(C)C)(N(C)C)=NP(N(C)C)(N(C)C)=NCC,ClC1=CN=CC=C1,7.787908452
988a1feccf23e691,FullCV_01,2997,CC(C)C(C=C(C(C)C)C=C1C(C)C)=C1C2=C(P(C3CCCCC3)C4CCCCC4)C=CC=C2,CC1=C(C(OCC)=O)C=NO1,CC(C)(C)/N=C(N(C)C)/N(C)C,BrC1=NC=CC=C1,18.5257144
52cd6bf14b377ccb,FullCV_01,2998,CC(C)C(C=C(C(C)C)C=C1C(C)C)=C1C2=C(P(C(C)(C)C)C(C)(C)C)C=CC=C2,O=C(OC)C1=NOC(C2=CC=CO2)=C1,CN1CCCN2C1=NCCC2,IC1=CN=CC=C1,79.34654649
dfbff582a9393c03,FullCV_01,2999,CC(C)C(C=C(C(C)C)C=C1C(C)C)=C1C2=C(P(C(C)(C)C)C(C)(C)C)C=CC=C2,FC(C=CC=C1F)=C1C2=CC=NO2,CN1CCCN2C1=NCCC2,ClC1=CC=C(C(F)(F)F)C=C1,17.84178388
770d7f68a5e1c43b,FullCV_01,3000,CC(C)C(C=C(C(C)C)C=C1C(C)C)=C1C2=C(P([C@@]3(C[C@@H]4C5)C[C@H](C4)C[C@H]5C3)[C@]6(C7)C[C@@H](C[C@@H]7C8)C[C@@H]8C6)C(OC)=CC=C2OC,COC1=NOC(C(OCC)=O)=C1,CN(C)P(N(C)C)(N(C)C)=NP(N(C)C)(N(C)C)=NCC,ClC1=CC=C(C(F)(F)F)C=C1,6.891124522
2d4e616a8126cf50,FullCV_01,3001,CC(C)C(C=C(C(C)C)C=C1C(C)C)=C1C2=C(P(C3CCCCC3)C4CCCCC4)C=CC=C2,C12=C(C=CC=C2)ON=C1,CN1CCCN2C1=NCCC2,BrC1=CN=CC=C1,10.25341715
548c2d5ead0ff1aa,FullCV_01,3002,CC(C)C(C=C(C(C)C)C=C1C(C)C)=C1C2=C(P(C(C)(C)C)C(C)(C)C)C=CC=C2,CC1=C(C(OCC)=O)C=NO1,CN1CCCN2C1=NCCC2,IC1=NC=CC=C1,70.86807008
6fc781aa4cde687b,FullCV_01,3003,CC(C)C(C=C(C(C)C)C=C1C(C)C)=C1C2=C(P(C3CCCCC3)C4CCCCC4)C=CC=C2,O=C(OC)C1=NOC(C2=CC=CO2)=C1,CN1CCCN2C1=NCCC2,IC1=CC=C(CC)C=C1,38.16631108
f378fc1ff84f5fa0,FullCV_01,3004,CC(C)C(C=C(C(C)C)C=C1C(C)C)=C1C2=C(P(C(C)(C)C)C(C)(C)C)C=CC=C2,COC1=NOC(C(OCC)=O)=C1,CN1CCCN2C1=NCCC2,IC1=CC=C(OC)C=C1,42.52654707
e4689ea284f1c960,FullCV_01,3005,CC(C)C(C=C(C(C)C)C=C1C(C)C)=C1C2=C(P(C3CCCCC3)C4CCCCC4)C=CC=C2,CC1=CC=NO1,CN(C)P(N(C)C)(N(C)C)=NP(N(C)C)(N(C)C)=NCC,IC1=CN=CC=C1,14.9442896
82448cfbb25cbd42,FullCV_01,3006,CC(C)C(C=C(C(C)C)C=C1C(C)C)=C1C2=C(P(C(C)(C)C)C(C)(C)C)C=CC=C2,CCOC(C1=CON=C1)=O,CN1CCCN2C1=NCCC2,IC1=CC=C(OC)C=C1,19.40320705
7f7825170e07a058,FullCV_01,3007,CC(C)C(C=C(C(C)C)C=C1C(C)C)=C1C2=C(P([C@@]3(C[C@@H]4C5)C[C@H](C4)C[C@H]5C3)[C@]6(C7)C[C@@H](C[C@@H]7C8)C[C@@H]8C6)C(OC)=CC=C2OC,CC1=C(C(OCC)=O)C=NO1,CN1CCCN2C1=NCCC2,IC1=CC=C(CC)C=C1,51.5902696
b44dd9279a56ee23,FullCV_01,3008,CC(C)C(C=C(C(C)C)C=C1C(C)C)=C1C2=C(P(C(C)(C)C)C(C)(C)C)C(OC)=CC=C2OC,C1(C2=CC=CC=C2)=NOC=C1,CC(C)(C)/N=C(N(C)C)/N(C)C,BrC1=CC=C(C(F)(F)F)C=C1,48.4805474
2d96aeddfe759d96,FullCV_01,3009,CC(C)C(C=C(C(C)C)C=C1C(C)C)=C1C2=C(P(C(C)(C)C)C(C)(C)C)C(OC)=CC=C2OC,CC1=C(C(OCC)=O)C=NO1,CC(C)(C)/N=C(N(C)C)/N(C)C,IC1=CN=CC=C1,27.6789971
acd617eb815ceeb7,FullCV_01,3010,CC(C)C(C=C(C(C)C)C=C1C(C)C)=C1C2=C(P([C@@]3(C[C@@H]4C5)C[C@H](C4)C[C@H]5C3)[C@]6(C7)C[C@@H](C[C@@H]7C8)C[C@@H]8C6)C(OC)=CC=C2OC,C12=CON=C1C=CC=C2,CC(C)(C)/N=C(N(C)C)/N(C)C,IC1=CN=CC=C1,6.702513015
82659a24aa993828,FullCV_01,3011,CC(C)C(C=C(C(C)C)C=C1C(C)C)=C1C2=C(P(C3CCCCC3)C4CCCCC4)C=CC=C2,O=C(OC)C1=CC=NO1,CN1CCCN2C1=NCCC2,ClC1=CN=CC=C1,6.131625875
83dfb8f31502179f,FullCV_01,3012,CC(C)C(C=C(C(C)C)C=C1C(C)C)=C1C2=C(P(C(C)(C)C)C(C)(C)C)C(OC)=CC=C2OC,C1(C2=CC=CC=C2)=NOC=C1,CN(C)P(N(C)C)(N(C)C)=NP(N(C)C)(N(C)C)=NCC,BrC1=NC=CC=C1,87.93113193
bdfac1e6bf96edeb,FullCV_01,3013,CC(C)C(C=C(C(C)C)C=C1C(C)C)=C1C2=C(P([C@@]3(C[C@@H]4C5)C[C@H](C4)C[C@H]5C3)[C@]6(C7)C[C@@H](C[C@@H]7C8)C[C@@H]8C6)C(OC)=CC=C2OC,O=C(OC)C1=NOC(C2=CC=CS2)=C1,CC(C)(C)/N=C(N(C)C)/N(C)C,BrC1=CC=C(OC)C=C1,20.54633014
01d4771d9f1f9880,FullCV_01,3014,CC(C)C(C=C(C(C)C)C=C1C(C)C)=C1C2=C(P([C@@]3(C[C@@H]4C5)C[C@H](C4)C[C@H]5C3)[C@]6(C7)C[C@@H](C[C@@H]7C8)C[C@@H]8C6)C(OC)=CC=C2OC,CC1=NOC=C1,CN(C)P(N(C)C)(N(C)C)=NP(N(C)C)(N(C)C)=NCC,ClC1=CC=C(OC)C=C1,0.0
244e2ea6fa53ab24,FullCV_01,3015,CC(C)C(C=C(C(C)C)C=C1C(C)C)=C1C2=C(P(C(C)(C)C)C(C)(C)C)C(OC)=CC=C2OC,FC(C=CC=C1F)=C1C2=CC=NO2,CN1CCCN2C1=NCCC2,BrC1=CC=C(OC)C=C1,31.09780796
1a8371e31d8b4d4a,FullCV_01,3016,CC(C)C(C=C(C(C)C)C=C1C(C)C)=C1C2=C(P(C(C)(C)C)C(C)(C)C)C(OC)=CC=C2OC,C1(C2=CC=CC=C2)=CON=C1,CC(C)(C)/N=C(N(C)C)/N(C)C,ClC1=CC=C(OC)C=C1,0.0
db1f6e689778307d,FullCV_01,3017,CC(C)C(C=C(C(C)C)C=C1C(C)C)=C1C2=C(P([C@@]3(C[C@@H]4C5)C[C@H](C4)C[C@H]5C3)[C@]6(C7)C[C@@H](C[C@@H]7C8)C[C@@H]8C6)C(OC)=CC=C2OC,CC1=NOC=C1,CC(C)(C)/N=C(N(C)C)/N(C)C,IC1=CC=C(CC)C=C1,83.93941968
a64cbe259d89478d,FullCV_01,3018,CC(C)C(C=C(C(C)C)C=C1C(C)C)=C1C2=C(P(C(C)(C)C)C(C)(C)C)C(OC)=CC=C2OC,C12=C(C=CC=C2)ON=C1,CC(C)(C)/N=C(N(C)C)/N(C)C,BrC1=CC=C(CC)C=C1,38.52322666
e6844cbe1f6c0837,FullCV_01,3019,CC(C)C(C=C(C(C)C)C=C1C(C)C)=C1C2=C(P(C(C)(C)C)C(C)(C)C)C(OC)=CC=C2OC,O=C(OC)C1=NOC(C2=CC=CS2)=C1,CN(C)P(N(C)C)(N(C)C)=NP(N(C)C)(N(C)C)=NCC,ClC1=CC=C(C(F)(F)F)C=C1,2.008708666
3d71a482ce5ddc67,FullCV_01,3020,CC(C)C(C=C(C(C)C)C=C1C(C)C)=C1C2=C(P(C3CCCCC3)C4CCCCC4)C=CC=C2,CC1=CC=NO1,CN1CCCN2C1=NCCC2,ClC1=CC=C(CC)C=C1,2.547971795
7fd72110e17f860a,FullCV_01,3021,CC(C)C(C=C(C(C)C)C=C1C(C)C)=C1C2=C(P([C@@]3(C[C@@H]4C5)C[C@H](C4)C[C@H]5C3)[C@]6(C7)C[C@@H](C[C@@H]7C8)C[C@@H]8C6)C(OC)=CC=C2OC,CC1=CC=NO1,CC(C)(C)/N=C(N(C)C)/N(C)C,IC1=NC=CC=C1,46.33728613
3198a34e87b65c2e,FullCV_01,3022,CC(C)C(C=C(C(C)C)C=C1C(C)C)=C1C2=C(P([C@@]3(C[C@@H]4C5)C[C@H](C4)C[C@H]5C3)[C@]6(C7)C[C@@H](C[C@@H]7C8)C[C@@H]8C6)C(OC)=CC=C2OC,O=C(OC)C1=CC=NO1,CN(C)P(N(C)C)(N(C)C)=NP(N(C)C)(N(C)C)=NCC,BrC1=CC=C(OC)C=C1,4.7783658
b3170783ab48b818,FullCV_01,3023,CC(C)C(C=C(C(C)C)C=C1C(C)C)=C1C2=C(P(C(C)(C)C)C(C)(C)C)C=CC=C2,FC(C=CC=C1F)=C1C2=CC=NO2,CN(C)P(N(C)C)(N(C)C)=NP(N(C)C)(N(C)C)=NCC,IC1=CN=CC=C1,23.46293461
61927652f0129e9e,FullCV_01,3024,CC(C)C(C=C(C(C)C)C=C1C(C)C)=C1C2=C(P(C3CCCCC3)C4CCCCC4)C=CC=C2,C1(C2=CC=CC=C2)=CON=C1,CN1CCCN2C1=NCCC2,IC1=CC=C(CC)C=C1,23.43579167
4d4ab5c8e145da21,FullCV_01,3025,CC(C)C(C=C(C(C)C)C=C1C(C)C)=C1C2=C(P([C@@]3(C[C@@H]4C5)C[C@H](C4)C[C@H]5C3)[C@]6(C7)C[C@@H](C[C@@H]7C8)C[C@@H]8C6)C(OC)=CC=C2OC,C1(C2=CC=CC=C2)=CON=C1,CN(C)P(N(C)C)(N(C)C)=NP(N(C)C)(N(C)C)=NCC,BrC1=CC=C(OC)C=C1,13.88581248
6e9abe0ed755ece3,FullCV_01,3026,CC(C)C(C=C(C(C)C)C=C1C(C)C)=C1C2=C(P([C@@]3(C[C@@H]4C5)C[C@H](C4)C[C@H]5C3)[C@]6(C7)C[C@@H](C[C@@H]7C8)C[C@@H]8C6)C(OC)=CC=C2OC,CC1=NOC(C2=CC=CC=C2)=C1,CN(C)P(N(C)C)(N(C)C)=NP(N(C)C)(N(C)C)=NCC,ClC1=NC=CC=C1,74.22961906
9c2d411434be26ca,FullCV_01,3027,CC(C)C(C=C(C(C)C)C=C1C(C)C)=C1C2=C(P(C(C)(C)C)C(C)(C)C)C=CC=C2,COC1=NOC(C(OCC)=O)=C1,CN(C)P(N(C)C)(N(C)C)=NP(N(C)C)(N(C)C)=NCC,BrC1=CC=C(C(F)(F)F)C=C1,35.80552258
0aec2bae6348c92e,FullCV_01,3028,CC(C)C(C=C(C(C)C)C=C1C(C)C)=C1C2=C(P(C3CCCCC3)C4CCCCC4)C=CC=C2,CC1=NOC(C2=CC=CC=C2)=C1,CC(C)(C)/N=C(N(C)C)/N(C)C,IC1=CC=C(C(F)(F)F)C=C1,37.39576088
7532d0d09d0a1563,FullCV_01,3029,CC(C)C(C=C(C(C)C)C=C1C(C)C)=C1C2=C(P(C(C)(C)C)C(C)(C)C)C=CC=C2,CC1=NOC(C(OCC)=O)=C1,CC(C)(C)/N=C(N(C)C)/N(C)C,IC1=CC=C(OC)C=C1,43.69560153
0b1633f8b3bbdb05,FullCV_01,3030,CC(C)C(C=C(C(C)C)C=C1C(C)C)=C1C2=C(P(C(C)(C)C)C(C)(C)C)C(OC)=CC=C2OC,C1(N(CC2=CC=CC=C2)CC3=CC=CC=C3)=CC=NO1,CN1CCCN2C1=NCCC2,ClC1=NC=CC=C1,72.24358198
099fbdb9bb418ffd,FullCV_01,3031,CC(C)C(C=C(C(C)C)C=C1C(C)C)=C1C2=C(P(C(C)(C)C)C(C)(C)C)C=CC=C2,C1(C2=CC=CC=C2)=NOC=C1,CC(C)(C)/N=C(N(C)C)/N(C)C,ClC1=CC=C(OC)C=C1,1.102452884
3ed7268646fe942b,FullCV_01,3032,CC(C)C(C=C(C(C)C)C=C1C(C)C)=C1C2=C(P(C3CCCCC3)C4CCCCC4)C=CC=C2,C1(N(CC2=CC=CC=C2)CC3=CC=CC=C3)=CC=NO1,CC(C)(C)/N=C(N(C)C)/N(C)C,ClC1=CN=CC=C1,0.0
473949fe1e69ec9c,FullCV_01,3033,CC(C)C(C=C(C(C)C)C=C1C(C)C)=C1C2=C(P(C(C)(C)C)C(C)(C)C)C=CC=C2,O=C(OC)C1=CC=NO1,CC(C)(C)/N=C(N(C)C)/N(C)C,IC1=CC=C(CC)C=C1,50.62222146
89b4f768d92e1292,FullCV_01,3034,CC(C)C(C=C(C(C)C)C=C1C(C)C)=C1C2=C(P(C(C)(C)C)C(C)(C)C)C(OC)=CC=C2OC,C1(N(CC2=CC=CC=C2)CC3=CC=CC=C3)=NOC=C1,CN(C)P(N(C)C)(N(C)C)=NP(N(C)C)(N(C)C)=NCC,ClC1=CC=C(OC)C=C1,7.206982067
173493da9bd44cda,FullCV_01,3035,CC(C)C(C=C(C(C)C)C=C1C(C)C)=C1C2=C(P(C(C)(C)C)C(C)(C)C)C(OC)=CC=C2OC,CC1=CC(N2C=CC=C2)=NO1,CN1CCCN2C1=NCCC2,BrC1=CN=CC=C1,76.95155975
50405d96a7122f28,FullCV_01,3036,CC(C)C(C=C(C(C)C)C=C1C(C)C)=C1C2=C(P(C(C)(C)C)C(C)(C)C)C=CC=C2,CC1=CC(C(OCC)=O)=NO1,CN(C)P(N(C)C)(N(C)C)=NP(N(C)C)(N(C)C)=NCC,IC1=CC=C(OC)C=C1,43.35721014
08b8621609a8b32f,FullCV_01,3037,CC(C)C(C=C(C(C)C)C=C1C(C)C)=C1C2=C(P(C(C)(C)C)C(C)(C)C)C=CC=C2,CC1=CC(N2C=CC=C2)=NO1,CC(C)(C)/N=C(N(C)C)/N(C)C,ClC1=NC=CC=C1,64.60204454
6c31128990de460a,FullCV_01,3038,CC(C)C(C=C(C(C)C)C=C1C(C)C)=C1C2=C(P(C(C)(C)C)C(C)(C)C)C(OC)=CC=C2OC,CC1=CC(C(OCC)=O)=NO1,CN(C)P(N(C)C)(N(C)C)=NP(N(C)C)(N(C)C)=NCC,ClC1=CC=C(OC)C=C1,0.297246729
53718683fd98cbfc,FullCV_01,3039,CC(C)C(C=C(C(C)C)C=C1C(C)C)=C1C2=C(P(C(C)(C)C)C(C)(C)C)C=CC=C2,C1(C2=CC=CC=C2)=CON=C1,CN1CCCN2C1=NCCC2,ClC1=CC=C(C(F)(F)F)C=C1,26.05284451
303352bbc99acce4,FullCV_01,3040,CC(C)C(C=C(C(C)C)C=C1C(C)C)=C1C2=C(P([C@@]3(C[C@@H]4C5)C[C@H](C4)C[C@H]5C3)[C@]6(C7)C[C@@H](C[C@@H]7C8)C[C@@H]8C6)C(OC)=CC=C2OC,CC1=NOC(C(OCC)=O)=C1,CN(C)P(N(C)C)(N(C)C)=NP(N(C)C)(N(C)C)=NCC,BrC1=NC=CC=C1,63.25759385
9893b469e4ed72d7,FullCV_01,3041,CC(C)C(C=C(C(C)C)C=C1C(C)C)=C1C2=C(P([C@@]3(C[C@@H]4C5)C[C@H](C4)C[C@H]5C3)[C@]6(C7)C[C@@H](C[C@@H]7C8)C[C@@H]8C6)C(OC)=CC=C2OC,O=C(OC)C1=CC=NO1,CN(C)P(N(C)C)(N(C)C)=NP(N(C)C)(N(C)C)=NCC,ClC1=CC=C(C(F)(F)F)C=C1,3.449624718
8e8a309682efa142,FullCV_01,3042,CC(C)C(C=C(C(C)C)C=C1C(C)C)=C1C2=C(P([C@@]3(C[C@@H]4C5)C[C@H](C4)C[C@H]5C3)[C@]6(C7)C[C@@H](C[C@@H]7C8)C[C@@H]8C6)C(OC)=CC=C2OC,CC1=CC(N2C=CC=C2)=NO1,CN1CCCN2C1=NCCC2,ClC1=NC=CC=C1,78.41262052
5a7b259c8202b02d,FullCV_01,3043,CC(C)C(C=C(C(C)C)C=C1C(C)C)=C1C2=C(P([C@@]3(C[C@@H]4C5)C[C@H](C4)C[C@H]5C3)[C@]6(C7)C[C@@H](C[C@@H]7C8)C[C@@H]8C6)C(OC)=CC=C2OC,O=C(OC)C1=NOC(C2=CC=CO2)=C1,CN1CCCN2C1=NCCC2,ClC1=NC=CC=C1,47.18415816
7e55aff14db7fe21,FullCV_01,3044,CC(C)C(C=C(C(C)C)C=C1C(C)C)=C1C2=C(P(C3CCCCC3)C4CCCCC4)C=CC=C2,CCOC(C1=NOC=C1)=O,CC(C)(C)/N=C(N(C)C)/N(C)C,BrC1=CN=CC=C1,26.55730378
8b98cb4ddbe1dce3,FullCV_01,3045,CC(C)C(C=C(C(C)C)C=C1C(C)C)=C1C2=C(P(C(C)(C)C)C(C)(C)C)C=CC=C2,C1(C2=CC=CC=C2)=CON=C1,CC(C)(C)/N=C(N(C)C)/N(C)C,IC1=CC=C(OC)C=C1,55.19349187
1eaad919218b4104,FullCV_01,3046,CC(C)C(C=C(C(C)C)C=C1C(C)C)=C1C2=C(P(C3CCCCC3)C4CCCCC4)C=CC=C2,C12=CON=C1C=CC=C2,CN(C)P(N(C)C)(N(C)C)=NP(N(C)C)(N(C)C)=NCC,IC1=CN=CC=C1,9.676524882
945c0a4eca783de5,FullCV_01,3047,CC(C)C(C=C(C(C)C)C=C1C(C)C)=C1C2=C(P(C(C)(C)C)C(C)(C)C)C=CC=C2,C1(N(CC2=CC=CC=C2)CC3=CC=CC=C3)=NOC=C1,CN1CCCN2C1=NCCC2,IC1=CN=CC=C1,81.63071985
21e04d31cf1822f4,FullCV_01,3048,CC(C)C(C=C(C(C)C)C=C1C(C)C)=C1C2=C(P(C3CCCCC3)C4CCCCC4)C=CC=C2,C1(N(CC2=CC=CC=C2)CC3=CC=CC=C3)=NOC=C1,CN(C)P(N(C)C)(N(C)C)=NP(N(C)C)(N(C)C)=NCC,BrC1=CC=C(OC)C=C1,44.50757189
0152655987f1e94e,FullCV_01,3049,CC(C)C(C=C(C(C)C)C=C1C(C)C)=C1C2=C(P(C(C)(C)C)C(C)(C)C)C=CC=C2,C1(N(CC2=CC=CC=C2)CC3=CC=CC=C3)=CC=NO1,CN1CCCN2C1=NCCC2,IC1=CC=C(C(F)(F)F)C=C1,39.35756061
c2d941e7dedbb5eb,FullCV_01,3050,CC(C)C(C=C(C(C)C)C=C1C(C)C)=C1C2=C(P(C3CCCCC3)C4CCCCC4)C=CC=C2,CC1=CC(N2C=CC=C2)=NO1,CN1CCCN2C1=NCCC2,IC1=CC=C(OC)C=C1,17.33987768
9c663a065071b0db,FullCV_01,3051,CC(C)C(C=C(C(C)C)C=C1C(C)C)=C1C2=C(P([C@@]3(C[C@@H]4C5)C[C@H](C4)C[C@H]5C3)[C@]6(C7)C[C@@H](C[C@@H]7C8)C[C@@H]8C6)C(OC)=CC=C2OC,O=C(OC)C1=NOC(C2=CC=CS2)=C1,CN1CCCN2C1=NCCC2,ClC1=CN=CC=C1,1.44008073
8d4280937a68d2e5,FullCV_01,3052,CC(C)C(C=C(C(C)C)C=C1C(C)C)=C1C2=C(P([C@@]3(C[C@@H]4C5)C[C@H](C4)C[C@H]5C3)[C@]6(C7)C[C@@H](C[C@@H]7C8)C[C@@H]8C6)C(OC)=CC=C2OC,CC1=CC(C)=NO1,CC(C)(C)/N=C(N(C)C)/N(C)C,BrC1=CC=C(C(F)(F)F)C=C1,33.30841773
03370bc9bda0c192,FullCV_01,3053,CC(C)C(C=C(C(C)C)C=C1C(C)C)=C1C2=C(P(C(C)(C)C)C(C)(C)C)C=CC=C2,C1(N(CC2=CC=CC=C2)CC3=CC=CC=C3)=CC=NO1,CC(C)(C)/N=C(N(C)C)/N(C)C,IC1=NC=CC=C1,60.13886073
b87f6b9c23ad7cd4,FullCV_01,3054,CC(C)C(C=C(C(C)C)C=C1C(C)C)=C1C2=C(P(C(C)(C)C)C(C)(C)C)C(OC)=CC=C2OC,CCOC(C1=CON=C1)=O,CC(C)(C)/N=C(N(C)C)/N(C)C,ClC1=NC=CC=C1,0.0
001f5aa6b9f97f2f,FullCV_01,3055,CC(C)C(C=C(C(C)C)C=C1C(C)C)=C1C2=C(P([C@@]3(C[C@@H]4C5)C[C@H](C4)C[C@H]5C3)[C@]6(C7)C[C@@H](C[C@@H]7C8)C[C@@H]8C6)C(OC)=CC=C2OC,FC(C=CC=C1F)=C1C2=CC=NO2,CN1CCCN2C1=NCCC2,IC1=CC=C(OC)C=C1,49.01475041
d36f040969f009d9,FullCV_01,3056,CC(C)C(C=C(C(C)C)C=C1C(C)C)=C1C2=C(P([C@@]3(C[C@@H]4C5)C[C@H](C4)C[C@H]5C3)[C@]6(C7)C[C@@H](C[C@@H]7C8)C[C@@H]8C6)C(OC)=CC=C2OC,C12=C(C=CC=C2)ON=C1,CC(C)(C)/N=C(N(C)C)/N(C)C,ClC1=NC=CC=C1,13.79100096
b1c6367d68a31579,FullCV_01,3057,CC(C)C(C=C(C(C)C)C=C1C(C)C)=C1C2=C(P([C@@]3(C[C@@H]4C5)C[C@H](C4)C[C@H]5C3)[C@]6(C7)C[C@@H](C[C@@H]7C8)C[C@@H]8C6)C(OC)=CC=C2OC,CC1=C(C(OCC)=O)C=NO1,CN1CCCN2C1=NCCC2,IC1=NC=CC=C1,63.351286
5ca7b30d61fb53e2,FullCV_01,3058,CC(C)C(C=C(C(C)C)C=C1C(C)C)=C1C2=C(P(C(C)(C)C)C(C)(C)C)C(OC)=CC=C2OC,O=C(OC)C1=CC=NO1,CN(C)P(N(C)C)(N(C)C)=NP(N(C)C)(N(C)C)=NCC,ClC1=CC=C(OC)C=C1,0.5287627
cfc659a1bfa50253,FullCV_01,3059,CC(C)C(C=C(C(C)C)C=C1C(C)C)=C1C2=C(P(C(C)(C)C)C(C)(C)C)C(OC)=CC=C2OC,O=C(OC)C1=CC=NO1,CC(C)(C)/N=C(N(C)C)/N(C)C,BrC1=CC=C(CC)C=C1,10.36729294
cb0de3bd8ccd041d,FullCV_01,3060,CC(C)C(C=C(C(C)C)C=C1C(C)C)=C1C2=C(P([C@@]3(C[C@@H]4C5)C[C@H](C4)C[C@H]5C3)[C@]6(C7)C[C@@H](C[C@@H]7C8)C[C@@H]8C6)C(OC)=CC=C2OC,C1(C2=CC=CC=C2)=CC=NO1,CC(C)(C)/N=C(N(C)C)/N(C)C,ClC1=NC=CC=C1,24.60602271
233442755c83e13f,FullCV_01,3061,CC(C)C(C=C(C(C)C)C=C1C(C)C)=C1C2=C(P(C(C)(C)C)C(C)(C)C)C=CC=C2,CC1=CC=NO1,CN(C)P(N(C)C)(N(C)C)=NP(N(C)C)(N(C)C)=NCC,IC1=CN=CC=C1,23.04134387
1aa1b6cbf9fcfe10,FullCV_01,3062,CC(C)C(C=C(C(C)C)C=C1C(C)C)=C1C2=C(P(C(C)(C)C)C(C)(C)C)C=CC=C2,O=C(OC)C1=NOC(C2=CC=CO2)=C1,CN(C)P(N(C)C)(N(C)C)=NP(N(C)C)(N(C)C)=NCC,BrC1=CC=C(CC)C=C1,65.57301901
206de731c957ce05,FullCV_01,3063,CC(C)C(C=C(C(C)C)C=C1C(C)C)=C1C2=C(P(C3CCCCC3)C4CCCCC4)C=CC=C2,CC1=C(C(OCC)=O)C=NO1,CN1CCCN2C1=NCCC2,IC1=NC=CC=C1,28.02951353
e7941dd747e2f9f8,FullCV_01,3064,CC(C)C(C=C(C(C)C)C=C1C(C)C)=C1C2=C(P(C3CCCCC3)C4CCCCC4)C=CC=C2,CC1=NOC(C(OCC)=O)=C1,CC(C)(C)/N=C(N(C)C)/N(C)C,BrC1=CC=C(OC)C=C1,13.9769471
8a6c8bf0d305c59a,FullCV_01,3065,CC(C)C(C=C(C(C)C)C=C1C(C)C)=C1C2=C(P(C(C)(C)C)C(C)(C)C)C=CC=C2,CC1=NOC(C2=CC=CC=C2)=C1,CN(C)P(N(C)C)(N(C)C)=NP(N(C)C)(N(C)C)=NCC,IC1=CC=C(CC)C=C1,64.60187181
2d35ef16d17f7b1e,FullCV_01,3066,CC(C)C(C=C(C(C)C)C=C1C(C)C)=C1C2=C(P(C(C)(C)C)C(C)(C)C)C=CC=C2,C12=C(C=CC=C2)ON=C1,CN(C)P(N(C)C)(N(C)C)=NP(N(C)C)(N(C)C)=NCC,ClC1=CC=C(CC)C=C1,5.628261366
4c80543661afd6ea,FullCV_01,3067,CC(C)C(C=C(C(C)C)C=C1C(C)C)=C1C2=C(P(C(C)(C)C)C(C)(C)C)C(OC)=CC=C2OC,CC1=CC(C)=NO1,CC(C)(C)/N=C(N(C)C)/N(C)C,BrC1=NC=CC=C1,62.53871196
379218c678a9fd20,FullCV_01,3068,CC(C)C(C=C(C(C)C)C=C1C(C)C)=C1C2=C(P([C@@]3(C[C@@H]4C5)C[C@H](C4)C[C@H]5C3)[C@]6(C7)C[C@@H](C[C@@H]7C8)C[C@@H]8C6)C(OC)=CC=C2OC,C1(C2=CC=CC=C2)=NOC=C1,CN1CCCN2C1=NCCC2,IC1=NC=CC=C1,94.14846732
b73ab923188b7fb4,FullCV_01,3069,CC(C)C(C=C(C(C)C)C=C1C(C)C)=C1C2=C(P(C3CCCCC3)C4CCCCC4)C=CC=C2,C1(N(CC2=CC=CC=C2)CC3=CC=CC=C3)=NOC=C1,CC(C)(C)/N=C(N(C)C)/N(C)C,BrC1=CC=C(C(F)(F)F)C=C1,30.84474943
fb74ad3c35b0ae43,FullCV_01,3070,CC(C)C(C=C(C(C)C)C=C1C(C)C)=C1C2=C(P(C(C)(C)C)C(C)(C)C)C=CC=C2,C1(N(CC2=CC=CC=C2)CC3=CC=CC=C3)=CC=NO1,CN1CCCN2C1=NCCC2,BrC1=CN=CC=C1,55.95219042
0eb51c3a4ed81ea0,FullCV_01,3071,CC(C)C(C=C(C(C)C)C=C1C(C)C)=C1C2=C(P(C(C)(C)C)C(C)(C)C)C=CC=C2,C1(C2=CC=CC=C2)=CC=NO1,CN(C)P(N(C)C)(N(C)C)=NP(N(C)C)(N(C)C)=NCC,IC1=NC=CC=C1,36.58798902
fedbd7f6c932daa7,FullCV_01,3072,CC(C)C(C=C(C(C)C)C=C1C(C)C)=C1C2=C(P([C@@]3(C[C@@H]4C5)C[C@H](C4)C[C@H]5C3)[C@]6(C7)C[C@@H](C[C@@H]7C8)C[C@@H]8C6)C(OC)=CC=C2OC,O=C(OC)C1=NOC(C2=CC=CO2)=C1,CN(C)P(N(C)C)(N(C)C)=NP(N(C)C)(N(C)C)=NCC,IC1=CN=CC=C1,50.25936964
e855a345f36c553b,FullCV_01,3073,CC(C)C(C=C(C(C)C)C=C1C(C)C)=C1C2=C(P([C@@]3(C[C@@H]4C5)C[C@H](C4)C[C@H]5C3)[C@]6(C7)C[C@@H](C[C@@H]7C8)C[C@@H]8C6)C(OC)=CC=C2OC,C1(C2=CC=CC=C2)=CON=C1,CN(C)P(N(C)C)(N(C)C)=NP(N(C)C)(N(C)C)=NCC,IC1=CC=C(C(F)(F)F)C=C1,13.8481868
d5ec4599107c09c4,FullCV_01,3074,CC(C)C(C=C(C(C)C)C=C1C(C)C)=C1C2=C(P(C(C)(C)C)C(C)(C)C)C=CC=C2,C1(C2=CC=CC=C2)=CON=C1,CN1CCCN2C1=NCCC2,BrC1=CC=C(OC)C=C1,49.39865649
3cf823a81a6d349b,FullCV_01,3075,CC(C)C(C=C(C(C)C)C=C1C(C)C)=C1C2=C(P([C@@]3(C[C@@H]4C5)C[C@H](C4)C[C@H]5C3)[C@]6(C7)C[C@@H](C[C@@H]7C8)C[C@@H]8C6)C(OC)=CC=C2OC,CC1=CC(C(OCC)=O)=NO1,CC(C)(C)/N=C(N(C)C)/N(C)C,IC1=CC=C(CC)C=C1,78.61961971
57fe766dd6fcb6b9,FullCV_01,3076,CC(C)C(C=C(C(C)C)C=C1C(C)C)=C1C2=C(P(C3CCCCC3)C4CCCCC4)C=CC=C2,CC1=CC(C(OCC)=O)=NO1,CN(C)P(N(C)C)(N(C)C)=NP(N(C)C)(N(C)C)=NCC,BrC1=NC=CC=C1,28.75149591
f90ebdfc934134a6,FullCV_01,3077,CC(C)C(C=C(C(C)C)C=C1C(C)C)=C1C2=C(P([C@@]3(C[C@@H]4C5)C[C@H](C4)C[C@H]5C3)[C@]6(C7)C[C@@H](C[C@@H]7C8)C[C@@H]8C6)C(OC)=CC=C2OC,C1(C2=CC=CC=C2)=CON=C1,CC(C)(C)/N=C(N(C)C)/N(C)C,ClC1=NC=CC=C1,17.3168226
3e8038a1ba0c4785,FullCV_01,3078,CC(C)C(C=C(C(C)C)C=C1C(C)C)=C1C2=C(P(C(C)(C)C)C(C)(C)C)C(OC)=CC=C2OC,C1(C2=CC=CC=C2)=CON=C1,CN(C)P(N(C)C)(N(C)C)=NP(N(C)C)(N(C)C)=NCC,BrC1=NC=CC=C1,25.95507424
0620bd8a526a2bd2,FullCV_01,3079,CC(C)C(C=C(C(C)C)C=C1C(C)C)=C1C2=C(P([C@@]3(C[C@@H]4C5)C[C@H](C4)C[C@H]5C3)[C@]6(C7)C[C@@H](C[C@@H]7C8)C[C@@H]8C6)C(OC)=CC=C2OC,CCOC(C1=CON=C1)=O,CN1CCCN2C1=NCCC2,IC1=NC=CC=C1,35.68280094
659184e4c26a4bb7,FullCV_01,3080,CC(C)C(C=C(C(C)C)C=C1C(C)C)=C1C2=C(P([C@@]3(C[C@@H]4C5)C[C@H](C4)C[C@H]5C3)[C@]6(C7)C[C@@H](C[C@@H]7C8)C[C@@H]8C6)C(OC)=CC=C2OC,FC(C=CC=C1F)=C1C2=CC=NO2,CN(C)P(N(C)C)(N(C)C)=NP(N(C)C)(N(C)C)=NCC,BrC1=CC=C(OC)C=C1,14.89842021
e49db8fad3bfc7bb,FullCV_01,3081,CC(C)C(C=C(C(C)C)C=C1C(C)C)=C1C2=C(P(C3CCCCC3)C4CCCCC4)C=CC=C2,CC1=CC(N2C=CC=C2)=NO1,CC(C)(C)/N=C(N(C)C)/N(C)C,IC1=CC=C(CC)C=C1,37.39742705
629b1553ddc7c9cf,FullCV_01,3082,CC(C)C(C=C(C(C)C)C=C1C(C)C)=C1C2=C(P(C3CCCCC3)C4CCCCC4)C=CC=C2,CCOC(C1=NOC=C1)=O,CN(C)P(N(C)C)(N(C)C)=NP(N(C)C)(N(C)C)=NCC,ClC1=NC=CC=C1,0.0
f338e8e93b1e6ec9,FullCV_01,3083,CC(C)C(C=C(C(C)C)C=C1C(C)C)=C1C2=C(P(C3CCCCC3)C4CCCCC4)C=CC=C2,CC1=NOC(C2=CC=CC=C2)=C1,CN1CCCN2C1=NCCC2,IC1=CC=C(C(F)(F)F)C=C1,38.83428513
0124081ef3d5d689,FullCV_01,3084,CC(C)C(C=C(C(C)C)C=C1C(C)C)=C1C2=C(P(C(C)(C)C)C(C)(C)C)C(OC)=CC=C2OC,O=C(OC)C1=NOC(C2=CC=CS2)=C1,CN1CCCN2C1=NCCC2,BrC1=CC=C(OC)C=C1,36.98776703
1d0410d9b8a2a1b6,FullCV_01,3085,CC(C)C(C=C(C(C)C)C=C1C(C)C)=C1C2=C(P(C3CCCCC3)C4CCCCC4)C=CC=C2,C12=C(C=CC=C2)ON=C1,CN(C)P(N(C)C)(N(C)C)=NP(N(C)C)(N(C)C)=NCC,IC1=CC=C(C(F)(F)F)C=C1,35.89724622
38bddbcbe33b3920,FullCV_01,3086,CC(C)C(C=C(C(C)C)C=C1C(C)C)=C1C2=C(P(C3CCCCC3)C4CCCCC4)C=CC=C2,C1(C2=CC=CC=C2)=NOC=C1,CN(C)P(N(C)C)(N(C)C)=NP(N(C)C)(N(C)C)=NCC,ClC1=NC=CC=C1,10.59565991
fd325241decbb37a,FullCV_01,3087,CC(C)C(C=C(C(C)C)C=C1C(C)C)=C1C2=C(P(C(C)(C)C)C(C)(C)C)C(OC)=CC=C2OC,C1(N(CC2=CC=CC=C2)CC3=CC=CC=C3)=CC=NO1,CN(C)P(N(C)C)(N(C)C)=NP(N(C)C)(N(C)C)=NCC,BrC1=NC=CC=C1,47.20893463
5b5bd5017bd04706,FullCV_01,3088,CC(C)C(C=C(C(C)C)C=C1C(C)C)=C1C2=C(P(C(C)(C)C)C(C)(C)C)C(OC)=CC=C2OC,CC1=CC(C)=NO1,CC(C)(C)/N=C(N(C)C)/N(C)C,BrC1=CC=C(OC)C=C1,38.49679424
21c2c67bc3a7057d,FullCV_01,3089,CC(C)C(C=C(C(C)C)C=C1C(C)C)=C1C2=C(P(C(C)(C)C)C(C)(C)C)C=CC=C2,CC1=NOC=C1,CN(C)P(N(C)C)(N(C)C)=NP(N(C)C)(N(C)C)=NCC,BrC1=NC=CC=C1,63.14714159
c6cbb8d97b0c5ee7,FullCV_01,3090,CC(C)C(C=C(C(C)C)C=C1C(C)C)=C1C2=C(P([C@@]3(C[C@@H]4C5)C[C@H](C4)C[C@H]5C3)[C@]6(C7)C[C@@H](C[C@@H]7C8)C[C@@H]8C6)C(OC)=CC=C2OC,CC1=NOC=C1,CN(C)P(N(C)C)(N(C)C)=NP(N(C)C)(N(C)C)=NCC,ClC1=CC=C(C(F)(F)F)C=C1,1.261091862
7a155230a44b5ddd,FullCV_01,3091,CC(C)C(C=C(C(C)C)C=C1C(C)C)=C1C2=C(P(C(C)(C)C)C(C)(C)C)C=CC=C2,O=C(OC)C1=CC=NO1,CC(C)(C)/N=C(N(C)C)/N(C)C,BrC1=NC=CC=C1,54.30595244
bdd1623977e08a22,FullCV_01,3092,CC(C)C(C=C(C(C)C)C=C1C(C)C)=C1C2=C(P(C(C)(C)C)C(C)(C)C)C(OC)=CC=C2OC,O=C(OC)C1=NOC(C2=CC=CO2)=C1,CN1CCCN2C1=NCCC2,IC1=NC=CC=C1,89.61417594
9e4800cb2a053147,FullCV_01,3093,CC(C)C(C=C(C(C)C)C=C1C(C)C)=C1C2=C(P([C@@]3(C[C@@H]4C5)C[C@H](C4)C[C@H]5C3)[C@]6(C7)C[C@@H](C[C@@H]7C8)C[C@@H]8C6)C(OC)=CC=C2OC,C1(N(CC2=CC=CC=C2)CC3=CC=CC=C3)=CC=NO1,CC(C)(C)/N=C(N(C)C)/N(C)C,IC1=NC=CC=C1,56.03747384
5710233c8570a580,FullCV_01,3094,CC(C)C(C=C(C(C)C)C=C1C(C)C)=C1C2=C(P([C@@]3(C[C@@H]4C5)C[C@H](C4)C[C@H]5C3)[C@]6(C7)C[C@@H](C[C@@H]7C8)C[C@@H]8C6)C(OC)=CC=C2OC,O=C(OC)C1=CC=NO1,CN1CCCN2C1=NCCC2,ClC1=CC=C(CC)C=C1,2.373221649
c526333e71d20eac,FullCV_01,3095,CC(C)C(C=C(C(C)C)C=C1C(C)C)=C1C2=C(P(C(C)(C)C)C(C)(C)C)C(OC)=CC=C2OC,O=C(OC)C1=CC=NO1,CN(C)P(N(C)C)(N(C)C)=NP(N(C)C)(N(C)C)=NCC,BrC1=NC=CC=C1,19.93006899
993e0d16ecc6764e,FullCV_01,3096,CC(C)C(C=C(C(C)C)C=C1C(C)C)=C1C2=C(P(C3CCCCC3)C4CCCCC4)C=CC=C2,CC1=CC=NO1,CC(C)(C)/N=C(N(C)C)/N(C)C,IC1=NC=CC=C1,43.37501152
8a67ba5381c63031,FullCV_01,3097,CC(C)C(C=C(C(C)C)C=C1C(C)C)=C1C2=C(P(C(C)(C)C)C(C)(C)C)C(OC)=CC=C2OC,O=C(OC)C1=NOC(C2=CC=CS2)=C1,CC(C)(C)/N=C(N(C)C)/N(C)C,ClC1=NC=CC=C1,58.01064055
674c840ee5d4fa71,FullCV_01,3098,CC(C)C(C=C(C(C)C)C=C1C(C)C)=C1C2=C(P([C@@]3(C[C@@H]4C5)C[C@H](C4)C[C@H]5C3)[C@]6(C7)C[C@@H](C[C@@H]7C8)C[C@@H]8C6)C(OC)=CC=C2OC,CC1=CC(C)=NO1,CN1CCCN2C1=NCCC2,IC1=CC=C(OC)C=C1,50.21013597
d40de8cdce00a44d,FullCV_01,3099,CC(C)C(C=C(C(C)C)C=C1C(C)C)=C1C2=C(P(C(C)(C)C)C(C)(C)C)C=CC=C2,C1(C2=CC=CC=C2)=CON=C1,CN1CCCN2C1=NCCC2,IC1=CC=C(CC)C=C1,81.15116736
0ed1d75940961a89,FullCV_01,3100,CC(C)C(C=C(C(C)C)C=C1C(C)C)=C1C2=C(P(C(C)(C)C)C(C)(C)C)C=CC=C2,CC1=CC=NO1,CN(C)P(N(C)C)(N(C)C)=NP(N(C)C)(N(C)C)=NCC,IC1=CC=C(OC)C=C1,18.29616546
9bc78f489d71f37f,FullCV_01,3101,CC(C)C(C=C(C(C)C)C=C1C(C)C)=C1C2=C(P([C@@]3(C[C@@H]4C5)C[C@H](C4)C[C@H]5C3)[C@]6(C7)C[C@@H](C[C@@H]7C8)C[C@@H]8C6)C(OC)=CC=C2OC,O=C(OC)C1=NOC(C2=CC=CS2)=C1,CN(C)P(N(C)C)(N(C)C)=NP(N(C)C)(N(C)C)=NCC,IC1=CN=CC=C1,45.77046106
a4fc6f66b8f88eeb,FullCV_01,3102,CC(C)C(C=C(C(C)C)C=C1C(C)C)=C1C2=C(P(C(C)(C)C)C(C)(C)C)C=CC=C2,C1(C2=CC=CC=C2)=NOC=C1,CN(C)P(N(C)C)(N(C)C)=NP(N(C)C)(N(C)C)=NCC,BrC1=CC=C(CC)C=C1,83.3036144
32972641870df99a,FullCV_01,3103,CC(C)C(C=C(C(C)C)C=C1C(C)C)=C1C2=C(P(C(C)(C)C)C(C)(C)C)C(OC)=CC=C2OC,CC1=CC(C)=NO1,CN1CCCN2C1=NCCC2,BrC1=CC=C(CC)C=C1,75.03674068
039c6db374c622b3,FullCV_01,3104,CC(C)C(C=C(C(C)C)C=C1C(C)C)=C1C2=C(P(C(C)(C)C)C(C)(C)C)C(OC)=CC=C2OC,O=C(OC)C1=NOC(C2=CC=CO2)=C1,CN(C)P(N(C)C)(N(C)C)=NP(N(C)C)(N(C)C)=NCC,ClC1=CN=CC=C1,0.970209889
5fbcf4424490804b,FullCV_01,3105,CC(C)C(C=C(C(C)C)C=C1C(C)C)=C1C2=C(P(C3CCCCC3)C4CCCCC4)C=CC=C2,CCOC(C1=CON=C1)=O,CC(C)(C)/N=C(N(C)C)/N(C)C,IC1=NC=CC=C1,1.530768374
00208296d22064cc,FullCV_01,3106,CC(C)C(C=C(C(C)C)C=C1C(C)C)=C1C2=C(P([C@@]3(C[C@@H]4C5)C[C@H](C4)C[C@H]5C3)[C@]6(C7)C[C@@H](C[C@@H]7C8)C[C@@H]8C6)C(OC)=CC=C2OC,C1(C2=CC=CC=C2)=NOC=C1,CN(C)P(N(C)C)(N(C)C)=NP(N(C)C)(N(C)C)=NCC,BrC1=CC=C(OC)C=C1,53.17975334
95aeb6b9ca7ec957,FullCV_01,3107,CC(C)C(C=C(C(C)C)C=C1C(C)C)=C1C2=C(P([C@@]3(C[C@@H]4C5)C[C@H](C4)C[C@H]5C3)[C@]6(C7)C[C@@H](C[C@@H]7C8)C[C@@H]8C6)C(OC)=CC=C2OC,CC1=CC(C)=NO1,CN(C)P(N(C)C)(N(C)C)=NP(N(C)C)(N(C)C)=NCC,BrC1=CC=C(CC)C=C1,61.80395318
74b02450fe79f5c5,FullCV_01,3108,CC(C)C(C=C(C(C)C)C=C1C(C)C)=C1C2=C(P(C(C)(C)C)C(C)(C)C)C(OC)=CC=C2OC,O=C(OC)C1=CC=NO1,CC(C)(C)/N=C(N(C)C)/N(C)C,IC1=CC=C(OC)C=C1,35.24488191
f5faea7bcbe3be54,FullCV_01,3109,CC(C)C(C=C(C(C)C)C=C1C(C)C)=C1C2=C(P(C(C)(C)C)C(C)(C)C)C(OC)=CC=C2OC,CC1=CC=NO1,CN1CCCN2C1=NCCC2,BrC1=NC=CC=C1,88.82757824
9d1f1b02e0fa293a,FullCV_01,3110,CC(C)C(C=C(C(C)C)C=C1C(C)C)=C1C2=C(P(C3CCCCC3)C4CCCCC4)C=CC=C2,FC(C=CC=C1F)=C1C2=CC=NO2,CN1CCCN2C1=NCCC2,IC1=CN=CC=C1,16.38360507
ef54f6e79790b28f,FullCV_01,3111,CC(C)C(C=C(C(C)C)C=C1C(C)C)=C1C2=C(P([C@@]3(C[C@@H]4C5)C[C@H](C4)C[C@H]5C3)[C@]6(C7)C[C@@H](C[C@@H]7C8)C[C@@H]8C6)C(OC)=CC=C2OC,C1(C2=CC=CC=C2)=NOC=C1,CN1CCCN2C1=NCCC2,BrC1=CC=C(CC)C=C1,80.39591728
7de815455c81d50c,FullCV_01,3112,CC(C)C(C=C(C(C)C)C=C1C(C)C)=C1C2=C(P([C@@]3(C[C@@H]4C5)C[C@H](C4)C[C@H]5C3)[C@]6(C7)C[C@@H](C[C@@H]7C8)C[C@@H]8C6)C(OC)=CC=C2OC,CCOC(C1=CON=C1)=O,CC(C)(C)/N=C(N(C)C)/N(C)C,IC1=CN=CC=C1,1.40959558
68d883927d32fdcc,FullCV_01,3113,CC(C)C(C=C(C(C)C)C=C1C(C)C)=C1C2=C(P(C(C)(C)C)C(C)(C)C)C(OC)=CC=C2OC,CC1=CC(C(OCC)=O)=NO1,CN1CCCN2C1=NCCC2,BrC1=NC=CC=C1,91.05627032
a63411ba94def851,FullCV_01,3114,CC(C)C(C=C(C(C)C)C=C1C(C)C)=C1C2=C(P([C@@]3(C[C@@H]4C5)C[C@H](C4)C[C@H]5C3)[C@]6(C7)C[C@@H](C[C@@H]7C8)C[C@@H]8C6)C(OC)=CC=C2OC,CC1=C(C(OCC)=O)C=NO1,CN1CCCN2C1=NCCC2,ClC1=NC=CC=C1,48.18783868
917f7895d615c0ad,FullCV_01,3115,CC(C)C(C=C(C(C)C)C=C1C(C)C)=C1C2=C(P([C@@]3(C[C@@H]4C5)C[C@H](C4)C[C@H]5C3)[C@]6(C7)C[C@@H](C[C@@H]7C8)C[C@@H]8C6)C(OC)=CC=C2OC,O=C(OC)C1=CC=NO1,CN(C)P(N(C)C)(N(C)C)=NP(N(C)C)(N(C)C)=NCC,IC1=CC=C(CC)C=C1,14.43785417
fed34846f34787c8,FullCV_01,3116,CC(C)C(C=C(C(C)C)C=C1C(C)C)=C1C2=C(P(C3CCCCC3)C4CCCCC4)C=CC=C2,O=C(OC)C1=CC=NO1,CN1CCCN2C1=NCCC2,ClC1=CC=C(OC)C=C1,0.0
9fdc1aa7c6f62848,FullCV_01,3117,CC(C)C(C=C(C(C)C)C=C1C(C)C)=C1C2=C(P(C(C)(C)C)C(C)(C)C)C=CC=C2,CC1=CC(C(OCC)=O)=NO1,CN1CCCN2C1=NCCC2,IC1=CC=C(C(F)(F)F)C=C1,49.58296909
5795558e69df40cc,FullCV_01,3118,CC(C)C(C=C(C(C)C)C=C1C(C)C)=C1C2=C(P([C@@]3(C[C@@H]4C5)C[C@H](C4)C[C@H]5C3)[C@]6(C7)C[C@@H](C[C@@H]7C8)C[C@@H]8C6)C(OC)=CC=C2OC,C12=C(C=CC=C2)ON=C1,CN(C)P(N(C)C)(N(C)C)=NP(N(C)C)(N(C)C)=NCC,ClC1=CN=CC=C1,13.34689497
01e28053811fd68c,FullCV_01,3119,CC(C)C(C=C(C(C)C)C=C1C(C)C)=C1C2=C(P(C3CCCCC3)C4CCCCC4)C=CC=C2,C1(C2=CC=CC=C2)=CON=C1,CN(C)P(N(C)C)(N(C)C)=NP(N(C)C)(N(C)C)=NCC,IC1=CC=C(OC)C=C1,5.971176669
a96e91ba232f2ae9,FullCV_01,3120,CC(C)C(C=C(C(C)C)C=C1C(C)C)=C1C2=C(P([C@@]3(C[C@@H]4C5)C[C@H](C4)C[C@H]5C3)[C@]6(C7)C[C@@H](C[C@@H]7C8)C[C@@H]8C6)C(OC)=CC=C2OC,FC(C=CC=C1F)=C1C2=CC=NO2,CC(C)(C)/N=C(N(C)C)/N(C)C,ClC1=CN=CC=C1,1.726024029
d6c38e36d017a860,FullCV_01,3121,CC(C)C(C=C(C(C)C)C=C1C(C)C)=C1C2=C(P([C@@]3(C[C@@H]4C5)C[C@H](C4)C[C@H]5C3)[C@]6(C7)C[C@@H](C[C@@H]7C8)C[C@@H]8C6)C(OC)=CC=C2OC,C12=C(C=CC=C2)ON=C1,CC(C)(C)/N=C(N(C)C)/N(C)C,IC1=CC=C(CC)C=C1,39.89470015
6f69e0f1f0abd4ab,FullCV_01,3122,CC(C)C(C=C(C(C)C)C=C1C(C)C)=C1C2=C(P([C@@]3(C[C@@H]4C5)C[C@H](C4)C[C@H]5C3)[C@]6(C7)C[C@@H](C[C@@H]7C8)C[C@@H]8C6)C(OC)=CC=C2OC,CC1=NOC(C(OCC)=O)=C1,CN1CCCN2C1=NCCC2,ClC1=CN=CC=C1,2.310618854
7567203d2c7a16df,FullCV_01,3123,CC(C)C(C=C(C(C)C)C=C1C(C)C)=C1C2=C(P(C(C)(C)C)C(C)(C)C)C(OC)=CC=C2OC,CC1=CC=NO1,CC(C)(C)/N=C(N(C)C)/N(C)C,ClC1=CC=C(OC)C=C1,0.0
e790fd9a37201caf,FullCV_01,3124,CC(C)C(C=C(C(C)C)C=C1C(C)C)=C1C2=C(P(C3CCCCC3)C4CCCCC4)C=CC=C2,CCOC(C1=CON=C1)=O,CC(C)(C)/N=C(N(C)C)/N(C)C,ClC1=CC=C(C(F)(F)F)C=C1,0.757519124
36c5f405350a7d89,FullCV_01,3125,CC(C)C(C=C(C(C)C)C=C1C(C)C)=C1C2=C(P(C3CCCCC3)C4CCCCC4)C=CC=C2,CC1=C(C(OCC)=O)C=NO1,CC(C)(C)/N=C(N(C)C)/N(C)C,BrC1=CC=C(CC)C=C1,3.339136515
21ce051aeebda77c,FullCV_01,3126,CC(C)C(C=C(C(C)C)C=C1C(C)C)=C1C2=C(P([C@@]3(C[C@@H]4C5)C[C@H](C4)C[C@H]5C3)[C@]6(C7)C[C@@H](C[C@@H]7C8)C[C@@H]8C6)C(OC)=CC=C2OC,CC1=NOC(C2=CC=CC=C2)=C1,CN1CCCN2C1=NCCC2,IC1=CC=C(C(F)(F)F)C=C1,45.20399384
bdbc76194a15fd16,FullCV_01,3127,CC(C)C(C=C(C(C)C)C=C1C(C)C)=C1C2=C(P([C@@]3(C[C@@H]4C5)C[C@H](C4)C[C@H]5C3)[C@]6(C7)C[C@@H](C[C@@H]7C8)C[C@@H]8C6)C(OC)=CC=C2OC,O=C(OC)C1=NOC(C2=CC=CS2)=C1,CC(C)(C)/N=C(N(C)C)/N(C)C,IC1=CN=CC=C1,55.26466335
f12ab7178ed2721a,FullCV_01,3128,CC(C)C(C=C(C(C)C)C=C1C(C)C)=C1C2=C(P(C(C)(C)C)C(C)(C)C)C(OC)=CC=C2OC,C12=CON=C1C=CC=C2,CC(C)(C)/N=C(N(C)C)/N(C)C,BrC1=CC=C(OC)C=C1,3.378377543
9cc8d8c7d33e43d0,FullCV_01,3129,CC(C)C(C=C(C(C)C)C=C1C(C)C)=C1C2=C(P(C3CCCCC3)C4CCCCC4)C=CC=C2,CC1=NOC(C2=CC=CC=C2)=C1,CN1CCCN2C1=NCCC2,IC1=NC=CC=C1,62.69909879
dfcf62c8ce34869f,FullCV_01,3130,CC(C)C(C=C(C(C)C)C=C1C(C)C)=C1C2=C(P(C(C)(C)C)C(C)(C)C)C=CC=C2,CCOC(C1=NOC=C1)=O,CN1CCCN2C1=NCCC2,ClC1=CC=C(OC)C=C1,0.723968187
640bbcfea741c4a7,FullCV_01,3131,CC(C)C(C=C(C(C)C)C=C1C(C)C)=C1C2=C(P(C(C)(C)C)C(C)(C)C)C(OC)=CC=C2OC,FC(C=CC=C1F)=C1C2=CC=NO2,CN1CCCN2C1=NCCC2,ClC1=CC=C(C(F)(F)F)C=C1,13.51164782
8454c66c37165914,FullCV_01,3132,CC(C)C(C=C(C(C)C)C=C1C(C)C)=C1C2=C(P([C@@]3(C[C@@H]4C5)C[C@H](C4)C[C@H]5C3)[C@]6(C7)C[C@@H](C[C@@H]7C8)C[C@@H]8C6)C(OC)=CC=C2OC,CCOC(C1=CON=C1)=O,CN1CCCN2C1=NCCC2,BrC1=CC=C(C(F)(F)F)C=C1,24.40165539
66b9d1be2a87584e,FullCV_01,3133,CC(C)C(C=C(C(C)C)C=C1C(C)C)=C1C2=C(P(C3CCCCC3)C4CCCCC4)C=CC=C2,CC1=NOC(C2=CC=CC=C2)=C1,CC(C)(C)/N=C(N(C)C)/N(C)C,BrC1=CN=CC=C1,19.13281286
59108612312c9d51,FullCV_01,3134,CC(C)C(C=C(C(C)C)C=C1C(C)C)=C1C2=C(P(C(C)(C)C)C(C)(C)C)C=CC=C2,FC(C=CC=C1F)=C1C2=CC=NO2,CN(C)P(N(C)C)(N(C)C)=NP(N(C)C)(N(C)C)=NCC,IC1=CC=C(OC)C=C1,15.94900479
1f58e385ccd7e774,FullCV_01,3135,CC(C)C(C=C(C(C)C)C=C1C(C)C)=C1C2=C(P(C(C)(C)C)C(C)(C)C)C=CC=C2,C1(C2=CC=CC=C2)=NOC=C1,CN1CCCN2C1=NCCC2,BrC1=CC=C(OC)C=C1,50.57898439
8dbc8a7a2210d169,FullCV_01,3136,CC(C)C(C=C(C(C)C)C=C1C(C)C)=C1C2=C(P(C3CCCCC3)C4CCCCC4)C=CC=C2,CC1=CC(C)=NO1,CC(C)(C)/N=C(N(C)C)/N(C)C,BrC1=CN=CC=C1,26.30947521
de08990a392a01e9,FullCV_01,3137,CC(C)C(C=C(C(C)C)C=C1C(C)C)=C1C2=C(P([C@@]3(C[C@@H]4C5)C[C@H](C4)C[C@H]5C3)[C@]6(C7)C[C@@H](C[C@@H]7C8)C[C@@H]8C6)C(OC)=CC=C2OC,C12=C(C=CC=C2)ON=C1,CN(C)P(N(C)C)(N(C)C)=NP(N(C)C)(N(C)C)=NCC,BrC1=NC=CC=C1,25.99050807
652e0e437e8f03eb,FullCV_01,3138,CC(C)C(C=C(C(C)C)C=C1C(C)C)=C1C2=C(P([C@@]3(C[C@@H]4C5)C[C@H](C4)C[C@H]5C3)[C@]6(C7)C[C@@H](C[C@@H]7C8)C[C@@H]8C6)C(OC)=CC=C2OC,FC(C=CC=C1F)=C1C2=CC=NO2,CN(C)P(N(C)C)(N(C)C)=NP(N(C)C)(N(C)C)=NCC,IC1=CC=C(OC)C=C1,16.26779165
0dadfd5e79e7cd59,FullCV_01,3139,CC(C)C(C=C(C(C)C)C=C1C(C)C)=C1C2=C(P(C3CCCCC3)C4CCCCC4)C=CC=C2,CC1=CC=NO1,CN1CCCN2C1=NCCC2,IC1=CC=C(C(F)(F)F)C=C1,35.26155109
ec2baf4193a9c44f,FullCV_01,3140,CC(C)C(C=C(C(C)C)C=C1C(C)C)=C1C2=C(P([C@@]3(C[C@@H]4C5)C[C@H](C4)C[C@H]5C3)[C@]6(C7)C[C@@H](C[C@@H]7C8)C[C@@H]8C6)C(OC)=CC=C2OC,CC1=CC(C(OCC)=O)=NO1,CC(C)(C)/N=C(N(C)C)/N(C)C,IC1=CC=C(OC)C=C1,45.40015878
c897262050ad46a6,FullCV_01,3141,CC(C)C(C=C(C(C)C)C=C1C(C)C)=C1C2=C(P(C(C)(C)C)C(C)(C)C)C=CC=C2,CC1=CC=NO1,CC(C)(C)/N=C(N(C)C)/N(C)C,IC1=CN=CC=C1,54.65489395
538c527a36f6e226,FullCV_01,3142,CC(C)C(C=C(C(C)C)C=C1C(C)C)=C1C2=C(P([C@@]3(C[C@@H]4C5)C[C@H](C4)C[C@H]5C3)[C@]6(C7)C[C@@H](C[C@@H]7C8)C[C@@H]8C6)C(OC)=CC=C2OC,C1(C2=CC=CC=C2)=CC=NO1,CC(C)(C)/N=C(N(C)C)/N(C)C,IC1=CC=C(OC)C=C1,40.1396941
24b1de9ff9c7bca0,FullCV_01,3143,CC(C)C(C=C(C(C)C)C=C1C(C)C)=C1C2=C(P([C@@]3(C[C@@H]4C5)C[C@H](C4)C[C@H]5C3)[C@]6(C7)C[C@@H](C[C@@H]7C8)C[C@@H]8C6)C(OC)=CC=C2OC,C1(N(CC2=CC=CC=C2)CC3=CC=CC=C3)=NOC=C1,CC(C)(C)/N=C(N(C)C)/N(C)C,IC1=CC=C(OC)C=C1,59.60099255
30f0cca09d9a08d2,FullCV_01,3144,CC(C)C(C=C(C(C)C)C=C1C(C)C)=C1C2=C(P(C(C)(C)C)C(C)(C)C)C=CC=C2,O=C(OC)C1=NOC(C2=CC=CS2)=C1,CN(C)P(N(C)C)(N(C)C)=NP(N(C)C)(N(C)C)=NCC,BrC1=CN=CC=C1,70.27327326
85e7863d4f656d93,FullCV_01,3145,CC(C)C(C=C(C(C)C)C=C1C(C)C)=C1C2=C(P([C@@]3(C[C@@H]4C5)C[C@H](C4)C[C@H]5C3)[C@]6(C7)C[C@@H](C[C@@H]7C8)C[C@@H]8C6)C(OC)=CC=C2OC,O=C(OC)C1=NOC(C2=CC=CO2)=C1,CC(C)(C)/N=C(N(C)C)/N(C)C,IC1=CC=C(C(F)(F)F)C=C1,34.85762141
8b1e9b9b6be866bb,FullCV_01,3146,CC(C)C(C=C(C(C)C)C=C1C(C)C)=C1C2=C(P([C@@]3(C[C@@H]4C5)C[C@H](C4)C[C@H]5C3)[C@]6(C7)C[C@@H](C[C@@H]7C8)C[C@@H]8C6)C(OC)=CC=C2OC,CC1=NOC(C(OCC)=O)=C1,CC(C)(C)/N=C(N(C)C)/N(C)C,ClC1=CN=CC=C1,1.517636561
5c2533040946ee91,FullCV_01,3147,CC(C)C(C=C(C(C)C)C=C1C(C)C)=C1C2=C(P([C@@]3(C[C@@H]4C5)C[C@H](C4)C[C@H]5C3)[C@]6(C7)C[C@@H](C[C@@H]7C8)C[C@@H]8C6)C(OC)=CC=C2OC,CC1=CC(N2C=CC=C2)=NO1,CN1CCCN2C1=NCCC2,ClC1=CC=C(OC)C=C1,1.126878627
f69c8e75738a1181,FullCV_01,3148,CC(C)C(C=C(C(C)C)C=C1C(C)C)=C1C2=C(P(C(C)(C)C)C(C)(C)C)C(OC)=CC=C2OC,C12=CON=C1C=CC=C2,CC(C)(C)/N=C(N(C)C)/N(C)C,ClC1=CC=C(CC)C=C1,3.549284452
f300fca6af8c172f,FullCV_01,3149,CC(C)C(C=C(C(C)C)C=C1C(C)C)=C1C2=C(P([C@@]3(C[C@@H]4C5)C[C@H](C4)C[C@H]5C3)[C@]6(C7)C[C@@H](C[C@@H]7C8)C[C@@H]8C6)C(OC)=CC=C2OC,CC1=C(C(OCC)=O)C=NO1,CN1CCCN2C1=NCCC2,BrC1=CC=C(C(F)(F)F)C=C1,27.06341711
adc2bd8005d603c5,FullCV_01,3150,CC(C)C(C=C(C(C)C)C=C1C(C)C)=C1C2=C(P(C3CCCCC3)C4CCCCC4)C=CC=C2,CCOC(C1=CON=C1)=O,CN(C)P(N(C)C)(N(C)C)=NP(N(C)C)(N(C)C)=NCC,ClC1=CC=C(CC)C=C1,0.0
2bd26c6da9efef79,FullCV_01,3151,CC(C)C(C=C(C(C)C)C=C1C(C)C)=C1C2=C(P(C(C)(C)C)C(C)(C)C)C=CC=C2,CC1=NOC=C1,CC(C)(C)/N=C(N(C)C)/N(C)C,ClC1=CC=C(CC)C=C1,3.012114112
a6a292c5883398e4,FullCV_01,3152,CC(C)C(C=C(C(C)C)C=C1C(C)C)=C1C2=C(P(C(C)(C)C)C(C)(C)C)C=CC=C2,CC1=NOC=C1,CN1CCCN2C1=NCCC2,IC1=CC=C(CC)C=C1,79.63886176
d01ea8eac3d64cee,FullCV_01,3153,CC(C)C(C=C(C(C)C)C=C1C(C)C)=C1C2=C(P([C@@]3(C[C@@H]4C5)C[C@H](C4)C[C@H]5C3)[C@]6(C7)C[C@@H](C[C@@H]7C8)C[C@@H]8C6)C(OC)=CC=C2OC,CC1=NOC=C1,CN(C)P(N(C)C)(N(C)C)=NP(N(C)C)(N(C)C)=NCC,ClC1=CN=CC=C1,2.241763673
aeffda8d46a66f97,FullCV_01,3154,CC(C)C(C=C(C(C)C)C=C1C(C)C)=C1C2=C(P(C(C)(C)C)C(C)(C)C)C(OC)=CC=C2OC,C1(C2=CC=CC=C2)=CC=NO1,CN(C)P(N(C)C)(N(C)C)=NP(N(C)C)(N(C)C)=NCC,BrC1=CC=C(C(F)(F)F)C=C1,9.714563227
810e66cb9b623d6b,FullCV_01,3155,CC(C)C(C=C(C(C)C)C=C1C(C)C)=C1C2=C(P([C@@]3(C[C@@H]4C5)C[C@H](C4)C[C@H]5C3)[C@]6(C7)C[C@@H](C[C@@H]7C8)C[C@@H]8C6)C(OC)=CC=C2OC,COC1=NOC(C(OCC)=O)=C1,CC(C)(C)/N=C(N(C)C)/N(C)C,BrC1=CN=CC=C1,53.27735781
e6fa7077f106daf6,FullCV_01,3156,CC(C)C(C=C(C(C)C)C=C1C(C)C)=C1C2=C(P(C3CCCCC3)C4CCCCC4)C=CC=C2,O=C(OC)C1=NOC(C2=CC=CS2)=C1,CC(C)(C)/N=C(N(C)C)/N(C)C,BrC1=CC=C(CC)C=C1,22.99620882
e1d3b1445ebffbf1,FullCV_01,3157,CC(C)C(C=C(C(C)C)C=C1C(C)C)=C1C2=C(P([C@@]3(C[C@@H]4C5)C[C@H](C4)C[C@H]5C3)[C@]6(C7)C[C@@H](C[C@@H]7C8)C[C@@H]8C6)C(OC)=CC=C2OC,CC1=CC(C(OCC)=O)=NO1,CC(C)(C)/N=C(N(C)C)/N(C)C,ClC1=CN=CC=C1,12.48635948
6dc6e95d269c70f2,FullCV_01,3158,CC(C)C(C=C(C(C)C)C=C1C(C)C)=C1C2=C(P([C@@]3(C[C@@H]4C5)C[C@H](C4)C[C@H]5C3)[C@]6(C7)C[C@@H](C[C@@H]7C8)C[C@@H]8C6)C(OC)=CC=C2OC,FC(C=CC=C1F)=C1C2=CC=NO2,CN(C)P(N(C)C)(N(C)C)=NP(N(C)C)(N(C)C)=NCC,ClC1=CC=C(C(F)(F)F)C=C1,10.47269891
4d010d50a2db414a,FullCV_01,3159,CC(C)C(C=C(C(C)C)C=C1C(C)C)=C1C2=C(P(C3CCCCC3)C4CCCCC4)C=CC=C2,C1(C2=CC=CC=C2)=NOC=C1,CN1CCCN2C1=NCCC2,ClC1=CC=C(CC)C=C1,4.67315366
61b102a0099984f1,FullCV_01,3160,CC(C)C(C=C(C(C)C)C=C1C(C)C)=C1C2=C(P(C(C)(C)C)C(C)(C)C)C=CC=C2,C1(N(CC2=CC=CC=C2)CC3=CC=CC=C3)=NOC=C1,CN1CCCN2C1=NCCC2,ClC1=CC=C(OC)C=C1,42.0580413
c91662b5c1c1c3d2,FullCV_01,3161,CC(C)C(C=C(C(C)C)C=C1C(C)C)=C1C2=C(P(C3CCCCC3)C4CCCCC4)C=CC=C2,CC1=C(C(OCC)=O)C=NO1,CN(C)P(N(C)C)(N(C)C)=NP(N(C)C)(N(C)C)=NCC,ClC1=NC=CC=C1,12.438351
6d4e56e793b965df,FullCV_01,3162,CC(C)C(C=C(C(C)C)C=C1C(C)C)=C1C2=C(P(C(C)(C)C)C(C)(C)C)C=CC=C2,COC1=NOC(C(OCC)=O)=C1,CC(C)(C)/N=C(N(C)C)/N(C)C,ClC1=CC=C(OC)C=C1,0.339942053
197602a1f663eed2,FullCV_01,3163,CC(C)C(C=C(C(C)C)C=C1C(C)C)=C1C2=C(P(C3CCCCC3)C4CCCCC4)C=CC=C2,C12=C(C=CC=C2)ON=C1,CN(C)P(N(C)C)(N(C)C)=NP(N(C)C)(N(C)C)=NCC,IC1=NC=CC=C1,23.94536549
b7520b74e3570aaa,FullCV_01,3164,CC(C)C(C=C(C(C)C)C=C1C(C)C)=C1C2=C(P(C(C)(C)C)C(C)(C)C)C(OC)=CC=C2OC,O=C(OC)C1=NOC(C2=CC=CS2)=C1,CN1CCCN2C1=NCCC2,IC1=CN=CC=C1,83.83843021
c9b6bb7056e5b6b1,FullCV_01,3165,CC(C)C(C=C(C(C)C)C=C1C(C)C)=C1C2=C(P([C@@]3(C[C@@H]4C5)C[C@H](C4)C[C@H]5C3)[C@]6(C7)C[C@@H](C[C@@H]7C8)C[C@@H]8C6)C(OC)=CC=C2OC,CC1=CC(C(OCC)=O)=NO1,CN1CCCN2C1=NCCC2,ClC1=CC=C(OC)C=C1,0.364667905
e97b4b6efdee26ca,FullCV_01,3166,CC(C)C(C=C(C(C)C)C=C1C(C)C)=C1C2=C(P(C3CCCCC3)C4CCCCC4)C=CC=C2,O=C(OC)C1=CC=NO1,CN1CCCN2C1=NCCC2,ClC1=NC=CC=C1,14.22488447
e1aba8fad9da844c,FullCV_01,3167,CC(C)C(C=C(C(C)C)C=C1C(C)C)=C1C2=C(P(C(C)(C)C)C(C)(C)C)C=CC=C2,CC1=CC=NO1,CC(C)(C)/N=C(N(C)C)/N(C)C,BrC1=CN=CC=C1,57.02971842
cbf0e5c0bff3a755,FullCV_01,3168,CC(C)C(C=C(C(C)C)C=C1C(C)C)=C1C2=C(P(C(C)(C)C)C(C)(C)C)C(OC)=CC=C2OC,CC1=CC=NO1,CN1CCCN2C1=NCCC2,IC1=CC=C(CC)C=C1,75.71719698
a3a9b5d95798b567,FullCV_01,3169,CC(C)C(C=C(C(C)C)C=C1C(C)C)=C1C2=C(P(C(C)(C)C)C(C)(C)C)C=CC=C2,C1(C2=CC=CC=C2)=NOC=C1,CN1CCCN2C1=NCCC2,ClC1=NC=CC=C1,86.19439925
a5201df7ba737cca,FullCV_01,3170,CC(C)C(C=C(C(C)C)C=C1C(C)C)=C1C2=C(P([C@@]3(C[C@@H]4C5)C[C@H](C4)C[C@H]5C3)[C@]6(C7)C[C@@H](C[C@@H]7C8)C[C@@H]8C6)C(OC)=CC=C2OC,COC1=NOC(C(OCC)=O)=C1,CN(C)P(N(C)C)(N(C)C)=NP(N(C)C)(N(C)C)=NCC,IC1=CN=CC=C1,61.03423565
c5aca668261eecff,FullCV_01,3171,CC(C)C(C=C(C(C)C)C=C1C(C)C)=C1C2=C(P(C(C)(C)C)C(C)(C)C)C(OC)=CC=C2OC,COC1=NOC(C(OCC)=O)=C1,CN1CCCN2C1=NCCC2,BrC1=CC=C(CC)C=C1,55.23935567
455952a0eb0de3ab,FullCV_01,3172,CC(C)C(C=C(C(C)C)C=C1C(C)C)=C1C2=C(P(C(C)(C)C)C(C)(C)C)C(OC)=CC=C2OC,CC1=NOC(C(OCC)=O)=C1,CN1CCCN2C1=NCCC2,ClC1=CN=CC=C1,3.498335753
a4493f6cca3dd5f5,FullCV_01,3173,CC(C)C(C=C(C(C)C)C=C1C(C)C)=C1C2=C(P(C3CCCCC3)C4CCCCC4)C=CC=C2,C1(C2=CC=CC=C2)=CON=C1,CN1CCCN2C1=NCCC2,ClC1=CN=CC=C1,9.061926079
f9419e65fc8b2d2c,FullCV_01,3174,CC(C)C(C=C(C(C)C)C=C1C(C)C)=C1C2=C(P(C(C)(C)C)C(C)(C)C)C(OC)=CC=C2OC,FC(C=CC=C1F)=C1C2=CC=NO2,CN1CCCN2C1=NCCC2,ClC1=CC=C(CC)C=C1,6.604799576
9f7e33d62056ee05,FullCV_01,3175,CC(C)C(C=C(C(C)C)C=C1C(C)C)=C1C2=C(P(C(C)(C)C)C(C)(C)C)C(OC)=CC=C2OC,CC1=NOC(C(OCC)=O)=C1,CN1CCCN2C1=NCCC2,IC1=NC=CC=C1,97.94800557
fd2b4346a30365e5,FullCV_01,3176,CC(C)C(C=C(C(C)C)C=C1C(C)C)=C1C2=C(P(C(C)(C)C)C(C)(C)C)C=CC=C2,C12=C(C=CC=C2)ON=C1,CN(C)P(N(C)C)(N(C)C)=NP(N(C)C)(N(C)C)=NCC,BrC1=CC=C(C(F)(F)F)C=C1,34.2208852
6a0469983409fdf6,FullCV_01,3177,CC(C)C(C=C(C(C)C)C=C1C(C)C)=C1C2=C(P(C3CCCCC3)C4CCCCC4)C=CC=C2,C12=C(C=CC=C2)ON=C1,CC(C)(C)/N=C(N(C)C)/N(C)C,BrC1=NC=CC=C1,13.1450619
159387d6dbedcf8a,FullCV_01,3178,CC(C)C(C=C(C(C)C)C=C1C(C)C)=C1C2=C(P(C(C)(C)C)C(C)(C)C)C(OC)=CC=C2OC,COC1=NOC(C(OCC)=O)=C1,CN1CCCN2C1=NCCC2,IC1=CC=C(C(F)(F)F)C=C1,40.48594286
41540092d993a429,FullCV_01,3179,CC(C)C(C=C(C(C)C)C=C1C(C)C)=C1C2=C(P(C(C)(C)C)C(C)(C)C)C=CC=C2,C12=C(C=CC=C2)ON=C1,CN(C)P(N(C)C)(N(C)C)=NP(N(C)C)(N(C)C)=NCC,IC1=NC=CC=C1,66.1445595
0115ca333a8e7d77,FullCV_01,3180,CC(C)C(C=C(C(C)C)C=C1C(C)C)=C1C2=C(P(C3CCCCC3)C4CCCCC4)C=CC=C2,COC1=NOC(C(OCC)=O)=C1,CN1CCCN2C1=NCCC2,BrC1=CN=CC=C1,21.19444726
7df65dd4cee757f5,FullCV_01,3181,CC(C)C(C=C(C(C)C)C=C1C(C)C)=C1C2=C(P([C@@]3(C[C@@H]4C5)C[C@H](C4)C[C@H]5C3)[C@]6(C7)C[C@@H](C[C@@H]7C8)C[C@@H]8C6)C(OC)=CC=C2OC,FC(C=CC=C1F)=C1C2=CC=NO2,CC(C)(C)/N=C(N(C)C)/N(C)C,ClC1=CC=C(C(F)(F)F)C=C1,2.505489323
6487316c54d96668,FullCV_01,3182,CC(C)C(C=C(C(C)C)C=C1C(C)C)=C1C2=C(P(C(C)(C)C)C(C)(C)C)C(OC)=CC=C2OC,CC1=CC(N2C=CC=C2)=NO1,CN(C)P(N(C)C)(N(C)C)=NP(N(C)C)(N(C)C)=NCC,IC1=CC=C(OC)C=C1,45.17206702
aa763fa4214ed81d,FullCV_01,3183,CC(C)C(C=C(C(C)C)C=C1C(C)C)=C1C2=C(P([C@@]3(C[C@@H]4C5)C[C@H](C4)C[C@H]5C3)[C@]6(C7)C[C@@H](C[C@@H]7C8)C[C@@H]8C6)C(OC)=CC=C2OC,C1(N(CC2=CC=CC=C2)CC3=CC=CC=C3)=NOC=C1,CN1CCCN2C1=NCCC2,BrC1=CC=C(C(F)(F)F)C=C1,38.59563351
c7329cdad9f30f68,FullCV_01,3184,CC(C)C(C=C(C(C)C)C=C1C(C)C)=C1C2=C(P(C3CCCCC3)C4CCCCC4)C=CC=C2,CC1=CC=NO1,CC(C)(C)/N=C(N(C)C)/N(C)C,ClC1=CC=C(OC)C=C1,0.377050084
551a9b990e788f07,FullCV_01,3185,CC(C)C(C=C(C(C)C)C=C1C(C)C)=C1C2=C(P(C3CCCCC3)C4CCCCC4)C=CC=C2,C12=CON=C1C=CC=C2,CN1CCCN2C1=NCCC2,IC1=CC=C(CC)C=C1,2.902396599
fb17bbf5692ddfda,FullCV_01,3186,CC(C)C(C=C(C(C)C)C=C1C(C)C)=C1C2=C(P(C(C)(C)C)C(C)(C)C)C=CC=C2,C12=C(C=CC=C2)ON=C1,CC(C)(C)/N=C(N(C)C)/N(C)C,IC1=CN=CC=C1,47.28268345
62267e9417355e5f,FullCV_01,3187,CC(C)C(C=C(C(C)C)C=C1C(C)C)=C1C2=C(P(C3CCCCC3)C4CCCCC4)C=CC=C2,C1(C2=CC=CC=C2)=CC=NO1,CN1CCCN2C1=NCCC2,IC1=CC=C(OC)C=C1,5.140109821
61f3628f556666c5,FullCV_01,3188,CC(C)C(C=C(C(C)C)C=C1C(C)C)=C1C2=C(P(C3CCCCC3)C4CCCCC4)C=CC=C2,C1(N(CC2=CC=CC=C2)CC3=CC=CC=C3)=CC=NO1,CN(C)P(N(C)C)(N(C)C)=NP(N(C)C)(N(C)C)=NCC,ClC1=CC=C(CC)C=C1,9.734031055
ceba915ba6ef8172,FullCV_01,3189,CC(C)C(C=C(C(C)C)C=C1C(C)C)=C1C2=C(P(C3CCCCC3)C4CCCCC4)C=CC=C2,C1(C2=CC=CC=C2)=NOC=C1,CN(C)P(N(C)C)(N(C)C)=NP(N(C)C)(N(C)C)=NCC,IC1=CN=CC=C1,19.29401032
9745bd0d8cce593d,FullCV_01,3190,CC(C)C(C=C(C(C)C)C=C1C(C)C)=C1C2=C(P([C@@]3(C[C@@H]4C5)C[C@H](C4)C[C@H]5C3)[C@]6(C7)C[C@@H](C[C@@H]7C8)C[C@@H]8C6)C(OC)=CC=C2OC,C1(N(CC2=CC=CC=C2)CC3=CC=CC=C3)=NOC=C1,CN1CCCN2C1=NCCC2,IC1=CN=CC=C1,86.19820374
e3b139a516ba8c42,FullCV_01,3191,CC(C)C(C=C(C(C)C)C=C1C(C)C)=C1C2=C(P(C3CCCCC3)C4CCCCC4)C=CC=C2,FC(C=CC=C1F)=C1C2=CC=NO2,CN1CCCN2C1=NCCC2,IC1=CC=C(CC)C=C1,20.36311527
d99927fe1cf46068,FullCV_01,3192,CC(C)C(C=C(C(C)C)C=C1C(C)C)=C1C2=C(P(C3CCCCC3)C4CCCCC4)C=CC=C2,C1(N(CC2=CC=CC=C2)CC3=CC=CC=C3)=NOC=C1,CN(C)P(N(C)C)(N(C)C)=NP(N(C)C)(N(C)C)=NCC,ClC1=CC=C(CC)C=C1,13.26153778
cf0f14f05626c331,FullCV_01,3193,CC(C)C(C=C(C(C)C)C=C1C(C)C)=C1C2=C(P([C@@]3(C[C@@H]4C5)C[C@H](C4)C[C@H]5C3)[C@]6(C7)C[C@@H](C[C@@H]7C8)C[C@@H]8C6)C(OC)=CC=C2OC,CCOC(C1=CON=C1)=O,CN(C)P(N(C)C)(N(C)C)=NP(N(C)C)(N(C)C)=NCC,BrC1=CC=C(C(F)(F)F)C=C1,2.97486192
2a15dcf952f0566f,FullCV_01,3194,CC(C)C(C=C(C(C)C)C=C1C(C)C)=C1C2=C(P(C(C)(C)C)C(C)(C)C)C=CC=C2,FC(C=CC=C1F)=C1C2=CC=NO2,CC(C)(C)/N=C(N(C)C)/N(C)C,ClC1=CN=CC=C1,7.66652575
7e3b64d734b07e90,FullCV_01,3195,CC(C)C(C=C(C(C)C)C=C1C(C)C)=C1C2=C(P(C3CCCCC3)C4CCCCC4)C=CC=C2,CC1=CC(C(OCC)=O)=NO1,CN1CCCN2C1=NCCC2,BrC1=NC=CC=C1,56.51667394
7c43437a015e64cb,FullCV_01,3196,CC(C)C(C=C(C(C)C)C=C1C(C)C)=C1C2=C(P([C@@]3(C[C@@H]4C5)C[C@H](C4)C[C@H]5C3)[C@]6(C7)C[C@@H](C[C@@H]7C8)C[C@@H]8C6)C(OC)=CC=C2OC,CC1=CC=NO1,CC(C)(C)/N=C(N(C)C)/N(C)C,BrC1=CC=C(OC)C=C1,20.36820588
bee514f04564005f,FullCV_01,3197,CC(C)C(C=C(C(C)C)C=C1C(C)C)=C1C2=C(P(C3CCCCC3)C4CCCCC4)C=CC=C2,CC1=CC(C(OCC)=O)=NO1,CC(C)(C)/N=C(N(C)C)/N(C)C,BrC1=CC=C(CC)C=C1,39.00815943
23cc269d1d14eae8,FullCV_01,3198,CC(C)C(C=C(C(C)C)C=C1C(C)C)=C1C2=C(P(C3CCCCC3)C4CCCCC4)C=CC=C2,CC1=NOC(C(OCC)=O)=C1,CN1CCCN2C1=NCCC2,ClC1=CC=C(CC)C=C1,0.546829898
812174c6efa58977,FullCV_01,3199,CC(C)C(C=C(C(C)C)C=C1C(C)C)=C1C2=C(P(C(C)(C)C)C(C)(C)C)C(OC)=CC=C2OC,CC1=CC(N2C=CC=C2)=NO1,CN1CCCN2C1=NCCC2,ClC1=NC=CC=C1,85.53405964
40e536067e87f470,FullCV_01,3200,CC(C)C(C=C(C(C)C)C=C1C(C)C)=C1C2=C(P(C(C)(C)C)C(C)(C)C)C=CC=C2,CC1=CC=NO1,CN1CCCN2C1=NCCC2,IC1=CC=C(OC)C=C1,53.10447809
64aa94cd0a2696cc,FullCV_01,3201,CC(C)C(C=C(C(C)C)C=C1C(C)C)=C1C2=C(P(C3CCCCC3)C4CCCCC4)C=CC=C2,CC1=NOC=C1,CN1CCCN2C1=NCCC2,IC1=CC=C(OC)C=C1,27.38026406
bcb62b4350eec596,FullCV_01,3202,CC(C)C(C=C(C(C)C)C=C1C(C)C)=C1C2=C(P(C3CCCCC3)C4CCCCC4)C=CC=C2,CC1=NOC(C2=CC=CC=C2)=C1,CN(C)P(N(C)C)(N(C)C)=NP(N(C)C)(N(C)C)=NCC,IC1=CC=C(CC)C=C1,70.05483344
0c87927135f35771,FullCV_01,3203,CC(C)C(C=C(C(C)C)C=C1C(C)C)=C1C2=C(P(C(C)(C)C)C(C)(C)C)C(OC)=CC=C2OC,COC1=NOC(C(OCC)=O)=C1,CN1CCCN2C1=NCCC2,BrC1=CN=CC=C1,72.70181754
3655b8bcc1584790,FullCV_01,3204,CC(C)C(C=C(C(C)C)C=C1C(C)C)=C1C2=C(P(C(C)(C)C)C(C)(C)C)C=CC=C2,C1(C2=CC=CC=C2)=NOC=C1,CC(C)(C)/N=C(N(C)C)/N(C)C,ClC1=CC=C(C(F)(F)F)C=C1,39.94694428
3aeee76f4bdd4d2d,FullCV_01,3205,CC(C)C(C=C(C(C)C)C=C1C(C)C)=C1C2=C(P([C@@]3(C[C@@H]4C5)C[C@H](C4)C[C@H]5C3)[C@]6(C7)C[C@@H](C[C@@H]7C8)C[C@@H]8C6)C(OC)=CC=C2OC,CC1=CC(N2C=CC=C2)=NO1,CN(C)P(N(C)C)(N(C)C)=NP(N(C)C)(N(C)C)=NCC,ClC1=CC=C(CC)C=C1,1.743650282
008741e8af649d42,FullCV_01,3206,CC(C)C(C=C(C(C)C)C=C1C(C)C)=C1C2=C(P([C@@]3(C[C@@H]4C5)C[C@H](C4)C[C@H]5C3)[C@]6(C7)C[C@@H](C[C@@H]7C8)C[C@@H]8C6)C(OC)=CC=C2OC,O=C(OC)C1=CC=NO1,CC(C)(C)/N=C(N(C)C)/N(C)C,IC1=CN=CC=C1,29.29764197
920faa29ab830cbf,FullCV_01,3207,CC(C)C(C=C(C(C)C)C=C1C(C)C)=C1C2=C(P([C@@]3(C[C@@H]4C5)C[C@H](C4)C[C@H]5C3)[C@]6(C7)C[C@@H](C[C@@H]7C8)C[C@@H]8C6)C(OC)=CC=C2OC,CC1=CC(C)=NO1,CC(C)(C)/N=C(N(C)C)/N(C)C,BrC1=CN=CC=C1,53.12382569
63f0519c6461ea9d,FullCV_01,3208,CC(C)C(C=C(C(C)C)C=C1C(C)C)=C1C2=C(P(C(C)(C)C)C(C)(C)C)C(OC)=CC=C2OC,FC(C=CC=C1F)=C1C2=CC=NO2,CN(C)P(N(C)C)(N(C)C)=NP(N(C)C)(N(C)C)=NCC,BrC1=CN=CC=C1,15.43456925
8a1ee0dde99af732,FullCV_01,3209,CC(C)C(C=C(C(C)C)C=C1C(C)C)=C1C2=C(P(C(C)(C)C)C(C)(C)C)C=CC=C2,CC1=NOC(C2=CC=CC=C2)=C1,CN1CCCN2C1=NCCC2,ClC1=CC=C(OC)C=C1,1.152603634
f3f6f14973c72aec,FullCV_01,3210,CC(C)C(C=C(C(C)C)C=C1C(C)C)=C1C2=C(P(C3CCCCC3)C4CCCCC4)C=CC=C2,CCOC(C1=CON=C1)=O,CN(C)P(N(C)C)(N(C)C)=NP(N(C)C)(N(C)C)=NCC,ClC1=CN=CC=C1,0.0
10e433e04e2140f5,FullCV_01,3211,CC(C)C(C=C(C(C)C)C=C1C(C)C)=C1C2=C(P(C(C)(C)C)C(C)(C)C)C=CC=C2,CC1=CC(N2C=CC=C2)=NO1,CN1CCCN2C1=NCCC2,BrC1=CN=CC=C1,80.07437026
71e6562512a15539,FullCV_01,3212,CC(C)C(C=C(C(C)C)C=C1C(C)C)=C1C2=C(P(C3CCCCC3)C4CCCCC4)C=CC=C2,CC1=C(C(OCC)=O)C=NO1,CN1CCCN2C1=NCCC2,ClC1=CC=C(C(F)(F)F)C=C1,10.78337463
d4e8c5f0a648e813,FullCV_01,3213,CC(C)C(C=C(C(C)C)C=C1C(C)C)=C1C2=C(P(C(C)(C)C)C(C)(C)C)C=CC=C2,CCOC(C1=NOC=C1)=O,CC(C)(C)/N=C(N(C)C)/N(C)C,BrC1=CC=C(C(F)(F)F)C=C1,35.9238924
5d3a362b7d547dd2,FullCV_01,3214,CC(C)C(C=C(C(C)C)C=C1C(C)C)=C1C2=C(P([C@@]3(C[C@@H]4C5)C[C@H](C4)C[C@H]5C3)[C@]6(C7)C[C@@H](C[C@@H]7C8)C[C@@H]8C6)C(OC)=CC=C2OC,FC(C=CC=C1F)=C1C2=CC=NO2,CN1CCCN2C1=NCCC2,BrC1=NC=CC=C1,41.06227561
973ec51abf890db6,FullCV_01,3215,CC(C)C(C=C(C(C)C)C=C1C(C)C)=C1C2=C(P(C(C)(C)C)C(C)(C)C)C=CC=C2,O=C(OC)C1=NOC(C2=CC=CO2)=C1,CN(C)P(N(C)C)(N(C)C)=NP(N(C)C)(N(C)C)=NCC,IC1=CC=C(CC)C=C1,66.67600965
a0047ab8d7f8ed79,FullCV_01,3216,CC(C)C(C=C(C(C)C)C=C1C(C)C)=C1C2=C(P(C(C)(C)C)C(C)(C)C)C(OC)=CC=C2OC,CC1=CC(C(OCC)=O)=NO1,CN(C)P(N(C)C)(N(C)C)=NP(N(C)C)(N(C)C)=NCC,IC1=CC=C(OC)C=C1,45.27500965
0b375e99f7349775,FullCV_01,3217,CC(C)C(C=C(C(C)C)C=C1C(C)C)=C1C2=C(P([C@@]3(C[C@@H]4C5)C[C@H](C4)C[C@H]5C3)[C@]6(C7)C[C@@H](C[C@@H]7C8)C[C@@H]8C6)C(OC)=CC=C2OC,C1(C2=CC=CC=C2)=NOC=C1,CC(C)(C)/N=C(N(C)C)/N(C)C,IC1=CN=CC=C1,84.5566149
be58bfe39ac04fd4,FullCV_01,3218,CC(C)C(C=C(C(C)C)C=C1C(C)C)=C1C2=C(P(C(C)(C)C)C(C)(C)C)C=CC=C2,CC1=CC(C)=NO1,CN(C)P(N(C)C)(N(C)C)=NP(N(C)C)(N(C)C)=NCC,BrC1=CN=CC=C1,75.38356191
627c14ef2ad6fe62,FullCV_01,3219,CC(C)C(C=C(C(C)C)C=C1C(C)C)=C1C2=C(P(C3CCCCC3)C4CCCCC4)C=CC=C2,O=C(OC)C1=NOC(C2=CC=CO2)=C1,CN(C)P(N(C)C)(N(C)C)=NP(N(C)C)(N(C)C)=NCC,BrC1=NC=CC=C1,30.07960625
5d3178a6d92ad009,FullCV_01,3220,CC(C)C(C=C(C(C)C)C=C1C(C)C)=C1C2=C(P(C(C)(C)C)C(C)(C)C)C=CC=C2,C12=CON=C1C=CC=C2,CN1CCCN2C1=NCCC2,IC1=NC=CC=C1,80.53864746
e3ec56ab97029b64,FullCV_01,3221,CC(C)C(C=C(C(C)C)C=C1C(C)C)=C1C2=C(P(C(C)(C)C)C(C)(C)C)C(OC)=CC=C2OC,C1(C2=CC=CC=C2)=NOC=C1,CN(C)P(N(C)C)(N(C)C)=NP(N(C)C)(N(C)C)=NCC,ClC1=CC=C(CC)C=C1,5.429390182
8a49427de73e59bc,FullCV_01,3222,CC(C)C(C=C(C(C)C)C=C1C(C)C)=C1C2=C(P([C@@]3(C[C@@H]4C5)C[C@H](C4)C[C@H]5C3)[C@]6(C7)C[C@@H](C[C@@H]7C8)C[C@@H]8C6)C(OC)=CC=C2OC,CC1=C(C(OCC)=O)C=NO1,CC(C)(C)/N=C(N(C)C)/N(C)C,ClC1=CC=C(C(F)(F)F)C=C1,0.0
7c7785756a627d6b,FullCV_01,3223,CC(C)C(C=C(C(C)C)C=C1C(C)C)=C1C2=C(P(C(C)(C)C)C(C)(C)C)C=CC=C2,C12=C(C=CC=C2)ON=C1,CN(C)P(N(C)C)(N(C)C)=NP(N(C)C)(N(C)C)=NCC,ClC1=NC=CC=C1,53.94447324
d8c9aab8012a7ea7,FullCV_01,3224,CC(C)C(C=C(C(C)C)C=C1C(C)C)=C1C2=C(P(C(C)(C)C)C(C)(C)C)C=CC=C2,C1(N(CC2=CC=CC=C2)CC3=CC=CC=C3)=CC=NO1,CC(C)(C)/N=C(N(C)C)/N(C)C,ClC1=CC=C(C(F)(F)F)C=C1,1.71151259
2cf7c4c39947e682,FullCV_01,3225,CC(C)C(C=C(C(C)C)C=C1C(C)C)=C1C2=C(P(C(C)(C)C)C(C)(C)C)C(OC)=CC=C2OC,CC1=CC(C)=NO1,CC(C)(C)/N=C(N(C)C)/N(C)C,BrC1=CN=CC=C1,61.27839379
9038cff74ea49ede,FullCV_01,3226,CC(C)C(C=C(C(C)C)C=C1C(C)C)=C1C2=C(P(C(C)(C)C)C(C)(C)C)C=CC=C2,CC1=CC(C(OCC)=O)=NO1,CN(C)P(N(C)C)(N(C)C)=NP(N(C)C)(N(C)C)=NCC,IC1=NC=CC=C1,73.22050209
8d9652534460dae9,FullCV_01,3227,CC(C)C(C=C(C(C)C)C=C1C(C)C)=C1C2=C(P(C3CCCCC3)C4CCCCC4)C=CC=C2,C12=C(C=CC=C2)ON=C1,CN1CCCN2C1=NCCC2,ClC1=CN=CC=C1,5.543745956
46c69a53b5601255,FullCV_01,3228,CC(C)C(C=C(C(C)C)C=C1C(C)C)=C1C2=C(P(C(C)(C)C)C(C)(C)C)C=CC=C2,CC1=CC(C)=NO1,CC(C)(C)/N=C(N(C)C)/N(C)C,IC1=CN=CC=C1,62.40731324
1d7a424dc2398f92,FullCV_01,3229,CC(C)C(C=C(C(C)C)C=C1C(C)C)=C1C2=C(P([C@@]3(C[C@@H]4C5)C[C@H](C4)C[C@H]5C3)[C@]6(C7)C[C@@H](C[C@@H]7C8)C[C@@H]8C6)C(OC)=CC=C2OC,CCOC(C1=CON=C1)=O,CN(C)P(N(C)C)(N(C)C)=NP(N(C)C)(N(C)C)=NCC,ClC1=CN=CC=C1,0.0
255a05dba3b98c10,FullCV_01,3230,CC(C)C(C=C(C(C)C)C=C1C(C)C)=C1C2=C(P(C(C)(C)C)C(C)(C)C)C(OC)=CC=C2OC,CC1=CC(C(OCC)=O)=NO1,CN1CCCN2C1=NCCC2,BrC1=CN=CC=C1,86.41285544
84e4a00de1ca3f72,FullCV_01,3231,CC(C)C(C=C(C(C)C)C=C1C(C)C)=C1C2=C(P(C(C)(C)C)C(C)(C)C)C(OC)=CC=C2OC,C12=C(C=CC=C2)ON=C1,CN1CCCN2C1=NCCC2,IC1=CN=CC=C1,83.40919805
69ab1122f35f70a2,FullCV_01,3232,CC(C)C(C=C(C(C)C)C=C1C(C)C)=C1C2=C(P(C(C)(C)C)C(C)(C)C)C=CC=C2,C12=CON=C1C=CC=C2,CN1CCCN2C1=NCCC2,IC1=CC=C(OC)C=C1,33.28584241
861c21f51d197ed5,FullCV_01,3233,CC(C)C(C=C(C(C)C)C=C1C(C)C)=C1C2=C(P(C3CCCCC3)C4CCCCC4)C=CC=C2,C1(N(CC2=CC=CC=C2)CC3=CC=CC=C3)=NOC=C1,CN1CCCN2C1=NCCC2,ClC1=CC=C(CC)C=C1,5.967393026
4f6ffdd4b41a7750,FullCV_01,3234,CC(C)C(C=C(C(C)C)C=C1C(C)C)=C1C2=C(P([C@@]3(C[C@@H]4C5)C[C@H](C4)C[C@H]5C3)[C@]6(C7)C[C@@H](C[C@@H]7C8)C[C@@H]8C6)C(OC)=CC=C2OC,C12=CON=C1C=CC=C2,CN1CCCN2C1=NCCC2,IC1=NC=CC=C1,79.01720716
065b0144caf90a2b,FullCV_01,3235,CC(C)C(C=C(C(C)C)C=C1C(C)C)=C1C2=C(P(C(C)(C)C)C(C)(C)C)C(OC)=CC=C2OC,CCOC(C1=CON=C1)=O,CN1CCCN2C1=NCCC2,IC1=CC=C(OC)C=C1,15.73387398
6d4a240f95c7d744,FullCV_01,3236,CC(C)C(C=C(C(C)C)C=C1C(C)C)=C1C2=C(P(C(C)(C)C)C(C)(C)C)C=CC=C2,C1(C2=CC=CC=C2)=CC=NO1,CC(C)(C)/N=C(N(C)C)/N(C)C,IC1=NC=CC=C1,80.58917239
e67bebd716146531,FullCV_01,3237,CC(C)C(C=C(C(C)C)C=C1C(C)C)=C1C2=C(P(C(C)(C)C)C(C)(C)C)C=CC=C2,FC(C=CC=C1F)=C1C2=CC=NO2,CC(C)(C)/N=C(N(C)C)/N(C)C,BrC1=NC=CC=C1,63.00725217
c8c51a1bae622a91,FullCV_01,3238,CC(C)C(C=C(C(C)C)C=C1C(C)C)=C1C2=C(P(C3CCCCC3)C4CCCCC4)C=CC=C2,C1(C2=CC=CC=C2)=CON=C1,CN1CCCN2C1=NCCC2,ClC1=CC=C(OC)C=C1,0.0
702d4d471f65117b,FullCV_01,3239,CC(C)C(C=C(C(C)C)C=C1C(C)C)=C1C2=C(P([C@@]3(C[C@@H]4C5)C[C@H](C4)C[C@H]5C3)[C@]6(C7)C[C@@H](C[C@@H]7C8)C[C@@H]8C6)C(OC)=CC=C2OC,CC1=NOC=C1,CN1CCCN2C1=NCCC2,ClC1=NC=CC=C1,81.37846659
01e732e4ca298457,FullCV_01,3240,CC(C)C(C=C(C(C)C)C=C1C(C)C)=C1C2=C(P(C(C)(C)C)C(C)(C)C)C(OC)=CC=C2OC,COC1=NOC(C(OCC)=O)=C1,CC(C)(C)/N=C(N(C)C)/N(C)C,IC1=NC=CC=C1,69.52780108
f2b9873b07db0f17,FullCV_01,3241,CC(C)C(C=C(C(C)C)C=C1C(C)C)=C1C2=C(P(C(C)(C)C)C(C)(C)C)C=CC=C2,C1(C2=CC=CC=C2)=CC=NO1,CN1CCCN2C1=NCCC2,BrC1=NC=CC=C1,92.91423383
da94589ad434f276,FullCV_01,3242,CC(C)C(C=C(C(C)C)C=C1C(C)C)=C1C2=C(P(C(C)(C)C)C(C)(C)C)C=CC=C2,CC1=CC=NO1,CN1CCCN2C1=NCCC2,BrC1=CN=CC=C1,82.02772208
69a7e9248f469968,FullCV_01,3243,CC(C)C(C=C(C(C)C)C=C1C(C)C)=C1C2=C(P(C3CCCCC3)C4CCCCC4)C=CC=C2,C1(N(CC2=CC=CC=C2)CC3=CC=CC=C3)=CC=NO1,CN1CCCN2C1=NCCC2,IC1=NC=CC=C1,30.73323241
774140e4aa43c90c,FullCV_01,3244,CC(C)C(C=C(C(C)C)C=C1C(C)C)=C1C2=C(P(C(C)(C)C)C(C)(C)C)C=CC=C2,O=C(OC)C1=CC=NO1,CN(C)P(N(C)C)(N(C)C)=NP(N(C)C)(N(C)C)=NCC,ClC1=CC=C(OC)C=C1,1.84960131
613e0664c8895d5c,FullCV_01,3245,CC(C)C(C=C(C(C)C)C=C1C(C)C)=C1C2=C(P(C(C)(C)C)C(C)(C)C)C=CC=C2,C1(N(CC2=CC=CC=C2)CC3=CC=CC=C3)=CC=NO1,CN1CCCN2C1=NCCC2,IC1=CC=C(CC)C=C1,63.92666602
277e5886137aee25,FullCV_01,3246,CC(C)C(C=C(C(C)C)C=C1C(C)C)=C1C2=C(P(C3CCCCC3)C4CCCCC4)C=CC=C2,C12=C(C=CC=C2)ON=C1,CC(C)(C)/N=C(N(C)C)/N(C)C,ClC1=NC=CC=C1,6.819997972
5f6fc53fa6afef8f,FullCV_01,3247,CC(C)C(C=C(C(C)C)C=C1C(C)C)=C1C2=C(P(C3CCCCC3)C4CCCCC4)C=CC=C2,COC1=NOC(C(OCC)=O)=C1,CN(C)P(N(C)C)(N(C)C)=NP(N(C)C)(N(C)C)=NCC,BrC1=CN=CC=C1,27.71714775
6dd8133e6acad9f9,FullCV_01,3248,CC(C)C(C=C(C(C)C)C=C1C(C)C)=C1C2=C(P(C3CCCCC3)C4CCCCC4)C=CC=C2,CC1=NOC(C(OCC)=O)=C1,CC(C)(C)/N=C(N(C)C)/N(C)C,ClC1=NC=CC=C1,30.4254394
17b8068aeea8fa5d,FullCV_01,3249,CC(C)C(C=C(C(C)C)C=C1C(C)C)=C1C2=C(P(C(C)(C)C)C(C)(C)C)C=CC=C2,C1(N(CC2=CC=CC=C2)CC3=CC=CC=C3)=CC=NO1,CC(C)(C)/N=C(N(C)C)/N(C)C,IC1=CC=C(OC)C=C1,58.0174464
8cec3184757fc6c6,FullCV_01,3250,CC(C)C(C=C(C(C)C)C=C1C(C)C)=C1C2=C(P([C@@]3(C[C@@H]4C5)C[C@H](C4)C[C@H]5C3)[C@]6(C7)C[C@@H](C[C@@H]7C8)C[C@@H]8C6)C(OC)=CC=C2OC,O=C(OC)C1=CC=NO1,CN1CCCN2C1=NCCC2,IC1=CC=C(C(F)(F)F)C=C1,43.94123378
9cbffc76116652eb,FullCV_01,3251,CC(C)C(C=C(C(C)C)C=C1C(C)C)=C1C2=C(P(C(C)(C)C)C(C)(C)C)C(OC)=CC=C2OC,CC1=C(C(OCC)=O)C=NO1,CC(C)(C)/N=C(N(C)C)/N(C)C,BrC1=CN=CC=C1,15.39357697
95f6a896ad3b60b3,FullCV_01,3252,CC(C)C(C=C(C(C)C)C=C1C(C)C)=C1C2=C(P(C3CCCCC3)C4CCCCC4)C=CC=C2,CC1=NOC(C2=CC=CC=C2)=C1,CC(C)(C)/N=C(N(C)C)/N(C)C,ClC1=CC=C(C(F)(F)F)C=C1,14.75153907
d770c1e3e982fb80,FullCV_01,3253,CC(C)C(C=C(C(C)C)C=C1C(C)C)=C1C2=C(P([C@@]3(C[C@@H]4C5)C[C@H](C4)C[C@H]5C3)[C@]6(C7)C[C@@H](C[C@@H]7C8)C[C@@H]8C6)C(OC)=CC=C2OC,C12=C(C=CC=C2)ON=C1,CN(C)P(N(C)C)(N(C)C)=NP(N(C)C)(N(C)C)=NCC,ClC1=NC=CC=C1,20.00288675
964d39d044ae2ae0,FullCV_01,3254,CC(C)C(C=C(C(C)C)C=C1C(C)C)=C1C2=C(P(C(C)(C)C)C(C)(C)C)C(OC)=CC=C2OC,CC1=CC(N2C=CC=C2)=NO1,CN1CCCN2C1=NCCC2,IC1=NC=CC=C1,85.64532689
7e16f6901ccd0c43,FullCV_01,3255,CC(C)C(C=C(C(C)C)C=C1C(C)C)=C1C2=C(P(C3CCCCC3)C4CCCCC4)C=CC=C2,CC1=NOC(C2=CC=CC=C2)=C1,CN(C)P(N(C)C)(N(C)C)=NP(N(C)C)(N(C)C)=NCC,IC1=CC=C(OC)C=C1,47.59873076
3b9212a7fcd2a7c1,FullCV_01,3256,CC(C)C(C=C(C(C)C)C=C1C(C)C)=C1C2=C(P(C3CCCCC3)C4CCCCC4)C=CC=C2,O=C(OC)C1=CC=NO1,CN1CCCN2C1=NCCC2,BrC1=NC=CC=C1,19.78249574
8feb661168001014,FullCV_01,3257,CC(C)C(C=C(C(C)C)C=C1C(C)C)=C1C2=C(P([C@@]3(C[C@@H]4C5)C[C@H](C4)C[C@H]5C3)[C@]6(C7)C[C@@H](C[C@@H]7C8)C[C@@H]8C6)C(OC)=CC=C2OC,CC1=CC=NO1,CN(C)P(N(C)C)(N(C)C)=NP(N(C)C)(N(C)C)=NCC,BrC1=CN=CC=C1,3.679918653
5f4d12acbb043ba9,FullCV_01,3258,CC(C)C(C=C(C(C)C)C=C1C(C)C)=C1C2=C(P(C(C)(C)C)C(C)(C)C)C=CC=C2,CC1=CC(C)=NO1,CN1CCCN2C1=NCCC2,IC1=CC=C(C(F)(F)F)C=C1,45.90687609
18927bd7497c53e2,FullCV_01,3259,CC(C)C(C=C(C(C)C)C=C1C(C)C)=C1C2=C(P([C@@]3(C[C@@H]4C5)C[C@H](C4)C[C@H]5C3)[C@]6(C7)C[C@@H](C[C@@H]7C8)C[C@@H]8C6)C(OC)=CC=C2OC,C12=CON=C1C=CC=C2,CN(C)P(N(C)C)(N(C)C)=NP(N(C)C)(N(C)C)=NCC,ClC1=CC=C(CC)C=C1,0.836644888
fcffbe5d36254795,FullCV_01,3260,CC(C)C(C=C(C(C)C)C=C1C(C)C)=C1C2=C(P([C@@]3(C[C@@H]4C5)C[C@H](C4)C[C@H]5C3)[C@]6(C7)C[C@@H](C[C@@H]7C8)C[C@@H]8C6)C(OC)=CC=C2OC,O=C(OC)C1=NOC(C2=CC=CS2)=C1,CN1CCCN2C1=NCCC2,IC1=CN=CC=C1,69.79590237
702d074483a037f9,FullCV_01,3261,CC(C)C(C=C(C(C)C)C=C1C(C)C)=C1C2=C(P(C(C)(C)C)C(C)(C)C)C=CC=C2,CC1=NOC(C2=CC=CC=C2)=C1,CN(C)P(N(C)C)(N(C)C)=NP(N(C)C)(N(C)C)=NCC,ClC1=CC=C(C(F)(F)F)C=C1,31.73318055
4f5750252e1159c6,FullCV_01,3262,CC(C)C(C=C(C(C)C)C=C1C(C)C)=C1C2=C(P(C3CCCCC3)C4CCCCC4)C=CC=C2,CC1=C(C(OCC)=O)C=NO1,CN1CCCN2C1=NCCC2,BrC1=CC=C(C(F)(F)F)C=C1,27.09846988
7a776faef7640f5f,FullCV_01,3263,CC(C)C(C=C(C(C)C)C=C1C(C)C)=C1C2=C(P(C(C)(C)C)C(C)(C)C)C(OC)=CC=C2OC,C1(C2=CC=CC=C2)=CC=NO1,CN(C)P(N(C)C)(N(C)C)=NP(N(C)C)(N(C)C)=NCC,IC1=CC=C(OC)C=C1,14.01241706
7f14be0a73289c7d,FullCV_01,3264,CC(C)C(C=C(C(C)C)C=C1C(C)C)=C1C2=C(P([C@@]3(C[C@@H]4C5)C[C@H](C4)C[C@H]5C3)[C@]6(C7)C[C@@H](C[C@@H]7C8)C[C@@H]8C6)C(OC)=CC=C2OC,CC1=C(C(OCC)=O)C=NO1,CC(C)(C)/N=C(N(C)C)/N(C)C,IC1=NC=CC=C1,14.42398425
59592cd9f3c34d0d,FullCV_01,3265,CC(C)C(C=C(C(C)C)C=C1C(C)C)=C1C2=C(P(C3CCCCC3)C4CCCCC4)C=CC=C2,C1(N(CC2=CC=CC=C2)CC3=CC=CC=C3)=CC=NO1,CN1CCCN2C1=NCCC2,IC1=CC=C(C(F)(F)F)C=C1,23.19251783
aa6c277fc11e377d,FullCV_01,3266,CC(C)C(C=C(C(C)C)C=C1C(C)C)=C1C2=C(P(C3CCCCC3)C4CCCCC4)C=CC=C2,C1(C2=CC=CC=C2)=NOC=C1,CN(C)P(N(C)C)(N(C)C)=NP(N(C)C)(N(C)C)=NCC,ClC1=CC=C(OC)C=C1,2.064063489
4b316c49b08de024,FullCV_01,3267,CC(C)C(C=C(C(C)C)C=C1C(C)C)=C1C2=C(P(C(C)(C)C)C(C)(C)C)C(OC)=CC=C2OC,C1(C2=CC=CC=C2)=CC=NO1,CN(C)P(N(C)C)(N(C)C)=NP(N(C)C)(N(C)C)=NCC,IC1=CC=C(CC)C=C1,23.2960789
35ba65a32344e7d6,FullCV_01,3268,CC(C)C(C=C(C(C)C)C=C1C(C)C)=C1C2=C(P(C(C)(C)C)C(C)(C)C)C=CC=C2,O=C(OC)C1=CC=NO1,CN(C)P(N(C)C)(N(C)C)=NP(N(C)C)(N(C)C)=NCC,ClC1=NC=CC=C1,18.18990312
23a627cd816464ad,FullCV_01,3269,CC(C)C(C=C(C(C)C)C=C1C(C)C)=C1C2=C(P(C(C)(C)C)C(C)(C)C)C=CC=C2,C12=C(C=CC=C2)ON=C1,CC(C)(C)/N=C(N(C)C)/N(C)C,ClC1=NC=CC=C1,38.03832948
915d669055bcbd01,FullCV_01,3270,CC(C)C(C=C(C(C)C)C=C1C(C)C)=C1C2=C(P([C@@]3(C[C@@H]4C5)C[C@H](C4)C[C@H]5C3)[C@]6(C7)C[C@@H](C[C@@H]7C8)C[C@@H]8C6)C(OC)=CC=C2OC,CC1=CC(N2C=CC=C2)=NO1,CC(C)(C)/N=C(N(C)C)/N(C)C,ClC1=CC=C(CC)C=C1,1.666950752
c50893175a95a2c1,FullCV_01,3271,CC(C)C(C=C(C(C)C)C=C1C(C)C)=C1C2=C(P(C(C)(C)C)C(C)(C)C)C(OC)=CC=C2OC,CC1=NOC(C2=CC=CC=C2)=C1,CC(C)(C)/N=C(N(C)C)/N(C)C,BrC1=CC=C(OC)C=C1,34.74723042
25118c632e81fd29,FullCV_01,3272,CC(C)C(C=C(C(C)C)C=C1C(C)C)=C1C2=C(P(C(C)(C)C)C(C)(C)C)C(OC)=CC=C2OC,CC1=CC(N2C=CC=C2)=NO1,CC(C)(C)/N=C(N(C)C)/N(C)C,BrC1=CN=CC=C1,56.47869884
67ff9c03db087234,FullCV_01,3273,CC(C)C(C=C(C(C)C)C=C1C(C)C)=C1C2=C(P(C3CCCCC3)C4CCCCC4)C=CC=C2,O=C(OC)C1=NOC(C2=CC=CO2)=C1,CC(C)(C)/N=C(N(C)C)/N(C)C,ClC1=CN=CC=C1,4.143900161
ad015ce43f1f6242,FullCV_01,3274,CC(C)C(C=C(C(C)C)C=C1C(C)C)=C1C2=C(P(C3CCCCC3)C4CCCCC4)C=CC=C2,C1(N(CC2=CC=CC=C2)CC3=CC=CC=C3)=NOC=C1,CN1CCCN2C1=NCCC2,BrC1=CC=C(CC)C=C1,28.83921229
8d5dfab3df9142fb,FullCV_01,3275,CC(C)C(C=C(C(C)C)C=C1C(C)C)=C1C2=C(P([C@@]3(C[C@@H]4C5)C[C@H](C4)C[C@H]5C3)[C@]6(C7)C[C@@H](C[C@@H]7C8)C[C@@H]8C6)C(OC)=CC=C2OC,CC1=CC=NO1,CC(C)(C)/N=C(N(C)C)/N(C)C,IC1=CN=CC=C1,54.92415457
243f3c16ced391d2,FullCV_01,3276,CC(C)C(C=C(C(C)C)C=C1C(C)C)=C1C2=C(P(C(C)(C)C)C(C)(C)C)C=CC=C2,C12=C(C=CC=C2)ON=C1,CN(C)P(N(C)C)(N(C)C)=NP(N(C)C)(N(C)C)=NCC,IC1=CC=C(OC)C=C1,26.91242644
97c2cfb66136f887,FullCV_01,3277,CC(C)C(C=C(C(C)C)C=C1C(C)C)=C1C2=C(P(C3CCCCC3)C4CCCCC4)C=CC=C2,CC1=C(C(OCC)=O)C=NO1,CN1CCCN2C1=NCCC2,ClC1=CC=C(CC)C=C1,1.52899949
0ce97ce30da4a331,FullCV_01,3278,CC(C)C(C=C(C(C)C)C=C1C(C)C)=C1C2=C(P(C(C)(C)C)C(C)(C)C)C=CC=C2,CC1=NOC(C2=CC=CC=C2)=C1,CN(C)P(N(C)C)(N(C)C)=NP(N(C)C)(N(C)C)=NCC,IC1=CC=C(OC)C=C1,43.335395
1bc8602ec99c9ef8,FullCV_01,3279,CC(C)C(C=C(C(C)C)C=C1C(C)C)=C1C2=C(P(C3CCCCC3)C4CCCCC4)C=CC=C2,CC1=CC=NO1,CN1CCCN2C1=NCCC2,BrC1=NC=CC=C1,50.09944792
92c99a0c1c8eef76,FullCV_01,3280,CC(C)C(C=C(C(C)C)C=C1C(C)C)=C1C2=C(P(C(C)(C)C)C(C)(C)C)C=CC=C2,CCOC(C1=NOC=C1)=O,CC(C)(C)/N=C(N(C)C)/N(C)C,IC1=NC=CC=C1,63.42879895
ee43bafde62ed4ff,FullCV_01,3281,CC(C)C(C=C(C(C)C)C=C1C(C)C)=C1C2=C(P([C@@]3(C[C@@H]4C5)C[C@H](C4)C[C@H]5C3)[C@]6(C7)C[C@@H](C[C@@H]7C8)C[C@@H]8C6)C(OC)=CC=C2OC,CC1=CC(N2C=CC=C2)=NO1,CC(C)(C)/N=C(N(C)C)/N(C)C,ClC1=CC=C(C(F)(F)F)C=C1,17.43734901
414f76b40cbf5222,FullCV_01,3282,CC(C)C(C=C(C(C)C)C=C1C(C)C)=C1C2=C(P(C3CCCCC3)C4CCCCC4)C=CC=C2,O=C(OC)C1=NOC(C2=CC=CS2)=C1,CC(C)(C)/N=C(N(C)C)/N(C)C,BrC1=CN=CC=C1,22.70660834
be2edb7228df7440,FullCV_01,3283,CC(C)C(C=C(C(C)C)C=C1C(C)C)=C1C2=C(P(C3CCCCC3)C4CCCCC4)C=CC=C2,CC1=CC(C(OCC)=O)=NO1,CN1CCCN2C1=NCCC2,ClC1=CC=C(C(F)(F)F)C=C1,16.96531636
249a4f681f15e78f,FullCV_01,3284,CC(C)C(C=C(C(C)C)C=C1C(C)C)=C1C2=C(P(C(C)(C)C)C(C)(C)C)C(OC)=CC=C2OC,C1(C2=CC=CC=C2)=CC=NO1,CC(C)(C)/N=C(N(C)C)/N(C)C,ClC1=CC=C(CC)C=C1,0.0
9ed271b0541637a2,FullCV_01,3285,CC(C)C(C=C(C(C)C)C=C1C(C)C)=C1C2=C(P(C3CCCCC3)C4CCCCC4)C=CC=C2,C1(C2=CC=CC=C2)=CON=C1,CN1CCCN2C1=NCCC2,BrC1=CC=C(C(F)(F)F)C=C1,20.96272395
e0a28fb571802f9a,FullCV_01,3286,CC(C)C(C=C(C(C)C)C=C1C(C)C)=C1C2=C(P(C3CCCCC3)C4CCCCC4)C=CC=C2,CC1=CC(C(OCC)=O)=NO1,CN(C)P(N(C)C)(N(C)C)=NP(N(C)C)(N(C)C)=NCC,BrC1=CC=C(C(F)(F)F)C=C1,23.21156884
0514663ee0223d6b,FullCV_01,3287,CC(C)C(C=C(C(C)C)C=C1C(C)C)=C1C2=C(P(C(C)(C)C)C(C)(C)C)C=CC=C2,O=C(OC)C1=NOC(C2=CC=CO2)=C1,CN(C)P(N(C)C)(N(C)C)=NP(N(C)C)(N(C)C)=NCC,IC1=NC=CC=C1,75.73582011
a9dfd36ca5fd2366,FullCV_01,3288,CC(C)C(C=C(C(C)C)C=C1C(C)C)=C1C2=C(P(C3CCCCC3)C4CCCCC4)C=CC=C2,C12=CON=C1C=CC=C2,CN(C)P(N(C)C)(N(C)C)=NP(N(C)C)(N(C)C)=NCC,ClC1=NC=CC=C1,7.972544215
f6e6b0fc5a2f5324,FullCV_01,3289,CC(C)C(C=C(C(C)C)C=C1C(C)C)=C1C2=C(P(C(C)(C)C)C(C)(C)C)C(OC)=CC=C2OC,CC1=CC(C)=NO1,CC(C)(C)/N=C(N(C)C)/N(C)C,ClC1=CC=C(OC)C=C1,0.35921569
06b73b79ccbf3f53,FullCV_01,3290,CC(C)C(C=C(C(C)C)C=C1C(C)C)=C1C2=C(P(C(C)(C)C)C(C)(C)C)C=CC=C2,CC1=NOC=C1,CN1CCCN2C1=NCCC2,ClC1=CC=C(C(F)(F)F)C=C1,34.96627405
9dc9bffa4a7b01d0,FullCV_01,3291,CC(C)C(C=C(C(C)C)C=C1C(C)C)=C1C2=C(P(C(C)(C)C)C(C)(C)C)C=CC=C2,C12=C(C=CC=C2)ON=C1,CN(C)P(N(C)C)(N(C)C)=NP(N(C)C)(N(C)C)=NCC,IC1=CC=C(CC)C=C1,49.62220517
36345999bbfba96c,FullCV_01,3292,CC(C)C(C=C(C(C)C)C=C1C(C)C)=C1C2=C(P([C@@]3(C[C@@H]4C5)C[C@H](C4)C[C@H]5C3)[C@]6(C7)C[C@@H](C[C@@H]7C8)C[C@@H]8C6)C(OC)=CC=C2OC,O=C(OC)C1=NOC(C2=CC=CS2)=C1,CC(C)(C)/N=C(N(C)C)/N(C)C,IC1=NC=CC=C1,54.86277738
3926e159104e965a,FullCV_01,3293,CC(C)C(C=C(C(C)C)C=C1C(C)C)=C1C2=C(P(C(C)(C)C)C(C)(C)C)C(OC)=CC=C2OC,CCOC(C1=CON=C1)=O,CN1CCCN2C1=NCCC2,IC1=NC=CC=C1,44.9389876
53fd4f1b8cf3c30a,FullCV_01,3294,CC(C)C(C=C(C(C)C)C=C1C(C)C)=C1C2=C(P([C@@]3(C[C@@H]4C5)C[C@H](C4)C[C@H]5C3)[C@]6(C7)C[C@@H](C[C@@H]7C8)C[C@@H]8C6)C(OC)=CC=C2OC,O=C(OC)C1=CC=NO1,CN1CCCN2C1=NCCC2,IC1=NC=CC=C1,77.54677515
f48d2a8721515bec,FullCV_01,3295,CC(C)C(C=C(C(C)C)C=C1C(C)C)=C1C2=C(P(C(C)(C)C)C(C)(C)C)C(OC)=CC=C2OC,C1(C2=CC=CC=C2)=CC=NO1,CN1CCCN2C1=NCCC2,BrC1=CC=C(OC)C=C1,35.70389569
a53c2d2317e9bcad,FullCV_01,3296,CC(C)C(C=C(C(C)C)C=C1C(C)C)=C1C2=C(P(C(C)(C)C)C(C)(C)C)C=CC=C2,CC1=NOC=C1,CN1CCCN2C1=NCCC2,ClC1=CC=C(CC)C=C1,3.893641215
7ecd6e7946f735c5,FullCV_01,3297,CC(C)C(C=C(C(C)C)C=C1C(C)C)=C1C2=C(P(C(C)(C)C)C(C)(C)C)C(OC)=CC=C2OC,O=C(OC)C1=CC=NO1,CC(C)(C)/N=C(N(C)C)/N(C)C,IC1=CC=C(CC)C=C1,56.21933491
9a56224cb45ff436,FullCV_01,3298,CC(C)C(C=C(C(C)C)C=C1C(C)C)=C1C2=C(P(C(C)(C)C)C(C)(C)C)C=CC=C2,O=C(OC)C1=NOC(C2=CC=CS2)=C1,CN1CCCN2C1=NCCC2,ClC1=CC=C(C(F)(F)F)C=C1,11.91198349
634b2cfdf55ad42c,FullCV_01,3299,CC(C)C(C=C(C(C)C)C=C1C(C)C)=C1C2=C(P(C(C)(C)C)C(C)(C)C)C=CC=C2,CC1=CC(C)=NO1,CC(C)(C)/N=C(N(C)C)/N(C)C,BrC1=CN=CC=C1,66.0578891
bc97adb42ffa9c28,FullCV_01,3300,CC(C)C(C=C(C(C)C)C=C1C(C)C)=C1C2=C(P(C3CCCCC3)C4CCCCC4)C=CC=C2,C12=C(C=CC=C2)ON=C1,CC(C)(C)/N=C(N(C)C)/N(C)C,ClC1=CN=CC=C1,3.235819119
19f7418d66b7c0e9,FullCV_01,3301,CC(C)C(C=C(C(C)C)C=C1C(C)C)=C1C2=C(P([C@@]3(C[C@@H]4C5)C[C@H](C4)C[C@H]5C3)[C@]6(C7)C[C@@H](C[C@@H]7C8)C[C@@H]8C6)C(OC)=CC=C2OC,O=C(OC)C1=CC=NO1,CC(C)(C)/N=C(N(C)C)/N(C)C,ClC1=NC=CC=C1,3.747141461
366c09ed953275e8,FullCV_01,3302,CC(C)C(C=C(C(C)C)C=C1C(C)C)=C1C2=C(P([C@@]3(C[C@@H]4C5)C[C@H](C4)C[C@H]5C3)[C@]6(C7)C[C@@H](C[C@@H]7C8)C[C@@H]8C6)C(OC)=CC=C2OC,CC1=CC(C(OCC)=O)=NO1,CN(C)P(N(C)C)(N(C)C)=NP(N(C)C)(N(C)C)=NCC,ClC1=NC=CC=C1,64.02888238
42309c107f06d0b8,FullCV_01,3303,CC(C)C(C=C(C(C)C)C=C1C(C)C)=C1C2=C(P([C@@]3(C[C@@H]4C5)C[C@H](C4)C[C@H]5C3)[C@]6(C7)C[C@@H](C[C@@H]7C8)C[C@@H]8C6)C(OC)=CC=C2OC,CC1=NOC(C2=CC=CC=C2)=C1,CN1CCCN2C1=NCCC2,BrC1=NC=CC=C1,82.64502167
48ad72ddce5623d3,FullCV_01,3304,CC(C)C(C=C(C(C)C)C=C1C(C)C)=C1C2=C(P(C3CCCCC3)C4CCCCC4)C=CC=C2,CC1=NOC=C1,CC(C)(C)/N=C(N(C)C)/N(C)C,IC1=CC=C(CC)C=C1,50.54514481
fb76b2a7038b8346,FullCV_01,3305,CC(C)C(C=C(C(C)C)C=C1C(C)C)=C1C2=C(P(C3CCCCC3)C4CCCCC4)C=CC=C2,C1(C2=CC=CC=C2)=CC=NO1,CN(C)P(N(C)C)(N(C)C)=NP(N(C)C)(N(C)C)=NCC,BrC1=CN=CC=C1,9.677591971
31f263956c1571fe,FullCV_01,3306,CC(C)C(C=C(C(C)C)C=C1C(C)C)=C1C2=C(P(C(C)(C)C)C(C)(C)C)C(OC)=CC=C2OC,C1(N(CC2=CC=CC=C2)CC3=CC=CC=C3)=CC=NO1,CN1CCCN2C1=NCCC2,BrC1=CN=CC=C1,47.68791361
58fb71e30c178277,FullCV_01,3307,CC(C)C(C=C(C(C)C)C=C1C(C)C)=C1C2=C(P([C@@]3(C[C@@H]4C5)C[C@H](C4)C[C@H]5C3)[C@]6(C7)C[C@@H](C[C@@H]7C8)C[C@@H]8C6)C(OC)=CC=C2OC,CC1=NOC(C2=CC=CC=C2)=C1,CC(C)(C)/N=C(N(C)C)/N(C)C,ClC1=CN=CC=C1,5.956665819
53965f63e7578f86,FullCV_01,3308,CC(C)C(C=C(C(C)C)C=C1C(C)C)=C1C2=C(P([C@@]3(C[C@@H]4C5)C[C@H](C4)C[C@H]5C3)[C@]6(C7)C[C@@H](C[C@@H]7C8)C[C@@H]8C6)C(OC)=CC=C2OC,C12=CON=C1C=CC=C2,CN1CCCN2C1=NCCC2,IC1=CC=C(CC)C=C1,70.2716235
c334e4d41ca0e8df,FullCV_01,3309,CC(C)C(C=C(C(C)C)C=C1C(C)C)=C1C2=C(P(C3CCCCC3)C4CCCCC4)C=CC=C2,CC1=C(C(OCC)=O)C=NO1,CC(C)(C)/N=C(N(C)C)/N(C)C,IC1=NC=CC=C1,21.49059564
efc21510f5387b93,FullCV_01,3310,CC(C)C(C=C(C(C)C)C=C1C(C)C)=C1C2=C(P([C@@]3(C[C@@H]4C5)C[C@H](C4)C[C@H]5C3)[C@]6(C7)C[C@@H](C[C@@H]7C8)C[C@@H]8C6)C(OC)=CC=C2OC,CC1=NOC(C2=CC=CC=C2)=C1,CN1CCCN2C1=NCCC2,IC1=NC=CC=C1,90.64441503
b7fb157aaf360349,FullCV_01,3311,CC(C)C(C=C(C(C)C)C=C1C(C)C)=C1C2=C(P(C3CCCCC3)C4CCCCC4)C=CC=C2,C1(C2=CC=CC=C2)=CON=C1,CC(C)(C)/N=C(N(C)C)/N(C)C,ClC1=CC=C(C(F)(F)F)C=C1,14.26895253
d54ff40826fac84b,FullCV_01,3312,CC(C)C(C=C(C(C)C)C=C1C(C)C)=C1C2=C(P(C3CCCCC3)C4CCCCC4)C=CC=C2,CC1=NOC=C1,CN1CCCN2C1=NCCC2,ClC1=CC=C(C(F)(F)F)C=C1,20.79893886
e9d1a56065fd9387,FullCV_01,3313,CC(C)C(C=C(C(C)C)C=C1C(C)C)=C1C2=C(P([C@@]3(C[C@@H]4C5)C[C@H](C4)C[C@H]5C3)[C@]6(C7)C[C@@H](C[C@@H]7C8)C[C@@H]8C6)C(OC)=CC=C2OC,CC1=NOC(C(OCC)=O)=C1,CN(C)P(N(C)C)(N(C)C)=NP(N(C)C)(N(C)C)=NCC,IC1=CN=CC=C1,63.22469221
4399c48746c66f97,FullCV_01,3314,CC(C)C(C=C(C(C)C)C=C1C(C)C)=C1C2=C(P(C(C)(C)C)C(C)(C)C)C=CC=C2,CC1=NOC=C1,CN(C)P(N(C)C)(N(C)C)=NP(N(C)C)(N(C)C)=NCC,ClC1=NC=CC=C1,54.63079808
065e8bf60f79b440,FullCV_01,3315,CC(C)C(C=C(C(C)C)C=C1C(C)C)=C1C2=C(P([C@@]3(C[C@@H]4C5)C[C@H](C4)C[C@H]5C3)[C@]6(C7)C[C@@H](C[C@@H]7C8)C[C@@H]8C6)C(OC)=CC=C2OC,CC1=CC(C)=NO1,CC(C)(C)/N=C(N(C)C)/N(C)C,ClC1=CC=C(C(F)(F)F)C=C1,9.550418032
ca5906d69225f1de,FullCV_01,3316,CC(C)C(C=C(C(C)C)C=C1C(C)C)=C1C2=C(P(C(C)(C)C)C(C)(C)C)C(OC)=CC=C2OC,C12=C(C=CC=C2)ON=C1,CN(C)P(N(C)C)(N(C)C)=NP(N(C)C)(N(C)C)=NCC,ClC1=CC=C(C(F)(F)F)C=C1,16.27214516
d8ce21b371e7f2c3,FullCV_01,3317,CC(C)C(C=C(C(C)C)C=C1C(C)C)=C1C2=C(P(C(C)(C)C)C(C)(C)C)C=CC=C2,CCOC(C1=NOC=C1)=O,CC(C)(C)/N=C(N(C)C)/N(C)C,ClC1=CC=C(C(F)(F)F)C=C1,24.21309665
f0fd74c2481c84be,FullCV_01,3318,CC(C)C(C=C(C(C)C)C=C1C(C)C)=C1C2=C(P(C(C)(C)C)C(C)(C)C)C(OC)=CC=C2OC,CC1=CC(C(OCC)=O)=NO1,CN(C)P(N(C)C)(N(C)C)=NP(N(C)C)(N(C)C)=NCC,BrC1=CC=C(CC)C=C1,68.84924903
5ab07f59fedf6c5a,FullCV_01,3319,CC(C)C(C=C(C(C)C)C=C1C(C)C)=C1C2=C(P(C(C)(C)C)C(C)(C)C)C=CC=C2,C1(C2=CC=CC=C2)=NOC=C1,CC(C)(C)/N=C(N(C)C)/N(C)C,IC1=CC=C(OC)C=C1,51.57354724
88e6c8878cf9a007,FullCV_01,3320,CC(C)C(C=C(C(C)C)C=C1C(C)C)=C1C2=C(P(C3CCCCC3)C4CCCCC4)C=CC=C2,O=C(OC)C1=NOC(C2=CC=CO2)=C1,CN1CCCN2C1=NCCC2,IC1=CN=CC=C1,32.51941474
6415104e54625235,FullCV_01,3321,CC(C)C(C=C(C(C)C)C=C1C(C)C)=C1C2=C(P(C3CCCCC3)C4CCCCC4)C=CC=C2,CC1=C(C(OCC)=O)C=NO1,CN1CCCN2C1=NCCC2,IC1=CC=C(OC)C=C1,10.26938874
3b1614918a536b0f,FullCV_01,3322,CC(C)C(C=C(C(C)C)C=C1C(C)C)=C1C2=C(P(C3CCCCC3)C4CCCCC4)C=CC=C2,CC1=CC=NO1,CC(C)(C)/N=C(N(C)C)/N(C)C,IC1=CC=C(OC)C=C1,13.524053
4157017fcc5fbcdb,FullCV_01,3323,CC(C)C(C=C(C(C)C)C=C1C(C)C)=C1C2=C(P(C(C)(C)C)C(C)(C)C)C(OC)=CC=C2OC,FC(C=CC=C1F)=C1C2=CC=NO2,CC(C)(C)/N=C(N(C)C)/N(C)C,BrC1=CC=C(OC)C=C1,12.21281347
968fd35122152a45,FullCV_01,3324,CC(C)C(C=C(C(C)C)C=C1C(C)C)=C1C2=C(P(C(C)(C)C)C(C)(C)C)C(OC)=CC=C2OC,CC1=C(C(OCC)=O)C=NO1,CN1CCCN2C1=NCCC2,IC1=NC=CC=C1,77.95754061
65c0ca84ad28d68a,FullCV_01,3325,CC(C)C(C=C(C(C)C)C=C1C(C)C)=C1C2=C(P(C(C)(C)C)C(C)(C)C)C(OC)=CC=C2OC,C1(C2=CC=CC=C2)=CC=NO1,CC(C)(C)/N=C(N(C)C)/N(C)C,ClC1=CC=C(OC)C=C1,0.0
6057bda2a76cba50,FullCV_01,3326,CC(C)C(C=C(C(C)C)C=C1C(C)C)=C1C2=C(P(C(C)(C)C)C(C)(C)C)C=CC=C2,C1(C2=CC=CC=C2)=NOC=C1,CN(C)P(N(C)C)(N(C)C)=NP(N(C)C)(N(C)C)=NCC,ClC1=CC=C(C(F)(F)F)C=C1,34.28672739
a0521189bd1f2482,FullCV_01,3327,CC(C)C(C=C(C(C)C)C=C1C(C)C)=C1C2=C(P([C@@]3(C[C@@H]4C5)C[C@H](C4)C[C@H]5C3)[C@]6(C7)C[C@@H](C[C@@H]7C8)C[C@@H]8C6)C(OC)=CC=C2OC,C12=CON=C1C=CC=C2,CN(C)P(N(C)C)(N(C)C)=NP(N(C)C)(N(C)C)=NCC,IC1=CN=CC=C1,6.214566797
bfdfd00d8253997f,FullCV_01,3328,CC(C)C(C=C(C(C)C)C=C1C(C)C)=C1C2=C(P(C(C)(C)C)C(C)(C)C)C(OC)=CC=C2OC,C12=C(C=CC=C2)ON=C1,CC(C)(C)/N=C(N(C)C)/N(C)C,BrC1=NC=CC=C1,43.48269562
6a7d5ec6e476daad,FullCV_01,3329,CC(C)C(C=C(C(C)C)C=C1C(C)C)=C1C2=C(P(C3CCCCC3)C4CCCCC4)C=CC=C2,CC1=NOC=C1,CC(C)(C)/N=C(N(C)C)/N(C)C,ClC1=NC=CC=C1,39.19022489
55877fd0923c7678,FullCV_01,3330,CC(C)C(C=C(C(C)C)C=C1C(C)C)=C1C2=C(P(C3CCCCC3)C4CCCCC4)C=CC=C2,C1(C2=CC=CC=C2)=CON=C1,CC(C)(C)/N=C(N(C)C)/N(C)C,BrC1=CC=C(CC)C=C1,8.432863834
c6e1e0e66df25391,FullCV_01,3331,CC(C)C(C=C(C(C)C)C=C1C(C)C)=C1C2=C(P([C@@]3(C[C@@H]4C5)C[C@H](C4)C[C@H]5C3)[C@]6(C7)C[C@@H](C[C@@H]7C8)C[C@@H]8C6)C(OC)=CC=C2OC,CCOC(C1=NOC=C1)=O,CN(C)P(N(C)C)(N(C)C)=NP(N(C)C)(N(C)C)=NCC,IC1=CC=C(CC)C=C1,14.17510686
69713bff53956b1c,FullCV_01,3332,CC(C)C(C=C(C(C)C)C=C1C(C)C)=C1C2=C(P([C@@]3(C[C@@H]4C5)C[C@H](C4)C[C@H]5C3)[C@]6(C7)C[C@@H](C[C@@H]7C8)C[C@@H]8C6)C(OC)=CC=C2OC,C1(C2=CC=CC=C2)=CON=C1,CN1CCCN2C1=NCCC2,IC1=CN=CC=C1,84.40270662
a3787f3c708eeff0,FullCV_01,3333,CC(C)C(C=C(C(C)C)C=C1C(C)C)=C1C2=C(P(C(C)(C)C)C(C)(C)C)C=CC=C2,CC1=NOC(C(OCC)=O)=C1,CN1CCCN2C1=NCCC2,ClC1=CN=CC=C1,4.166287009
ce4ecf26bb469b60,FullCV_01,3334,CC(C)C(C=C(C(C)C)C=C1C(C)C)=C1C2=C(P(C(C)(C)C)C(C)(C)C)C=CC=C2,CCOC(C1=CON=C1)=O,CC(C)(C)/N=C(N(C)C)/N(C)C,IC1=NC=CC=C1,8.140819585
2ec331340b2a24b4,FullCV_01,3335,CC(C)C(C=C(C(C)C)C=C1C(C)C)=C1C2=C(P(C(C)(C)C)C(C)(C)C)C(OC)=CC=C2OC,CC1=CC(C)=NO1,CN1CCCN2C1=NCCC2,BrC1=CC=C(OC)C=C1,52.14134094
be2b622087ef5271,FullCV_01,3336,CC(C)C(C=C(C(C)C)C=C1C(C)C)=C1C2=C(P([C@@]3(C[C@@H]4C5)C[C@H](C4)C[C@H]5C3)[C@]6(C7)C[C@@H](C[C@@H]7C8)C[C@@H]8C6)C(OC)=CC=C2OC,C1(C2=CC=CC=C2)=CC=NO1,CC(C)(C)/N=C(N(C)C)/N(C)C,ClC1=CC=C(C(F)(F)F)C=C1,3.956885702
86665039b8236e96,FullCV_01,3337,CC(C)C(C=C(C(C)C)C=C1C(C)C)=C1C2=C(P(C(C)(C)C)C(C)(C)C)C=CC=C2,CC1=NOC(C2=CC=CC=C2)=C1,CN1CCCN2C1=NCCC2,ClC1=CN=CC=C1,33.61928283
d7428ffd8f6f0835,FullCV_01,3338,CC(C)C(C=C(C(C)C)C=C1C(C)C)=C1C2=C(P(C3CCCCC3)C4CCCCC4)C=CC=C2,CCOC(C1=NOC=C1)=O,CN(C)P(N(C)C)(N(C)C)=NP(N(C)C)(N(C)C)=NCC,BrC1=CC=C(OC)C=C1,0.0
14ce3c2a3c41adb4,FullCV_01,3339,CC(C)C(C=C(C(C)C)C=C1C(C)C)=C1C2=C(P([C@@]3(C[C@@H]4C5)C[C@H](C4)C[C@H]5C3)[C@]6(C7)C[C@@H](C[C@@H]7C8)C[C@@H]8C6)C(OC)=CC=C2OC,CCOC(C1=CON=C1)=O,CN(C)P(N(C)C)(N(C)C)=NP(N(C)C)(N(C)C)=NCC,ClC1=CC=C(CC)C=C1,0.0
7a322cb70d520d31,FullCV_01,3340,CC(C)C(C=C(C(C)C)C=C1C(C)C)=C1C2=C(P(C(C)(C)C)C(C)(C)C)C=CC=C2,COC1=NOC(C(OCC)=O)=C1,CN1CCCN2C1=NCCC2,BrC1=CC=C(C(F)(F)F)C=C1,38.35488356
221f8d3502c81f9b,FullCV_01,3341,CC(C)C(C=C(C(C)C)C=C1C(C)C)=C1C2=C(P(C(C)(C)C)C(C)(C)C)C=CC=C2,CC1=CC=NO1,CN1CCCN2C1=NCCC2,ClC1=CC=C(C(F)(F)F)C=C1,23.76547665
2522c81ee4ad613a,FullCV_01,3342,CC(C)C(C=C(C(C)C)C=C1C(C)C)=C1C2=C(P(C(C)(C)C)C(C)(C)C)C(OC)=CC=C2OC,CC1=CC(N2C=CC=C2)=NO1,CC(C)(C)/N=C(N(C)C)/N(C)C,IC1=NC=CC=C1,64.68104609
7fae2bb30859417b,FullCV_01,3343,CC(C)C(C=C(C(C)C)C=C1C(C)C)=C1C2=C(P(C3CCCCC3)C4CCCCC4)C=CC=C2,CC1=C(C(OCC)=O)C=NO1,CN(C)P(N(C)C)(N(C)C)=NP(N(C)C)(N(C)C)=NCC,ClC1=CC=C(CC)C=C1,14.86219247
bedfded27d68d26e,FullCV_01,3344,CC(C)C(C=C(C(C)C)C=C1C(C)C)=C1C2=C(P(C(C)(C)C)C(C)(C)C)C(OC)=CC=C2OC,O=C(OC)C1=NOC(C2=CC=CO2)=C1,CN(C)P(N(C)C)(N(C)C)=NP(N(C)C)(N(C)C)=NCC,IC1=NC=CC=C1,77.54678733
b0658f5aeeaa13a3,FullCV_01,3345,CC(C)C(C=C(C(C)C)C=C1C(C)C)=C1C2=C(P(C(C)(C)C)C(C)(C)C)C=CC=C2,CC1=NOC(C(OCC)=O)=C1,CN1CCCN2C1=NCCC2,IC1=CC=C(C(F)(F)F)C=C1,51.75674767
4ebfb2d91e07a7ad,FullCV_01,3346,CC(C)C(C=C(C(C)C)C=C1C(C)C)=C1C2=C(P(C3CCCCC3)C4CCCCC4)C=CC=C2,O=C(OC)C1=NOC(C2=CC=CO2)=C1,CN(C)P(N(C)C)(N(C)C)=NP(N(C)C)(N(C)C)=NCC,IC1=CC=C(CC)C=C1,47.36333704
15b66810461c334b,FullCV_01,3347,CC(C)C(C=C(C(C)C)C=C1C(C)C)=C1C2=C(P(C(C)(C)C)C(C)(C)C)C=CC=C2,CC1=NOC(C2=CC=CC=C2)=C1,CN(C)P(N(C)C)(N(C)C)=NP(N(C)C)(N(C)C)=NCC,BrC1=CC=C(CC)C=C1,63.8388463
8987afa98e53c324,FullCV_01,3348,CC(C)C(C=C(C(C)C)C=C1C(C)C)=C1C2=C(P(C(C)(C)C)C(C)(C)C)C(OC)=CC=C2OC,O=C(OC)C1=CC=NO1,CC(C)(C)/N=C(N(C)C)/N(C)C,ClC1=CN=CC=C1,0.0
0cf9890ae501a3d7,FullCV_01,3349,CC(C)C(C=C(C(C)C)C=C1C(C)C)=C1C2=C(P(C(C)(C)C)C(C)(C)C)C(OC)=CC=C2OC,CC1=CC(C(OCC)=O)=NO1,CC(C)(C)/N=C(N(C)C)/N(C)C,IC1=CN=CC=C1,77.03264152
3dfc1200d4615148,FullCV_01,3350,CC(C)C(C=C(C(C)C)C=C1C(C)C)=C1C2=C(P(C(C)(C)C)C(C)(C)C)C=CC=C2,CC1=CC(C)=NO1,CC(C)(C)/N=C(N(C)C)/N(C)C,IC1=CC=C(C(F)(F)F)C=C1,37.39782282
cf07676c7593e009,FullCV_01,3351,CC(C)C(C=C(C(C)C)C=C1C(C)C)=C1C2=C(P(C3CCCCC3)C4CCCCC4)C=CC=C2,C1(C2=CC=CC=C2)=CON=C1,CC(C)(C)/N=C(N(C)C)/N(C)C,IC1=CC=C(C(F)(F)F)C=C1,38.55067304
72924118fb3c71ef,FullCV_01,3352,CC(C)C(C=C(C(C)C)C=C1C(C)C)=C1C2=C(P(C(C)(C)C)C(C)(C)C)C(OC)=CC=C2OC,C12=CON=C1C=CC=C2,CC(C)(C)/N=C(N(C)C)/N(C)C,ClC1=NC=CC=C1,9.609943508
d0bb6b11be7249fd,FullCV_01,3353,CC(C)C(C=C(C(C)C)C=C1C(C)C)=C1C2=C(P(C3CCCCC3)C4CCCCC4)C=CC=C2,O=C(OC)C1=CC=NO1,CC(C)(C)/N=C(N(C)C)/N(C)C,BrC1=CC=C(CC)C=C1,4.892554111
a685226c84d5df96,FullCV_01,3354,CC(C)C(C=C(C(C)C)C=C1C(C)C)=C1C2=C(P(C(C)(C)C)C(C)(C)C)C(OC)=CC=C2OC,O=C(OC)C1=CC=NO1,CN(C)P(N(C)C)(N(C)C)=NP(N(C)C)(N(C)C)=NCC,BrC1=CN=CC=C1,10.88559026
5e05951ee14919d0,FullCV_01,3355,CC(C)C(C=C(C(C)C)C=C1C(C)C)=C1C2=C(P(C(C)(C)C)C(C)(C)C)C(OC)=CC=C2OC,CC1=C(C(OCC)=O)C=NO1,CN1CCCN2C1=NCCC2,BrC1=CN=CC=C1,45.50180654
f6f28b81add1ec72,FullCV_01,3356,CC(C)C(C=C(C(C)C)C=C1C(C)C)=C1C2=C(P([C@@]3(C[C@@H]4C5)C[C@H](C4)C[C@H]5C3)[C@]6(C7)C[C@@H](C[C@@H]7C8)C[C@@H]8C6)C(OC)=CC=C2OC,CC1=NOC(C(OCC)=O)=C1,CN(C)P(N(C)C)(N(C)C)=NP(N(C)C)(N(C)C)=NCC,BrC1=CC=C(CC)C=C1,67.02083729
d88351f072216a7c,FullCV_01,3357,CC(C)C(C=C(C(C)C)C=C1C(C)C)=C1C2=C(P(C(C)(C)C)C(C)(C)C)C(OC)=CC=C2OC,C1(C2=CC=CC=C2)=CON=C1,CN(C)P(N(C)C)(N(C)C)=NP(N(C)C)(N(C)C)=NCC,ClC1=CN=CC=C1,66.85191048
80e7bbdd42dc7ca8,FullCV_01,3358,CC(C)C(C=C(C(C)C)C=C1C(C)C)=C1C2=C(P(C3CCCCC3)C4CCCCC4)C=CC=C2,C1(N(CC2=CC=CC=C2)CC3=CC=CC=C3)=CC=NO1,CN(C)P(N(C)C)(N(C)C)=NP(N(C)C)(N(C)C)=NCC,IC1=CN=CC=C1,9.3396983
5fa382eca13f419d,FullCV_01,3359,CC(C)C(C=C(C(C)C)C=C1C(C)C)=C1C2=C(P([C@@]3(C[C@@H]4C5)C[C@H](C4)C[C@H]5C3)[C@]6(C7)C[C@@H](C[C@@H]7C8)C[C@@H]8C6)C(OC)=CC=C2OC,CC1=NOC(C(OCC)=O)=C1,CC(C)(C)/N=C(N(C)C)/N(C)C,IC1=NC=CC=C1,69.94718927
a60bb8c3a69ec8bd,FullCV_01,3360,CC(C)C(C=C(C(C)C)C=C1C(C)C)=C1C2=C(P(C3CCCCC3)C4CCCCC4)C=CC=C2,CCOC(C1=CON=C1)=O,CN1CCCN2C1=NCCC2,BrC1=CC=C(OC)C=C1,4.73013199
19559f978bd6bf83,FullCV_01,3361,CC(C)C(C=C(C(C)C)C=C1C(C)C)=C1C2=C(P(C(C)(C)C)C(C)(C)C)C=CC=C2,O=C(OC)C1=NOC(C2=CC=CS2)=C1,CC(C)(C)/N=C(N(C)C)/N(C)C,BrC1=CN=CC=C1,63.13467167
f9ba9a918aecdc41,FullCV_01,3362,CC(C)C(C=C(C(C)C)C=C1C(C)C)=C1C2=C(P(C(C)(C)C)C(C)(C)C)C=CC=C2,COC1=NOC(C(OCC)=O)=C1,CC(C)(C)/N=C(N(C)C)/N(C)C,IC1=NC=CC=C1,58.46064001
09a7bccaccc3e6d0,FullCV_01,3363,CC(C)C(C=C(C(C)C)C=C1C(C)C)=C1C2=C(P(C(C)(C)C)C(C)(C)C)C(OC)=CC=C2OC,CC1=CC(C(OCC)=O)=NO1,CN1CCCN2C1=NCCC2,IC1=CC=C(CC)C=C1,80.78664078
04a3260169f6887e,FullCV_01,3364,CC(C)C(C=C(C(C)C)C=C1C(C)C)=C1C2=C(P([C@@]3(C[C@@H]4C5)C[C@H](C4)C[C@H]5C3)[C@]6(C7)C[C@@H](C[C@@H]7C8)C[C@@H]8C6)C(OC)=CC=C2OC,C1(N(CC2=CC=CC=C2)CC3=CC=CC=C3)=CC=NO1,CC(C)(C)/N=C(N(C)C)/N(C)C,ClC1=CC=C(C(F)(F)F)C=C1,3.434831672
b05dcdeb221473fc,FullCV_01,3365,CC(C)C(C=C(C(C)C)C=C1C(C)C)=C1C2=C(P(C(C)(C)C)C(C)(C)C)C(OC)=CC=C2OC,O=C(OC)C1=NOC(C2=CC=CO2)=C1,CC(C)(C)/N=C(N(C)C)/N(C)C,ClC1=CC=C(OC)C=C1,0.0
2d689a3c1dbd4d00,FullCV_01,3366,CC(C)C(C=C(C(C)C)C=C1C(C)C)=C1C2=C(P([C@@]3(C[C@@H]4C5)C[C@H](C4)C[C@H]5C3)[C@]6(C7)C[C@@H](C[C@@H]7C8)C[C@@H]8C6)C(OC)=CC=C2OC,CC1=CC(C(OCC)=O)=NO1,CN1CCCN2C1=NCCC2,BrC1=NC=CC=C1,84.17796028
a8a345970679204a,FullCV_01,3367,CC(C)C(C=C(C(C)C)C=C1C(C)C)=C1C2=C(P(C3CCCCC3)C4CCCCC4)C=CC=C2,CC1=NOC(C2=CC=CC=C2)=C1,CN1CCCN2C1=NCCC2,IC1=CN=CC=C1,43.08223061
bc43dabbfedb7f0b,FullCV_01,3368,CC(C)C(C=C(C(C)C)C=C1C(C)C)=C1C2=C(P(C(C)(C)C)C(C)(C)C)C=CC=C2,C12=CON=C1C=CC=C2,CC(C)(C)/N=C(N(C)C)/N(C)C,IC1=CC=C(CC)C=C1,30.40581968
8eb0d662c0a167f1,FullCV_01,3369,CC(C)C(C=C(C(C)C)C=C1C(C)C)=C1C2=C(P(C3CCCCC3)C4CCCCC4)C=CC=C2,CC1=CC(C(OCC)=O)=NO1,CN1CCCN2C1=NCCC2,IC1=NC=CC=C1,67.97172842
ca3d6eec03f49ef7,FullCV_01,3370,CC(C)C(C=C(C(C)C)C=C1C(C)C)=C1C2=C(P(C(C)(C)C)C(C)(C)C)C(OC)=CC=C2OC,CC1=CC(N2C=CC=C2)=NO1,CC(C)(C)/N=C(N(C)C)/N(C)C,ClC1=CC=C(OC)C=C1,1.088494579
e7ab749565ef3e2c,FullCV_01,3371,CC(C)C(C=C(C(C)C)C=C1C(C)C)=C1C2=C(P(C3CCCCC3)C4CCCCC4)C=CC=C2,CC1=NOC=C1,CN(C)P(N(C)C)(N(C)C)=NP(N(C)C)(N(C)C)=NCC,ClC1=CC=C(CC)C=C1,4.111488109
9aca0e00087d4c80,FullCV_01,3372,CC(C)C(C=C(C(C)C)C=C1C(C)C)=C1C2=C(P(C3CCCCC3)C4CCCCC4)C=CC=C2,C1(C2=CC=CC=C2)=NOC=C1,CN1CCCN2C1=NCCC2,ClC1=NC=CC=C1,32.36907857
342d0feea7e2ac13,FullCV_01,3373,CC(C)C(C=C(C(C)C)C=C1C(C)C)=C1C2=C(P(C3CCCCC3)C4CCCCC4)C=CC=C2,CC1=CC(N2C=CC=C2)=NO1,CC(C)(C)/N=C(N(C)C)/N(C)C,IC1=CC=C(C(F)(F)F)C=C1,34.52065187
c9fb54384436bc17,FullCV_01,3374,CC(C)C(C=C(C(C)C)C=C1C(C)C)=C1C2=C(P(C(C)(C)C)C(C)(C)C)C=CC=C2,CC1=CC(C(OCC)=O)=NO1,CN(C)P(N(C)C)(N(C)C)=NP(N(C)C)(N(C)C)=NCC,ClC1=CN=CC=C1,36.47724246
2fbcd1744c5a5f03,FullCV_01,3375,CC(C)C(C=C(C(C)C)C=C1C(C)C)=C1C2=C(P([C@@]3(C[C@@H]4C5)C[C@H](C4)C[C@H]5C3)[C@]6(C7)C[C@@H](C[C@@H]7C8)C[C@@H]8C6)C(OC)=CC=C2OC,CC1=NOC(C2=CC=CC=C2)=C1,CN1CCCN2C1=NCCC2,ClC1=CC=C(CC)C=C1,0.789038452
9e60c17a4ef06083,FullCV_01,3376,CC(C)C(C=C(C(C)C)C=C1C(C)C)=C1C2=C(P([C@@]3(C[C@@H]4C5)C[C@H](C4)C[C@H]5C3)[C@]6(C7)C[C@@H](C[C@@H]7C8)C[C@@H]8C6)C(OC)=CC=C2OC,CC1=CC(N2C=CC=C2)=NO1,CN1CCCN2C1=NCCC2,IC1=CC=C(OC)C=C1,48.45171074
b6b91285f406553e,FullCV_01,3377,CC(C)C(C=C(C(C)C)C=C1C(C)C)=C1C2=C(P(C(C)(C)C)C(C)(C)C)C(OC)=CC=C2OC,C1(N(CC2=CC=CC=C2)CC3=CC=CC=C3)=NOC=C1,CN1CCCN2C1=NCCC2,BrC1=CC=C(C(F)(F)F)C=C1,38.03109863
ec46aca208429023,FullCV_01,3378,CC(C)C(C=C(C(C)C)C=C1C(C)C)=C1C2=C(P([C@@]3(C[C@@H]4C5)C[C@H](C4)C[C@H]5C3)[C@]6(C7)C[C@@H](C[C@@H]7C8)C[C@@H]8C6)C(OC)=CC=C2OC,CC1=CC(N2C=CC=C2)=NO1,CC(C)(C)/N=C(N(C)C)/N(C)C,IC1=CC=C(C(F)(F)F)C=C1,36.96535355
26da71b5f6e15dc1,FullCV_01,3379,CC(C)C(C=C(C(C)C)C=C1C(C)C)=C1C2=C(P([C@@]3(C[C@@H]4C5)C[C@H](C4)C[C@H]5C3)[C@]6(C7)C[C@@H](C[C@@H]7C8)C[C@@H]8C6)C(OC)=CC=C2OC,C12=C(C=CC=C2)ON=C1,CN1CCCN2C1=NCCC2,ClC1=CC=C(OC)C=C1,0.707254592
b1bc7b9562674a2f,FullCV_01,3380,CC(C)C(C=C(C(C)C)C=C1C(C)C)=C1C2=C(P(C3CCCCC3)C4CCCCC4)C=CC=C2,FC(C=CC=C1F)=C1C2=CC=NO2,CN1CCCN2C1=NCCC2,IC1=NC=CC=C1,23.20886991
6a0d5ba98ba90c68,FullCV_01,3381,CC(C)C(C=C(C(C)C)C=C1C(C)C)=C1C2=C(P([C@@]3(C[C@@H]4C5)C[C@H](C4)C[C@H]5C3)[C@]6(C7)C[C@@H](C[C@@H]7C8)C[C@@H]8C6)C(OC)=CC=C2OC,C1(C2=CC=CC=C2)=CON=C1,CN1CCCN2C1=NCCC2,ClC1=CC=C(CC)C=C1,7.120028255
c5d7d20efabf22b1,FullCV_01,3382,CC(C)C(C=C(C(C)C)C=C1C(C)C)=C1C2=C(P([C@@]3(C[C@@H]4C5)C[C@H](C4)C[C@H]5C3)[C@]6(C7)C[C@@H](C[C@@H]7C8)C[C@@H]8C6)C(OC)=CC=C2OC,C12=CON=C1C=CC=C2,CC(C)(C)/N=C(N(C)C)/N(C)C,BrC1=CC=C(OC)C=C1,2.004686227
f1dc67f2d489fe20,FullCV_01,3383,CC(C)C(C=C(C(C)C)C=C1C(C)C)=C1C2=C(P(C(C)(C)C)C(C)(C)C)C(OC)=CC=C2OC,C12=C(C=CC=C2)ON=C1,CN1CCCN2C1=NCCC2,ClC1=CC=C(C(F)(F)F)C=C1,22.90680768
926b6f1262ebf8cc,FullCV_01,3384,CC(C)C(C=C(C(C)C)C=C1C(C)C)=C1C2=C(P(C(C)(C)C)C(C)(C)C)C(OC)=CC=C2OC,CC1=CC=NO1,CC(C)(C)/N=C(N(C)C)/N(C)C,ClC1=CN=CC=C1,3.551606076
aa6930f4b1b88f3d,FullCV_01,3385,CC(C)C(C=C(C(C)C)C=C1C(C)C)=C1C2=C(P(C(C)(C)C)C(C)(C)C)C=CC=C2,CC1=NOC(C2=CC=CC=C2)=C1,CN(C)P(N(C)C)(N(C)C)=NP(N(C)C)(N(C)C)=NCC,BrC1=CC=C(C(F)(F)F)C=C1,33.92093167
84947525e0bdd86a,FullCV_01,3386,CC(C)C(C=C(C(C)C)C=C1C(C)C)=C1C2=C(P(C(C)(C)C)C(C)(C)C)C=CC=C2,CCOC(C1=CON=C1)=O,CN(C)P(N(C)C)(N(C)C)=NP(N(C)C)(N(C)C)=NCC,ClC1=CC=C(C(F)(F)F)C=C1,1.009269411
e99b72d1091caf23,FullCV_01,3387,CC(C)C(C=C(C(C)C)C=C1C(C)C)=C1C2=C(P(C3CCCCC3)C4CCCCC4)C=CC=C2,CC1=CC=NO1,CC(C)(C)/N=C(N(C)C)/N(C)C,ClC1=CN=CC=C1,10.00638892
a216c3dab01b55b8,FullCV_01,3388,CC(C)C(C=C(C(C)C)C=C1C(C)C)=C1C2=C(P([C@@]3(C[C@@H]4C5)C[C@H](C4)C[C@H]5C3)[C@]6(C7)C[C@@H](C[C@@H]7C8)C[C@@H]8C6)C(OC)=CC=C2OC,C1(C2=CC=CC=C2)=CON=C1,CN1CCCN2C1=NCCC2,ClC1=NC=CC=C1,44.47903411
7fdeb73377b22343,FullCV_01,3389,CC(C)C(C=C(C(C)C)C=C1C(C)C)=C1C2=C(P(C3CCCCC3)C4CCCCC4)C=CC=C2,CC1=NOC(C2=CC=CC=C2)=C1,CN(C)P(N(C)C)(N(C)C)=NP(N(C)C)(N(C)C)=NCC,IC1=NC=CC=C1,22.00500964
4f623d96f2d661c2,FullCV_01,3390,CC(C)C(C=C(C(C)C)C=C1C(C)C)=C1C2=C(P(C3CCCCC3)C4CCCCC4)C=CC=C2,CC1=NOC(C2=CC=CC=C2)=C1,CC(C)(C)/N=C(N(C)C)/N(C)C,ClC1=CC=C(OC)C=C1,0.448085745
cb5d02c91475ef12,FullCV_01,3391,CC(C)C(C=C(C(C)C)C=C1C(C)C)=C1C2=C(P(C3CCCCC3)C4CCCCC4)C=CC=C2,C12=CON=C1C=CC=C2,CN(C)P(N(C)C)(N(C)C)=NP(N(C)C)(N(C)C)=NCC,BrC1=CC=C(OC)C=C1,3.267294839
1d4c682fca6c5004,FullCV_01,3392,CC(C)C(C=C(C(C)C)C=C1C(C)C)=C1C2=C(P(C3CCCCC3)C4CCCCC4)C=CC=C2,FC(C=CC=C1F)=C1C2=CC=NO2,CC(C)(C)/N=C(N(C)C)/N(C)C,IC1=CN=CC=C1,12.75397423
9de32294dca20362,FullCV_01,3393,CC(C)C(C=C(C(C)C)C=C1C(C)C)=C1C2=C(P([C@@]3(C[C@@H]4C5)C[C@H](C4)C[C@H]5C3)[C@]6(C7)C[C@@H](C[C@@H]7C8)C[C@@H]8C6)C(OC)=CC=C2OC,CC1=CC(C)=NO1,CN(C)P(N(C)C)(N(C)C)=NP(N(C)C)(N(C)C)=NCC,BrC1=NC=CC=C1,77.6347291
a48a2d2cad8dc924,FullCV_01,3394,CC(C)C(C=C(C(C)C)C=C1C(C)C)=C1C2=C(P(C(C)(C)C)C(C)(C)C)C=CC=C2,CC1=C(C(OCC)=O)C=NO1,CN1CCCN2C1=NCCC2,ClC1=NC=CC=C1,48.36115435
70087dc19dfd1668,FullCV_01,3395,CC(C)C(C=C(C(C)C)C=C1C(C)C)=C1C2=C(P(C(C)(C)C)C(C)(C)C)C(OC)=CC=C2OC,CC1=CC(N2C=CC=C2)=NO1,CN(C)P(N(C)C)(N(C)C)=NP(N(C)C)(N(C)C)=NCC,ClC1=CC=C(OC)C=C1,0.337596865
097796049bec13be,FullCV_01,3396,CC(C)C(C=C(C(C)C)C=C1C(C)C)=C1C2=C(P(C(C)(C)C)C(C)(C)C)C=CC=C2,C1(N(CC2=CC=CC=C2)CC3=CC=CC=C3)=CC=NO1,CN1CCCN2C1=NCCC2,BrC1=CC=C(C(F)(F)F)C=C1,27.36893381
6a4fab6f85fe85dc,FullCV_01,3397,CC(C)C(C=C(C(C)C)C=C1C(C)C)=C1C2=C(P(C(C)(C)C)C(C)(C)C)C=CC=C2,C1(N(CC2=CC=CC=C2)CC3=CC=CC=C3)=NOC=C1,CN(C)P(N(C)C)(N(C)C)=NP(N(C)C)(N(C)C)=NCC,ClC1=CN=CC=C1,65.3367146
bcdcb0f0c5ee9548,FullCV_01,3398,CC(C)C(C=C(C(C)C)C=C1C(C)C)=C1C2=C(P(C(C)(C)C)C(C)(C)C)C=CC=C2,C1(N(CC2=CC=CC=C2)CC3=CC=CC=C3)=CC=NO1,CN1CCCN2C1=NCCC2,IC1=CC=C(OC)C=C1,44.46296659
e13ed37cf8f72b84,FullCV_01,3399,CC(C)C(C=C(C(C)C)C=C1C(C)C)=C1C2=C(P(C3CCCCC3)C4CCCCC4)C=CC=C2,CC1=CC(N2C=CC=C2)=NO1,CC(C)(C)/N=C(N(C)C)/N(C)C,ClC1=NC=CC=C1,26.66040937
103b92a91712c80b,FullCV_01,3400,CC(C)C(C=C(C(C)C)C=C1C(C)C)=C1C2=C(P(C3CCCCC3)C4CCCCC4)C=CC=C2,C1(C2=CC=CC=C2)=CC=NO1,CN(C)P(N(C)C)(N(C)C)=NP(N(C)C)(N(C)C)=NCC,IC1=CC=C(C(F)(F)F)C=C1,18.27868619
67f1077fa2b58470,FullCV_01,3401,CC(C)C(C=C(C(C)C)C=C1C(C)C)=C1C2=C(P(C(C)(C)C)C(C)(C)C)C(OC)=CC=C2OC,O=C(OC)C1=NOC(C2=CC=CS2)=C1,CN1CCCN2C1=NCCC2,BrC1=CC=C(C(F)(F)F)C=C1,38.15565558
37edbb8288c9aeb1,FullCV_01,3402,CC(C)C(C=C(C(C)C)C=C1C(C)C)=C1C2=C(P(C3CCCCC3)C4CCCCC4)C=CC=C2,C12=CON=C1C=CC=C2,CN1CCCN2C1=NCCC2,IC1=CN=CC=C1,5.085670913
a7b71325120e4b03,FullCV_01,3403,CC(C)C(C=C(C(C)C)C=C1C(C)C)=C1C2=C(P(C3CCCCC3)C4CCCCC4)C=CC=C2,C1(C2=CC=CC=C2)=CC=NO1,CN1CCCN2C1=NCCC2,IC1=CN=CC=C1,17.378304
7ca52a2f5405c824,FullCV_01,3404,CC(C)C(C=C(C(C)C)C=C1C(C)C)=C1C2=C(P(C(C)(C)C)C(C)(C)C)C(OC)=CC=C2OC,C12=C(C=CC=C2)ON=C1,CN(C)P(N(C)C)(N(C)C)=NP(N(C)C)(N(C)C)=NCC,IC1=CC=C(OC)C=C1,29.85245303
9739d8216e948bba,FullCV_01,3405,CC(C)C(C=C(C(C)C)C=C1C(C)C)=C1C2=C(P([C@@]3(C[C@@H]4C5)C[C@H](C4)C[C@H]5C3)[C@]6(C7)C[C@@H](C[C@@H]7C8)C[C@@H]8C6)C(OC)=CC=C2OC,C1(N(CC2=CC=CC=C2)CC3=CC=CC=C3)=NOC=C1,CC(C)(C)/N=C(N(C)C)/N(C)C,ClC1=CC=C(CC)C=C1,2.42184546
57e896e4f8ec0424,FullCV_01,3406,CC(C)C(C=C(C(C)C)C=C1C(C)C)=C1C2=C(P([C@@]3(C[C@@H]4C5)C[C@H](C4)C[C@H]5C3)[C@]6(C7)C[C@@H](C[C@@H]7C8)C[C@@H]8C6)C(OC)=CC=C2OC,C12=CON=C1C=CC=C2,CC(C)(C)/N=C(N(C)C)/N(C)C,ClC1=NC=CC=C1,3.547951578
404d52fbbcd884a4,FullCV_01,3407,CC(C)C(C=C(C(C)C)C=C1C(C)C)=C1C2=C(P([C@@]3(C[C@@H]4C5)C[C@H](C4)C[C@H]5C3)[C@]6(C7)C[C@@H](C[C@@H]7C8)C[C@@H]8C6)C(OC)=CC=C2OC,O=C(OC)C1=NOC(C2=CC=CS2)=C1,CN1CCCN2C1=NCCC2,ClC1=NC=CC=C1,38.40380593
87c925d4cd4fc12f,FullCV_01,3408,CC(C)C(C=C(C(C)C)C=C1C(C)C)=C1C2=C(P(C3CCCCC3)C4CCCCC4)C=CC=C2,C1(C2=CC=CC=C2)=NOC=C1,CC(C)(C)/N=C(N(C)C)/N(C)C,IC1=CC=C(C(F)(F)F)C=C1,34.68866542
03e13bcc76e769e2,FullCV_01,3409,CC(C)C(C=C(C(C)C)C=C1C(C)C)=C1C2=C(P(C(C)(C)C)C(C)(C)C)C(OC)=CC=C2OC,C12=C(C=CC=C2)ON=C1,CC(C)(C)/N=C(N(C)C)/N(C)C,BrC1=CC=C(C(F)(F)F)C=C1,29.89972719
4ddb8058c2d4dc50,FullCV_01,3410,CC(C)C(C=C(C(C)C)C=C1C(C)C)=C1C2=C(P(C3CCCCC3)C4CCCCC4)C=CC=C2,C12=C(C=CC=C2)ON=C1,CN(C)P(N(C)C)(N(C)C)=NP(N(C)C)(N(C)C)=NCC,BrC1=CC=C(OC)C=C1,9.607508599
4c48919056001ff5,FullCV_01,3411,CC(C)C(C=C(C(C)C)C=C1C(C)C)=C1C2=C(P(C(C)(C)C)C(C)(C)C)C(OC)=CC=C2OC,C1(C2=CC=CC=C2)=CON=C1,CC(C)(C)/N=C(N(C)C)/N(C)C,ClC1=CC=C(CC)C=C1,0.0
f776a4717d844d40,FullCV_01,3412,CC(C)C(C=C(C(C)C)C=C1C(C)C)=C1C2=C(P(C(C)(C)C)C(C)(C)C)C=CC=C2,C1(C2=CC=CC=C2)=CC=NO1,CC(C)(C)/N=C(N(C)C)/N(C)C,BrC1=CC=C(CC)C=C1,66.02401389
be938884531612c7,FullCV_01,3413,CC(C)C(C=C(C(C)C)C=C1C(C)C)=C1C2=C(P(C3CCCCC3)C4CCCCC4)C=CC=C2,C1(C2=CC=CC=C2)=CC=NO1,CN(C)P(N(C)C)(N(C)C)=NP(N(C)C)(N(C)C)=NCC,ClC1=CC=C(OC)C=C1,2.475057616
304a08b0d74c693b,FullCV_01,3414,CC(C)C(C=C(C(C)C)C=C1C(C)C)=C1C2=C(P([C@@]3(C[C@@H]4C5)C[C@H](C4)C[C@H]5C3)[C@]6(C7)C[C@@H](C[C@@H]7C8)C[C@@H]8C6)C(OC)=CC=C2OC,FC(C=CC=C1F)=C1C2=CC=NO2,CC(C)(C)/N=C(N(C)C)/N(C)C,BrC1=CC=C(C(F)(F)F)C=C1,15.19101144
2700f7d3e1e499ff,FullCV_01,3415,CC(C)C(C=C(C(C)C)C=C1C(C)C)=C1C2=C(P(C(C)(C)C)C(C)(C)C)C(OC)=CC=C2OC,CC1=NOC(C2=CC=CC=C2)=C1,CN(C)P(N(C)C)(N(C)C)=NP(N(C)C)(N(C)C)=NCC,ClC1=CN=CC=C1,0.0
4732ac422ab2fde1,FullCV_01,3416,CC(C)C(C=C(C(C)C)C=C1C(C)C)=C1C2=C(P(C3CCCCC3)C4CCCCC4)C=CC=C2,CC1=CC=NO1,CC(C)(C)/N=C(N(C)C)/N(C)C,ClC1=CC=C(C(F)(F)F)C=C1,15.11582189
a3923538a840df91,FullCV_01,3417,CC(C)C(C=C(C(C)C)C=C1C(C)C)=C1C2=C(P([C@@]3(C[C@@H]4C5)C[C@H](C4)C[C@H]5C3)[C@]6(C7)C[C@@H](C[C@@H]7C8)C[C@@H]8C6)C(OC)=CC=C2OC,CC1=NOC(C2=CC=CC=C2)=C1,CN(C)P(N(C)C)(N(C)C)=NP(N(C)C)(N(C)C)=NCC,ClC1=CC=C(OC)C=C1,0.0
611f5a184bdb8048,FullCV_01,3418,CC(C)C(C=C(C(C)C)C=C1C(C)C)=C1C2=C(P([C@@]3(C[C@@H]4C5)C[C@H](C4)C[C@H]5C3)[C@]6(C7)C[C@@H](C[C@@H]7C8)C[C@@H]8C6)C(OC)=CC=C2OC,O=C(OC)C1=NOC(C2=CC=CO2)=C1,CN1CCCN2C1=NCCC2,IC1=CC=C(OC)C=C1,44.44845486
1846b5c114b66ca9,FullCV_01,3419,CC(C)C(C=C(C(C)C)C=C1C(C)C)=C1C2=C(P(C(C)(C)C)C(C)(C)C)C=CC=C2,C1(N(CC2=CC=CC=C2)CC3=CC=CC=C3)=NOC=C1,CC(C)(C)/N=C(N(C)C)/N(C)C,ClC1=CN=CC=C1,37.522573
7b76f854c8ef055e,FullCV_01,3420,CC(C)C(C=C(C(C)C)C=C1C(C)C)=C1C2=C(P(C3CCCCC3)C4CCCCC4)C=CC=C2,O=C(OC)C1=NOC(C2=CC=CS2)=C1,CN1CCCN2C1=NCCC2,IC1=CN=CC=C1,29.91552733
4b825cf2c3f541cd,FullCV_01,3421,CC(C)C(C=C(C(C)C)C=C1C(C)C)=C1C2=C(P(C(C)(C)C)C(C)(C)C)C=CC=C2,O=C(OC)C1=NOC(C2=CC=CO2)=C1,CC(C)(C)/N=C(N(C)C)/N(C)C,BrC1=CN=CC=C1,63.07769687
dd7a788a6619a0c2,FullCV_01,3422,CC(C)C(C=C(C(C)C)C=C1C(C)C)=C1C2=C(P(C3CCCCC3)C4CCCCC4)C=CC=C2,O=C(OC)C1=CC=NO1,CC(C)(C)/N=C(N(C)C)/N(C)C,BrC1=CC=C(C(F)(F)F)C=C1,17.58389829
57519d84828397bb,FullCV_01,3423,CC(C)C(C=C(C(C)C)C=C1C(C)C)=C1C2=C(P(C(C)(C)C)C(C)(C)C)C=CC=C2,CC1=C(C(OCC)=O)C=NO1,CC(C)(C)/N=C(N(C)C)/N(C)C,BrC1=CC=C(OC)C=C1,6.683677134
532fb04f6e5637fb,FullCV_01,3424,CC(C)C(C=C(C(C)C)C=C1C(C)C)=C1C2=C(P([C@@]3(C[C@@H]4C5)C[C@H](C4)C[C@H]5C3)[C@]6(C7)C[C@@H](C[C@@H]7C8)C[C@@H]8C6)C(OC)=CC=C2OC,CC1=NOC(C(OCC)=O)=C1,CN(C)P(N(C)C)(N(C)C)=NP(N(C)C)(N(C)C)=NCC,BrC1=CC=C(OC)C=C1,44.68712072
deca0d40bcc34bd8,FullCV_01,3425,CC(C)C(C=C(C(C)C)C=C1C(C)C)=C1C2=C(P([C@@]3(C[C@@H]4C5)C[C@H](C4)C[C@H]5C3)[C@]6(C7)C[C@@H](C[C@@H]7C8)C[C@@H]8C6)C(OC)=CC=C2OC,O=C(OC)C1=CC=NO1,CN1CCCN2C1=NCCC2,IC1=CC=C(CC)C=C1,68.1907703
50f2a017ca944d2e,FullCV_01,3426,CC(C)C(C=C(C(C)C)C=C1C(C)C)=C1C2=C(P([C@@]3(C[C@@H]4C5)C[C@H](C4)C[C@H]5C3)[C@]6(C7)C[C@@H](C[C@@H]7C8)C[C@@H]8C6)C(OC)=CC=C2OC,CC1=NOC(C(OCC)=O)=C1,CN1CCCN2C1=NCCC2,ClC1=CC=C(OC)C=C1,0.0
e323138dfdc28fe3,FullCV_01,3427,CC(C)C(C=C(C(C)C)C=C1C(C)C)=C1C2=C(P(C(C)(C)C)C(C)(C)C)C=CC=C2,C12=CON=C1C=CC=C2,CN1CCCN2C1=NCCC2,ClC1=CN=CC=C1,0.0
6e4084df82429cf9,FullCV_01,3428,CC(C)C(C=C(C(C)C)C=C1C(C)C)=C1C2=C(P(C3CCCCC3)C4CCCCC4)C=CC=C2,C1(C2=CC=CC=C2)=CC=NO1,CC(C)(C)/N=C(N(C)C)/N(C)C,BrC1=CC=C(OC)C=C1,3.867385769
dcbc62368f3bdd42,FullCV_01,3429,CC(C)C(C=C(C(C)C)C=C1C(C)C)=C1C2=C(P(C(C)(C)C)C(C)(C)C)C(OC)=CC=C2OC,O=C(OC)C1=NOC(C2=CC=CS2)=C1,CC(C)(C)/N=C(N(C)C)/N(C)C,IC1=NC=CC=C1,66.65248144
75440a740c558de3,FullCV_01,3430,CC(C)C(C=C(C(C)C)C=C1C(C)C)=C1C2=C(P([C@@]3(C[C@@H]4C5)C[C@H](C4)C[C@H]5C3)[C@]6(C7)C[C@@H](C[C@@H]7C8)C[C@@H]8C6)C(OC)=CC=C2OC,C1(C2=CC=CC=C2)=CON=C1,CC(C)(C)/N=C(N(C)C)/N(C)C,BrC1=CN=CC=C1,45.27091516
d00f58ead14d1d4a,FullCV_01,3431,CC(C)C(C=C(C(C)C)C=C1C(C)C)=C1C2=C(P(C(C)(C)C)C(C)(C)C)C=CC=C2,O=C(OC)C1=NOC(C2=CC=CS2)=C1,CN1CCCN2C1=NCCC2,BrC1=NC=CC=C1,81.29892199
09f5abb893adf92e,FullCV_01,3432,CC(C)C(C=C(C(C)C)C=C1C(C)C)=C1C2=C(P([C@@]3(C[C@@H]4C5)C[C@H](C4)C[C@H]5C3)[C@]6(C7)C[C@@H](C[C@@H]7C8)C[C@@H]8C6)C(OC)=CC=C2OC,CC1=NOC=C1,CN1CCCN2C1=NCCC2,BrC1=NC=CC=C1,89.47412112
7357a5432bacd982,FullCV_01,3433,CC(C)C(C=C(C(C)C)C=C1C(C)C)=C1C2=C(P(C3CCCCC3)C4CCCCC4)C=CC=C2,CC1=CC(C)=NO1,CN(C)P(N(C)C)(N(C)C)=NP(N(C)C)(N(C)C)=NCC,BrC1=CC=C(CC)C=C1,61.72597738
969fa0fb1bea5423,FullCV_01,3434,CC(C)C(C=C(C(C)C)C=C1C(C)C)=C1C2=C(P(C(C)(C)C)C(C)(C)C)C=CC=C2,CC1=CC(N2C=CC=C2)=NO1,CN(C)P(N(C)C)(N(C)C)=NP(N(C)C)(N(C)C)=NCC,IC1=CC=C(CC)C=C1,63.53604944
3bdcd09d2547ddda,FullCV_01,3435,CC(C)C(C=C(C(C)C)C=C1C(C)C)=C1C2=C(P(C(C)(C)C)C(C)(C)C)C(OC)=CC=C2OC,C1(C2=CC=CC=C2)=NOC=C1,CN(C)P(N(C)C)(N(C)C)=NP(N(C)C)(N(C)C)=NCC,BrC1=CC=C(OC)C=C1,38.44240466
67121e190c10c2dd,FullCV_01,3436,CC(C)C(C=C(C(C)C)C=C1C(C)C)=C1C2=C(P(C(C)(C)C)C(C)(C)C)C(OC)=CC=C2OC,C1(C2=CC=CC=C2)=NOC=C1,CN(C)P(N(C)C)(N(C)C)=NP(N(C)C)(N(C)C)=NCC,IC1=CC=C(C(F)(F)F)C=C1,34.60429695
482ef46fa7e17d42,FullCV_01,3437,CC(C)C(C=C(C(C)C)C=C1C(C)C)=C1C2=C(P(C(C)(C)C)C(C)(C)C)C(OC)=CC=C2OC,C1(C2=CC=CC=C2)=NOC=C1,CN1CCCN2C1=NCCC2,ClC1=CC=C(OC)C=C1,0.81239337
bb18e81c2be5742d,FullCV_01,3438,CC(C)C(C=C(C(C)C)C=C1C(C)C)=C1C2=C(P(C3CCCCC3)C4CCCCC4)C=CC=C2,C1(N(CC2=CC=CC=C2)CC3=CC=CC=C3)=NOC=C1,CN(C)P(N(C)C)(N(C)C)=NP(N(C)C)(N(C)C)=NCC,IC1=CN=CC=C1,41.01536377
be64afa93de91be1,FullCV_01,3439,CC(C)C(C=C(C(C)C)C=C1C(C)C)=C1C2=C(P([C@@]3(C[C@@H]4C5)C[C@H](C4)C[C@H]5C3)[C@]6(C7)C[C@@H](C[C@@H]7C8)C[C@@H]8C6)C(OC)=CC=C2OC,CCOC(C1=NOC=C1)=O,CN1CCCN2C1=NCCC2,BrC1=CC=C(CC)C=C1,75.29152855
fa424db23681ba65,FullCV_01,3440,CC(C)C(C=C(C(C)C)C=C1C(C)C)=C1C2=C(P([C@@]3(C[C@@H]4C5)C[C@H](C4)C[C@H]5C3)[C@]6(C7)C[C@@H](C[C@@H]7C8)C[C@@H]8C6)C(OC)=CC=C2OC,C1(C2=CC=CC=C2)=NOC=C1,CN(C)P(N(C)C)(N(C)C)=NP(N(C)C)(N(C)C)=NCC,IC1=CC=C(C(F)(F)F)C=C1,44.78270058
0980a3338c95c143,FullCV_01,3441,CC(C)C(C=C(C(C)C)C=C1C(C)C)=C1C2=C(P(C(C)(C)C)C(C)(C)C)C=CC=C2,CC1=C(C(OCC)=O)C=NO1,CN(C)P(N(C)C)(N(C)C)=NP(N(C)C)(N(C)C)=NCC,IC1=CC=C(CC)C=C1,22.22340072
0e4315cb7067c3cc,FullCV_01,3442,CC(C)C(C=C(C(C)C)C=C1C(C)C)=C1C2=C(P(C3CCCCC3)C4CCCCC4)C=CC=C2,O=C(OC)C1=NOC(C2=CC=CO2)=C1,CN(C)P(N(C)C)(N(C)C)=NP(N(C)C)(N(C)C)=NCC,IC1=CN=CC=C1,28.27747642
2b18e442633bbe4f,FullCV_01,3443,CC(C)C(C=C(C(C)C)C=C1C(C)C)=C1C2=C(P([C@@]3(C[C@@H]4C5)C[C@H](C4)C[C@H]5C3)[C@]6(C7)C[C@@H](C[C@@H]7C8)C[C@@H]8C6)C(OC)=CC=C2OC,C1(N(CC2=CC=CC=C2)CC3=CC=CC=C3)=NOC=C1,CN1CCCN2C1=NCCC2,BrC1=CC=C(CC)C=C1,74.1058241
c6653bc3e2de43fe,FullCV_01,3444,CC(C)C(C=C(C(C)C)C=C1C(C)C)=C1C2=C(P(C3CCCCC3)C4CCCCC4)C=CC=C2,CCOC(C1=NOC=C1)=O,CN1CCCN2C1=NCCC2,IC1=NC=CC=C1,59.0740653
ed019487e1111de0,FullCV_01,3445,CC(C)C(C=C(C(C)C)C=C1C(C)C)=C1C2=C(P(C(C)(C)C)C(C)(C)C)C=CC=C2,C1(N(CC2=CC=CC=C2)CC3=CC=CC=C3)=NOC=C1,CN(C)P(N(C)C)(N(C)C)=NP(N(C)C)(N(C)C)=NCC,BrC1=CC=C(CC)C=C1,64.80559966
b57401324375e153,FullCV_01,3446,CC(C)C(C=C(C(C)C)C=C1C(C)C)=C1C2=C(P([C@@]3(C[C@@H]4C5)C[C@H](C4)C[C@H]5C3)[C@]6(C7)C[C@@H](C[C@@H]7C8)C[C@@H]8C6)C(OC)=CC=C2OC,CC1=NOC=C1,CN1CCCN2C1=NCCC2,IC1=CN=CC=C1,94.54981251
2b557fbf4f89164e,FullCV_01,3447,CC(C)C(C=C(C(C)C)C=C1C(C)C)=C1C2=C(P(C3CCCCC3)C4CCCCC4)C=CC=C2,O=C(OC)C1=NOC(C2=CC=CO2)=C1,CN1CCCN2C1=NCCC2,IC1=NC=CC=C1,54.07334238
7a37bad4f8c587eb,FullCV_01,3448,CC(C)C(C=C(C(C)C)C=C1C(C)C)=C1C2=C(P(C3CCCCC3)C4CCCCC4)C=CC=C2,C12=CON=C1C=CC=C2,CN(C)P(N(C)C)(N(C)C)=NP(N(C)C)(N(C)C)=NCC,IC1=CC=C(C(F)(F)F)C=C1,9.109122278
2f2680cc9d91c93b,FullCV_01,3449,CC(C)C(C=C(C(C)C)C=C1C(C)C)=C1C2=C(P(C3CCCCC3)C4CCCCC4)C=CC=C2,CCOC(C1=CON=C1)=O,CN1CCCN2C1=NCCC2,IC1=NC=CC=C1,13.49999802
2896c14ce01ef305,FullCV_01,3450,CC(C)C(C=C(C(C)C)C=C1C(C)C)=C1C2=C(P(C(C)(C)C)C(C)(C)C)C=CC=C2,C1(C2=CC=CC=C2)=NOC=C1,CN1CCCN2C1=NCCC2,ClC1=CC=C(OC)C=C1,1.402918235
6344db1c8c746343,FullCV_01,3451,CC(C)C(C=C(C(C)C)C=C1C(C)C)=C1C2=C(P(C(C)(C)C)C(C)(C)C)C(OC)=CC=C2OC,C12=CON=C1C=CC=C2,CN(C)P(N(C)C)(N(C)C)=NP(N(C)C)(N(C)C)=NCC,BrC1=NC=CC=C1,14.46827704
190c2d6c635c599f,FullCV_01,3452,CC(C)C(C=C(C(C)C)C=C1C(C)C)=C1C2=C(P([C@@]3(C[C@@H]4C5)C[C@H](C4)C[C@H]5C3)[C@]6(C7)C[C@@H](C[C@@H]7C8)C[C@@H]8C6)C(OC)=CC=C2OC,C1(C2=CC=CC=C2)=CC=NO1,CN(C)P(N(C)C)(N(C)C)=NP(N(C)C)(N(C)C)=NCC,ClC1=CN=CC=C1,7.938107708
d388226d2241e937,FullCV_01,3453,CC(C)C(C=C(C(C)C)C=C1C(C)C)=C1C2=C(P(C(C)(C)C)C(C)(C)C)C(OC)=CC=C2OC,C1(N(CC2=CC=CC=C2)CC3=CC=CC=C3)=CC=NO1,CC(C)(C)/N=C(N(C)C)/N(C)C,BrC1=CN=CC=C1,49.17268474
0d16f2c5defd6fce,FullCV_01,3454,CC(C)C(C=C(C(C)C)C=C1C(C)C)=C1C2=C(P(C3CCCCC3)C4CCCCC4)C=CC=C2,O=C(OC)C1=NOC(C2=CC=CO2)=C1,CN1CCCN2C1=NCCC2,ClC1=CN=CC=C1,3.609434473
6e26e3c7c78af082,FullCV_01,3455,CC(C)C(C=C(C(C)C)C=C1C(C)C)=C1C2=C(P([C@@]3(C[C@@H]4C5)C[C@H](C4)C[C@H]5C3)[C@]6(C7)C[C@@H](C[C@@H]7C8)C[C@@H]8C6)C(OC)=CC=C2OC,COC1=NOC(C(OCC)=O)=C1,CC(C)(C)/N=C(N(C)C)/N(C)C,IC1=NC=CC=C1,45.52130306
4324482d92205114,FullCV_01,3456,CC(C)C(C=C(C(C)C)C=C1C(C)C)=C1C2=C(P(C(C)(C)C)C(C)(C)C)C=CC=C2,C1(C2=CC=CC=C2)=CON=C1,CC(C)(C)/N=C(N(C)C)/N(C)C,ClC1=NC=CC=C1,69.39495874
abb1dddbc5377aa1,FullCV_01,3457,CC(C)C(C=C(C(C)C)C=C1C(C)C)=C1C2=C(P(C(C)(C)C)C(C)(C)C)C(OC)=CC=C2OC,O=C(OC)C1=NOC(C2=CC=CO2)=C1,CN1CCCN2C1=NCCC2,BrC1=CN=CC=C1,77.09161451
718285ce88dc76a9,FullCV_01,3458,CC(C)C(C=C(C(C)C)C=C1C(C)C)=C1C2=C(P(C(C)(C)C)C(C)(C)C)C(OC)=CC=C2OC,COC1=NOC(C(OCC)=O)=C1,CN(C)P(N(C)C)(N(C)C)=NP(N(C)C)(N(C)C)=NCC,ClC1=NC=CC=C1,70.51359377
6d06c4d295252363,FullCV_01,3459,CC(C)C(C=C(C(C)C)C=C1C(C)C)=C1C2=C(P(C(C)(C)C)C(C)(C)C)C=CC=C2,CC1=NOC=C1,CC(C)(C)/N=C(N(C)C)/N(C)C,ClC1=CC=C(OC)C=C1,0.695297498
bfd1b52ec5ac89f8,FullCV_01,3460,CC(C)C(C=C(C(C)C)C=C1C(C)C)=C1C2=C(P(C(C)(C)C)C(C)(C)C)C(OC)=CC=C2OC,O=C(OC)C1=NOC(C2=CC=CS2)=C1,CN(C)P(N(C)C)(N(C)C)=NP(N(C)C)(N(C)C)=NCC,IC1=NC=CC=C1,70.14060434
d3e6f6e4ced00814,FullCV_01,3461,CC(C)C(C=C(C(C)C)C=C1C(C)C)=C1C2=C(P([C@@]3(C[C@@H]4C5)C[C@H](C4)C[C@H]5C3)[C@]6(C7)C[C@@H](C[C@@H]7C8)C[C@@H]8C6)C(OC)=CC=C2OC,C1(C2=CC=CC=C2)=NOC=C1,CN(C)P(N(C)C)(N(C)C)=NP(N(C)C)(N(C)C)=NCC,ClC1=NC=CC=C1,74.61155282
b32bc5b3e7cc9cec,FullCV_01,3462,CC(C)C(C=C(C(C)C)C=C1C(C)C)=C1C2=C(P([C@@]3(C[C@@H]4C5)C[C@H](C4)C[C@H]5C3)[C@]6(C7)C[C@@H](C[C@@H]7C8)C[C@@H]8C6)C(OC)=CC=C2OC,C1(N(CC2=CC=CC=C2)CC3=CC=CC=C3)=CC=NO1,CC(C)(C)/N=C(N(C)C)/N(C)C,BrC1=CC=C(OC)C=C1,16.7341519
0632e2a2cbccef15,FullCV_01,3463,CC(C)C(C=C(C(C)C)C=C1C(C)C)=C1C2=C(P(C3CCCCC3)C4CCCCC4)C=CC=C2,CC1=NOC(C(OCC)=O)=C1,CN1CCCN2C1=NCCC2,BrC1=NC=CC=C1,63.0697188
557a22916914c859,FullCV_01,3464,CC(C)C(C=C(C(C)C)C=C1C(C)C)=C1C2=C(P(C(C)(C)C)C(C)(C)C)C(OC)=CC=C2OC,CC1=CC(N2C=CC=C2)=NO1,CC(C)(C)/N=C(N(C)C)/N(C)C,ClC1=CC=C(CC)C=C1,8.955312407
b979309c0e1e3571,FullCV_01,3465,CC(C)C(C=C(C(C)C)C=C1C(C)C)=C1C2=C(P([C@@]3(C[C@@H]4C5)C[C@H](C4)C[C@H]5C3)[C@]6(C7)C[C@@H](C[C@@H]7C8)C[C@@H]8C6)C(OC)=CC=C2OC,CC1=NOC(C2=CC=CC=C2)=C1,CN(C)P(N(C)C)(N(C)C)=NP(N(C)C)(N(C)C)=NCC,IC1=CC=C(OC)C=C1,50.20384511
bfe4352025167a62,FullCV_01,3466,CC(C)C(C=C(C(C)C)C=C1C(C)C)=C1C2=C(P([C@@]3(C[C@@H]4C5)C[C@H](C4)C[C@H]5C3)[C@]6(C7)C[C@@H](C[C@@H]7C8)C[C@@H]8C6)C(OC)=CC=C2OC,COC1=NOC(C(OCC)=O)=C1,CC(C)(C)/N=C(N(C)C)/N(C)C,ClC1=CN=CC=C1,2.782548169
7d2059c5954396fe,FullCV_01,3467,CC(C)C(C=C(C(C)C)C=C1C(C)C)=C1C2=C(P(C3CCCCC3)C4CCCCC4)C=CC=C2,CC1=CC(C(OCC)=O)=NO1,CN1CCCN2C1=NCCC2,BrC1=CC=C(OC)C=C1,13.33632103
ab3865a3c47f56bb,FullCV_01,3468,CC(C)C(C=C(C(C)C)C=C1C(C)C)=C1C2=C(P(C3CCCCC3)C4CCCCC4)C=CC=C2,O=C(OC)C1=CC=NO1,CC(C)(C)/N=C(N(C)C)/N(C)C,IC1=CC=C(OC)C=C1,2.871965335
34dae1bafd76f000,FullCV_01,3469,CC(C)C(C=C(C(C)C)C=C1C(C)C)=C1C2=C(P(C3CCCCC3)C4CCCCC4)C=CC=C2,O=C(OC)C1=CC=NO1,CN(C)P(N(C)C)(N(C)C)=NP(N(C)C)(N(C)C)=NCC,ClC1=CN=CC=C1,3.031273928
a9d1ad48d98f8c10,FullCV_01,3470,CC(C)C(C=C(C(C)C)C=C1C(C)C)=C1C2=C(P(C3CCCCC3)C4CCCCC4)C=CC=C2,O=C(OC)C1=CC=NO1,CN1CCCN2C1=NCCC2,BrC1=CC=C(C(F)(F)F)C=C1,17.78386933
309b18c28e365c47,FullCV_01,3471,CC(C)C(C=C(C(C)C)C=C1C(C)C)=C1C2=C(P(C3CCCCC3)C4CCCCC4)C=CC=C2,C1(N(CC2=CC=CC=C2)CC3=CC=CC=C3)=CC=NO1,CN1CCCN2C1=NCCC2,BrC1=CC=C(C(F)(F)F)C=C1,7.593500734
3dcf3fa684e9aa49,FullCV_01,3472,CC(C)C(C=C(C(C)C)C=C1C(C)C)=C1C2=C(P(C3CCCCC3)C4CCCCC4)C=CC=C2,C1(C2=CC=CC=C2)=NOC=C1,CC(C)(C)/N=C(N(C)C)/N(C)C,ClC1=NC=CC=C1,32.92776022
06ebbb0f386a0e07,FullCV_01,3473,CC(C)C(C=C(C(C)C)C=C1C(C)C)=C1C2=C(P(C(C)(C)C)C(C)(C)C)C=CC=C2,O=C(OC)C1=CC=NO1,CN1CCCN2C1=NCCC2,BrC1=CN=CC=C1,73.72948461
3deeb533a746bf7f,FullCV_01,3474,CC(C)C(C=C(C(C)C)C=C1C(C)C)=C1C2=C(P([C@@]3(C[C@@H]4C5)C[C@H](C4)C[C@H]5C3)[C@]6(C7)C[C@@H](C[C@@H]7C8)C[C@@H]8C6)C(OC)=CC=C2OC,CC1=NOC=C1,CN1CCCN2C1=NCCC2,IC1=NC=CC=C1,95.75260589
b4c112e73cd74ad1,FullCV_01,3475,CC(C)C(C=C(C(C)C)C=C1C(C)C)=C1C2=C(P(C3CCCCC3)C4CCCCC4)C=CC=C2,CCOC(C1=NOC=C1)=O,CC(C)(C)/N=C(N(C)C)/N(C)C,BrC1=NC=CC=C1,49.4018977
dce50ceec66d57d1,FullCV_01,3476,CC(C)C(C=C(C(C)C)C=C1C(C)C)=C1C2=C(P([C@@]3(C[C@@H]4C5)C[C@H](C4)C[C@H]5C3)[C@]6(C7)C[C@@H](C[C@@H]7C8)C[C@@H]8C6)C(OC)=CC=C2OC,C1(C2=CC=CC=C2)=CON=C1,CC(C)(C)/N=C(N(C)C)/N(C)C,BrC1=NC=CC=C1,16.25514799
574b42a017c1593c,FullCV_01,3477,CC(C)C(C=C(C(C)C)C=C1C(C)C)=C1C2=C(P([C@@]3(C[C@@H]4C5)C[C@H](C4)C[C@H]5C3)[C@]6(C7)C[C@@H](C[C@@H]7C8)C[C@@H]8C6)C(OC)=CC=C2OC,CC1=CC(C)=NO1,CC(C)(C)/N=C(N(C)C)/N(C)C,BrC1=CC=C(OC)C=C1,31.39385907
b15c3efbe0d0a3f3,FullCV_01,3478,CC(C)C(C=C(C(C)C)C=C1C(C)C)=C1C2=C(P(C3CCCCC3)C4CCCCC4)C=CC=C2,COC1=NOC(C(OCC)=O)=C1,CN(C)P(N(C)C)(N(C)C)=NP(N(C)C)(N(C)C)=NCC,IC1=NC=CC=C1,47.85301388
8bc70f20e3c86361,FullCV_01,3479,CC(C)C(C=C(C(C)C)C=C1C(C)C)=C1C2=C(P(C(C)(C)C)C(C)(C)C)C=CC=C2,O=C(OC)C1=CC=NO1,CC(C)(C)/N=C(N(C)C)/N(C)C,ClC1=CC=C(C(F)(F)F)C=C1,4.385154303
dd17bf8f57bd19a3,FullCV_01,3480,CC(C)C(C=C(C(C)C)C=C1C(C)C)=C1C2=C(P(C(C)(C)C)C(C)(C)C)C(OC)=CC=C2OC,C1(C2=CC=CC=C2)=CON=C1,CC(C)(C)/N=C(N(C)C)/N(C)C,BrC1=CN=CC=C1,60.54913452
d3aba0c2e8112fcc,FullCV_01,3481,CC(C)C(C=C(C(C)C)C=C1C(C)C)=C1C2=C(P(C(C)(C)C)C(C)(C)C)C(OC)=CC=C2OC,FC(C=CC=C1F)=C1C2=CC=NO2,CC(C)(C)/N=C(N(C)C)/N(C)C,IC1=CC=C(CC)C=C1,59.5664451
4ac0b424827d7e86,FullCV_01,3482,CC(C)C(C=C(C(C)C)C=C1C(C)C)=C1C2=C(P([C@@]3(C[C@@H]4C5)C[C@H](C4)C[C@H]5C3)[C@]6(C7)C[C@@H](C[C@@H]7C8)C[C@@H]8C6)C(OC)=CC=C2OC,C12=CON=C1C=CC=C2,CC(C)(C)/N=C(N(C)C)/N(C)C,ClC1=CN=CC=C1,0.0
344a22b4ed1a4606,FullCV_01,3483,CC(C)C(C=C(C(C)C)C=C1C(C)C)=C1C2=C(P(C(C)(C)C)C(C)(C)C)C(OC)=CC=C2OC,C1(C2=CC=CC=C2)=NOC=C1,CN1CCCN2C1=NCCC2,BrC1=CC=C(CC)C=C1,74.23566846
1b1f833b735443b1,FullCV_01,3484,CC(C)C(C=C(C(C)C)C=C1C(C)C)=C1C2=C(P(C(C)(C)C)C(C)(C)C)C=CC=C2,CCOC(C1=CON=C1)=O,CN1CCCN2C1=NCCC2,IC1=CC=C(C(F)(F)F)C=C1,23.06691402
cbbf8051d02d6f6f,FullCV_01,3485,CC(C)C(C=C(C(C)C)C=C1C(C)C)=C1C2=C(P(C3CCCCC3)C4CCCCC4)C=CC=C2,C1(C2=CC=CC=C2)=CON=C1,CN1CCCN2C1=NCCC2,IC1=CN=CC=C1,25.93974836
3502ead46264fc84,FullCV_01,3486,CC(C)C(C=C(C(C)C)C=C1C(C)C)=C1C2=C(P([C@@]3(C[C@@H]4C5)C[C@H](C4)C[C@H]5C3)[C@]6(C7)C[C@@H](C[C@@H]7C8)C[C@@H]8C6)C(OC)=CC=C2OC,CCOC(C1=NOC=C1)=O,CN1CCCN2C1=NCCC2,ClC1=CC=C(OC)C=C1,0.786255311
6a3e5504b55cf6a0,FullCV_01,3487,CC(C)C(C=C(C(C)C)C=C1C(C)C)=C1C2=C(P(C3CCCCC3)C4CCCCC4)C=CC=C2,O=C(OC)C1=NOC(C2=CC=CS2)=C1,CN1CCCN2C1=NCCC2,ClC1=CC=C(C(F)(F)F)C=C1,7.343376414
4c232d2c07b98a76,FullCV_01,3488,CC(C)C(C=C(C(C)C)C=C1C(C)C)=C1C2=C(P(C3CCCCC3)C4CCCCC4)C=CC=C2,CCOC(C1=NOC=C1)=O,CN(C)P(N(C)C)(N(C)C)=NP(N(C)C)(N(C)C)=NCC,IC1=CC=C(C(F)(F)F)C=C1,0.0
23c04147165e8104,FullCV_01,3489,CC(C)C(C=C(C(C)C)C=C1C(C)C)=C1C2=C(P(C3CCCCC3)C4CCCCC4)C=CC=C2,O=C(OC)C1=NOC(C2=CC=CS2)=C1,CN1CCCN2C1=NCCC2,BrC1=CC=C(CC)C=C1,16.69067663
d60c06a4af84ab58,FullCV_01,3490,CC(C)C(C=C(C(C)C)C=C1C(C)C)=C1C2=C(P([C@@]3(C[C@@H]4C5)C[C@H](C4)C[C@H]5C3)[C@]6(C7)C[C@@H](C[C@@H]7C8)C[C@@H]8C6)C(OC)=CC=C2OC,C1(N(CC2=CC=CC=C2)CC3=CC=CC=C3)=NOC=C1,CN1CCCN2C1=NCCC2,ClC1=CN=CC=C1,24.93961347
982b72b297a3e5fe,FullCV_01,3491,CC(C)C(C=C(C(C)C)C=C1C(C)C)=C1C2=C(P(C3CCCCC3)C4CCCCC4)C=CC=C2,O=C(OC)C1=NOC(C2=CC=CS2)=C1,CN(C)P(N(C)C)(N(C)C)=NP(N(C)C)(N(C)C)=NCC,IC1=NC=CC=C1,31.17670784
05892f6aa1457ebc,FullCV_01,3492,CC(C)C(C=C(C(C)C)C=C1C(C)C)=C1C2=C(P(C(C)(C)C)C(C)(C)C)C(OC)=CC=C2OC,CC1=NOC(C(OCC)=O)=C1,CN(C)P(N(C)C)(N(C)C)=NP(N(C)C)(N(C)C)=NCC,ClC1=CN=CC=C1,2.534585496
644d4e105aca7b13,FullCV_01,3493,CC(C)C(C=C(C(C)C)C=C1C(C)C)=C1C2=C(P(C3CCCCC3)C4CCCCC4)C=CC=C2,O=C(OC)C1=NOC(C2=CC=CO2)=C1,CN1CCCN2C1=NCCC2,BrC1=CN=CC=C1,16.57162393
5a28e8d39c3bc6f5,FullCV_01,3494,CC(C)C(C=C(C(C)C)C=C1C(C)C)=C1C2=C(P(C(C)(C)C)C(C)(C)C)C=CC=C2,CC1=CC(N2C=CC=C2)=NO1,CN(C)P(N(C)C)(N(C)C)=NP(N(C)C)(N(C)C)=NCC,BrC1=NC=CC=C1,62.99169098
822a37fe1e9e0682,FullCV_01,3495,CC(C)C(C=C(C(C)C)C=C1C(C)C)=C1C2=C(P(C(C)(C)C)C(C)(C)C)C(OC)=CC=C2OC,CCOC(C1=CON=C1)=O,CC(C)(C)/N=C(N(C)C)/N(C)C,BrC1=CC=C(OC)C=C1,0.64714493
b960963bf6ed97d3,FullCV_01,3496,CC(C)C(C=C(C(C)C)C=C1C(C)C)=C1C2=C(P([C@@]3(C[C@@H]4C5)C[C@H](C4)C[C@H]5C3)[C@]6(C7)C[C@@H](C[C@@H]7C8)C[C@@H]8C6)C(OC)=CC=C2OC,FC(C=CC=C1F)=C1C2=CC=NO2,CN(C)P(N(C)C)(N(C)C)=NP(N(C)C)(N(C)C)=NCC,ClC1=CC=C(CC)C=C1,4.656693452
8f15f1b6dd3920cc,FullCV_01,3497,CC(C)C(C=C(C(C)C)C=C1C(C)C)=C1C2=C(P(C(C)(C)C)C(C)(C)C)C=CC=C2,COC1=NOC(C(OCC)=O)=C1,CC(C)(C)/N=C(N(C)C)/N(C)C,BrC1=CC=C(C(F)(F)F)C=C1,34.89766998
0f169726a674a8c5,FullCV_01,3498,CC(C)C(C=C(C(C)C)C=C1C(C)C)=C1C2=C(P(C(C)(C)C)C(C)(C)C)C=CC=C2,C1(N(CC2=CC=CC=C2)CC3=CC=CC=C3)=NOC=C1,CN(C)P(N(C)C)(N(C)C)=NP(N(C)C)(N(C)C)=NCC,IC1=CC=C(C(F)(F)F)C=C1,39.55792883
3facb8dc145c89ef,FullCV_01,3499,CC(C)C(C=C(C(C)C)C=C1C(C)C)=C1C2=C(P([C@@]3(C[C@@H]4C5)C[C@H](C4)C[C@H]5C3)[C@]6(C7)C[C@@H](C[C@@H]7C8)C[C@@H]8C6)C(OC)=CC=C2OC,C12=CON=C1C=CC=C2,CN(C)P(N(C)C)(N(C)C)=NP(N(C)C)(N(C)C)=NCC,IC1=CC=C(C(F)(F)F)C=C1,3.280980517
fe31301be53806e3,FullCV_01,3500,CC(C)C(C=C(C(C)C)C=C1C(C)C)=C1C2=C(P(C(C)(C)C)C(C)(C)C)C=CC=C2,C1(N(CC2=CC=CC=C2)CC3=CC=CC=C3)=CC=NO1,CN1CCCN2C1=NCCC2,ClC1=NC=CC=C1,79.04497323
4fb02c5b945105d5,FullCV_01,3501,CC(C)C(C=C(C(C)C)C=C1C(C)C)=C1C2=C(P(C3CCCCC3)C4CCCCC4)C=CC=C2,CC1=CC(N2C=CC=C2)=NO1,CN1CCCN2C1=NCCC2,ClC1=NC=CC=C1,27.32636453
f3496a045cee2bb4,FullCV_01,3502,CC(C)C(C=C(C(C)C)C=C1C(C)C)=C1C2=C(P(C(C)(C)C)C(C)(C)C)C=CC=C2,CC1=C(C(OCC)=O)C=NO1,CC(C)(C)/N=C(N(C)C)/N(C)C,ClC1=CC=C(CC)C=C1,0.0
3e31455bd6eee69e,FullCV_01,3503,CC(C)C(C=C(C(C)C)C=C1C(C)C)=C1C2=C(P(C3CCCCC3)C4CCCCC4)C=CC=C2,C1(N(CC2=CC=CC=C2)CC3=CC=CC=C3)=NOC=C1,CN1CCCN2C1=NCCC2,ClC1=CC=C(C(F)(F)F)C=C1,12.69227905
2f1ecad12253965b,FullCV_01,3504,CC(C)C(C=C(C(C)C)C=C1C(C)C)=C1C2=C(P(C3CCCCC3)C4CCCCC4)C=CC=C2,O=C(OC)C1=NOC(C2=CC=CO2)=C1,CC(C)(C)/N=C(N(C)C)/N(C)C,ClC1=CC=C(C(F)(F)F)C=C1,9.330486935
639f5aff3ad487f9,FullCV_01,3505,CC(C)C(C=C(C(C)C)C=C1C(C)C)=C1C2=C(P(C(C)(C)C)C(C)(C)C)C=CC=C2,CC1=CC(C)=NO1,CN(C)P(N(C)C)(N(C)C)=NP(N(C)C)(N(C)C)=NCC,ClC1=CC=C(C(F)(F)F)C=C1,21.18588073
95fba25c83471b81,FullCV_01,3506,CC(C)C(C=C(C(C)C)C=C1C(C)C)=C1C2=C(P([C@@]3(C[C@@H]4C5)C[C@H](C4)C[C@H]5C3)[C@]6(C7)C[C@@H](C[C@@H]7C8)C[C@@H]8C6)C(OC)=CC=C2OC,CC1=CC=NO1,CN1CCCN2C1=NCCC2,ClC1=CC=C(C(F)(F)F)C=C1,7.259820865
ff53433d43a113c4,FullCV_01,3507,CC(C)C(C=C(C(C)C)C=C1C(C)C)=C1C2=C(P([C@@]3(C[C@@H]4C5)C[C@H](C4)C[C@H]5C3)[C@]6(C7)C[C@@H](C[C@@H]7C8)C[C@@H]8C6)C(OC)=CC=C2OC,CC1=NOC(C2=CC=CC=C2)=C1,CC(C)(C)/N=C(N(C)C)/N(C)C,BrC1=CC=C(CC)C=C1,50.58160419
aeb0fdafde34d1e4,FullCV_01,3508,CC(C)C(C=C(C(C)C)C=C1C(C)C)=C1C2=C(P(C(C)(C)C)C(C)(C)C)C(OC)=CC=C2OC,COC1=NOC(C(OCC)=O)=C1,CC(C)(C)/N=C(N(C)C)/N(C)C,BrC1=CC=C(C(F)(F)F)C=C1,35.33279168
fe198343085bce29,FullCV_01,3509,CC(C)C(C=C(C(C)C)C=C1C(C)C)=C1C2=C(P([C@@]3(C[C@@H]4C5)C[C@H](C4)C[C@H]5C3)[C@]6(C7)C[C@@H](C[C@@H]7C8)C[C@@H]8C6)C(OC)=CC=C2OC,CC1=CC(C)=NO1,CN1CCCN2C1=NCCC2,IC1=NC=CC=C1,86.76065944
02c29c50e76e6b42,FullCV_01,3510,CC(C)C(C=C(C(C)C)C=C1C(C)C)=C1C2=C(P(C(C)(C)C)C(C)(C)C)C=CC=C2,CCOC(C1=CON=C1)=O,CN(C)P(N(C)C)(N(C)C)=NP(N(C)C)(N(C)C)=NCC,ClC1=NC=CC=C1,3.451949517
e5ef3c7041e71106,FullCV_01,3511,CC(C)C(C=C(C(C)C)C=C1C(C)C)=C1C2=C(P(C3CCCCC3)C4CCCCC4)C=CC=C2,COC1=NOC(C(OCC)=O)=C1,CN1CCCN2C1=NCCC2,BrC1=NC=CC=C1,47.15771685
8fd558e65c718232,FullCV_01,3512,CC(C)C(C=C(C(C)C)C=C1C(C)C)=C1C2=C(P([C@@]3(C[C@@H]4C5)C[C@H](C4)C[C@H]5C3)[C@]6(C7)C[C@@H](C[C@@H]7C8)C[C@@H]8C6)C(OC)=CC=C2OC,C12=C(C=CC=C2)ON=C1,CC(C)(C)/N=C(N(C)C)/N(C)C,BrC1=CC=C(CC)C=C1,28.39783953
8a8061d4e67ce119,FullCV_01,3513,CC(C)C(C=C(C(C)C)C=C1C(C)C)=C1C2=C(P(C(C)(C)C)C(C)(C)C)C(OC)=CC=C2OC,O=C(OC)C1=NOC(C2=CC=CO2)=C1,CN(C)P(N(C)C)(N(C)C)=NP(N(C)C)(N(C)C)=NCC,BrC1=CC=C(OC)C=C1,38.20230031
34c41a722db26378,FullCV_01,3514,CC(C)C(C=C(C(C)C)C=C1C(C)C)=C1C2=C(P(C(C)(C)C)C(C)(C)C)C=CC=C2,FC(C=CC=C1F)=C1C2=CC=NO2,CC(C)(C)/N=C(N(C)C)/N(C)C,BrC1=CC=C(CC)C=C1,55.96431027
4512559eee78914c,FullCV_01,3515,CC(C)C(C=C(C(C)C)C=C1C(C)C)=C1C2=C(P(C(C)(C)C)C(C)(C)C)C=CC=C2,CC1=CC(C)=NO1,CC(C)(C)/N=C(N(C)C)/N(C)C,ClC1=CN=CC=C1,38.01577432
2be287702ac84a86,FullCV_01,3516,CC(C)C(C=C(C(C)C)C=C1C(C)C)=C1C2=C(P([C@@]3(C[C@@H]4C5)C[C@H](C4)C[C@H]5C3)[C@]6(C7)C[C@@H](C[C@@H]7C8)C[C@@H]8C6)C(OC)=CC=C2OC,O=C(OC)C1=CC=NO1,CC(C)(C)/N=C(N(C)C)/N(C)C,BrC1=CC=C(C(F)(F)F)C=C1,4.469322068
bebb3d143c27b790,FullCV_01,3517,CC(C)C(C=C(C(C)C)C=C1C(C)C)=C1C2=C(P(C3CCCCC3)C4CCCCC4)C=CC=C2,O=C(OC)C1=NOC(C2=CC=CO2)=C1,CN(C)P(N(C)C)(N(C)C)=NP(N(C)C)(N(C)C)=NCC,BrC1=CC=C(OC)C=C1,8.123761297
3bfe46f551981331,FullCV_01,3518,CC(C)C(C=C(C(C)C)C=C1C(C)C)=C1C2=C(P(C3CCCCC3)C4CCCCC4)C=CC=C2,CC1=CC(C(OCC)=O)=NO1,CC(C)(C)/N=C(N(C)C)/N(C)C,ClC1=CC=C(OC)C=C1,0.940121626
6fbf072f3a401f29,FullCV_01,3519,CC(C)C(C=C(C(C)C)C=C1C(C)C)=C1C2=C(P(C(C)(C)C)C(C)(C)C)C(OC)=CC=C2OC,C1(C2=CC=CC=C2)=CON=C1,CN1CCCN2C1=NCCC2,IC1=CN=CC=C1,88.40427326
d03a127294dfb237,FullCV_01,3520,CC(C)C(C=C(C(C)C)C=C1C(C)C)=C1C2=C(P(C3CCCCC3)C4CCCCC4)C=CC=C2,CC1=C(C(OCC)=O)C=NO1,CC(C)(C)/N=C(N(C)C)/N(C)C,BrC1=CC=C(OC)C=C1,0.602239969
8dd315a5faa94730,FullCV_01,3521,CC(C)C(C=C(C(C)C)C=C1C(C)C)=C1C2=C(P(C3CCCCC3)C4CCCCC4)C=CC=C2,CC1=NOC(C2=CC=CC=C2)=C1,CN1CCCN2C1=NCCC2,ClC1=CC=C(C(F)(F)F)C=C1,9.361658454
ac00d1e762686cf9,FullCV_01,3522,CC(C)C(C=C(C(C)C)C=C1C(C)C)=C1C2=C(P([C@@]3(C[C@@H]4C5)C[C@H](C4)C[C@H]5C3)[C@]6(C7)C[C@@H](C[C@@H]7C8)C[C@@H]8C6)C(OC)=CC=C2OC,CC1=CC(N2C=CC=C2)=NO1,CN(C)P(N(C)C)(N(C)C)=NP(N(C)C)(N(C)C)=NCC,ClC1=CN=CC=C1,2.899493403
017a8cd1992deffd,FullCV_01,3523,CC(C)C(C=C(C(C)C)C=C1C(C)C)=C1C2=C(P(C(C)(C)C)C(C)(C)C)C(OC)=CC=C2OC,C1(N(CC2=CC=CC=C2)CC3=CC=CC=C3)=CC=NO1,CN(C)P(N(C)C)(N(C)C)=NP(N(C)C)(N(C)C)=NCC,ClC1=CC=C(CC)C=C1,13.95905877
4d7e3e45577afc3f,FullCV_01,3524,CC(C)C(C=C(C(C)C)C=C1C(C)C)=C1C2=C(P(C(C)(C)C)C(C)(C)C)C(OC)=CC=C2OC,CCOC(C1=NOC=C1)=O,CC(C)(C)/N=C(N(C)C)/N(C)C,BrC1=NC=CC=C1,60.47798465
ce28905ac86d8bf7,FullCV_01,3525,CC(C)C(C=C(C(C)C)C=C1C(C)C)=C1C2=C(P(C3CCCCC3)C4CCCCC4)C=CC=C2,CC1=CC(N2C=CC=C2)=NO1,CN(C)P(N(C)C)(N(C)C)=NP(N(C)C)(N(C)C)=NCC,ClC1=CC=C(OC)C=C1,1.426630798
24219ce4a8d0d765,FullCV_01,3526,CC(C)C(C=C(C(C)C)C=C1C(C)C)=C1C2=C(P(C3CCCCC3)C4CCCCC4)C=CC=C2,CC1=NOC(C(OCC)=O)=C1,CC(C)(C)/N=C(N(C)C)/N(C)C,ClC1=CC=C(CC)C=C1,0.705195152
2e26ae650a733f74,FullCV_01,3527,CC(C)C(C=C(C(C)C)C=C1C(C)C)=C1C2=C(P(C3CCCCC3)C4CCCCC4)C=CC=C2,C12=CON=C1C=CC=C2,CC(C)(C)/N=C(N(C)C)/N(C)C,ClC1=CN=CC=C1,0.0
3c8f93b0ca601d3f,FullCV_01,3528,CC(C)C(C=C(C(C)C)C=C1C(C)C)=C1C2=C(P(C3CCCCC3)C4CCCCC4)C=CC=C2,CCOC(C1=NOC=C1)=O,CN(C)P(N(C)C)(N(C)C)=NP(N(C)C)(N(C)C)=NCC,ClC1=CN=CC=C1,0.0
253a1ee92b8b0a32,FullCV_01,3529,CC(C)C(C=C(C(C)C)C=C1C(C)C)=C1C2=C(P([C@@]3(C[C@@H]4C5)C[C@H](C4)C[C@H]5C3)[C@]6(C7)C[C@@H](C[C@@H]7C8)C[C@@H]8C6)C(OC)=CC=C2OC,C1(N(CC2=CC=CC=C2)CC3=CC=CC=C3)=CC=NO1,CN(C)P(N(C)C)(N(C)C)=NP(N(C)C)(N(C)C)=NCC,ClC1=CC=C(OC)C=C1,0.979807222
abfc0068f95e9666,FullCV_01,3530,CC(C)C(C=C(C(C)C)C=C1C(C)C)=C1C2=C(P([C@@]3(C[C@@H]4C5)C[C@H](C4)C[C@H]5C3)[C@]6(C7)C[C@@H](C[C@@H]7C8)C[C@@H]8C6)C(OC)=CC=C2OC,COC1=NOC(C(OCC)=O)=C1,CN(C)P(N(C)C)(N(C)C)=NP(N(C)C)(N(C)C)=NCC,ClC1=CC=C(OC)C=C1,0.706381042
31bc4b11c1c8e37a,FullCV_01,3531,CC(C)C(C=C(C(C)C)C=C1C(C)C)=C1C2=C(P(C(C)(C)C)C(C)(C)C)C(OC)=CC=C2OC,CC1=C(C(OCC)=O)C=NO1,CC(C)(C)/N=C(N(C)C)/N(C)C,ClC1=CN=CC=C1,0.0
26f086cee3c14b9a,FullCV_01,3532,CC(C)C(C=C(C(C)C)C=C1C(C)C)=C1C2=C(P([C@@]3(C[C@@H]4C5)C[C@H](C4)C[C@H]5C3)[C@]6(C7)C[C@@H](C[C@@H]7C8)C[C@@H]8C6)C(OC)=CC=C2OC,O=C(OC)C1=NOC(C2=CC=CO2)=C1,CC(C)(C)/N=C(N(C)C)/N(C)C,IC1=CN=CC=C1,57.24624739
bd7df63bf1c6f02c,FullCV_01,3533,CC(C)C(C=C(C(C)C)C=C1C(C)C)=C1C2=C(P(C(C)(C)C)C(C)(C)C)C=CC=C2,CC1=CC=NO1,CC(C)(C)/N=C(N(C)C)/N(C)C,ClC1=CC=C(CC)C=C1,1.095223411
e8935cd906891f25,FullCV_01,3534,CC(C)C(C=C(C(C)C)C=C1C(C)C)=C1C2=C(P([C@@]3(C[C@@H]4C5)C[C@H](C4)C[C@H]5C3)[C@]6(C7)C[C@@H](C[C@@H]7C8)C[C@@H]8C6)C(OC)=CC=C2OC,O=C(OC)C1=CC=NO1,CC(C)(C)/N=C(N(C)C)/N(C)C,IC1=NC=CC=C1,17.35228888
4b66552b559d8708,FullCV_01,3535,CC(C)C(C=C(C(C)C)C=C1C(C)C)=C1C2=C(P(C(C)(C)C)C(C)(C)C)C=CC=C2,CCOC(C1=CON=C1)=O,CC(C)(C)/N=C(N(C)C)/N(C)C,IC1=CC=C(OC)C=C1,2.732925094
74a95a37db09d420,FullCV_01,3536,CC(C)C(C=C(C(C)C)C=C1C(C)C)=C1C2=C(P(C(C)(C)C)C(C)(C)C)C(OC)=CC=C2OC,CCOC(C1=CON=C1)=O,CN(C)P(N(C)C)(N(C)C)=NP(N(C)C)(N(C)C)=NCC,ClC1=CN=CC=C1,0.0
28e2daa37ee1d655,FullCV_01,3537,CC(C)C(C=C(C(C)C)C=C1C(C)C)=C1C2=C(P(C(C)(C)C)C(C)(C)C)C=CC=C2,CC1=CC(C)=NO1,CN1CCCN2C1=NCCC2,BrC1=CN=CC=C1,78.61845192
615b37b38e91d77d,FullCV_01,3538,CC(C)C(C=C(C(C)C)C=C1C(C)C)=C1C2=C(P(C(C)(C)C)C(C)(C)C)C(OC)=CC=C2OC,CC1=CC(C(OCC)=O)=NO1,CN1CCCN2C1=NCCC2,IC1=CC=C(C(F)(F)F)C=C1,46.76206263
bc4c9cb9dcd4bea9,FullCV_01,3539,CC(C)C(C=C(C(C)C)C=C1C(C)C)=C1C2=C(P(C(C)(C)C)C(C)(C)C)C(OC)=CC=C2OC,C1(N(CC2=CC=CC=C2)CC3=CC=CC=C3)=NOC=C1,CN(C)P(N(C)C)(N(C)C)=NP(N(C)C)(N(C)C)=NCC,ClC1=CC=C(CC)C=C1,9.444894792
b15f0aec205950d3,FullCV_01,3540,CC(C)C(C=C(C(C)C)C=C1C(C)C)=C1C2=C(P([C@@]3(C[C@@H]4C5)C[C@H](C4)C[C@H]5C3)[C@]6(C7)C[C@@H](C[C@@H]7C8)C[C@@H]8C6)C(OC)=CC=C2OC,CC1=NOC(C(OCC)=O)=C1,CN1CCCN2C1=NCCC2,ClC1=CC=C(C(F)(F)F)C=C1,2.510510682
b25e6cc97ebd6470,FullCV_01,3541,CC(C)C(C=C(C(C)C)C=C1C(C)C)=C1C2=C(P(C3CCCCC3)C4CCCCC4)C=CC=C2,C1(N(CC2=CC=CC=C2)CC3=CC=CC=C3)=CC=NO1,CN1CCCN2C1=NCCC2,BrC1=CN=CC=C1,0.0
1a8c3c192ce99758,FullCV_01,3542,CC(C)C(C=C(C(C)C)C=C1C(C)C)=C1C2=C(P(C(C)(C)C)C(C)(C)C)C(OC)=CC=C2OC,CC1=CC=NO1,CN1CCCN2C1=NCCC2,ClC1=CC=C(OC)C=C1,0.0
d279ccdcc7af615d,FullCV_01,3543,CC(C)C(C=C(C(C)C)C=C1C(C)C)=C1C2=C(P([C@@]3(C[C@@H]4C5)C[C@H](C4)C[C@H]5C3)[C@]6(C7)C[C@@H](C[C@@H]7C8)C[C@@H]8C6)C(OC)=CC=C2OC,C12=CON=C1C=CC=C2,CN(C)P(N(C)C)(N(C)C)=NP(N(C)C)(N(C)C)=NCC,ClC1=CC=C(OC)C=C1,0.0
29f23e4612770bf5,FullCV_01,3544,CC(C)C(C=C(C(C)C)C=C1C(C)C)=C1C2=C(P(C3CCCCC3)C4CCCCC4)C=CC=C2,C12=C(C=CC=C2)ON=C1,CN1CCCN2C1=NCCC2,IC1=CC=C(OC)C=C1,2.066222749
e7c8c3c44ed0fcca,FullCV_01,3545,CC(C)C(C=C(C(C)C)C=C1C(C)C)=C1C2=C(P(C3CCCCC3)C4CCCCC4)C=CC=C2,COC1=NOC(C(OCC)=O)=C1,CN1CCCN2C1=NCCC2,BrC1=CC=C(CC)C=C1,21.77773542
8648f4024ea7c52e,FullCV_01,3546,CC(C)C(C=C(C(C)C)C=C1C(C)C)=C1C2=C(P(C(C)(C)C)C(C)(C)C)C(OC)=CC=C2OC,O=C(OC)C1=NOC(C2=CC=CS2)=C1,CN1CCCN2C1=NCCC2,IC1=NC=CC=C1,88.24637541
3a5086d8e2e36ad0,FullCV_01,3547,CC(C)C(C=C(C(C)C)C=C1C(C)C)=C1C2=C(P(C(C)(C)C)C(C)(C)C)C=CC=C2,O=C(OC)C1=CC=NO1,CN(C)P(N(C)C)(N(C)C)=NP(N(C)C)(N(C)C)=NCC,BrC1=CC=C(CC)C=C1,16.48404533
3718f0e40840bb8a,FullCV_01,3548,CC(C)C(C=C(C(C)C)C=C1C(C)C)=C1C2=C(P([C@@]3(C[C@@H]4C5)C[C@H](C4)C[C@H]5C3)[C@]6(C7)C[C@@H](C[C@@H]7C8)C[C@@H]8C6)C(OC)=CC=C2OC,CC1=NOC(C(OCC)=O)=C1,CN1CCCN2C1=NCCC2,BrC1=NC=CC=C1,95.55515456
960536bffa81baee,FullCV_01,3549,CC(C)C(C=C(C(C)C)C=C1C(C)C)=C1C2=C(P(C(C)(C)C)C(C)(C)C)C=CC=C2,FC(C=CC=C1F)=C1C2=CC=NO2,CN1CCCN2C1=NCCC2,BrC1=CC=C(CC)C=C1,71.70514407
9bf2b86abfddb7ce,FullCV_01,3550,CC(C)C(C=C(C(C)C)C=C1C(C)C)=C1C2=C(P(C3CCCCC3)C4CCCCC4)C=CC=C2,C1(N(CC2=CC=CC=C2)CC3=CC=CC=C3)=CC=NO1,CC(C)(C)/N=C(N(C)C)/N(C)C,BrC1=NC=CC=C1,36.25474039
5c01d35788131217,FullCV_01,3551,CC(C)C(C=C(C(C)C)C=C1C(C)C)=C1C2=C(P([C@@]3(C[C@@H]4C5)C[C@H](C4)C[C@H]5C3)[C@]6(C7)C[C@@H](C[C@@H]7C8)C[C@@H]8C6)C(OC)=CC=C2OC,C1(C2=CC=CC=C2)=NOC=C1,CN1CCCN2C1=NCCC2,BrC1=NC=CC=C1,92.89765441
bcf9f273b7fe4489,FullCV_01,3552,CC(C)C(C=C(C(C)C)C=C1C(C)C)=C1C2=C(P(C3CCCCC3)C4CCCCC4)C=CC=C2,C12=CON=C1C=CC=C2,CN1CCCN2C1=NCCC2,ClC1=NC=CC=C1,6.536001371
40db094358a71d35,FullCV_01,3553,CC(C)C(C=C(C(C)C)C=C1C(C)C)=C1C2=C(P(C3CCCCC3)C4CCCCC4)C=CC=C2,CC1=CC(N2C=CC=C2)=NO1,CN1CCCN2C1=NCCC2,ClC1=CC=C(CC)C=C1,5.235495595
5508a43e53a5a982,FullCV_01,3554,CC(C)C(C=C(C(C)C)C=C1C(C)C)=C1C2=C(P(C3CCCCC3)C4CCCCC4)C=CC=C2,C1(C2=CC=CC=C2)=CC=NO1,CN1CCCN2C1=NCCC2,ClC1=CC=C(OC)C=C1,0.339837285
ddbdcdfc571fbb16,FullCV_01,3555,CC(C)C(C=C(C(C)C)C=C1C(C)C)=C1C2=C(P(C3CCCCC3)C4CCCCC4)C=CC=C2,C1(C2=CC=CC=C2)=NOC=C1,CN1CCCN2C1=NCCC2,IC1=CC=C(C(F)(F)F)C=C1,44.04700483
ca2a12a0e7262a28,FullCV_01,3556,CC(C)C(C=C(C(C)C)C=C1C(C)C)=C1C2=C(P([C@@]3(C[C@@H]4C5)C[C@H](C4)C[C@H]5C3)[C@]6(C7)C[C@@H](C[C@@H]7C8)C[C@@H]8C6)C(OC)=CC=C2OC,O=C(OC)C1=CC=NO1,CN(C)P(N(C)C)(N(C)C)=NP(N(C)C)(N(C)C)=NCC,IC1=CC=C(C(F)(F)F)C=C1,5.419599738
f6890cf8261ac250,FullCV_01,3557,CC(C)C(C=C(C(C)C)C=C1C(C)C)=C1C2=C(P(C3CCCCC3)C4CCCCC4)C=CC=C2,C1(N(CC2=CC=CC=C2)CC3=CC=CC=C3)=CC=NO1,CC(C)(C)/N=C(N(C)C)/N(C)C,ClC1=CC=C(C(F)(F)F)C=C1,2.828738971
6b810ec2832f7b54,FullCV_01,3558,CC(C)C(C=C(C(C)C)C=C1C(C)C)=C1C2=C(P(C(C)(C)C)C(C)(C)C)C(OC)=CC=C2OC,C1(C2=CC=CC=C2)=CC=NO1,CN1CCCN2C1=NCCC2,IC1=NC=CC=C1,92.00324978
b27f1f15de030c17,FullCV_01,3559,CC(C)C(C=C(C(C)C)C=C1C(C)C)=C1C2=C(P(C(C)(C)C)C(C)(C)C)C=CC=C2,O=C(OC)C1=NOC(C2=CC=CS2)=C1,CN(C)P(N(C)C)(N(C)C)=NP(N(C)C)(N(C)C)=NCC,ClC1=CC=C(OC)C=C1,0.390715033
231f0f1ceac14662,FullCV_01,3560,CC(C)C(C=C(C(C)C)C=C1C(C)C)=C1C2=C(P(C3CCCCC3)C4CCCCC4)C=CC=C2,C1(C2=CC=CC=C2)=CON=C1,CN1CCCN2C1=NCCC2,BrC1=CC=C(OC)C=C1,3.941726457
fb73c0e410757fb5,FullCV_01,3561,CC(C)C(C=C(C(C)C)C=C1C(C)C)=C1C2=C(P(C(C)(C)C)C(C)(C)C)C(OC)=CC=C2OC,O=C(OC)C1=CC=NO1,CN(C)P(N(C)C)(N(C)C)=NP(N(C)C)(N(C)C)=NCC,ClC1=CN=CC=C1,7.371601311
97a4f77adc1a7db7,FullCV_01,3562,CC(C)C(C=C(C(C)C)C=C1C(C)C)=C1C2=C(P(C(C)(C)C)C(C)(C)C)C=CC=C2,CC1=CC(N2C=CC=C2)=NO1,CN1CCCN2C1=NCCC2,ClC1=CC=C(C(F)(F)F)C=C1,33.03637259
c0c51b8b966105b2,FullCV_01,3563,CC(C)C(C=C(C(C)C)C=C1C(C)C)=C1C2=C(P([C@@]3(C[C@@H]4C5)C[C@H](C4)C[C@H]5C3)[C@]6(C7)C[C@@H](C[C@@H]7C8)C[C@@H]8C6)C(OC)=CC=C2OC,CC1=CC(C(OCC)=O)=NO1,CN1CCCN2C1=NCCC2,BrC1=CN=CC=C1,91.52862329
ceb0d084cbc5651e,FullCV_01,3564,CC(C)C(C=C(C(C)C)C=C1C(C)C)=C1C2=C(P(C(C)(C)C)C(C)(C)C)C(OC)=CC=C2OC,CC1=NOC(C(OCC)=O)=C1,CC(C)(C)/N=C(N(C)C)/N(C)C,IC1=CC=C(OC)C=C1,39.3913488
8e78d6defcc754d3,FullCV_01,3565,CC(C)C(C=C(C(C)C)C=C1C(C)C)=C1C2=C(P(C(C)(C)C)C(C)(C)C)C=CC=C2,COC1=NOC(C(OCC)=O)=C1,CC(C)(C)/N=C(N(C)C)/N(C)C,BrC1=CN=CC=C1,61.01774399
41c5d7980d85b18b,FullCV_01,3566,CC(C)C(C=C(C(C)C)C=C1C(C)C)=C1C2=C(P(C(C)(C)C)C(C)(C)C)C=CC=C2,COC1=NOC(C(OCC)=O)=C1,CC(C)(C)/N=C(N(C)C)/N(C)C,IC1=CC=C(CC)C=C1,64.45105489
14164265078ca749,FullCV_01,3567,CC(C)C(C=C(C(C)C)C=C1C(C)C)=C1C2=C(P([C@@]3(C[C@@H]4C5)C[C@H](C4)C[C@H]5C3)[C@]6(C7)C[C@@H](C[C@@H]7C8)C[C@@H]8C6)C(OC)=CC=C2OC,C1(C2=CC=CC=C2)=NOC=C1,CC(C)(C)/N=C(N(C)C)/N(C)C,IC1=CC=C(C(F)(F)F)C=C1,48.00212967
eedd41db7d7fdebf,FullCV_01,3568,CC(C)C(C=C(C(C)C)C=C1C(C)C)=C1C2=C(P([C@@]3(C[C@@H]4C5)C[C@H](C4)C[C@H]5C3)[C@]6(C7)C[C@@H](C[C@@H]7C8)C[C@@H]8C6)C(OC)=CC=C2OC,C1(N(CC2=CC=CC=C2)CC3=CC=CC=C3)=NOC=C1,CN(C)P(N(C)C)(N(C)C)=NP(N(C)C)(N(C)C)=NCC,IC1=CC=C(C(F)(F)F)C=C1,30.87761179
0cf187c5ac21e86d,FullCV_01,3569,CC(C)C(C=C(C(C)C)C=C1C(C)C)=C1C2=C(P(C3CCCCC3)C4CCCCC4)C=CC=C2,C12=CON=C1C=CC=C2,CN1CCCN2C1=NCCC2,BrC1=CC=C(C(F)(F)F)C=C1,3.074612079
494dcd4a88f30d25,FullCV_01,3570,CC(C)C(C=C(C(C)C)C=C1C(C)C)=C1C2=C(P([C@@]3(C[C@@H]4C5)C[C@H](C4)C[C@H]5C3)[C@]6(C7)C[C@@H](C[C@@H]7C8)C[C@@H]8C6)C(OC)=CC=C2OC,C12=CON=C1C=CC=C2,CN(C)P(N(C)C)(N(C)C)=NP(N(C)C)(N(C)C)=NCC,ClC1=NC=CC=C1,5.427048525
d13f503708a5e0c6,FullCV_01,3571,CC(C)C(C=C(C(C)C)C=C1C(C)C)=C1C2=C(P(C(C)(C)C)C(C)(C)C)C(OC)=CC=C2OC,C1(C2=CC=CC=C2)=CC=NO1,CN1CCCN2C1=NCCC2,ClC1=CC=C(OC)C=C1,1.100030526
f81982ba4cbb8839,FullCV_01,3572,CC(C)C(C=C(C(C)C)C=C1C(C)C)=C1C2=C(P(C(C)(C)C)C(C)(C)C)C(OC)=CC=C2OC,FC(C=CC=C1F)=C1C2=CC=NO2,CN(C)P(N(C)C)(N(C)C)=NP(N(C)C)(N(C)C)=NCC,ClC1=CC=C(C(F)(F)F)C=C1,9.973367678
bd70463aeb01bda4,FullCV_01,3573,CC(C)C(C=C(C(C)C)C=C1C(C)C)=C1C2=C(P([C@@]3(C[C@@H]4C5)C[C@H](C4)C[C@H]5C3)[C@]6(C7)C[C@@H](C[C@@H]7C8)C[C@@H]8C6)C(OC)=CC=C2OC,C12=CON=C1C=CC=C2,CN(C)P(N(C)C)(N(C)C)=NP(N(C)C)(N(C)C)=NCC,BrC1=CC=C(OC)C=C1,3.302452152
a48eeb099d8ff5f5,FullCV_01,3574,CC(C)C(C=C(C(C)C)C=C1C(C)C)=C1C2=C(P(C(C)(C)C)C(C)(C)C)C=CC=C2,CC1=CC(N2C=CC=C2)=NO1,CC(C)(C)/N=C(N(C)C)/N(C)C,BrC1=CC=C(OC)C=C1,39.21368937
4f593bf024e4e3af,FullCV_01,3575,CC(C)C(C=C(C(C)C)C=C1C(C)C)=C1C2=C(P(C(C)(C)C)C(C)(C)C)C=CC=C2,C1(C2=CC=CC=C2)=NOC=C1,CC(C)(C)/N=C(N(C)C)/N(C)C,IC1=CC=C(CC)C=C1,80.13587028
a98b91ddbb5f7cdf,FullCV_01,3576,CC(C)C(C=C(C(C)C)C=C1C(C)C)=C1C2=C(P(C(C)(C)C)C(C)(C)C)C=CC=C2,CC1=NOC(C2=CC=CC=C2)=C1,CC(C)(C)/N=C(N(C)C)/N(C)C,IC1=CC=C(OC)C=C1,33.94655387
a87869c198112137,FullCV_01,3577,CC(C)C(C=C(C(C)C)C=C1C(C)C)=C1C2=C(P(C(C)(C)C)C(C)(C)C)C(OC)=CC=C2OC,CCOC(C1=CON=C1)=O,CN(C)P(N(C)C)(N(C)C)=NP(N(C)C)(N(C)C)=NCC,ClC1=CC=C(C(F)(F)F)C=C1,1.232632372
c023b28d66d152d2,FullCV_01,3578,CC(C)C(C=C(C(C)C)C=C1C(C)C)=C1C2=C(P(C(C)(C)C)C(C)(C)C)C(OC)=CC=C2OC,CC1=CC=NO1,CN1CCCN2C1=NCCC2,IC1=NC=CC=C1,84.31065923
23a490785efb7985,FullCV_01,3579,CC(C)C(C=C(C(C)C)C=C1C(C)C)=C1C2=C(P(C(C)(C)C)C(C)(C)C)C=CC=C2,CCOC(C1=CON=C1)=O,CN(C)P(N(C)C)(N(C)C)=NP(N(C)C)(N(C)C)=NCC,ClC1=CC=C(OC)C=C1,0.359225753
e6e66f3523ce024c,FullCV_01,3580,CC(C)C(C=C(C(C)C)C=C1C(C)C)=C1C2=C(P(C3CCCCC3)C4CCCCC4)C=CC=C2,O=C(OC)C1=CC=NO1,CN1CCCN2C1=NCCC2,BrC1=CN=CC=C1,9.894361569
4ac672f2ffac1d68,FullCV_01,3581,CC(C)C(C=C(C(C)C)C=C1C(C)C)=C1C2=C(P([C@@]3(C[C@@H]4C5)C[C@H](C4)C[C@H]5C3)[C@]6(C7)C[C@@H](C[C@@H]7C8)C[C@@H]8C6)C(OC)=CC=C2OC,C12=CON=C1C=CC=C2,CN1CCCN2C1=NCCC2,ClC1=CC=C(OC)C=C1,0.0
40f83a008273c25e,FullCV_01,3582,CC(C)C(C=C(C(C)C)C=C1C(C)C)=C1C2=C(P(C(C)(C)C)C(C)(C)C)C=CC=C2,O=C(OC)C1=CC=NO1,CC(C)(C)/N=C(N(C)C)/N(C)C,ClC1=CC=C(CC)C=C1,0.478819391
bc3ed3dfd5e9eaca,FullCV_01,3583,CC(C)C(C=C(C(C)C)C=C1C(C)C)=C1C2=C(P(C(C)(C)C)C(C)(C)C)C(OC)=CC=C2OC,C1(N(CC2=CC=CC=C2)CC3=CC=CC=C3)=CC=NO1,CC(C)(C)/N=C(N(C)C)/N(C)C,BrC1=CC=C(OC)C=C1,21.09483753
36f838bbd64555ad,FullCV_01,3584,CC(C)C(C=C(C(C)C)C=C1C(C)C)=C1C2=C(P(C(C)(C)C)C(C)(C)C)C=CC=C2,CC1=C(C(OCC)=O)C=NO1,CN1CCCN2C1=NCCC2,BrC1=NC=CC=C1,61.11611165
66c98528add2d7f3,FullCV_01,3585,CC(C)C(C=C(C(C)C)C=C1C(C)C)=C1C2=C(P(C(C)(C)C)C(C)(C)C)C(OC)=CC=C2OC,O=C(OC)C1=CC=NO1,CN1CCCN2C1=NCCC2,BrC1=CC=C(C(F)(F)F)C=C1,22.3492694
c48ad9787da73c66,FullCV_01,3586,CC(C)C(C=C(C(C)C)C=C1C(C)C)=C1C2=C(P(C(C)(C)C)C(C)(C)C)C(OC)=CC=C2OC,CCOC(C1=NOC=C1)=O,CN1CCCN2C1=NCCC2,BrC1=CC=C(C(F)(F)F)C=C1,38.46400948
b756da959701f392,FullCV_01,3587,CC(C)C(C=C(C(C)C)C=C1C(C)C)=C1C2=C(P([C@@]3(C[C@@H]4C5)C[C@H](C4)C[C@H]5C3)[C@]6(C7)C[C@@H](C[C@@H]7C8)C[C@@H]8C6)C(OC)=CC=C2OC,CC1=CC(N2C=CC=C2)=NO1,CN1CCCN2C1=NCCC2,ClC1=CC=C(CC)C=C1,1.342248202
331e51152a3d3fff,FullCV_01,3588,CC(C)C(C=C(C(C)C)C=C1C(C)C)=C1C2=C(P(C3CCCCC3)C4CCCCC4)C=CC=C2,C1(C2=CC=CC=C2)=CC=NO1,CC(C)(C)/N=C(N(C)C)/N(C)C,IC1=NC=CC=C1,58.61075678
815ee155dd94f035,FullCV_01,3589,CC(C)C(C=C(C(C)C)C=C1C(C)C)=C1C2=C(P(C(C)(C)C)C(C)(C)C)C(OC)=CC=C2OC,C12=CON=C1C=CC=C2,CN1CCCN2C1=NCCC2,BrC1=CC=C(CC)C=C1,16.32124134
0124c5488725ecbf,FullCV_01,3590,CC(C)C(C=C(C(C)C)C=C1C(C)C)=C1C2=C(P([C@@]3(C[C@@H]4C5)C[C@H](C4)C[C@H]5C3)[C@]6(C7)C[C@@H](C[C@@H]7C8)C[C@@H]8C6)C(OC)=CC=C2OC,C1(N(CC2=CC=CC=C2)CC3=CC=CC=C3)=NOC=C1,CN1CCCN2C1=NCCC2,ClC1=CC=C(C(F)(F)F)C=C1,21.60119174
f67a8a65badbf504,FullCV_01,3591,CC(C)C(C=C(C(C)C)C=C1C(C)C)=C1C2=C(P([C@@]3(C[C@@H]4C5)C[C@H](C4)C[C@H]5C3)[C@]6(C7)C[C@@H](C[C@@H]7C8)C[C@@H]8C6)C(OC)=CC=C2OC,CCOC(C1=NOC=C1)=O,CN1CCCN2C1=NCCC2,BrC1=NC=CC=C1,93.56409267
25a5f65c98f83c25,FullCV_01,3592,CC(C)C(C=C(C(C)C)C=C1C(C)C)=C1C2=C(P([C@@]3(C[C@@H]4C5)C[C@H](C4)C[C@H]5C3)[C@]6(C7)C[C@@H](C[C@@H]7C8)C[C@@H]8C6)C(OC)=CC=C2OC,FC(C=CC=C1F)=C1C2=CC=NO2,CN(C)P(N(C)C)(N(C)C)=NP(N(C)C)(N(C)C)=NCC,ClC1=CC=C(OC)C=C1,1.152131483
cd025f2ed4c3d05f,FullCV_01,3593,CC(C)C(C=C(C(C)C)C=C1C(C)C)=C1C2=C(P(C3CCCCC3)C4CCCCC4)C=CC=C2,CCOC(C1=NOC=C1)=O,CN1CCCN2C1=NCCC2,ClC1=NC=CC=C1,28.88381703
55e85dd750eb8bf7,FullCV_01,3594,CC(C)C(C=C(C(C)C)C=C1C(C)C)=C1C2=C(P(C(C)(C)C)C(C)(C)C)C(OC)=CC=C2OC,CC1=CC(C(OCC)=O)=NO1,CN1CCCN2C1=NCCC2,BrC1=CC=C(OC)C=C1,47.14534203
032fe4d17ca38878,FullCV_01,3595,CC(C)C(C=C(C(C)C)C=C1C(C)C)=C1C2=C(P(C(C)(C)C)C(C)(C)C)C(OC)=CC=C2OC,COC1=NOC(C(OCC)=O)=C1,CN(C)P(N(C)C)(N(C)C)=NP(N(C)C)(N(C)C)=NCC,BrC1=CC=C(CC)C=C1,54.39040243
ee859d5de3f66b61,FullCV_01,3596,CC(C)C(C=C(C(C)C)C=C1C(C)C)=C1C2=C(P(C(C)(C)C)C(C)(C)C)C(OC)=CC=C2OC,O=C(OC)C1=NOC(C2=CC=CS2)=C1,CN(C)P(N(C)C)(N(C)C)=NP(N(C)C)(N(C)C)=NCC,IC1=CN=CC=C1,50.40479784
cc16312621789cbe,FullCV_01,3597,CC(C)C(C=C(C(C)C)C=C1C(C)C)=C1C2=C(P([C@@]3(C[C@@H]4C5)C[C@H](C4)C[C@H]5C3)[C@]6(C7)C[C@@H](C[C@@H]7C8)C[C@@H]8C6)C(OC)=CC=C2OC,O=C(OC)C1=NOC(C2=CC=CO2)=C1,CN(C)P(N(C)C)(N(C)C)=NP(N(C)C)(N(C)C)=NCC,ClC1=NC=CC=C1,57.59970402
fae8e555f6166c64,FullCV_01,3598,CC(C)C(C=C(C(C)C)C=C1C(C)C)=C1C2=C(P([C@@]3(C[C@@H]4C5)C[C@H](C4)C[C@H]5C3)[C@]6(C7)C[C@@H](C[C@@H]7C8)C[C@@H]8C6)C(OC)=CC=C2OC,C1(N(CC2=CC=CC=C2)CC3=CC=CC=C3)=CC=NO1,CN(C)P(N(C)C)(N(C)C)=NP(N(C)C)(N(C)C)=NCC,BrC1=CC=C(C(F)(F)F)C=C1,24.35604753
fb48ea24c3905e70,FullCV_01,3599,CC(C)C(C=C(C(C)C)C=C1C(C)C)=C1C2=C(P(C(C)(C)C)C(C)(C)C)C(OC)=CC=C2OC,CC1=NOC=C1,CC(C)(C)/N=C(N(C)C)/N(C)C,BrC1=CC=C(OC)C=C1,47.57684436
1f8f637eaea20c9f,FullCV_01,3600,CC(C)C(C=C(C(C)C)C=C1C(C)C)=C1C2=C(P(C3CCCCC3)C4CCCCC4)C=CC=C2,C1(C2=CC=CC=C2)=CC=NO1,CC(C)(C)/N=C(N(C)C)/N(C)C,IC1=CC=C(OC)C=C1,7.024622197
46ef857958907bef,FullCV_01,3601,CC(C)C(C=C(C(C)C)C=C1C(C)C)=C1C2=C(P(C(C)(C)C)C(C)(C)C)C(OC)=CC=C2OC,CC1=CC(C(OCC)=O)=NO1,CN1CCCN2C1=NCCC2,ClC1=CC=C(C(F)(F)F)C=C1,23.09132333
3e22a949bf3b52c4,FullCV_01,3602,CC(C)C(C=C(C(C)C)C=C1C(C)C)=C1C2=C(P(C(C)(C)C)C(C)(C)C)C(OC)=CC=C2OC,CC1=NOC=C1,CC(C)(C)/N=C(N(C)C)/N(C)C,BrC1=CN=CC=C1,81.62368897
c43332980734563f,FullCV_01,3603,CC(C)C(C=C(C(C)C)C=C1C(C)C)=C1C2=C(P(C(C)(C)C)C(C)(C)C)C=CC=C2,FC(C=CC=C1F)=C1C2=CC=NO2,CC(C)(C)/N=C(N(C)C)/N(C)C,IC1=CC=C(C(F)(F)F)C=C1,35.39709887
f1e9efafc5b7a56c,FullCV_01,3604,CC(C)C(C=C(C(C)C)C=C1C(C)C)=C1C2=C(P(C(C)(C)C)C(C)(C)C)C=CC=C2,O=C(OC)C1=NOC(C2=CC=CO2)=C1,CC(C)(C)/N=C(N(C)C)/N(C)C,ClC1=NC=CC=C1,61.82340519
47b0df50d4f69c01,FullCV_01,3605,CC(C)C(C=C(C(C)C)C=C1C(C)C)=C1C2=C(P(C(C)(C)C)C(C)(C)C)C=CC=C2,COC1=NOC(C(OCC)=O)=C1,CC(C)(C)/N=C(N(C)C)/N(C)C,IC1=CC=C(OC)C=C1,34.27058432
91b0d89892abc4bd,FullCV_01,3606,CC(C)C(C=C(C(C)C)C=C1C(C)C)=C1C2=C(P(C3CCCCC3)C4CCCCC4)C=CC=C2,C1(C2=CC=CC=C2)=CON=C1,CN(C)P(N(C)C)(N(C)C)=NP(N(C)C)(N(C)C)=NCC,IC1=NC=CC=C1,19.42152909
1e0d35a8311ad8ae,FullCV_01,3607,CC(C)C(C=C(C(C)C)C=C1C(C)C)=C1C2=C(P(C(C)(C)C)C(C)(C)C)C(OC)=CC=C2OC,CC1=CC=NO1,CN1CCCN2C1=NCCC2,ClC1=NC=CC=C1,77.92695821
77d8726298e45095,FullCV_01,3608,CC(C)C(C=C(C(C)C)C=C1C(C)C)=C1C2=C(P(C3CCCCC3)C4CCCCC4)C=CC=C2,CC1=NOC(C2=CC=CC=C2)=C1,CC(C)(C)/N=C(N(C)C)/N(C)C,BrC1=NC=CC=C1,36.80117668
b06328f711fff33f,FullCV_01,3609,CC(C)C(C=C(C(C)C)C=C1C(C)C)=C1C2=C(P(C(C)(C)C)C(C)(C)C)C(OC)=CC=C2OC,FC(C=CC=C1F)=C1C2=CC=NO2,CC(C)(C)/N=C(N(C)C)/N(C)C,ClC1=CC=C(CC)C=C1,1.993041801
bab24f33d98d8f71,FullCV_01,3610,CC(C)C(C=C(C(C)C)C=C1C(C)C)=C1C2=C(P([C@@]3(C[C@@H]4C5)C[C@H](C4)C[C@H]5C3)[C@]6(C7)C[C@@H](C[C@@H]7C8)C[C@@H]8C6)C(OC)=CC=C2OC,O=C(OC)C1=NOC(C2=CC=CS2)=C1,CN1CCCN2C1=NCCC2,BrC1=CC=C(OC)C=C1,20.84643886
9e5375785bbdb2ea,FullCV_01,3611,CC(C)C(C=C(C(C)C)C=C1C(C)C)=C1C2=C(P([C@@]3(C[C@@H]4C5)C[C@H](C4)C[C@H]5C3)[C@]6(C7)C[C@@H](C[C@@H]7C8)C[C@@H]8C6)C(OC)=CC=C2OC,CC1=CC=NO1,CN1CCCN2C1=NCCC2,ClC1=CN=CC=C1,11.31144666
997e724a832c7d3b,FullCV_01,3612,CC(C)C(C=C(C(C)C)C=C1C(C)C)=C1C2=C(P(C3CCCCC3)C4CCCCC4)C=CC=C2,O=C(OC)C1=NOC(C2=CC=CS2)=C1,CN1CCCN2C1=NCCC2,ClC1=NC=CC=C1,24.66006055
6ed36b25fbea1e13,FullCV_01,3613,CC(C)C(C=C(C(C)C)C=C1C(C)C)=C1C2=C(P([C@@]3(C[C@@H]4C5)C[C@H](C4)C[C@H]5C3)[C@]6(C7)C[C@@H](C[C@@H]7C8)C[C@@H]8C6)C(OC)=CC=C2OC,COC1=NOC(C(OCC)=O)=C1,CC(C)(C)/N=C(N(C)C)/N(C)C,IC1=CC=C(CC)C=C1,61.69857953
69945f4144e59f58,FullCV_01,3614,CC(C)C(C=C(C(C)C)C=C1C(C)C)=C1C2=C(P([C@@]3(C[C@@H]4C5)C[C@H](C4)C[C@H]5C3)[C@]6(C7)C[C@@H](C[C@@H]7C8)C[C@@H]8C6)C(OC)=CC=C2OC,CC1=C(C(OCC)=O)C=NO1,CN(C)P(N(C)C)(N(C)C)=NP(N(C)C)(N(C)C)=NCC,BrC1=CC=C(OC)C=C1,10.63604029
d52a982fff945f35,FullCV_01,3615,CC(C)C(C=C(C(C)C)C=C1C(C)C)=C1C2=C(P([C@@]3(C[C@@H]4C5)C[C@H](C4)C[C@H]5C3)[C@]6(C7)C[C@@H](C[C@@H]7C8)C[C@@H]8C6)C(OC)=CC=C2OC,CCOC(C1=NOC=C1)=O,CN(C)P(N(C)C)(N(C)C)=NP(N(C)C)(N(C)C)=NCC,IC1=CC=C(OC)C=C1,7.843927615
9103d6203fdc67c5,FullCV_01,3616,CC(C)C(C=C(C(C)C)C=C1C(C)C)=C1C2=C(P([C@@]3(C[C@@H]4C5)C[C@H](C4)C[C@H]5C3)[C@]6(C7)C[C@@H](C[C@@H]7C8)C[C@@H]8C6)C(OC)=CC=C2OC,O=C(OC)C1=NOC(C2=CC=CS2)=C1,CN(C)P(N(C)C)(N(C)C)=NP(N(C)C)(N(C)C)=NCC,BrC1=NC=CC=C1,66.42814295
58b492c77e4348aa,FullCV_01,3617,CC(C)C(C=C(C(C)C)C=C1C(C)C)=C1C2=C(P(C(C)(C)C)C(C)(C)C)C=CC=C2,CC1=C(C(OCC)=O)C=NO1,CN(C)P(N(C)C)(N(C)C)=NP(N(C)C)(N(C)C)=NCC,ClC1=CN=CC=C1,10.88472418
ac1dd414a2f4a0bb,FullCV_01,3618,CC(C)C(C=C(C(C)C)C=C1C(C)C)=C1C2=C(P(C(C)(C)C)C(C)(C)C)C(OC)=CC=C2OC,C1(C2=CC=CC=C2)=NOC=C1,CN1CCCN2C1=NCCC2,ClC1=CN=CC=C1,42.37662469
957a106272c7e227,FullCV_01,3619,CC(C)C(C=C(C(C)C)C=C1C(C)C)=C1C2=C(P(C3CCCCC3)C4CCCCC4)C=CC=C2,C1(N(CC2=CC=CC=C2)CC3=CC=CC=C3)=CC=NO1,CN(C)P(N(C)C)(N(C)C)=NP(N(C)C)(N(C)C)=NCC,BrC1=CC=C(C(F)(F)F)C=C1,8.073391293
a698e31a7e847387,FullCV_01,3620,CC(C)C(C=C(C(C)C)C=C1C(C)C)=C1C2=C(P(C3CCCCC3)C4CCCCC4)C=CC=C2,CC1=CC(N2C=CC=C2)=NO1,CN(C)P(N(C)C)(N(C)C)=NP(N(C)C)(N(C)C)=NCC,BrC1=CC=C(CC)C=C1,66.85183325
e7f1cf30b5a1fa0d,FullCV_01,3621,CC(C)C(C=C(C(C)C)C=C1C(C)C)=C1C2=C(P(C(C)(C)C)C(C)(C)C)C(OC)=CC=C2OC,C12=CON=C1C=CC=C2,CC(C)(C)/N=C(N(C)C)/N(C)C,BrC1=CC=C(C(F)(F)F)C=C1,4.220973073
21e845882f932c79,FullCV_01,3622,CC(C)C(C=C(C(C)C)C=C1C(C)C)=C1C2=C(P([C@@]3(C[C@@H]4C5)C[C@H](C4)C[C@H]5C3)[C@]6(C7)C[C@@H](C[C@@H]7C8)C[C@@H]8C6)C(OC)=CC=C2OC,O=C(OC)C1=NOC(C2=CC=CS2)=C1,CC(C)(C)/N=C(N(C)C)/N(C)C,IC1=CC=C(OC)C=C1,34.2854552
d18b9457e4343198,FullCV_01,3623,CC(C)C(C=C(C(C)C)C=C1C(C)C)=C1C2=C(P([C@@]3(C[C@@H]4C5)C[C@H](C4)C[C@H]5C3)[C@]6(C7)C[C@@H](C[C@@H]7C8)C[C@@H]8C6)C(OC)=CC=C2OC,O=C(OC)C1=NOC(C2=CC=CS2)=C1,CN(C)P(N(C)C)(N(C)C)=NP(N(C)C)(N(C)C)=NCC,IC1=NC=CC=C1,66.04767415
1ba8a2caa7d9d357,FullCV_01,3624,CC(C)C(C=C(C(C)C)C=C1C(C)C)=C1C2=C(P([C@@]3(C[C@@H]4C5)C[C@H](C4)C[C@H]5C3)[C@]6(C7)C[C@@H](C[C@@H]7C8)C[C@@H]8C6)C(OC)=CC=C2OC,CCOC(C1=NOC=C1)=O,CC(C)(C)/N=C(N(C)C)/N(C)C,BrC1=CC=C(CC)C=C1,50.13324447
896666966c9262d6,FullCV_01,3625,CC(C)C(C=C(C(C)C)C=C1C(C)C)=C1C2=C(P(C(C)(C)C)C(C)(C)C)C=CC=C2,C1(C2=CC=CC=C2)=CON=C1,CC(C)(C)/N=C(N(C)C)/N(C)C,BrC1=CC=C(OC)C=C1,47.2768797
3f1020b37013a366,FullCV_01,3626,CC(C)C(C=C(C(C)C)C=C1C(C)C)=C1C2=C(P(C3CCCCC3)C4CCCCC4)C=CC=C2,CCOC(C1=NOC=C1)=O,CC(C)(C)/N=C(N(C)C)/N(C)C,ClC1=NC=CC=C1,26.14998957
0b29ad07e1c1f2a2,FullCV_01,3627,CC(C)C(C=C(C(C)C)C=C1C(C)C)=C1C2=C(P(C3CCCCC3)C4CCCCC4)C=CC=C2,C1(N(CC2=CC=CC=C2)CC3=CC=CC=C3)=CC=NO1,CC(C)(C)/N=C(N(C)C)/N(C)C,BrC1=CC=C(CC)C=C1,5.748911263
80f9d25339e6e5c4,FullCV_01,3628,CC(C)C(C=C(C(C)C)C=C1C(C)C)=C1C2=C(P(C3CCCCC3)C4CCCCC4)C=CC=C2,CC1=NOC=C1,CC(C)(C)/N=C(N(C)C)/N(C)C,BrC1=CC=C(OC)C=C1,23.41191123
45a806c300508b96,FullCV_01,3629,CC(C)C(C=C(C(C)C)C=C1C(C)C)=C1C2=C(P([C@@]3(C[C@@H]4C5)C[C@H](C4)C[C@H]5C3)[C@]6(C7)C[C@@H](C[C@@H]7C8)C[C@@H]8C6)C(OC)=CC=C2OC,O=C(OC)C1=NOC(C2=CC=CO2)=C1,CC(C)(C)/N=C(N(C)C)/N(C)C,ClC1=CC=C(CC)C=C1,0.489724505
8c0e1fa4463fdbbc,FullCV_01,3630,CC(C)C(C=C(C(C)C)C=C1C(C)C)=C1C2=C(P(C(C)(C)C)C(C)(C)C)C=CC=C2,CC1=NOC=C1,CN1CCCN2C1=NCCC2,BrC1=CC=C(CC)C=C1,79.05542624
2d93a80e498902f5,FullCV_01,3631,CC(C)C(C=C(C(C)C)C=C1C(C)C)=C1C2=C(P([C@@]3(C[C@@H]4C5)C[C@H](C4)C[C@H]5C3)[C@]6(C7)C[C@@H](C[C@@H]7C8)C[C@@H]8C6)C(OC)=CC=C2OC,CC1=NOC=C1,CC(C)(C)/N=C(N(C)C)/N(C)C,BrC1=CN=CC=C1,83.93526521
bb3400111298fc19,FullCV_01,3632,CC(C)C(C=C(C(C)C)C=C1C(C)C)=C1C2=C(P(C(C)(C)C)C(C)(C)C)C(OC)=CC=C2OC,CC1=NOC(C(OCC)=O)=C1,CN1CCCN2C1=NCCC2,BrC1=NC=CC=C1,96.59121826
85aaa77a610de1db,FullCV_01,3633,CC(C)C(C=C(C(C)C)C=C1C(C)C)=C1C2=C(P(C(C)(C)C)C(C)(C)C)C=CC=C2,C12=C(C=CC=C2)ON=C1,CC(C)(C)/N=C(N(C)C)/N(C)C,IC1=CC=C(CC)C=C1,32.03830806
315304cc6039ade4,FullCV_01,3634,CC(C)C(C=C(C(C)C)C=C1C(C)C)=C1C2=C(P(C(C)(C)C)C(C)(C)C)C(OC)=CC=C2OC,O=C(OC)C1=NOC(C2=CC=CO2)=C1,CN1CCCN2C1=NCCC2,ClC1=CC=C(C(F)(F)F)C=C1,4.477162725
84c2449ec825d42d,FullCV_01,3635,CC(C)C(C=C(C(C)C)C=C1C(C)C)=C1C2=C(P(C(C)(C)C)C(C)(C)C)C=CC=C2,CC1=CC=NO1,CC(C)(C)/N=C(N(C)C)/N(C)C,IC1=CC=C(CC)C=C1,54.90007838
5a63cd6c65bcd25c,FullCV_01,3636,CC(C)C(C=C(C(C)C)C=C1C(C)C)=C1C2=C(P([C@@]3(C[C@@H]4C5)C[C@H](C4)C[C@H]5C3)[C@]6(C7)C[C@@H](C[C@@H]7C8)C[C@@H]8C6)C(OC)=CC=C2OC,O=C(OC)C1=NOC(C2=CC=CS2)=C1,CC(C)(C)/N=C(N(C)C)/N(C)C,BrC1=NC=CC=C1,42.18931962
6b67b20a50483ac5,FullCV_01,3637,CC(C)C(C=C(C(C)C)C=C1C(C)C)=C1C2=C(P([C@@]3(C[C@@H]4C5)C[C@H](C4)C[C@H]5C3)[C@]6(C7)C[C@@H](C[C@@H]7C8)C[C@@H]8C6)C(OC)=CC=C2OC,C1(C2=CC=CC=C2)=CC=NO1,CN(C)P(N(C)C)(N(C)C)=NP(N(C)C)(N(C)C)=NCC,IC1=CC=C(C(F)(F)F)C=C1,9.935132826
7272a05e45c50b34,FullCV_01,3638,CC(C)C(C=C(C(C)C)C=C1C(C)C)=C1C2=C(P(C3CCCCC3)C4CCCCC4)C=CC=C2,COC1=NOC(C(OCC)=O)=C1,CN(C)P(N(C)C)(N(C)C)=NP(N(C)C)(N(C)C)=NCC,BrC1=CC=C(CC)C=C1,60.41732712
eaebc2c24e354fb8,FullCV_01,3639,CC(C)C(C=C(C(C)C)C=C1C(C)C)=C1C2=C(P([C@@]3(C[C@@H]4C5)C[C@H](C4)C[C@H]5C3)[C@]6(C7)C[C@@H](C[C@@H]7C8)C[C@@H]8C6)C(OC)=CC=C2OC,C1(C2=CC=CC=C2)=CON=C1,CC(C)(C)/N=C(N(C)C)/N(C)C,IC1=NC=CC=C1,50.42857568
758f8ed958ded1e0,FullCV_01,3640,CC(C)C(C=C(C(C)C)C=C1C(C)C)=C1C2=C(P([C@@]3(C[C@@H]4C5)C[C@H](C4)C[C@H]5C3)[C@]6(C7)C[C@@H](C[C@@H]7C8)C[C@@H]8C6)C(OC)=CC=C2OC,C1(C2=CC=CC=C2)=CC=NO1,CN(C)P(N(C)C)(N(C)C)=NP(N(C)C)(N(C)C)=NCC,BrC1=NC=CC=C1,20.64357371
b0631bc176f876be,FullCV_01,3641,CC(C)C(C=C(C(C)C)C=C1C(C)C)=C1C2=C(P(C(C)(C)C)C(C)(C)C)C=CC=C2,O=C(OC)C1=NOC(C2=CC=CS2)=C1,CN(C)P(N(C)C)(N(C)C)=NP(N(C)C)(N(C)C)=NCC,IC1=CC=C(CC)C=C1,64.24487271
d3e13bd826e61acb,FullCV_01,3642,CC(C)C(C=C(C(C)C)C=C1C(C)C)=C1C2=C(P([C@@]3(C[C@@H]4C5)C[C@H](C4)C[C@H]5C3)[C@]6(C7)C[C@@H](C[C@@H]7C8)C[C@@H]8C6)C(OC)=CC=C2OC,C12=C(C=CC=C2)ON=C1,CN1CCCN2C1=NCCC2,BrC1=CC=C(CC)C=C1,54.56471519
76233c891ee33daf,FullCV_01,3643,CC(C)C(C=C(C(C)C)C=C1C(C)C)=C1C2=C(P(C(C)(C)C)C(C)(C)C)C=CC=C2,C1(N(CC2=CC=CC=C2)CC3=CC=CC=C3)=CC=NO1,CC(C)(C)/N=C(N(C)C)/N(C)C,ClC1=CC=C(CC)C=C1,1.781909967
32046be8132e7f5c,FullCV_01,3644,CC(C)C(C=C(C(C)C)C=C1C(C)C)=C1C2=C(P([C@@]3(C[C@@H]4C5)C[C@H](C4)C[C@H]5C3)[C@]6(C7)C[C@@H](C[C@@H]7C8)C[C@@H]8C6)C(OC)=CC=C2OC,CCOC(C1=CON=C1)=O,CC(C)(C)/N=C(N(C)C)/N(C)C,BrC1=CC=C(CC)C=C1,0.9560868
0b23492e9f7fc860,FullCV_01,3645,CC(C)C(C=C(C(C)C)C=C1C(C)C)=C1C2=C(P([C@@]3(C[C@@H]4C5)C[C@H](C4)C[C@H]5C3)[C@]6(C7)C[C@@H](C[C@@H]7C8)C[C@@H]8C6)C(OC)=CC=C2OC,C1(C2=CC=CC=C2)=CON=C1,CC(C)(C)/N=C(N(C)C)/N(C)C,BrC1=CC=C(CC)C=C1,27.30055458
97437efd95f80a9c,FullCV_01,3646,CC(C)C(C=C(C(C)C)C=C1C(C)C)=C1C2=C(P(C(C)(C)C)C(C)(C)C)C(OC)=CC=C2OC,CC1=CC=NO1,CC(C)(C)/N=C(N(C)C)/N(C)C,IC1=CC=C(CC)C=C1,64.96884309
986915c39eea7389,FullCV_01,3647,CC(C)C(C=C(C(C)C)C=C1C(C)C)=C1C2=C(P(C(C)(C)C)C(C)(C)C)C=CC=C2,C1(C2=CC=CC=C2)=CON=C1,CN1CCCN2C1=NCCC2,ClC1=CN=CC=C1,36.89391539
74f453593916f6ad,FullCV_01,3648,CC(C)C(C=C(C(C)C)C=C1C(C)C)=C1C2=C(P([C@@]3(C[C@@H]4C5)C[C@H](C4)C[C@H]5C3)[C@]6(C7)C[C@@H](C[C@@H]7C8)C[C@@H]8C6)C(OC)=CC=C2OC,CC1=NOC(C2=CC=CC=C2)=C1,CC(C)(C)/N=C(N(C)C)/N(C)C,IC1=CC=C(CC)C=C1,63.72449893
7ad341e79245d63d,FullCV_01,3649,CC(C)C(C=C(C(C)C)C=C1C(C)C)=C1C2=C(P(C(C)(C)C)C(C)(C)C)C=CC=C2,C1(C2=CC=CC=C2)=NOC=C1,CC(C)(C)/N=C(N(C)C)/N(C)C,IC1=CN=CC=C1,88.16754027
8abaf339344e47ce,FullCV_01,3650,CC(C)C(C=C(C(C)C)C=C1C(C)C)=C1C2=C(P(C(C)(C)C)C(C)(C)C)C=CC=C2,CC1=NOC=C1,CN(C)P(N(C)C)(N(C)C)=NP(N(C)C)(N(C)C)=NCC,IC1=CC=C(OC)C=C1,49.32093179
f4ff8e15340bd668,FullCV_01,3651,CC(C)C(C=C(C(C)C)C=C1C(C)C)=C1C2=C(P(C(C)(C)C)C(C)(C)C)C(OC)=CC=C2OC,CC1=NOC(C2=CC=CC=C2)=C1,CC(C)(C)/N=C(N(C)C)/N(C)C,ClC1=CN=CC=C1,8.39178019
6a978e4815adda3f,FullCV_01,3652,CC(C)C(C=C(C(C)C)C=C1C(C)C)=C1C2=C(P(C(C)(C)C)C(C)(C)C)C=CC=C2,O=C(OC)C1=CC=NO1,CN1CCCN2C1=NCCC2,BrC1=CC=C(CC)C=C1,58.864107
6905deea8d83ce1d,FullCV_01,3653,CC(C)C(C=C(C(C)C)C=C1C(C)C)=C1C2=C(P(C(C)(C)C)C(C)(C)C)C=CC=C2,COC1=NOC(C(OCC)=O)=C1,CN(C)P(N(C)C)(N(C)C)=NP(N(C)C)(N(C)C)=NCC,ClC1=CC=C(C(F)(F)F)C=C1,24.17024028
4109fd6c75312825,FullCV_01,3654,CC(C)C(C=C(C(C)C)C=C1C(C)C)=C1C2=C(P(C(C)(C)C)C(C)(C)C)C(OC)=CC=C2OC,CC1=CC(C)=NO1,CN(C)P(N(C)C)(N(C)C)=NP(N(C)C)(N(C)C)=NCC,IC1=NC=CC=C1,84.58893866
43ed38c3e748c1a3,FullCV_01,3655,CC(C)C(C=C(C(C)C)C=C1C(C)C)=C1C2=C(P(C(C)(C)C)C(C)(C)C)C(OC)=CC=C2OC,CC1=NOC(C(OCC)=O)=C1,CN(C)P(N(C)C)(N(C)C)=NP(N(C)C)(N(C)C)=NCC,BrC1=NC=CC=C1,91.6524383
93a084bf4819d3bb,FullCV_01,3656,CC(C)C(C=C(C(C)C)C=C1C(C)C)=C1C2=C(P(C(C)(C)C)C(C)(C)C)C(OC)=CC=C2OC,CC1=CC(C(OCC)=O)=NO1,CN1CCCN2C1=NCCC2,IC1=CC=C(OC)C=C1,45.98211557
813d6be1666e52d4,FullCV_01,3657,CC(C)C(C=C(C(C)C)C=C1C(C)C)=C1C2=C(P(C(C)(C)C)C(C)(C)C)C=CC=C2,C1(C2=CC=CC=C2)=CC=NO1,CN1CCCN2C1=NCCC2,ClC1=CN=CC=C1,35.55504656
a5ba8f0e10aa3d7e,FullCV_01,3658,CC(C)C(C=C(C(C)C)C=C1C(C)C)=C1C2=C(P(C3CCCCC3)C4CCCCC4)C=CC=C2,CCOC(C1=CON=C1)=O,CN1CCCN2C1=NCCC2,BrC1=CC=C(C(F)(F)F)C=C1,21.42393699
43c8032f61c83d99,FullCV_01,3659,CC(C)C(C=C(C(C)C)C=C1C(C)C)=C1C2=C(P(C(C)(C)C)C(C)(C)C)C(OC)=CC=C2OC,FC(C=CC=C1F)=C1C2=CC=NO2,CN1CCCN2C1=NCCC2,BrC1=CC=C(C(F)(F)F)C=C1,36.28377215
2d715d5a799afaa1,FullCV_01,3660,CC(C)C(C=C(C(C)C)C=C1C(C)C)=C1C2=C(P(C(C)(C)C)C(C)(C)C)C(OC)=CC=C2OC,CC1=CC=NO1,CN1CCCN2C1=NCCC2,IC1=CC=C(C(F)(F)F)C=C1,43.56818344
f1b88dfe5605fb35,FullCV_01,3661,CC(C)C(C=C(C(C)C)C=C1C(C)C)=C1C2=C(P(C(C)(C)C)C(C)(C)C)C(OC)=CC=C2OC,CC1=CC(C(OCC)=O)=NO1,CC(C)(C)/N=C(N(C)C)/N(C)C,ClC1=CC=C(OC)C=C1,0.345789289
41a8d34a7b2f575f,FullCV_01,3662,CC(C)C(C=C(C(C)C)C=C1C(C)C)=C1C2=C(P(C3CCCCC3)C4CCCCC4)C=CC=C2,CC1=NOC(C2=CC=CC=C2)=C1,CC(C)(C)/N=C(N(C)C)/N(C)C,IC1=CC=C(CC)C=C1,30.07190595
64d8bdacaefbb898,FullCV_01,3663,CC(C)C(C=C(C(C)C)C=C1C(C)C)=C1C2=C(P(C(C)(C)C)C(C)(C)C)C=CC=C2,O=C(OC)C1=NOC(C2=CC=CS2)=C1,CC(C)(C)/N=C(N(C)C)/N(C)C,BrC1=NC=CC=C1,64.68492451
3446cea95c7e8355,FullCV_01,3664,CC(C)C(C=C(C(C)C)C=C1C(C)C)=C1C2=C(P(C(C)(C)C)C(C)(C)C)C(OC)=CC=C2OC,CCOC(C1=NOC=C1)=O,CC(C)(C)/N=C(N(C)C)/N(C)C,BrC1=CC=C(C(F)(F)F)C=C1,34.51239146
33d619b4cef57e49,FullCV_01,3665,CC(C)C(C=C(C(C)C)C=C1C(C)C)=C1C2=C(P([C@@]3(C[C@@H]4C5)C[C@H](C4)C[C@H]5C3)[C@]6(C7)C[C@@H](C[C@@H]7C8)C[C@@H]8C6)C(OC)=CC=C2OC,CC1=CC(C)=NO1,CN1CCCN2C1=NCCC2,BrC1=CC=C(CC)C=C1,74.39518038
4ab15d30a54cc148,FullCV_01,3666,CC(C)C(C=C(C(C)C)C=C1C(C)C)=C1C2=C(P(C(C)(C)C)C(C)(C)C)C=CC=C2,C1(N(CC2=CC=CC=C2)CC3=CC=CC=C3)=NOC=C1,CN1CCCN2C1=NCCC2,IC1=NC=CC=C1,85.99469652
4ff4223e5b95902a,FullCV_01,3667,CC(C)C(C=C(C(C)C)C=C1C(C)C)=C1C2=C(P([C@@]3(C[C@@H]4C5)C[C@H](C4)C[C@H]5C3)[C@]6(C7)C[C@@H](C[C@@H]7C8)C[C@@H]8C6)C(OC)=CC=C2OC,O=C(OC)C1=NOC(C2=CC=CS2)=C1,CN(C)P(N(C)C)(N(C)C)=NP(N(C)C)(N(C)C)=NCC,BrC1=CC=C(C(F)(F)F)C=C1,19.7798759
0029849e2d21c2ab,FullCV_01,3668,CC(C)C(C=C(C(C)C)C=C1C(C)C)=C1C2=C(P(C3CCCCC3)C4CCCCC4)C=CC=C2,C12=C(C=CC=C2)ON=C1,CN1CCCN2C1=NCCC2,IC1=CC=C(C(F)(F)F)C=C1,40.27113975
dfb34cc97a91290e,FullCV_01,3669,CC(C)C(C=C(C(C)C)C=C1C(C)C)=C1C2=C(P(C(C)(C)C)C(C)(C)C)C(OC)=CC=C2OC,O=C(OC)C1=NOC(C2=CC=CO2)=C1,CC(C)(C)/N=C(N(C)C)/N(C)C,ClC1=CC=C(CC)C=C1,3.678633066
d40c12fc5cd6a979,FullCV_01,3670,CC(C)C(C=C(C(C)C)C=C1C(C)C)=C1C2=C(P([C@@]3(C[C@@H]4C5)C[C@H](C4)C[C@H]5C3)[C@]6(C7)C[C@@H](C[C@@H]7C8)C[C@@H]8C6)C(OC)=CC=C2OC,C12=CON=C1C=CC=C2,CN(C)P(N(C)C)(N(C)C)=NP(N(C)C)(N(C)C)=NCC,BrC1=CN=CC=C1,5.82300352
03b2ee95acf4db3b,FullCV_01,3671,CC(C)C(C=C(C(C)C)C=C1C(C)C)=C1C2=C(P(C(C)(C)C)C(C)(C)C)C(OC)=CC=C2OC,C1(C2=CC=CC=C2)=CC=NO1,CN1CCCN2C1=NCCC2,BrC1=CN=CC=C1,83.65433196
8466f83c5087ea3b,FullCV_01,3672,CC(C)C(C=C(C(C)C)C=C1C(C)C)=C1C2=C(P(C(C)(C)C)C(C)(C)C)C(OC)=CC=C2OC,CC1=C(C(OCC)=O)C=NO1,CN1CCCN2C1=NCCC2,IC1=CN=CC=C1,48.17982197
a4fc542de3399486,FullCV_01,3673,CC(C)C(C=C(C(C)C)C=C1C(C)C)=C1C2=C(P(C3CCCCC3)C4CCCCC4)C=CC=C2,CCOC(C1=NOC=C1)=O,CN1CCCN2C1=NCCC2,ClC1=CC=C(CC)C=C1,2.68757234
ade94598a49e6d34,FullCV_01,3674,CC(C)C(C=C(C(C)C)C=C1C(C)C)=C1C2=C(P(C3CCCCC3)C4CCCCC4)C=CC=C2,CC1=CC(C)=NO1,CN(C)P(N(C)C)(N(C)C)=NP(N(C)C)(N(C)C)=NCC,BrC1=NC=CC=C1,23.5354934
b2119c3f3c3fae8f,FullCV_01,3675,CC(C)C(C=C(C(C)C)C=C1C(C)C)=C1C2=C(P(C(C)(C)C)C(C)(C)C)C(OC)=CC=C2OC,CC1=C(C(OCC)=O)C=NO1,CN(C)P(N(C)C)(N(C)C)=NP(N(C)C)(N(C)C)=NCC,IC1=NC=CC=C1,36.14968182
f5b6b476975eed71,FullCV_01,3676,CC(C)C(C=C(C(C)C)C=C1C(C)C)=C1C2=C(P(C(C)(C)C)C(C)(C)C)C=CC=C2,CC1=CC(N2C=CC=C2)=NO1,CN1CCCN2C1=NCCC2,IC1=CC=C(C(F)(F)F)C=C1,41.26140824
bcaca7eca1895ee5,FullCV_01,3677,CC(C)C(C=C(C(C)C)C=C1C(C)C)=C1C2=C(P(C(C)(C)C)C(C)(C)C)C=CC=C2,O=C(OC)C1=CC=NO1,CN(C)P(N(C)C)(N(C)C)=NP(N(C)C)(N(C)C)=NCC,IC1=CN=CC=C1,16.67869351
022cb080ed99b2ed,FullCV_01,3678,CC(C)C(C=C(C(C)C)C=C1C(C)C)=C1C2=C(P(C(C)(C)C)C(C)(C)C)C(OC)=CC=C2OC,CC1=NOC(C(OCC)=O)=C1,CN1CCCN2C1=NCCC2,ClC1=NC=CC=C1,77.8707536
173a2a02bbb813e2,FullCV_01,3679,CC(C)C(C=C(C(C)C)C=C1C(C)C)=C1C2=C(P(C3CCCCC3)C4CCCCC4)C=CC=C2,C12=C(C=CC=C2)ON=C1,CN1CCCN2C1=NCCC2,IC1=NC=CC=C1,27.31009438
685a58ee43ecba42,FullCV_01,3680,CC(C)C(C=C(C(C)C)C=C1C(C)C)=C1C2=C(P(C(C)(C)C)C(C)(C)C)C=CC=C2,CC1=CC(C(OCC)=O)=NO1,CC(C)(C)/N=C(N(C)C)/N(C)C,IC1=CC=C(C(F)(F)F)C=C1,46.6498955
50893195ba464178,FullCV_01,3681,CC(C)C(C=C(C(C)C)C=C1C(C)C)=C1C2=C(P(C(C)(C)C)C(C)(C)C)C(OC)=CC=C2OC,C1(N(CC2=CC=CC=C2)CC3=CC=CC=C3)=CC=NO1,CN(C)P(N(C)C)(N(C)C)=NP(N(C)C)(N(C)C)=NCC,IC1=CC=C(OC)C=C1,38.77000873
3d899c6f7c626cb5,FullCV_01,3682,CC(C)C(C=C(C(C)C)C=C1C(C)C)=C1C2=C(P(C(C)(C)C)C(C)(C)C)C=CC=C2,C1(C2=CC=CC=C2)=CC=NO1,CN(C)P(N(C)C)(N(C)C)=NP(N(C)C)(N(C)C)=NCC,ClC1=CC=C(C(F)(F)F)C=C1,15.4176361
6b830fb4f5a296c6,FullCV_01,3683,CC(C)C(C=C(C(C)C)C=C1C(C)C)=C1C2=C(P([C@@]3(C[C@@H]4C5)C[C@H](C4)C[C@H]5C3)[C@]6(C7)C[C@@H](C[C@@H]7C8)C[C@@H]8C6)C(OC)=CC=C2OC,O=C(OC)C1=NOC(C2=CC=CS2)=C1,CN(C)P(N(C)C)(N(C)C)=NP(N(C)C)(N(C)C)=NCC,BrC1=CC=C(CC)C=C1,49.88008869
48d5131628f088dd,FullCV_01,3684,CC(C)C(C=C(C(C)C)C=C1C(C)C)=C1C2=C(P([C@@]3(C[C@@H]4C5)C[C@H](C4)C[C@H]5C3)[C@]6(C7)C[C@@H](C[C@@H]7C8)C[C@@H]8C6)C(OC)=CC=C2OC,CC1=C(C(OCC)=O)C=NO1,CN(C)P(N(C)C)(N(C)C)=NP(N(C)C)(N(C)C)=NCC,IC1=CC=C(C(F)(F)F)C=C1,10.75553549
fda67bd85234cfc6,FullCV_01,3685,CC(C)C(C=C(C(C)C)C=C1C(C)C)=C1C2=C(P(C(C)(C)C)C(C)(C)C)C(OC)=CC=C2OC,CC1=C(C(OCC)=O)C=NO1,CN(C)P(N(C)C)(N(C)C)=NP(N(C)C)(N(C)C)=NCC,ClC1=NC=CC=C1,24.62070452
0c9bd032e13f5914,FullCV_01,3686,CC(C)C(C=C(C(C)C)C=C1C(C)C)=C1C2=C(P([C@@]3(C[C@@H]4C5)C[C@H](C4)C[C@H]5C3)[C@]6(C7)C[C@@H](C[C@@H]7C8)C[C@@H]8C6)C(OC)=CC=C2OC,COC1=NOC(C(OCC)=O)=C1,CN1CCCN2C1=NCCC2,IC1=CC=C(OC)C=C1,49.75811265
80eb6b4055c69676,FullCV_01,3687,CC(C)C(C=C(C(C)C)C=C1C(C)C)=C1C2=C(P([C@@]3(C[C@@H]4C5)C[C@H](C4)C[C@H]5C3)[C@]6(C7)C[C@@H](C[C@@H]7C8)C[C@@H]8C6)C(OC)=CC=C2OC,C1(C2=CC=CC=C2)=NOC=C1,CC(C)(C)/N=C(N(C)C)/N(C)C,BrC1=NC=CC=C1,66.70576357
42df145cfeb4dd4b,FullCV_01,3688,CC(C)C(C=C(C(C)C)C=C1C(C)C)=C1C2=C(P(C(C)(C)C)C(C)(C)C)C=CC=C2,COC1=NOC(C(OCC)=O)=C1,CC(C)(C)/N=C(N(C)C)/N(C)C,BrC1=NC=CC=C1,70.67829218
71bec69fc27c933e,FullCV_01,3689,CC(C)C(C=C(C(C)C)C=C1C(C)C)=C1C2=C(P(C3CCCCC3)C4CCCCC4)C=CC=C2,CCOC(C1=CON=C1)=O,CC(C)(C)/N=C(N(C)C)/N(C)C,BrC1=CC=C(CC)C=C1,1.204026973
b09a5d3261ffe506,FullCV_01,3690,CC(C)C(C=C(C(C)C)C=C1C(C)C)=C1C2=C(P(C3CCCCC3)C4CCCCC4)C=CC=C2,CC1=CC(C(OCC)=O)=NO1,CC(C)(C)/N=C(N(C)C)/N(C)C,ClC1=NC=CC=C1,31.61725517
dfec5ae9966e6a78,FullCV_01,3691,CC(C)C(C=C(C(C)C)C=C1C(C)C)=C1C2=C(P(C(C)(C)C)C(C)(C)C)C(OC)=CC=C2OC,C12=CON=C1C=CC=C2,CN(C)P(N(C)C)(N(C)C)=NP(N(C)C)(N(C)C)=NCC,BrC1=CN=CC=C1,15.40870509
9f090e318c705937,FullCV_01,3692,CC(C)C(C=C(C(C)C)C=C1C(C)C)=C1C2=C(P(C(C)(C)C)C(C)(C)C)C=CC=C2,C1(C2=CC=CC=C2)=CC=NO1,CC(C)(C)/N=C(N(C)C)/N(C)C,ClC1=CN=CC=C1,15.19452071
1c74a0369a4ae184,FullCV_01,3693,CC(C)C(C=C(C(C)C)C=C1C(C)C)=C1C2=C(P(C3CCCCC3)C4CCCCC4)C=CC=C2,CCOC(C1=NOC=C1)=O,CN1CCCN2C1=NCCC2,IC1=CC=C(C(F)(F)F)C=C1,45.90521481
a50447183d1a9eb6,FullCV_01,3694,CC(C)C(C=C(C(C)C)C=C1C(C)C)=C1C2=C(P(C(C)(C)C)C(C)(C)C)C(OC)=CC=C2OC,FC(C=CC=C1F)=C1C2=CC=NO2,CN1CCCN2C1=NCCC2,BrC1=NC=CC=C1,71.05445565
780322a0febe5933,FullCV_01,3695,CC(C)C(C=C(C(C)C)C=C1C(C)C)=C1C2=C(P(C(C)(C)C)C(C)(C)C)C=CC=C2,C1(C2=CC=CC=C2)=CC=NO1,CN1CCCN2C1=NCCC2,IC1=CC=C(OC)C=C1,51.01008234
cdfca6ce52b5a48e,FullCV_01,3696,CC(C)C(C=C(C(C)C)C=C1C(C)C)=C1C2=C(P(C3CCCCC3)C4CCCCC4)C=CC=C2,C1(N(CC2=CC=CC=C2)CC3=CC=CC=C3)=CC=NO1,CC(C)(C)/N=C(N(C)C)/N(C)C,ClC1=CC=C(OC)C=C1,0.0
8ae63a1f1f2293fb,FullCV_01,3697,CC(C)C(C=C(C(C)C)C=C1C(C)C)=C1C2=C(P([C@@]3(C[C@@H]4C5)C[C@H](C4)C[C@H]5C3)[C@]6(C7)C[C@@H](C[C@@H]7C8)C[C@@H]8C6)C(OC)=CC=C2OC,O=C(OC)C1=CC=NO1,CN(C)P(N(C)C)(N(C)C)=NP(N(C)C)(N(C)C)=NCC,ClC1=NC=CC=C1,8.586375019
5226a8a5048e26f4,FullCV_01,3698,CC(C)C(C=C(C(C)C)C=C1C(C)C)=C1C2=C(P(C(C)(C)C)C(C)(C)C)C(OC)=CC=C2OC,C12=CON=C1C=CC=C2,CC(C)(C)/N=C(N(C)C)/N(C)C,IC1=CC=C(CC)C=C1,41.94054392
f8a01deff7356979,FullCV_01,3699,CC(C)C(C=C(C(C)C)C=C1C(C)C)=C1C2=C(P([C@@]3(C[C@@H]4C5)C[C@H](C4)C[C@H]5C3)[C@]6(C7)C[C@@H](C[C@@H]7C8)C[C@@H]8C6)C(OC)=CC=C2OC,CCOC(C1=NOC=C1)=O,CC(C)(C)/N=C(N(C)C)/N(C)C,ClC1=CC=C(OC)C=C1,0.406585723
fea648eb5a345f50,FullCV_01,3700,CC(C)C(C=C(C(C)C)C=C1C(C)C)=C1C2=C(P(C3CCCCC3)C4CCCCC4)C=CC=C2,CCOC(C1=CON=C1)=O,CN1CCCN2C1=NCCC2,ClC1=CC=C(OC)C=C1,0.423167396
709a991934babdc0,FullCV_01,3701,CC(C)C(C=C(C(C)C)C=C1C(C)C)=C1C2=C(P(C3CCCCC3)C4CCCCC4)C=CC=C2,CC1=CC(N2C=CC=C2)=NO1,CN(C)P(N(C)C)(N(C)C)=NP(N(C)C)(N(C)C)=NCC,BrC1=NC=CC=C1,22.20180478
623eed861f422434,FullCV_01,3702,CC(C)C(C=C(C(C)C)C=C1C(C)C)=C1C2=C(P(C(C)(C)C)C(C)(C)C)C(OC)=CC=C2OC,COC1=NOC(C(OCC)=O)=C1,CN1CCCN2C1=NCCC2,BrC1=NC=CC=C1,80.78104004
343b97eb62de1105,FullCV_01,3703,CC(C)C(C=C(C(C)C)C=C1C(C)C)=C1C2=C(P([C@@]3(C[C@@H]4C5)C[C@H](C4)C[C@H]5C3)[C@]6(C7)C[C@@H](C[C@@H]7C8)C[C@@H]8C6)C(OC)=CC=C2OC,CCOC(C1=NOC=C1)=O,CC(C)(C)/N=C(N(C)C)/N(C)C,BrC1=CC=C(C(F)(F)F)C=C1,34.43934364
f674cfb55e4a3652,FullCV_01,3704,CC(C)C(C=C(C(C)C)C=C1C(C)C)=C1C2=C(P(C(C)(C)C)C(C)(C)C)C(OC)=CC=C2OC,CCOC(C1=NOC=C1)=O,CN(C)P(N(C)C)(N(C)C)=NP(N(C)C)(N(C)C)=NCC,BrC1=CC=C(C(F)(F)F)C=C1,0.0
0d60528a4d1ae377,FullCV_01,3705,CC(C)C(C=C(C(C)C)C=C1C(C)C)=C1C2=C(P(C(C)(C)C)C(C)(C)C)C=CC=C2,C1(C2=CC=CC=C2)=CON=C1,CC(C)(C)/N=C(N(C)C)/N(C)C,BrC1=NC=CC=C1,84.60201966
7eb27a69ace4f751,FullCV_01,3706,CC(C)C(C=C(C(C)C)C=C1C(C)C)=C1C2=C(P(C3CCCCC3)C4CCCCC4)C=CC=C2,C1(N(CC2=CC=CC=C2)CC3=CC=CC=C3)=NOC=C1,CN(C)P(N(C)C)(N(C)C)=NP(N(C)C)(N(C)C)=NCC,BrC1=CN=CC=C1,10.02539168
58c4b2a24ef395cd,FullCV_01,3707,CC(C)C(C=C(C(C)C)C=C1C(C)C)=C1C2=C(P(C3CCCCC3)C4CCCCC4)C=CC=C2,FC(C=CC=C1F)=C1C2=CC=NO2,CN1CCCN2C1=NCCC2,BrC1=CC=C(OC)C=C1,2.373234972
855e5947ec75a75d,FullCV_01,3708,CC(C)C(C=C(C(C)C)C=C1C(C)C)=C1C2=C(P([C@@]3(C[C@@H]4C5)C[C@H](C4)C[C@H]5C3)[C@]6(C7)C[C@@H](C[C@@H]7C8)C[C@@H]8C6)C(OC)=CC=C2OC,O=C(OC)C1=CC=NO1,CN1CCCN2C1=NCCC2,IC1=CC=C(OC)C=C1,39.0058585
88b69174661abd3b,FullCV_01,3709,CC(C)C(C=C(C(C)C)C=C1C(C)C)=C1C2=C(P([C@@]3(C[C@@H]4C5)C[C@H](C4)C[C@H]5C3)[C@]6(C7)C[C@@H](C[C@@H]7C8)C[C@@H]8C6)C(OC)=CC=C2OC,CC1=CC(C)=NO1,CN(C)P(N(C)C)(N(C)C)=NP(N(C)C)(N(C)C)=NCC,IC1=CC=C(OC)C=C1,46.93920076
a31b27a6050954a4,FullCV_01,3710,CC(C)C(C=C(C(C)C)C=C1C(C)C)=C1C2=C(P(C3CCCCC3)C4CCCCC4)C=CC=C2,CCOC(C1=CON=C1)=O,CC(C)(C)/N=C(N(C)C)/N(C)C,BrC1=CC=C(OC)C=C1,0.0
9344bc263de1a128,FullCV_01,3711,CC(C)C(C=C(C(C)C)C=C1C(C)C)=C1C2=C(P(C3CCCCC3)C4CCCCC4)C=CC=C2,C1(C2=CC=CC=C2)=CON=C1,CC(C)(C)/N=C(N(C)C)/N(C)C,BrC1=CC=C(C(F)(F)F)C=C1,24.93013825
c7f05106d9292d24,FullCV_01,3712,CC(C)C(C=C(C(C)C)C=C1C(C)C)=C1C2=C(P(C(C)(C)C)C(C)(C)C)C=CC=C2,CC1=NOC=C1,CN1CCCN2C1=NCCC2,BrC1=NC=CC=C1,92.13719474
a8c383d44c91377d,FullCV_01,3713,CC(C)C(C=C(C(C)C)C=C1C(C)C)=C1C2=C(P([C@@]3(C[C@@H]4C5)C[C@H](C4)C[C@H]5C3)[C@]6(C7)C[C@@H](C[C@@H]7C8)C[C@@H]8C6)C(OC)=CC=C2OC,C12=CON=C1C=CC=C2,CC(C)(C)/N=C(N(C)C)/N(C)C,ClC1=CC=C(C(F)(F)F)C=C1,0.0
3ca54adf22143ab8,FullCV_01,3714,CC(C)C(C=C(C(C)C)C=C1C(C)C)=C1C2=C(P(C(C)(C)C)C(C)(C)C)C(OC)=CC=C2OC,CCOC(C1=NOC=C1)=O,CN1CCCN2C1=NCCC2,ClC1=CC=C(C(F)(F)F)C=C1,17.38451108
0437ea2abc49ea5f,FullCV_01,3715,CC(C)C(C=C(C(C)C)C=C1C(C)C)=C1C2=C(P(C(C)(C)C)C(C)(C)C)C=CC=C2,C12=C(C=CC=C2)ON=C1,CN1CCCN2C1=NCCC2,IC1=CC=C(OC)C=C1,34.0355551
cf99999d8acd5892,FullCV_01,3716,CC(C)C(C=C(C(C)C)C=C1C(C)C)=C1C2=C(P(C3CCCCC3)C4CCCCC4)C=CC=C2,C1(C2=CC=CC=C2)=CON=C1,CC(C)(C)/N=C(N(C)C)/N(C)C,BrC1=CN=CC=C1,7.768371677
37c3c88cfe7feae3,FullCV_01,3717,CC(C)C(C=C(C(C)C)C=C1C(C)C)=C1C2=C(P(C(C)(C)C)C(C)(C)C)C=CC=C2,C1(C2=CC=CC=C2)=CC=NO1,CC(C)(C)/N=C(N(C)C)/N(C)C,ClC1=CC=C(OC)C=C1,0.655700656
1f5dba19a6de5cee,FullCV_01,3718,CC(C)C(C=C(C(C)C)C=C1C(C)C)=C1C2=C(P(C3CCCCC3)C4CCCCC4)C=CC=C2,CC1=CC(C)=NO1,CN1CCCN2C1=NCCC2,ClC1=CC=C(OC)C=C1,0.44794504
add8c11c39d7f031,FullCV_01,3719,CC(C)C(C=C(C(C)C)C=C1C(C)C)=C1C2=C(P(C(C)(C)C)C(C)(C)C)C(OC)=CC=C2OC,C1(C2=CC=CC=C2)=CC=NO1,CC(C)(C)/N=C(N(C)C)/N(C)C,IC1=CC=C(C(F)(F)F)C=C1,44.5879911
7fa945273227cfe4,FullCV_01,3720,CC(C)C(C=C(C(C)C)C=C1C(C)C)=C1C2=C(P(C(C)(C)C)C(C)(C)C)C(OC)=CC=C2OC,COC1=NOC(C(OCC)=O)=C1,CN(C)P(N(C)C)(N(C)C)=NP(N(C)C)(N(C)C)=NCC,ClC1=CC=C(C(F)(F)F)C=C1,7.147036958
d5d2ce962a3617dc,FullCV_01,3721,CC(C)C(C=C(C(C)C)C=C1C(C)C)=C1C2=C(P(C(C)(C)C)C(C)(C)C)C=CC=C2,CC1=CC(C)=NO1,CN1CCCN2C1=NCCC2,ClC1=NC=CC=C1,76.3025428
f0bf0aacb6e3b494,FullCV_01,3722,CC(C)C(C=C(C(C)C)C=C1C(C)C)=C1C2=C(P(C(C)(C)C)C(C)(C)C)C(OC)=CC=C2OC,O=C(OC)C1=NOC(C2=CC=CO2)=C1,CC(C)(C)/N=C(N(C)C)/N(C)C,BrC1=CN=CC=C1,58.2347243
a457aa35df5d4e25,FullCV_01,3723,CC(C)C(C=C(C(C)C)C=C1C(C)C)=C1C2=C(P(C3CCCCC3)C4CCCCC4)C=CC=C2,CC1=NOC(C2=CC=CC=C2)=C1,CN(C)P(N(C)C)(N(C)C)=NP(N(C)C)(N(C)C)=NCC,IC1=CN=CC=C1,81.35759178
55b5b50614718c28,FullCV_01,3724,CC(C)C(C=C(C(C)C)C=C1C(C)C)=C1C2=C(P([C@@]3(C[C@@H]4C5)C[C@H](C4)C[C@H]5C3)[C@]6(C7)C[C@@H](C[C@@H]7C8)C[C@@H]8C6)C(OC)=CC=C2OC,COC1=NOC(C(OCC)=O)=C1,CN1CCCN2C1=NCCC2,ClC1=CC=C(C(F)(F)F)C=C1,3.382805594
bc276a20eeebb5d2,FullCV_01,3725,CC(C)C(C=C(C(C)C)C=C1C(C)C)=C1C2=C(P(C(C)(C)C)C(C)(C)C)C=CC=C2,O=C(OC)C1=NOC(C2=CC=CO2)=C1,CC(C)(C)/N=C(N(C)C)/N(C)C,ClC1=CN=CC=C1,6.768064781
85dfd9678dde3dbe,FullCV_01,3726,CC(C)C(C=C(C(C)C)C=C1C(C)C)=C1C2=C(P([C@@]3(C[C@@H]4C5)C[C@H](C4)C[C@H]5C3)[C@]6(C7)C[C@@H](C[C@@H]7C8)C[C@@H]8C6)C(OC)=CC=C2OC,C1(C2=CC=CC=C2)=CC=NO1,CN1CCCN2C1=NCCC2,IC1=NC=CC=C1,95.07020116
5523c62b53dc7f1d,FullCV_01,3727,CC(C)C(C=C(C(C)C)C=C1C(C)C)=C1C2=C(P(C(C)(C)C)C(C)(C)C)C=CC=C2,C12=C(C=CC=C2)ON=C1,CN1CCCN2C1=NCCC2,BrC1=CC=C(C(F)(F)F)C=C1,36.5598853
6a652ad302e52108,FullCV_01,3728,CC(C)C(C=C(C(C)C)C=C1C(C)C)=C1C2=C(P([C@@]3(C[C@@H]4C5)C[C@H](C4)C[C@H]5C3)[C@]6(C7)C[C@@H](C[C@@H]7C8)C[C@@H]8C6)C(OC)=CC=C2OC,C1(N(CC2=CC=CC=C2)CC3=CC=CC=C3)=CC=NO1,CN1CCCN2C1=NCCC2,IC1=CC=C(CC)C=C1,72.29221067
71346cc0bf07a1ab,FullCV_01,3729,CC(C)C(C=C(C(C)C)C=C1C(C)C)=C1C2=C(P(C(C)(C)C)C(C)(C)C)C=CC=C2,O=C(OC)C1=NOC(C2=CC=CS2)=C1,CN1CCCN2C1=NCCC2,BrC1=CC=C(C(F)(F)F)C=C1,39.35316158
2d5a98c58794a9b4,FullCV_01,3730,CC(C)C(C=C(C(C)C)C=C1C(C)C)=C1C2=C(P(C3CCCCC3)C4CCCCC4)C=CC=C2,CC1=NOC(C(OCC)=O)=C1,CC(C)(C)/N=C(N(C)C)/N(C)C,IC1=CC=C(OC)C=C1,18.89524916
c31fc808ed13ef0b,FullCV_01,3731,CC(C)C(C=C(C(C)C)C=C1C(C)C)=C1C2=C(P(C3CCCCC3)C4CCCCC4)C=CC=C2,O=C(OC)C1=NOC(C2=CC=CO2)=C1,CN(C)P(N(C)C)(N(C)C)=NP(N(C)C)(N(C)C)=NCC,ClC1=NC=CC=C1,24.01631717
a9b08bfe7df7d91c,FullCV_01,3732,CC(C)C(C=C(C(C)C)C=C1C(C)C)=C1C2=C(P(C3CCCCC3)C4CCCCC4)C=CC=C2,C1(C2=CC=CC=C2)=CC=NO1,CN(C)P(N(C)C)(N(C)C)=NP(N(C)C)(N(C)C)=NCC,IC1=CC=C(CC)C=C1,15.41389344
e2455d8e7b1aad56,FullCV_01,3733,CC(C)C(C=C(C(C)C)C=C1C(C)C)=C1C2=C(P(C3CCCCC3)C4CCCCC4)C=CC=C2,CCOC(C1=NOC=C1)=O,CC(C)(C)/N=C(N(C)C)/N(C)C,ClC1=CC=C(CC)C=C1,2.86790041
61779edf39112cc0,FullCV_01,3734,CC(C)C(C=C(C(C)C)C=C1C(C)C)=C1C2=C(P([C@@]3(C[C@@H]4C5)C[C@H](C4)C[C@H]5C3)[C@]6(C7)C[C@@H](C[C@@H]7C8)C[C@@H]8C6)C(OC)=CC=C2OC,CC1=NOC=C1,CC(C)(C)/N=C(N(C)C)/N(C)C,ClC1=CN=CC=C1,11.79076705
249ce0b1f56715f3,FullCV_01,3735,CC(C)C(C=C(C(C)C)C=C1C(C)C)=C1C2=C(P(C3CCCCC3)C4CCCCC4)C=CC=C2,COC1=NOC(C(OCC)=O)=C1,CN1CCCN2C1=NCCC2,IC1=CC=C(C(F)(F)F)C=C1,37.70168941
55ff7d5085eee182,FullCV_01,3736,CC(C)C(C=C(C(C)C)C=C1C(C)C)=C1C2=C(P(C3CCCCC3)C4CCCCC4)C=CC=C2,CC1=CC(N2C=CC=C2)=NO1,CC(C)(C)/N=C(N(C)C)/N(C)C,BrC1=CC=C(OC)C=C1,14.42253285
2c51ca102435fbe7,FullCV_01,3737,CC(C)C(C=C(C(C)C)C=C1C(C)C)=C1C2=C(P(C(C)(C)C)C(C)(C)C)C(OC)=CC=C2OC,C1(C2=CC=CC=C2)=CON=C1,CC(C)(C)/N=C(N(C)C)/N(C)C,IC1=CC=C(CC)C=C1,78.50560016
124d50676844cb51,FullCV_01,3738,CC(C)C(C=C(C(C)C)C=C1C(C)C)=C1C2=C(P(C3CCCCC3)C4CCCCC4)C=CC=C2,C1(C2=CC=CC=C2)=CC=NO1,CN1CCCN2C1=NCCC2,BrC1=CC=C(CC)C=C1,15.39753007
c3517a89d027a4c9,FullCV_01,3739,CC(C)C(C=C(C(C)C)C=C1C(C)C)=C1C2=C(P([C@@]3(C[C@@H]4C5)C[C@H](C4)C[C@H]5C3)[C@]6(C7)C[C@@H](C[C@@H]7C8)C[C@@H]8C6)C(OC)=CC=C2OC,CC1=NOC(C(OCC)=O)=C1,CN(C)P(N(C)C)(N(C)C)=NP(N(C)C)(N(C)C)=NCC,ClC1=CC=C(CC)C=C1,1.112658983
1cc72e4d86a24267,FullCV_01,3740,CC(C)C(C=C(C(C)C)C=C1C(C)C)=C1C2=C(P([C@@]3(C[C@@H]4C5)C[C@H](C4)C[C@H]5C3)[C@]6(C7)C[C@@H](C[C@@H]7C8)C[C@@H]8C6)C(OC)=CC=C2OC,CC1=NOC(C(OCC)=O)=C1,CC(C)(C)/N=C(N(C)C)/N(C)C,BrC1=CC=C(CC)C=C1,39.83155733
00b3497ac0f07196,FullCV_01,3741,CC(C)C(C=C(C(C)C)C=C1C(C)C)=C1C2=C(P(C(C)(C)C)C(C)(C)C)C(OC)=CC=C2OC,C1(N(CC2=CC=CC=C2)CC3=CC=CC=C3)=CC=NO1,CC(C)(C)/N=C(N(C)C)/N(C)C,IC1=CC=C(CC)C=C1,62.9440737
b6aea862534ecaac,FullCV_01,3742,CC(C)C(C=C(C(C)C)C=C1C(C)C)=C1C2=C(P(C3CCCCC3)C4CCCCC4)C=CC=C2,C1(C2=CC=CC=C2)=CON=C1,CN(C)P(N(C)C)(N(C)C)=NP(N(C)C)(N(C)C)=NCC,ClC1=CC=C(C(F)(F)F)C=C1,12.6512469
c99b276cf10c6104,FullCV_01,3743,CC(C)C(C=C(C(C)C)C=C1C(C)C)=C1C2=C(P([C@@]3(C[C@@H]4C5)C[C@H](C4)C[C@H]5C3)[C@]6(C7)C[C@@H](C[C@@H]7C8)C[C@@H]8C6)C(OC)=CC=C2OC,CC1=CC(N2C=CC=C2)=NO1,CC(C)(C)/N=C(N(C)C)/N(C)C,IC1=CN=CC=C1,62.55956501
c5ae208325d2512e,FullCV_01,3744,CC(C)C(C=C(C(C)C)C=C1C(C)C)=C1C2=C(P(C(C)(C)C)C(C)(C)C)C=CC=C2,CC1=CC(C)=NO1,CN(C)P(N(C)C)(N(C)C)=NP(N(C)C)(N(C)C)=NCC,ClC1=CN=CC=C1,59.99235473
4cfe2b84b5ad5dcb,FullCV_01,3745,CC(C)C(C=C(C(C)C)C=C1C(C)C)=C1C2=C(P(C(C)(C)C)C(C)(C)C)C=CC=C2,C12=C(C=CC=C2)ON=C1,CN(C)P(N(C)C)(N(C)C)=NP(N(C)C)(N(C)C)=NCC,ClC1=CC=C(OC)C=C1,1.194006928
abc4a0ab2e24e7d1,FullCV_01,3746,CC(C)C(C=C(C(C)C)C=C1C(C)C)=C1C2=C(P(C(C)(C)C)C(C)(C)C)C(OC)=CC=C2OC,O=C(OC)C1=NOC(C2=CC=CO2)=C1,CC(C)(C)/N=C(N(C)C)/N(C)C,IC1=CC=C(OC)C=C1,42.09555031
35c28df54db901a1,FullCV_01,3747,CC(C)C(C=C(C(C)C)C=C1C(C)C)=C1C2=C(P([C@@]3(C[C@@H]4C5)C[C@H](C4)C[C@H]5C3)[C@]6(C7)C[C@@H](C[C@@H]7C8)C[C@@H]8C6)C(OC)=CC=C2OC,C1(N(CC2=CC=CC=C2)CC3=CC=CC=C3)=CC=NO1,CC(C)(C)/N=C(N(C)C)/N(C)C,BrC1=CC=C(C(F)(F)F)C=C1,26.32369704
3ef1f6763c3269e6,FullCV_01,3748,CC(C)C(C=C(C(C)C)C=C1C(C)C)=C1C2=C(P(C(C)(C)C)C(C)(C)C)C=CC=C2,COC1=NOC(C(OCC)=O)=C1,CN(C)P(N(C)C)(N(C)C)=NP(N(C)C)(N(C)C)=NCC,BrC1=CC=C(OC)C=C1,42.30149711
10a1f0743650f6e0,FullCV_01,3749,CC(C)C(C=C(C(C)C)C=C1C(C)C)=C1C2=C(P(C3CCCCC3)C4CCCCC4)C=CC=C2,CC1=NOC=C1,CC(C)(C)/N=C(N(C)C)/N(C)C,ClC1=CC=C(CC)C=C1,2.005732083
e2f19f16b6a5280c,FullCV_01,3750,CC(C)C(C=C(C(C)C)C=C1C(C)C)=C1C2=C(P(C3CCCCC3)C4CCCCC4)C=CC=C2,C1(N(CC2=CC=CC=C2)CC3=CC=CC=C3)=CC=NO1,CC(C)(C)/N=C(N(C)C)/N(C)C,IC1=CC=C(OC)C=C1,1.624624313
273e69c9b2d871ff,FullCV_01,3751,CC(C)C(C=C(C(C)C)C=C1C(C)C)=C1C2=C(P(C(C)(C)C)C(C)(C)C)C(OC)=CC=C2OC,CC1=NOC=C1,CC(C)(C)/N=C(N(C)C)/N(C)C,IC1=CC=C(CC)C=C1,81.47790375
ac9ebb269d4089dc,FullCV_01,3752,CC(C)C(C=C(C(C)C)C=C1C(C)C)=C1C2=C(P(C(C)(C)C)C(C)(C)C)C(OC)=CC=C2OC,C12=C(C=CC=C2)ON=C1,CC(C)(C)/N=C(N(C)C)/N(C)C,ClC1=CN=CC=C1,24.80297238
1299805ea54a0d2e,FullCV_01,3753,CC(C)C(C=C(C(C)C)C=C1C(C)C)=C1C2=C(P([C@@]3(C[C@@H]4C5)C[C@H](C4)C[C@H]5C3)[C@]6(C7)C[C@@H](C[C@@H]7C8)C[C@@H]8C6)C(OC)=CC=C2OC,CC1=CC(N2C=CC=C2)=NO1,CN1CCCN2C1=NCCC2,IC1=CN=CC=C1,74.59231799
1cb13a66f4807b5e,FullCV_01,3754,CC(C)C(C=C(C(C)C)C=C1C(C)C)=C1C2=C(P([C@@]3(C[C@@H]4C5)C[C@H](C4)C[C@H]5C3)[C@]6(C7)C[C@@H](C[C@@H]7C8)C[C@@H]8C6)C(OC)=CC=C2OC,O=C(OC)C1=NOC(C2=CC=CO2)=C1,CC(C)(C)/N=C(N(C)C)/N(C)C,IC1=NC=CC=C1,46.52870973
a61cf309581bad34,FullCV_01,3755,CC(C)C(C=C(C(C)C)C=C1C(C)C)=C1C2=C(P(C(C)(C)C)C(C)(C)C)C(OC)=CC=C2OC,C1(C2=CC=CC=C2)=CON=C1,CC(C)(C)/N=C(N(C)C)/N(C)C,IC1=NC=CC=C1,81.63511603
cf0c80efaa1b92e4,FullCV_01,3756,CC(C)C(C=C(C(C)C)C=C1C(C)C)=C1C2=C(P(C3CCCCC3)C4CCCCC4)C=CC=C2,CC1=NOC(C2=CC=CC=C2)=C1,CN1CCCN2C1=NCCC2,BrC1=CN=CC=C1,24.92895829
8633dc3360b642df,FullCV_01,3757,CC(C)C(C=C(C(C)C)C=C1C(C)C)=C1C2=C(P([C@@]3(C[C@@H]4C5)C[C@H](C4)C[C@H]5C3)[C@]6(C7)C[C@@H](C[C@@H]7C8)C[C@@H]8C6)C(OC)=CC=C2OC,C12=C(C=CC=C2)ON=C1,CC(C)(C)/N=C(N(C)C)/N(C)C,IC1=NC=CC=C1,26.8708629
f083afbcd3913a5a,FullCV_01,3758,CC(C)C(C=C(C(C)C)C=C1C(C)C)=C1C2=C(P(C(C)(C)C)C(C)(C)C)C=CC=C2,C1(N(CC2=CC=CC=C2)CC3=CC=CC=C3)=CC=NO1,CC(C)(C)/N=C(N(C)C)/N(C)C,ClC1=NC=CC=C1,33.66124955
057af747e9bbbce3,FullCV_01,3759,CC(C)C(C=C(C(C)C)C=C1C(C)C)=C1C2=C(P(C(C)(C)C)C(C)(C)C)C=CC=C2,CC1=NOC=C1,CN1CCCN2C1=NCCC2,ClC1=NC=CC=C1,86.00345438
45edf0512648e4b1,FullCV_01,3760,CC(C)C(C=C(C(C)C)C=C1C(C)C)=C1C2=C(P(C(C)(C)C)C(C)(C)C)C=CC=C2,C1(C2=CC=CC=C2)=CON=C1,CN1CCCN2C1=NCCC2,IC1=CC=C(C(F)(F)F)C=C1,52.3137348
2701e54d9ffd247e,FullCV_01,3761,CC(C)C(C=C(C(C)C)C=C1C(C)C)=C1C2=C(P(C(C)(C)C)C(C)(C)C)C=CC=C2,C12=C(C=CC=C2)ON=C1,CN(C)P(N(C)C)(N(C)C)=NP(N(C)C)(N(C)C)=NCC,BrC1=CC=C(CC)C=C1,51.85571731
b84854952bc113a6,FullCV_01,3762,CC(C)C(C=C(C(C)C)C=C1C(C)C)=C1C2=C(P([C@@]3(C[C@@H]4C5)C[C@H](C4)C[C@H]5C3)[C@]6(C7)C[C@@H](C[C@@H]7C8)C[C@@H]8C6)C(OC)=CC=C2OC,CC1=NOC(C2=CC=CC=C2)=C1,CC(C)(C)/N=C(N(C)C)/N(C)C,IC1=NC=CC=C1,47.58772845
bf9b165d142fc0e8,FullCV_01,3763,CC(C)C(C=C(C(C)C)C=C1C(C)C)=C1C2=C(P(C3CCCCC3)C4CCCCC4)C=CC=C2,C1(N(CC2=CC=CC=C2)CC3=CC=CC=C3)=NOC=C1,CN(C)P(N(C)C)(N(C)C)=NP(N(C)C)(N(C)C)=NCC,IC1=CC=C(C(F)(F)F)C=C1,40.67066673
11539c0f03a458f5,FullCV_01,3764,CC(C)C(C=C(C(C)C)C=C1C(C)C)=C1C2=C(P([C@@]3(C[C@@H]4C5)C[C@H](C4)C[C@H]5C3)[C@]6(C7)C[C@@H](C[C@@H]7C8)C[C@@H]8C6)C(OC)=CC=C2OC,O=C(OC)C1=NOC(C2=CC=CS2)=C1,CC(C)(C)/N=C(N(C)C)/N(C)C,ClC1=CN=CC=C1,1.720185042
dde599ddbf9d150f,FullCV_01,3765,CC(C)C(C=C(C(C)C)C=C1C(C)C)=C1C2=C(P(C(C)(C)C)C(C)(C)C)C(OC)=CC=C2OC,C1(C2=CC=CC=C2)=NOC=C1,CC(C)(C)/N=C(N(C)C)/N(C)C,ClC1=CN=CC=C1,40.48243437
66cdfb3529b73e14,FullCV_01,3766,CC(C)C(C=C(C(C)C)C=C1C(C)C)=C1C2=C(P(C(C)(C)C)C(C)(C)C)C(OC)=CC=C2OC,O=C(OC)C1=NOC(C2=CC=CS2)=C1,CN(C)P(N(C)C)(N(C)C)=NP(N(C)C)(N(C)C)=NCC,BrC1=CC=C(OC)C=C1,41.6263458
1a02ee9c854d4bd8,FullCV_01,3767,CC(C)C(C=C(C(C)C)C=C1C(C)C)=C1C2=C(P([C@@]3(C[C@@H]4C5)C[C@H](C4)C[C@H]5C3)[C@]6(C7)C[C@@H](C[C@@H]7C8)C[C@@H]8C6)C(OC)=CC=C2OC,O=C(OC)C1=NOC(C2=CC=CS2)=C1,CC(C)(C)/N=C(N(C)C)/N(C)C,ClC1=CC=C(OC)C=C1,0.0
c0f4543b4043f440,FullCV_01,3768,CC(C)C(C=C(C(C)C)C=C1C(C)C)=C1C2=C(P(C(C)(C)C)C(C)(C)C)C=CC=C2,O=C(OC)C1=CC=NO1,CN1CCCN2C1=NCCC2,IC1=CN=CC=C1,77.85078652
88686eed6e716407,FullCV_01,3769,CC(C)C(C=C(C(C)C)C=C1C(C)C)=C1C2=C(P(C(C)(C)C)C(C)(C)C)C=CC=C2,C12=C(C=CC=C2)ON=C1,CC(C)(C)/N=C(N(C)C)/N(C)C,BrC1=CC=C(CC)C=C1,32.63137063
7a8a8181c8983609,FullCV_01,3770,CC(C)C(C=C(C(C)C)C=C1C(C)C)=C1C2=C(P(C(C)(C)C)C(C)(C)C)C=CC=C2,O=C(OC)C1=NOC(C2=CC=CS2)=C1,CN(C)P(N(C)C)(N(C)C)=NP(N(C)C)(N(C)C)=NCC,BrC1=NC=CC=C1,73.26731184
bff01f6fdf3119cc,FullCV_01,3771,CC(C)C(C=C(C(C)C)C=C1C(C)C)=C1C2=C(P([C@@]3(C[C@@H]4C5)C[C@H](C4)C[C@H]5C3)[C@]6(C7)C[C@@H](C[C@@H]7C8)C[C@@H]8C6)C(OC)=CC=C2OC,O=C(OC)C1=CC=NO1,CC(C)(C)/N=C(N(C)C)/N(C)C,ClC1=CC=C(OC)C=C1,0.0
3903d87f8811c907,FullCV_01,3772,CC(C)C(C=C(C(C)C)C=C1C(C)C)=C1C2=C(P(C(C)(C)C)C(C)(C)C)C(OC)=CC=C2OC,CCOC(C1=CON=C1)=O,CN1CCCN2C1=NCCC2,BrC1=CN=CC=C1,32.16902238
a1684c19513b49ab,FullCV_01,3773,CC(C)C(C=C(C(C)C)C=C1C(C)C)=C1C2=C(P(C(C)(C)C)C(C)(C)C)C(OC)=CC=C2OC,CCOC(C1=CON=C1)=O,CN(C)P(N(C)C)(N(C)C)=NP(N(C)C)(N(C)C)=NCC,ClC1=CC=C(OC)C=C1,0.0
d83f13144ec3fb00,FullCV_01,3774,CC(C)C(C=C(C(C)C)C=C1C(C)C)=C1C2=C(P(C(C)(C)C)C(C)(C)C)C=CC=C2,FC(C=CC=C1F)=C1C2=CC=NO2,CN(C)P(N(C)C)(N(C)C)=NP(N(C)C)(N(C)C)=NCC,IC1=CC=C(C(F)(F)F)C=C1,16.24533971
f61ca111546ed517,FullCV_01,3775,CC(C)C(C=C(C(C)C)C=C1C(C)C)=C1C2=C(P([C@@]3(C[C@@H]4C5)C[C@H](C4)C[C@H]5C3)[C@]6(C7)C[C@@H](C[C@@H]7C8)C[C@@H]8C6)C(OC)=CC=C2OC,COC1=NOC(C(OCC)=O)=C1,CN1CCCN2C1=NCCC2,BrC1=NC=CC=C1,74.31911492
2590d28e488475a9,FullCV_01,3776,CC(C)C(C=C(C(C)C)C=C1C(C)C)=C1C2=C(P(C(C)(C)C)C(C)(C)C)C(OC)=CC=C2OC,CCOC(C1=NOC=C1)=O,CN(C)P(N(C)C)(N(C)C)=NP(N(C)C)(N(C)C)=NCC,BrC1=CC=C(CC)C=C1,9.636653904
38ca12def4fccd89,FullCV_01,3777,CC(C)C(C=C(C(C)C)C=C1C(C)C)=C1C2=C(P([C@@]3(C[C@@H]4C5)C[C@H](C4)C[C@H]5C3)[C@]6(C7)C[C@@H](C[C@@H]7C8)C[C@@H]8C6)C(OC)=CC=C2OC,C1(C2=CC=CC=C2)=CC=NO1,CC(C)(C)/N=C(N(C)C)/N(C)C,IC1=CC=C(C(F)(F)F)C=C1,39.74593472
b600fa5a5426da83,FullCV_01,3778,CC(C)C(C=C(C(C)C)C=C1C(C)C)=C1C2=C(P(C(C)(C)C)C(C)(C)C)C=CC=C2,CC1=CC=NO1,CN(C)P(N(C)C)(N(C)C)=NP(N(C)C)(N(C)C)=NCC,IC1=CC=C(CC)C=C1,19.42489921
94875d9c5d6ebc92,FullCV_01,3779,CC(C)C(C=C(C(C)C)C=C1C(C)C)=C1C2=C(P(C(C)(C)C)C(C)(C)C)C=CC=C2,C12=CON=C1C=CC=C2,CC(C)(C)/N=C(N(C)C)/N(C)C,ClC1=NC=CC=C1,8.246523526
d144a262d9a323a8,FullCV_01,3780,CC(C)C(C=C(C(C)C)C=C1C(C)C)=C1C2=C(P(C(C)(C)C)C(C)(C)C)C(OC)=CC=C2OC,CC1=CC(N2C=CC=C2)=NO1,CN(C)P(N(C)C)(N(C)C)=NP(N(C)C)(N(C)C)=NCC,ClC1=NC=CC=C1,78.77070783
db79b12a994ce833,FullCV_01,3781,CC(C)C(C=C(C(C)C)C=C1C(C)C)=C1C2=C(P([C@@]3(C[C@@H]4C5)C[C@H](C4)C[C@H]5C3)[C@]6(C7)C[C@@H](C[C@@H]7C8)C[C@@H]8C6)C(OC)=CC=C2OC,COC1=NOC(C(OCC)=O)=C1,CC(C)(C)/N=C(N(C)C)/N(C)C,BrC1=CC=C(CC)C=C1,39.03126202
d0cff5564d1c338a,FullCV_01,3782,CC(C)C(C=C(C(C)C)C=C1C(C)C)=C1C2=C(P(C(C)(C)C)C(C)(C)C)C=CC=C2,CC1=CC(C)=NO1,CN(C)P(N(C)C)(N(C)C)=NP(N(C)C)(N(C)C)=NCC,ClC1=CC=C(CC)C=C1,13.82100293
2e74ba112b54ff49,FullCV_01,3783,CC(C)C(C=C(C(C)C)C=C1C(C)C)=C1C2=C(P(C(C)(C)C)C(C)(C)C)C(OC)=CC=C2OC,C1(N(CC2=CC=CC=C2)CC3=CC=CC=C3)=NOC=C1,CN(C)P(N(C)C)(N(C)C)=NP(N(C)C)(N(C)C)=NCC,BrC1=CN=CC=C1,37.26514805
0f831bb3661bf422,FullCV_01,3784,CC(C)C(C=C(C(C)C)C=C1C(C)C)=C1C2=C(P([C@@]3(C[C@@H]4C5)C[C@H](C4)C[C@H]5C3)[C@]6(C7)C[C@@H](C[C@@H]7C8)C[C@@H]8C6)C(OC)=CC=C2OC,FC(C=CC=C1F)=C1C2=CC=NO2,CN1CCCN2C1=NCCC2,IC1=CC=C(CC)C=C1,73.39202626
3e5039fd775f86cc,FullCV_01,3785,CC(C)C(C=C(C(C)C)C=C1C(C)C)=C1C2=C(P(C3CCCCC3)C4CCCCC4)C=CC=C2,CC1=NOC=C1,CN(C)P(N(C)C)(N(C)C)=NP(N(C)C)(N(C)C)=NCC,IC1=NC=CC=C1,15.1215994
50fc5526aabc6301,FullCV_01,3786,CC(C)C(C=C(C(C)C)C=C1C(C)C)=C1C2=C(P(C(C)(C)C)C(C)(C)C)C=CC=C2,COC1=NOC(C(OCC)=O)=C1,CC(C)(C)/N=C(N(C)C)/N(C)C,ClC1=CC=C(C(F)(F)F)C=C1,21.83853262
8e1ca9b2140915f6,FullCV_01,3787,CC(C)C(C=C(C(C)C)C=C1C(C)C)=C1C2=C(P([C@@]3(C[C@@H]4C5)C[C@H](C4)C[C@H]5C3)[C@]6(C7)C[C@@H](C[C@@H]7C8)C[C@@H]8C6)C(OC)=CC=C2OC,COC1=NOC(C(OCC)=O)=C1,CN1CCCN2C1=NCCC2,IC1=CN=CC=C1,85.22067267
d7d0f960db93a186,FullCV_01,3788,CC(C)C(C=C(C(C)C)C=C1C(C)C)=C1C2=C(P([C@@]3(C[C@@H]4C5)C[C@H](C4)C[C@H]5C3)[C@]6(C7)C[C@@H](C[C@@H]7C8)C[C@@H]8C6)C(OC)=CC=C2OC,O=C(OC)C1=NOC(C2=CC=CO2)=C1,CC(C)(C)/N=C(N(C)C)/N(C)C,BrC1=NC=CC=C1,36.10071383
a8d05a8edd914c1b,FullCV_01,3789,CC(C)C(C=C(C(C)C)C=C1C(C)C)=C1C2=C(P(C3CCCCC3)C4CCCCC4)C=CC=C2,CC1=CC(N2C=CC=C2)=NO1,CC(C)(C)/N=C(N(C)C)/N(C)C,BrC1=NC=CC=C1,44.30153891
fec2c46e1ce6f486,FullCV_01,3790,CC(C)C(C=C(C(C)C)C=C1C(C)C)=C1C2=C(P([C@@]3(C[C@@H]4C5)C[C@H](C4)C[C@H]5C3)[C@]6(C7)C[C@@H](C[C@@H]7C8)C[C@@H]8C6)C(OC)=CC=C2OC,C1(N(CC2=CC=CC=C2)CC3=CC=CC=C3)=CC=NO1,CC(C)(C)/N=C(N(C)C)/N(C)C,ClC1=CC=C(CC)C=C1,0.995077613
8877ea7a32ec3d9a,FullCV_01,3791,CC(C)C(C=C(C(C)C)C=C1C(C)C)=C1C2=C(P(C(C)(C)C)C(C)(C)C)C(OC)=CC=C2OC,CC1=NOC=C1,CN(C)P(N(C)C)(N(C)C)=NP(N(C)C)(N(C)C)=NCC,BrC1=NC=CC=C1,88.30829539
5b0562e66b0bf9ea,FullCV_01,3792,CC(C)C(C=C(C(C)C)C=C1C(C)C)=C1C2=C(P(C3CCCCC3)C4CCCCC4)C=CC=C2,CC1=CC(N2C=CC=C2)=NO1,CN(C)P(N(C)C)(N(C)C)=NP(N(C)C)(N(C)C)=NCC,IC1=CC=C(OC)C=C1,47.37967992
325862b3c86cca93,FullCV_01,3793,CC(C)C(C=C(C(C)C)C=C1C(C)C)=C1C2=C(P(C3CCCCC3)C4CCCCC4)C=CC=C2,CC1=CC=NO1,CN(C)P(N(C)C)(N(C)C)=NP(N(C)C)(N(C)C)=NCC,BrC1=CC=C(CC)C=C1,13.99630758
285f26b4a1ebb8cf,FullCV_01,3794,CC(C)C(C=C(C(C)C)C=C1C(C)C)=C1C2=C(P(C(C)(C)C)C(C)(C)C)C=CC=C2,C1(C2=CC=CC=C2)=CC=NO1,CN(C)P(N(C)C)(N(C)C)=NP(N(C)C)(N(C)C)=NCC,IC1=CC=C(OC)C=C1,21.9766332
2833de1da82da31d,FullCV_01,3795,CC(C)C(C=C(C(C)C)C=C1C(C)C)=C1C2=C(P(C(C)(C)C)C(C)(C)C)C=CC=C2,CC1=CC=NO1,CC(C)(C)/N=C(N(C)C)/N(C)C,IC1=CC=C(C(F)(F)F)C=C1,36.38251036
94cfb713c5d16832,FullCV_01,3796,CC(C)C(C=C(C(C)C)C=C1C(C)C)=C1C2=C(P(C(C)(C)C)C(C)(C)C)C=CC=C2,C1(N(CC2=CC=CC=C2)CC3=CC=CC=C3)=CC=NO1,CN1CCCN2C1=NCCC2,ClC1=CC=C(C(F)(F)F)C=C1,16.47949658
ada564197018f011,FullCV_01,3797,CC(C)C(C=C(C(C)C)C=C1C(C)C)=C1C2=C(P(C(C)(C)C)C(C)(C)C)C(OC)=CC=C2OC,CC1=C(C(OCC)=O)C=NO1,CN1CCCN2C1=NCCC2,ClC1=CN=CC=C1,15.1222891
f11fd90dacdee0c8,FullCV_01,3798,CC(C)C(C=C(C(C)C)C=C1C(C)C)=C1C2=C(P(C(C)(C)C)C(C)(C)C)C=CC=C2,C1(N(CC2=CC=CC=C2)CC3=CC=CC=C3)=CC=NO1,CN(C)P(N(C)C)(N(C)C)=NP(N(C)C)(N(C)C)=NCC,ClC1=NC=CC=C1,42.78380779
b58c08dbb2a020e5,FullCV_01,3799,CC(C)C(C=C(C(C)C)C=C1C(C)C)=C1C2=C(P(C(C)(C)C)C(C)(C)C)C(OC)=CC=C2OC,O=C(OC)C1=NOC(C2=CC=CO2)=C1,CN(C)P(N(C)C)(N(C)C)=NP(N(C)C)(N(C)C)=NCC,IC1=CC=C(C(F)(F)F)C=C1,31.38632484
da73576ba456d4c4,FullCV_01,3800,CC(C)C(C=C(C(C)C)C=C1C(C)C)=C1C2=C(P(C(C)(C)C)C(C)(C)C)C(OC)=CC=C2OC,O=C(OC)C1=NOC(C2=CC=CO2)=C1,CN1CCCN2C1=NCCC2,IC1=CN=CC=C1,83.01646677
ccb5e06f3128f87c,FullCV_01,3801,CC(C)C(C=C(C(C)C)C=C1C(C)C)=C1C2=C(P([C@@]3(C[C@@H]4C5)C[C@H](C4)C[C@H]5C3)[C@]6(C7)C[C@@H](C[C@@H]7C8)C[C@@H]8C6)C(OC)=CC=C2OC,C12=CON=C1C=CC=C2,CC(C)(C)/N=C(N(C)C)/N(C)C,IC1=NC=CC=C1,15.10235685
a6e25b5cf26d3bce,FullCV_01,3802,CC(C)C(C=C(C(C)C)C=C1C(C)C)=C1C2=C(P([C@@]3(C[C@@H]4C5)C[C@H](C4)C[C@H]5C3)[C@]6(C7)C[C@@H](C[C@@H]7C8)C[C@@H]8C6)C(OC)=CC=C2OC,CCOC(C1=NOC=C1)=O,CN1CCCN2C1=NCCC2,BrC1=CC=C(OC)C=C1,47.61178197
82f800f7a3048828,FullCV_01,3803,CC(C)C(C=C(C(C)C)C=C1C(C)C)=C1C2=C(P(C(C)(C)C)C(C)(C)C)C=CC=C2,CC1=CC(C(OCC)=O)=NO1,CC(C)(C)/N=C(N(C)C)/N(C)C,ClC1=CC=C(CC)C=C1,2.74612364
d1d4f0c6a9b132f3,FullCV_01,3804,CC(C)C(C=C(C(C)C)C=C1C(C)C)=C1C2=C(P(C3CCCCC3)C4CCCCC4)C=CC=C2,FC(C=CC=C1F)=C1C2=CC=NO2,CC(C)(C)/N=C(N(C)C)/N(C)C,BrC1=CC=C(OC)C=C1,2.840028013
738c9163da6c1ca3,FullCV_01,3805,CC(C)C(C=C(C(C)C)C=C1C(C)C)=C1C2=C(P([C@@]3(C[C@@H]4C5)C[C@H](C4)C[C@H]5C3)[C@]6(C7)C[C@@H](C[C@@H]7C8)C[C@@H]8C6)C(OC)=CC=C2OC,CC1=CC(N2C=CC=C2)=NO1,CN(C)P(N(C)C)(N(C)C)=NP(N(C)C)(N(C)C)=NCC,IC1=NC=CC=C1,83.44233536
45b85a5f2bf2a7cc,FullCV_01,3806,CC(C)C(C=C(C(C)C)C=C1C(C)C)=C1C2=C(P(C3CCCCC3)C4CCCCC4)C=CC=C2,CC1=CC(C)=NO1,CN(C)P(N(C)C)(N(C)C)=NP(N(C)C)(N(C)C)=NCC,BrC1=CN=CC=C1,27.15198165
2562d6cc1f323044,FullCV_01,3807,CC(C)C(C=C(C(C)C)C=C1C(C)C)=C1C2=C(P(C(C)(C)C)C(C)(C)C)C=CC=C2,C1(N(CC2=CC=CC=C2)CC3=CC=CC=C3)=NOC=C1,CC(C)(C)/N=C(N(C)C)/N(C)C,BrC1=CN=CC=C1,60.65973957
e0b407dfc28b318c,FullCV_01,3808,CC(C)C(C=C(C(C)C)C=C1C(C)C)=C1C2=C(P(C(C)(C)C)C(C)(C)C)C(OC)=CC=C2OC,FC(C=CC=C1F)=C1C2=CC=NO2,CN(C)P(N(C)C)(N(C)C)=NP(N(C)C)(N(C)C)=NCC,IC1=CC=C(C(F)(F)F)C=C1,12.79513925
d15abdb79d42542f,FullCV_01,3809,CC(C)C(C=C(C(C)C)C=C1C(C)C)=C1C2=C(P(C(C)(C)C)C(C)(C)C)C(OC)=CC=C2OC,CC1=NOC(C(OCC)=O)=C1,CN(C)P(N(C)C)(N(C)C)=NP(N(C)C)(N(C)C)=NCC,ClC1=NC=CC=C1,76.83418769
3481acb4f8cd874a,FullCV_01,3810,CC(C)C(C=C(C(C)C)C=C1C(C)C)=C1C2=C(P(C3CCCCC3)C4CCCCC4)C=CC=C2,COC1=NOC(C(OCC)=O)=C1,CN(C)P(N(C)C)(N(C)C)=NP(N(C)C)(N(C)C)=NCC,ClC1=CC=C(OC)C=C1,1.221284135
90c66dacada8ed0a,FullCV_01,3811,CC(C)C(C=C(C(C)C)C=C1C(C)C)=C1C2=C(P(C(C)(C)C)C(C)(C)C)C=CC=C2,C1(N(CC2=CC=CC=C2)CC3=CC=CC=C3)=NOC=C1,CN1CCCN2C1=NCCC2,BrC1=CC=C(C(F)(F)F)C=C1,39.89366621
fb1c8df65a256442,FullCV_01,3812,CC(C)C(C=C(C(C)C)C=C1C(C)C)=C1C2=C(P(C(C)(C)C)C(C)(C)C)C(OC)=CC=C2OC,CC1=NOC=C1,CC(C)(C)/N=C(N(C)C)/N(C)C,ClC1=NC=CC=C1,63.40623793
40b7a9e25456d603,FullCV_01,3813,CC(C)C(C=C(C(C)C)C=C1C(C)C)=C1C2=C(P(C(C)(C)C)C(C)(C)C)C(OC)=CC=C2OC,CC1=CC(C(OCC)=O)=NO1,CN1CCCN2C1=NCCC2,BrC1=CC=C(CC)C=C1,79.73976585
c657cbf4efb6c484,FullCV_01,3814,CC(C)C(C=C(C(C)C)C=C1C(C)C)=C1C2=C(P([C@@]3(C[C@@H]4C5)C[C@H](C4)C[C@H]5C3)[C@]6(C7)C[C@@H](C[C@@H]7C8)C[C@@H]8C6)C(OC)=CC=C2OC,FC(C=CC=C1F)=C1C2=CC=NO2,CN1CCCN2C1=NCCC2,BrC1=CN=CC=C1,27.34305282
56b368d84872c3d0,FullCV_01,3815,CC(C)C(C=C(C(C)C)C=C1C(C)C)=C1C2=C(P(C(C)(C)C)C(C)(C)C)C=CC=C2,CCOC(C1=NOC=C1)=O,CN1CCCN2C1=NCCC2,ClC1=NC=CC=C1,81.53694628
c9948e66874a57e2,FullCV_01,3816,CC(C)C(C=C(C(C)C)C=C1C(C)C)=C1C2=C(P(C(C)(C)C)C(C)(C)C)C=CC=C2,COC1=NOC(C(OCC)=O)=C1,CN1CCCN2C1=NCCC2,ClC1=CN=CC=C1,23.79770547
dce5bff11fd36949,FullCV_01,3817,CC(C)C(C=C(C(C)C)C=C1C(C)C)=C1C2=C(P(C(C)(C)C)C(C)(C)C)C(OC)=CC=C2OC,C1(N(CC2=CC=CC=C2)CC3=CC=CC=C3)=NOC=C1,CN1CCCN2C1=NCCC2,IC1=CC=C(CC)C=C1,75.06056887
11ce8fffde36a642,FullCV_01,3818,CC(C)C(C=C(C(C)C)C=C1C(C)C)=C1C2=C(P(C(C)(C)C)C(C)(C)C)C=CC=C2,CC1=C(C(OCC)=O)C=NO1,CC(C)(C)/N=C(N(C)C)/N(C)C,BrC1=CC=C(CC)C=C1,14.43583555
e17eea15d99f6415,FullCV_01,3819,CC(C)C(C=C(C(C)C)C=C1C(C)C)=C1C2=C(P(C(C)(C)C)C(C)(C)C)C(OC)=CC=C2OC,CC1=NOC(C(OCC)=O)=C1,CC(C)(C)/N=C(N(C)C)/N(C)C,ClC1=NC=CC=C1,54.58472012
796ef4dec4ef9283,FullCV_01,3820,CC(C)C(C=C(C(C)C)C=C1C(C)C)=C1C2=C(P(C(C)(C)C)C(C)(C)C)C(OC)=CC=C2OC,CC1=CC(C(OCC)=O)=NO1,CN(C)P(N(C)C)(N(C)C)=NP(N(C)C)(N(C)C)=NCC,IC1=CN=CC=C1,40.31664678
d4b69daa5bca080a,FullCV_01,3821,CC(C)C(C=C(C(C)C)C=C1C(C)C)=C1C2=C(P([C@@]3(C[C@@H]4C5)C[C@H](C4)C[C@H]5C3)[C@]6(C7)C[C@@H](C[C@@H]7C8)C[C@@H]8C6)C(OC)=CC=C2OC,CCOC(C1=CON=C1)=O,CC(C)(C)/N=C(N(C)C)/N(C)C,BrC1=CC=C(C(F)(F)F)C=C1,1.12036933
773a5d2972ce5957,FullCV_01,3822,CC(C)C(C=C(C(C)C)C=C1C(C)C)=C1C2=C(P([C@@]3(C[C@@H]4C5)C[C@H](C4)C[C@H]5C3)[C@]6(C7)C[C@@H](C[C@@H]7C8)C[C@@H]8C6)C(OC)=CC=C2OC,O=C(OC)C1=CC=NO1,CN1CCCN2C1=NCCC2,BrC1=NC=CC=C1,35.64598437
5bb8dbc71ddc05dd,FullCV_01,3823,CC(C)C(C=C(C(C)C)C=C1C(C)C)=C1C2=C(P(C3CCCCC3)C4CCCCC4)C=CC=C2,C12=C(C=CC=C2)ON=C1,CN1CCCN2C1=NCCC2,BrC1=NC=CC=C1,26.94242513
b0ef1aaea59eeb5b,FullCV_01,3824,CC(C)C(C=C(C(C)C)C=C1C(C)C)=C1C2=C(P([C@@]3(C[C@@H]4C5)C[C@H](C4)C[C@H]5C3)[C@]6(C7)C[C@@H](C[C@@H]7C8)C[C@@H]8C6)C(OC)=CC=C2OC,O=C(OC)C1=NOC(C2=CC=CS2)=C1,CN(C)P(N(C)C)(N(C)C)=NP(N(C)C)(N(C)C)=NCC,ClC1=CN=CC=C1,0.899554125
1dc299a0ba075b07,FullCV_01,3825,CC(C)C(C=C(C(C)C)C=C1C(C)C)=C1C2=C(P(C(C)(C)C)C(C)(C)C)C(OC)=CC=C2OC,C1(N(CC2=CC=CC=C2)CC3=CC=CC=C3)=NOC=C1,CN(C)P(N(C)C)(N(C)C)=NP(N(C)C)(N(C)C)=NCC,BrC1=CC=C(OC)C=C1,57.87284649
d2a1c5776cca780f,FullCV_01,3826,CC(C)C(C=C(C(C)C)C=C1C(C)C)=C1C2=C(P([C@@]3(C[C@@H]4C5)C[C@H](C4)C[C@H]5C3)[C@]6(C7)C[C@@H](C[C@@H]7C8)C[C@@H]8C6)C(OC)=CC=C2OC,COC1=NOC(C(OCC)=O)=C1,CN(C)P(N(C)C)(N(C)C)=NP(N(C)C)(N(C)C)=NCC,ClC1=NC=CC=C1,74.06067797
94be28c94fdf68ae,FullCV_01,3827,CC(C)C(C=C(C(C)C)C=C1C(C)C)=C1C2=C(P([C@@]3(C[C@@H]4C5)C[C@H](C4)C[C@H]5C3)[C@]6(C7)C[C@@H](C[C@@H]7C8)C[C@@H]8C6)C(OC)=CC=C2OC,O=C(OC)C1=NOC(C2=CC=CS2)=C1,CC(C)(C)/N=C(N(C)C)/N(C)C,ClC1=NC=CC=C1,28.17135486
4100b9e650be14fb,FullCV_01,3828,CC(C)C(C=C(C(C)C)C=C1C(C)C)=C1C2=C(P(C(C)(C)C)C(C)(C)C)C(OC)=CC=C2OC,CCOC(C1=NOC=C1)=O,CN1CCCN2C1=NCCC2,BrC1=NC=CC=C1,89.419451
86e9976807a12d6f,FullCV_01,3829,CC(C)C(C=C(C(C)C)C=C1C(C)C)=C1C2=C(P(C(C)(C)C)C(C)(C)C)C=CC=C2,CCOC(C1=CON=C1)=O,CC(C)(C)/N=C(N(C)C)/N(C)C,ClC1=NC=CC=C1,1.986478634
c7034d1328b712b6,FullCV_01,3830,CC(C)C(C=C(C(C)C)C=C1C(C)C)=C1C2=C(P(C(C)(C)C)C(C)(C)C)C=CC=C2,CCOC(C1=NOC=C1)=O,CC(C)(C)/N=C(N(C)C)/N(C)C,BrC1=CC=C(OC)C=C1,36.52871122
ed7ba22dae1e79a1,FullCV_01,3831,CC(C)C(C=C(C(C)C)C=C1C(C)C)=C1C2=C(P(C3CCCCC3)C4CCCCC4)C=CC=C2,C1(C2=CC=CC=C2)=CC=NO1,CN(C)P(N(C)C)(N(C)C)=NP(N(C)C)(N(C)C)=NCC,ClC1=CC=C(C(F)(F)F)C=C1,10.65781182
b117532c63c2c61d,FullCV_01,3832,CC(C)C(C=C(C(C)C)C=C1C(C)C)=C1C2=C(P(C(C)(C)C)C(C)(C)C)C(OC)=CC=C2OC,C12=CON=C1C=CC=C2,CC(C)(C)/N=C(N(C)C)/N(C)C,ClC1=CC=C(OC)C=C1,0.0
4348f906ece5fb0b,FullCV_01,3833,CC(C)C(C=C(C(C)C)C=C1C(C)C)=C1C2=C(P([C@@]3(C[C@@H]4C5)C[C@H](C4)C[C@H]5C3)[C@]6(C7)C[C@@H](C[C@@H]7C8)C[C@@H]8C6)C(OC)=CC=C2OC,C1(N(CC2=CC=CC=C2)CC3=CC=CC=C3)=CC=NO1,CN1CCCN2C1=NCCC2,BrC1=CC=C(OC)C=C1,20.44948228
b55455c9d72ed5d2,FullCV_01,3834,CC(C)C(C=C(C(C)C)C=C1C(C)C)=C1C2=C(P(C3CCCCC3)C4CCCCC4)C=CC=C2,C12=CON=C1C=CC=C2,CC(C)(C)/N=C(N(C)C)/N(C)C,IC1=NC=CC=C1,42.29478749
d4fc36bf6b50518d,FullCV_01,3835,CC(C)C(C=C(C(C)C)C=C1C(C)C)=C1C2=C(P(C3CCCCC3)C4CCCCC4)C=CC=C2,C12=CON=C1C=CC=C2,CC(C)(C)/N=C(N(C)C)/N(C)C,BrC1=CC=C(CC)C=C1,1.132043957
2aa272d5a362a287,FullCV_01,3836,CC(C)C(C=C(C(C)C)C=C1C(C)C)=C1C2=C(P(C(C)(C)C)C(C)(C)C)C(OC)=CC=C2OC,CC1=C(C(OCC)=O)C=NO1,CN1CCCN2C1=NCCC2,ClC1=CC=C(OC)C=C1,0.851812248
bec316b010878571,FullCV_01,3837,CC(C)C(C=C(C(C)C)C=C1C(C)C)=C1C2=C(P(C(C)(C)C)C(C)(C)C)C=CC=C2,O=C(OC)C1=NOC(C2=CC=CO2)=C1,CN1CCCN2C1=NCCC2,BrC1=CN=CC=C1,78.00288409
8188579d4064b376,FullCV_01,3838,CC(C)C(C=C(C(C)C)C=C1C(C)C)=C1C2=C(P(C3CCCCC3)C4CCCCC4)C=CC=C2,CC1=CC(C(OCC)=O)=NO1,CN(C)P(N(C)C)(N(C)C)=NP(N(C)C)(N(C)C)=NCC,BrC1=CN=CC=C1,20.73475671
c3a535533265347f,FullCV_01,3839,CC(C)C(C=C(C(C)C)C=C1C(C)C)=C1C2=C(P(C3CCCCC3)C4CCCCC4)C=CC=C2,CC1=NOC=C1,CN(C)P(N(C)C)(N(C)C)=NP(N(C)C)(N(C)C)=NCC,ClC1=NC=CC=C1,14.11480355
04143db637ee3b2d,FullCV_01,3840,CC(C)C(C=C(C(C)C)C=C1C(C)C)=C1C2=C(P([C@@]3(C[C@@H]4C5)C[C@H](C4)C[C@H]5C3)[C@]6(C7)C[C@@H](C[C@@H]7C8)C[C@@H]8C6)C(OC)=CC=C2OC,C12=C(C=CC=C2)ON=C1,CN(C)P(N(C)C)(N(C)C)=NP(N(C)C)(N(C)C)=NCC,ClC1=CC=C(C(F)(F)F)C=C1,8.62455294
7a1c39c73b4c204e,FullCV_01,3841,CC(C)C(C=C(C(C)C)C=C1C(C)C)=C1C2=C(P([C@@]3(C[C@@H]4C5)C[C@H](C4)C[C@H]5C3)[C@]6(C7)C[C@@H](C[C@@H]7C8)C[C@@H]8C6)C(OC)=CC=C2OC,CC1=CC(C)=NO1,CN1CCCN2C1=NCCC2,BrC1=NC=CC=C1,87.36384149
8b472dc3b1d9caa3,FullCV_01,3842,CC(C)C(C=C(C(C)C)C=C1C(C)C)=C1C2=C(P(C(C)(C)C)C(C)(C)C)C=CC=C2,CC1=CC(N2C=CC=C2)=NO1,CC(C)(C)/N=C(N(C)C)/N(C)C,BrC1=CC=C(C(F)(F)F)C=C1,38.11608188
4372b7b9927c3c7c,FullCV_01,3843,CC(C)C(C=C(C(C)C)C=C1C(C)C)=C1C2=C(P(C(C)(C)C)C(C)(C)C)C=CC=C2,CC1=CC=NO1,CN(C)P(N(C)C)(N(C)C)=NP(N(C)C)(N(C)C)=NCC,ClC1=CN=CC=C1,11.94269708
3eea54617a5108e3,FullCV_01,3844,CC(C)C(C=C(C(C)C)C=C1C(C)C)=C1C2=C(P([C@@]3(C[C@@H]4C5)C[C@H](C4)C[C@H]5C3)[C@]6(C7)C[C@@H](C[C@@H]7C8)C[C@@H]8C6)C(OC)=CC=C2OC,C1(N(CC2=CC=CC=C2)CC3=CC=CC=C3)=CC=NO1,CN(C)P(N(C)C)(N(C)C)=NP(N(C)C)(N(C)C)=NCC,ClC1=NC=CC=C1,31.37415917
44812094b3b89552,FullCV_01,3845,CC(C)C(C=C(C(C)C)C=C1C(C)C)=C1C2=C(P(C3CCCCC3)C4CCCCC4)C=CC=C2,CC1=NOC=C1,CC(C)(C)/N=C(N(C)C)/N(C)C,BrC1=CN=CC=C1,42.70687587
80798855c1a57840,FullCV_01,3846,CC(C)C(C=C(C(C)C)C=C1C(C)C)=C1C2=C(P(C(C)(C)C)C(C)(C)C)C=CC=C2,C1(C2=CC=CC=C2)=CC=NO1,CC(C)(C)/N=C(N(C)C)/N(C)C,IC1=CC=C(C(F)(F)F)C=C1,43.73298112
05c4400beb2c3232,FullCV_01,3847,CC(C)C(C=C(C(C)C)C=C1C(C)C)=C1C2=C(P(C(C)(C)C)C(C)(C)C)C(OC)=CC=C2OC,C12=C(C=CC=C2)ON=C1,CN(C)P(N(C)C)(N(C)C)=NP(N(C)C)(N(C)C)=NCC,ClC1=NC=CC=C1,56.49708288
96e0efb0995091fd,FullCV_01,3848,CC(C)C(C=C(C(C)C)C=C1C(C)C)=C1C2=C(P(C(C)(C)C)C(C)(C)C)C(OC)=CC=C2OC,CCOC(C1=NOC=C1)=O,CC(C)(C)/N=C(N(C)C)/N(C)C,IC1=CC=C(C(F)(F)F)C=C1,35.6149447
440bece2c3e1f9c3,FullCV_01,3849,CC(C)C(C=C(C(C)C)C=C1C(C)C)=C1C2=C(P(C(C)(C)C)C(C)(C)C)C=CC=C2,COC1=NOC(C(OCC)=O)=C1,CN(C)P(N(C)C)(N(C)C)=NP(N(C)C)(N(C)C)=NCC,ClC1=CC=C(CC)C=C1,10.90397812
700d5bf1926bc77e,FullCV_01,3850,CC(C)C(C=C(C(C)C)C=C1C(C)C)=C1C2=C(P(C(C)(C)C)C(C)(C)C)C(OC)=CC=C2OC,CC1=C(C(OCC)=O)C=NO1,CN1CCCN2C1=NCCC2,ClC1=NC=CC=C1,49.94868445
fdd907a360655e0c,FullCV_01,3851,CC(C)C(C=C(C(C)C)C=C1C(C)C)=C1C2=C(P([C@@]3(C[C@@H]4C5)C[C@H](C4)C[C@H]5C3)[C@]6(C7)C[C@@H](C[C@@H]7C8)C[C@@H]8C6)C(OC)=CC=C2OC,CCOC(C1=CON=C1)=O,CN(C)P(N(C)C)(N(C)C)=NP(N(C)C)(N(C)C)=NCC,BrC1=NC=CC=C1,0.0
16d05d4732303960,FullCV_01,3852,CC(C)C(C=C(C(C)C)C=C1C(C)C)=C1C2=C(P([C@@]3(C[C@@H]4C5)C[C@H](C4)C[C@H]5C3)[C@]6(C7)C[C@@H](C[C@@H]7C8)C[C@@H]8C6)C(OC)=CC=C2OC,CC1=CC(C(OCC)=O)=NO1,CN(C)P(N(C)C)(N(C)C)=NP(N(C)C)(N(C)C)=NCC,BrC1=CC=C(C(F)(F)F)C=C1,31.45776364
464f011ed967bae8,FullCV_01,3853,CC(C)C(C=C(C(C)C)C=C1C(C)C)=C1C2=C(P(C3CCCCC3)C4CCCCC4)C=CC=C2,C1(C2=CC=CC=C2)=NOC=C1,CC(C)(C)/N=C(N(C)C)/N(C)C,BrC1=CC=C(OC)C=C1,17.26980964
ff3d0fb7c3b6c8cc,FullCV_01,3854,CC(C)C(C=C(C(C)C)C=C1C(C)C)=C1C2=C(P(C3CCCCC3)C4CCCCC4)C=CC=C2,CCOC(C1=NOC=C1)=O,CC(C)(C)/N=C(N(C)C)/N(C)C,IC1=NC=CC=C1,40.9724255
acd011bace75baae,FullCV_01,3855,CC(C)C(C=C(C(C)C)C=C1C(C)C)=C1C2=C(P(C3CCCCC3)C4CCCCC4)C=CC=C2,O=C(OC)C1=NOC(C2=CC=CO2)=C1,CC(C)(C)/N=C(N(C)C)/N(C)C,ClC1=NC=CC=C1,21.60400316
488bd77528db0fa9,FullCV_01,3856,CC(C)C(C=C(C(C)C)C=C1C(C)C)=C1C2=C(P([C@@]3(C[C@@H]4C5)C[C@H](C4)C[C@H]5C3)[C@]6(C7)C[C@@H](C[C@@H]7C8)C[C@@H]8C6)C(OC)=CC=C2OC,C1(C2=CC=CC=C2)=CON=C1,CC(C)(C)/N=C(N(C)C)/N(C)C,ClC1=CN=CC=C1,4.713893798
711e908f6240df7d,FullCV_01,3857,CC(C)C(C=C(C(C)C)C=C1C(C)C)=C1C2=C(P(C(C)(C)C)C(C)(C)C)C=CC=C2,C12=CON=C1C=CC=C2,CC(C)(C)/N=C(N(C)C)/N(C)C,IC1=CN=CC=C1,13.7385945
a74d5935657fab16,FullCV_01,3858,CC(C)C(C=C(C(C)C)C=C1C(C)C)=C1C2=C(P(C3CCCCC3)C4CCCCC4)C=CC=C2,C1(C2=CC=CC=C2)=NOC=C1,CC(C)(C)/N=C(N(C)C)/N(C)C,IC1=NC=CC=C1,57.6053748
36185f9ebe9aab70,FullCV_01,3859,CC(C)C(C=C(C(C)C)C=C1C(C)C)=C1C2=C(P(C(C)(C)C)C(C)(C)C)C=CC=C2,O=C(OC)C1=CC=NO1,CC(C)(C)/N=C(N(C)C)/N(C)C,ClC1=NC=CC=C1,38.10999093
7091cc4cf9282e91,FullCV_01,3860,CC(C)C(C=C(C(C)C)C=C1C(C)C)=C1C2=C(P(C(C)(C)C)C(C)(C)C)C(OC)=CC=C2OC,CC1=NOC=C1,CC(C)(C)/N=C(N(C)C)/N(C)C,BrC1=CC=C(C(F)(F)F)C=C1,48.49744103
54f7193baf9c106d,FullCV_01,3861,CC(C)C(C=C(C(C)C)C=C1C(C)C)=C1C2=C(P(C(C)(C)C)C(C)(C)C)C=CC=C2,CC1=C(C(OCC)=O)C=NO1,CC(C)(C)/N=C(N(C)C)/N(C)C,BrC1=CN=CC=C1,30.43973822
acbfae2dfcc19d2f,FullCV_01,3862,CC(C)C(C=C(C(C)C)C=C1C(C)C)=C1C2=C(P([C@@]3(C[C@@H]4C5)C[C@H](C4)C[C@H]5C3)[C@]6(C7)C[C@@H](C[C@@H]7C8)C[C@@H]8C6)C(OC)=CC=C2OC,CC1=CC(N2C=CC=C2)=NO1,CN(C)P(N(C)C)(N(C)C)=NP(N(C)C)(N(C)C)=NCC,BrC1=NC=CC=C1,74.49984474
ce8af0c49d4dedc2,FullCV_01,3863,CC(C)C(C=C(C(C)C)C=C1C(C)C)=C1C2=C(P(C3CCCCC3)C4CCCCC4)C=CC=C2,C1(N(CC2=CC=CC=C2)CC3=CC=CC=C3)=CC=NO1,CC(C)(C)/N=C(N(C)C)/N(C)C,BrC1=CN=CC=C1,3.383758574
9a25bcdbde301ef1,FullCV_01,3864,CC(C)C(C=C(C(C)C)C=C1C(C)C)=C1C2=C(P(C(C)(C)C)C(C)(C)C)C=CC=C2,C12=CON=C1C=CC=C2,CN(C)P(N(C)C)(N(C)C)=NP(N(C)C)(N(C)C)=NCC,IC1=NC=CC=C1,18.99441923
f0b44762db0a4b7f,FullCV_01,3865,CC(C)C(C=C(C(C)C)C=C1C(C)C)=C1C2=C(P([C@@]3(C[C@@H]4C5)C[C@H](C4)C[C@H]5C3)[C@]6(C7)C[C@@H](C[C@@H]7C8)C[C@@H]8C6)C(OC)=CC=C2OC,CC1=NOC(C2=CC=CC=C2)=C1,CC(C)(C)/N=C(N(C)C)/N(C)C,BrC1=CN=CC=C1,57.2826498
221c80d167440c3a,FullCV_01,3866,CC(C)C(C=C(C(C)C)C=C1C(C)C)=C1C2=C(P(C3CCCCC3)C4CCCCC4)C=CC=C2,CC1=NOC=C1,CN(C)P(N(C)C)(N(C)C)=NP(N(C)C)(N(C)C)=NCC,BrC1=CN=CC=C1,14.21418921
2841156ed6f0b21e,FullCV_01,3867,CC(C)C(C=C(C(C)C)C=C1C(C)C)=C1C2=C(P(C(C)(C)C)C(C)(C)C)C(OC)=CC=C2OC,C1(C2=CC=CC=C2)=NOC=C1,CN1CCCN2C1=NCCC2,IC1=CN=CC=C1,88.35188783
c52fdfd311c28ef7,FullCV_01,3868,CC(C)C(C=C(C(C)C)C=C1C(C)C)=C1C2=C(P(C3CCCCC3)C4CCCCC4)C=CC=C2,C12=C(C=CC=C2)ON=C1,CN1CCCN2C1=NCCC2,IC1=CN=CC=C1,14.86685885
da28dbcdddb57063,FullCV_01,3869,CC(C)C(C=C(C(C)C)C=C1C(C)C)=C1C2=C(P([C@@]3(C[C@@H]4C5)C[C@H](C4)C[C@H]5C3)[C@]6(C7)C[C@@H](C[C@@H]7C8)C[C@@H]8C6)C(OC)=CC=C2OC,CC1=NOC=C1,CC(C)(C)/N=C(N(C)C)/N(C)C,ClC1=CC=C(OC)C=C1,0.338169234
55a56e1041bd6e60,FullCV_01,3870,CC(C)C(C=C(C(C)C)C=C1C(C)C)=C1C2=C(P(C(C)(C)C)C(C)(C)C)C=CC=C2,C12=C(C=CC=C2)ON=C1,CC(C)(C)/N=C(N(C)C)/N(C)C,IC1=NC=CC=C1,46.64490818
168481c6a8d9d84b,FullCV_01,3871,CC(C)C(C=C(C(C)C)C=C1C(C)C)=C1C2=C(P(C3CCCCC3)C4CCCCC4)C=CC=C2,C1(C2=CC=CC=C2)=CON=C1,CC(C)(C)/N=C(N(C)C)/N(C)C,ClC1=CC=C(CC)C=C1,1.932595354
74b4e5a964cf9011,FullCV_01,3872,CC(C)C(C=C(C(C)C)C=C1C(C)C)=C1C2=C(P(C(C)(C)C)C(C)(C)C)C(OC)=CC=C2OC,CC1=CC(C(OCC)=O)=NO1,CN(C)P(N(C)C)(N(C)C)=NP(N(C)C)(N(C)C)=NCC,IC1=CC=C(C(F)(F)F)C=C1,39.91592357
d51f865ec1c2bba8,FullCV_01,3873,CC(C)C(C=C(C(C)C)C=C1C(C)C)=C1C2=C(P(C3CCCCC3)C4CCCCC4)C=CC=C2,C12=C(C=CC=C2)ON=C1,CN(C)P(N(C)C)(N(C)C)=NP(N(C)C)(N(C)C)=NCC,BrC1=CN=CC=C1,20.45508721
23e309d257cc30cf,FullCV_01,3874,CC(C)C(C=C(C(C)C)C=C1C(C)C)=C1C2=C(P([C@@]3(C[C@@H]4C5)C[C@H](C4)C[C@H]5C3)[C@]6(C7)C[C@@H](C[C@@H]7C8)C[C@@H]8C6)C(OC)=CC=C2OC,CC1=NOC(C(OCC)=O)=C1,CC(C)(C)/N=C(N(C)C)/N(C)C,IC1=CN=CC=C1,79.37053051
33e4b1d84380cf64,FullCV_01,3875,CC(C)C(C=C(C(C)C)C=C1C(C)C)=C1C2=C(P([C@@]3(C[C@@H]4C5)C[C@H](C4)C[C@H]5C3)[C@]6(C7)C[C@@H](C[C@@H]7C8)C[C@@H]8C6)C(OC)=CC=C2OC,C1(C2=CC=CC=C2)=CC=NO1,CN1CCCN2C1=NCCC2,IC1=CC=C(C(F)(F)F)C=C1,52.58811564
819d41702dba14c0,FullCV_01,3876,CC(C)C(C=C(C(C)C)C=C1C(C)C)=C1C2=C(P([C@@]3(C[C@@H]4C5)C[C@H](C4)C[C@H]5C3)[C@]6(C7)C[C@@H](C[C@@H]7C8)C[C@@H]8C6)C(OC)=CC=C2OC,C1(N(CC2=CC=CC=C2)CC3=CC=CC=C3)=CC=NO1,CC(C)(C)/N=C(N(C)C)/N(C)C,ClC1=CN=CC=C1,2.039001868
ce642a7e851e7d2a,FullCV_01,3877,CC(C)C(C=C(C(C)C)C=C1C(C)C)=C1C2=C(P(C3CCCCC3)C4CCCCC4)C=CC=C2,C1(N(CC2=CC=CC=C2)CC3=CC=CC=C3)=CC=NO1,CN(C)P(N(C)C)(N(C)C)=NP(N(C)C)(N(C)C)=NCC,BrC1=CN=CC=C1,3.803167764
c68167040763dd32,FullCV_01,3878,CC(C)C(C=C(C(C)C)C=C1C(C)C)=C1C2=C(P(C3CCCCC3)C4CCCCC4)C=CC=C2,C1(N(CC2=CC=CC=C2)CC3=CC=CC=C3)=NOC=C1,CN(C)P(N(C)C)(N(C)C)=NP(N(C)C)(N(C)C)=NCC,ClC1=CC=C(C(F)(F)F)C=C1,26.47105008
c80acee1408af696,FullCV_01,3879,CC(C)C(C=C(C(C)C)C=C1C(C)C)=C1C2=C(P(C(C)(C)C)C(C)(C)C)C(OC)=CC=C2OC,C1(C2=CC=CC=C2)=CON=C1,CN(C)P(N(C)C)(N(C)C)=NP(N(C)C)(N(C)C)=NCC,IC1=NC=CC=C1,35.80276164
fa7ede2d64fa4ef8,FullCV_01,3880,CC(C)C(C=C(C(C)C)C=C1C(C)C)=C1C2=C(P([C@@]3(C[C@@H]4C5)C[C@H](C4)C[C@H]5C3)[C@]6(C7)C[C@@H](C[C@@H]7C8)C[C@@H]8C6)C(OC)=CC=C2OC,O=C(OC)C1=CC=NO1,CN1CCCN2C1=NCCC2,ClC1=CC=C(OC)C=C1,1.061200258
fdb41972b13e3a55,FullCV_01,3881,CC(C)C(C=C(C(C)C)C=C1C(C)C)=C1C2=C(P(C3CCCCC3)C4CCCCC4)C=CC=C2,CC1=NOC(C2=CC=CC=C2)=C1,CC(C)(C)/N=C(N(C)C)/N(C)C,IC1=CN=CC=C1,27.47497093
72485f12d4f79263,FullCV_01,3882,CC(C)C(C=C(C(C)C)C=C1C(C)C)=C1C2=C(P([C@@]3(C[C@@H]4C5)C[C@H](C4)C[C@H]5C3)[C@]6(C7)C[C@@H](C[C@@H]7C8)C[C@@H]8C6)C(OC)=CC=C2OC,C12=CON=C1C=CC=C2,CN1CCCN2C1=NCCC2,BrC1=NC=CC=C1,36.35900481
133d70b6b3de0e52,FullCV_01,3883,CC(C)C(C=C(C(C)C)C=C1C(C)C)=C1C2=C(P(C(C)(C)C)C(C)(C)C)C=CC=C2,CC1=NOC=C1,CN(C)P(N(C)C)(N(C)C)=NP(N(C)C)(N(C)C)=NCC,ClC1=CC=C(OC)C=C1,0.39886034
d0e1f689262c3432,FullCV_01,3884,CC(C)C(C=C(C(C)C)C=C1C(C)C)=C1C2=C(P([C@@]3(C[C@@H]4C5)C[C@H](C4)C[C@H]5C3)[C@]6(C7)C[C@@H](C[C@@H]7C8)C[C@@H]8C6)C(OC)=CC=C2OC,C12=C(C=CC=C2)ON=C1,CN(C)P(N(C)C)(N(C)C)=NP(N(C)C)(N(C)C)=NCC,BrC1=CC=C(CC)C=C1,27.16016891
d13d0d1db8e0653f,FullCV_01,3885,CC(C)C(C=C(C(C)C)C=C1C(C)C)=C1C2=C(P([C@@]3(C[C@@H]4C5)C[C@H](C4)C[C@H]5C3)[C@]6(C7)C[C@@H](C[C@@H]7C8)C[C@@H]8C6)C(OC)=CC=C2OC,CCOC(C1=CON=C1)=O,CC(C)(C)/N=C(N(C)C)/N(C)C,ClC1=NC=CC=C1,0.0
32f95b3489186500,FullCV_01,3886,CC(C)C(C=C(C(C)C)C=C1C(C)C)=C1C2=C(P(C(C)(C)C)C(C)(C)C)C(OC)=CC=C2OC,C12=CON=C1C=CC=C2,CN(C)P(N(C)C)(N(C)C)=NP(N(C)C)(N(C)C)=NCC,BrC1=CC=C(OC)C=C1,10.4212352
8f6c4c45fb83ba22,FullCV_01,3887,CC(C)C(C=C(C(C)C)C=C1C(C)C)=C1C2=C(P([C@@]3(C[C@@H]4C5)C[C@H](C4)C[C@H]5C3)[C@]6(C7)C[C@@H](C[C@@H]7C8)C[C@@H]8C6)C(OC)=CC=C2OC,CC1=CC(N2C=CC=C2)=NO1,CC(C)(C)/N=C(N(C)C)/N(C)C,BrC1=CC=C(CC)C=C1,57.55922845
4a38186bb60df3b3,FullCV_01,3888,CC(C)C(C=C(C(C)C)C=C1C(C)C)=C1C2=C(P(C3CCCCC3)C4CCCCC4)C=CC=C2,O=C(OC)C1=NOC(C2=CC=CO2)=C1,CC(C)(C)/N=C(N(C)C)/N(C)C,BrC1=NC=CC=C1,30.2871506
0d2a782a38f69dbc,FullCV_01,3889,CC(C)C(C=C(C(C)C)C=C1C(C)C)=C1C2=C(P(C3CCCCC3)C4CCCCC4)C=CC=C2,CC1=CC(C)=NO1,CN(C)P(N(C)C)(N(C)C)=NP(N(C)C)(N(C)C)=NCC,BrC1=CC=C(OC)C=C1,39.67142934
86b4327f6c6d509a,FullCV_01,3890,CC(C)C(C=C(C(C)C)C=C1C(C)C)=C1C2=C(P([C@@]3(C[C@@H]4C5)C[C@H](C4)C[C@H]5C3)[C@]6(C7)C[C@@H](C[C@@H]7C8)C[C@@H]8C6)C(OC)=CC=C2OC,O=C(OC)C1=CC=NO1,CN1CCCN2C1=NCCC2,ClC1=CC=C(C(F)(F)F)C=C1,6.92498784
16daa90d05dfbbf2,FullCV_01,3891,CC(C)C(C=C(C(C)C)C=C1C(C)C)=C1C2=C(P(C(C)(C)C)C(C)(C)C)C=CC=C2,O=C(OC)C1=NOC(C2=CC=CO2)=C1,CC(C)(C)/N=C(N(C)C)/N(C)C,BrC1=CC=C(CC)C=C1,57.71086681
144bbc215f889d86,FullCV_01,3892,CC(C)C(C=C(C(C)C)C=C1C(C)C)=C1C2=C(P(C(C)(C)C)C(C)(C)C)C=CC=C2,CC1=CC(C(OCC)=O)=NO1,CN(C)P(N(C)C)(N(C)C)=NP(N(C)C)(N(C)C)=NCC,BrC1=CC=C(C(F)(F)F)C=C1,45.78100103
474c562f704aaae3,FullCV_01,3893,CC(C)C(C=C(C(C)C)C=C1C(C)C)=C1C2=C(P(C3CCCCC3)C4CCCCC4)C=CC=C2,CCOC(C1=NOC=C1)=O,CC(C)(C)/N=C(N(C)C)/N(C)C,BrC1=CC=C(CC)C=C1,34.68012306
93f2266c97c547da,FullCV_01,3894,CC(C)C(C=C(C(C)C)C=C1C(C)C)=C1C2=C(P([C@@]3(C[C@@H]4C5)C[C@H](C4)C[C@H]5C3)[C@]6(C7)C[C@@H](C[C@@H]7C8)C[C@@H]8C6)C(OC)=CC=C2OC,CC1=NOC(C(OCC)=O)=C1,CN(C)P(N(C)C)(N(C)C)=NP(N(C)C)(N(C)C)=NCC,IC1=CC=C(CC)C=C1,72.46627889
aa29a98d6b14ca0a,FullCV_01,3895,CC(C)C(C=C(C(C)C)C=C1C(C)C)=C1C2=C(P(C3CCCCC3)C4CCCCC4)C=CC=C2,O=C(OC)C1=CC=NO1,CN1CCCN2C1=NCCC2,BrC1=CC=C(OC)C=C1,2.785991996
0d7f8877396a4e20,FullCV_01,3896,CC(C)C(C=C(C(C)C)C=C1C(C)C)=C1C2=C(P([C@@]3(C[C@@H]4C5)C[C@H](C4)C[C@H]5C3)[C@]6(C7)C[C@@H](C[C@@H]7C8)C[C@@H]8C6)C(OC)=CC=C2OC,C12=C(C=CC=C2)ON=C1,CN1CCCN2C1=NCCC2,IC1=CC=C(C(F)(F)F)C=C1,47.13760632
5e00eff17de7d1d6,FullCV_01,3897,CC(C)C(C=C(C(C)C)C=C1C(C)C)=C1C2=C(P(C(C)(C)C)C(C)(C)C)C(OC)=CC=C2OC,CC1=NOC(C(OCC)=O)=C1,CN(C)P(N(C)C)(N(C)C)=NP(N(C)C)(N(C)C)=NCC,BrC1=CN=CC=C1,47.17441756
7960cac3dfc46432,FullCV_01,3898,CC(C)C(C=C(C(C)C)C=C1C(C)C)=C1C2=C(P(C3CCCCC3)C4CCCCC4)C=CC=C2,COC1=NOC(C(OCC)=O)=C1,CN1CCCN2C1=NCCC2,ClC1=CC=C(OC)C=C1,0.0
282e09a5bc1dfb8f,FullCV_01,3899,CC(C)C(C=C(C(C)C)C=C1C(C)C)=C1C2=C(P(C3CCCCC3)C4CCCCC4)C=CC=C2,O=C(OC)C1=CC=NO1,CC(C)(C)/N=C(N(C)C)/N(C)C,IC1=CN=CC=C1,7.473385241
1588343d45ade4c0,FullCV_01,3900,CC(C)C(C=C(C(C)C)C=C1C(C)C)=C1C2=C(P(C(C)(C)C)C(C)(C)C)C(OC)=CC=C2OC,CC1=NOC(C2=CC=CC=C2)=C1,CN(C)P(N(C)C)(N(C)C)=NP(N(C)C)(N(C)C)=NCC,ClC1=CC=C(CC)C=C1,7.810317963
4c746b3ca1288614,FullCV_01,3901,CC(C)C(C=C(C(C)C)C=C1C(C)C)=C1C2=C(P(C(C)(C)C)C(C)(C)C)C(OC)=CC=C2OC,C12=CON=C1C=CC=C2,CN(C)P(N(C)C)(N(C)C)=NP(N(C)C)(N(C)C)=NCC,IC1=CN=CC=C1,14.85665703
f665a333042363b2,FullCV_01,3902,CC(C)C(C=C(C(C)C)C=C1C(C)C)=C1C2=C(P(C3CCCCC3)C4CCCCC4)C=CC=C2,CC1=NOC(C(OCC)=O)=C1,CC(C)(C)/N=C(N(C)C)/N(C)C,ClC1=CN=CC=C1,2.014671714
a6cb41c6e7010fa4,FullCV_01,3903,CC(C)C(C=C(C(C)C)C=C1C(C)C)=C1C2=C(P(C3CCCCC3)C4CCCCC4)C=CC=C2,CC1=NOC=C1,CC(C)(C)/N=C(N(C)C)/N(C)C,IC1=CN=CC=C1,51.1783537
317966b249e34419,FullCV_01,3904,CC(C)C(C=C(C(C)C)C=C1C(C)C)=C1C2=C(P(C(C)(C)C)C(C)(C)C)C=CC=C2,CC1=NOC(C(OCC)=O)=C1,CN1CCCN2C1=NCCC2,IC1=NC=CC=C1,99.61910732
da9b4cf6baa302ae,FullCV_01,3905,CC(C)C(C=C(C(C)C)C=C1C(C)C)=C1C2=C(P(C(C)(C)C)C(C)(C)C)C(OC)=CC=C2OC,O=C(OC)C1=CC=NO1,CC(C)(C)/N=C(N(C)C)/N(C)C,ClC1=CC=C(CC)C=C1,4.103392125
d0242198e1d1f767,FullCV_01,3906,CC(C)C(C=C(C(C)C)C=C1C(C)C)=C1C2=C(P(C3CCCCC3)C4CCCCC4)C=CC=C2,COC1=NOC(C(OCC)=O)=C1,CC(C)(C)/N=C(N(C)C)/N(C)C,ClC1=NC=CC=C1,24.95662893
293b982284ebd314,FullCV_01,3907,CC(C)C(C=C(C(C)C)C=C1C(C)C)=C1C2=C(P([C@@]3(C[C@@H]4C5)C[C@H](C4)C[C@H]5C3)[C@]6(C7)C[C@@H](C[C@@H]7C8)C[C@@H]8C6)C(OC)=CC=C2OC,C12=C(C=CC=C2)ON=C1,CN1CCCN2C1=NCCC2,ClC1=CN=CC=C1,6.777260235
9d720544a8f9f1a2,FullCV_01,3908,CC(C)C(C=C(C(C)C)C=C1C(C)C)=C1C2=C(P(C(C)(C)C)C(C)(C)C)C(OC)=CC=C2OC,O=C(OC)C1=NOC(C2=CC=CO2)=C1,CC(C)(C)/N=C(N(C)C)/N(C)C,BrC1=CC=C(OC)C=C1,35.28694368
ebe4e526fb7afbee,FullCV_01,3909,CC(C)C(C=C(C(C)C)C=C1C(C)C)=C1C2=C(P([C@@]3(C[C@@H]4C5)C[C@H](C4)C[C@H]5C3)[C@]6(C7)C[C@@H](C[C@@H]7C8)C[C@@H]8C6)C(OC)=CC=C2OC,CC1=CC=NO1,CC(C)(C)/N=C(N(C)C)/N(C)C,BrC1=CC=C(CC)C=C1,34.22216946
9c4512c032543580,FullCV_01,3910,CC(C)C(C=C(C(C)C)C=C1C(C)C)=C1C2=C(P(C3CCCCC3)C4CCCCC4)C=CC=C2,C1(N(CC2=CC=CC=C2)CC3=CC=CC=C3)=CC=NO1,CN1CCCN2C1=NCCC2,BrC1=CC=C(OC)C=C1,0.0
d1656da17a5417b4,FullCV_01,3911,CC(C)C(C=C(C(C)C)C=C1C(C)C)=C1C2=C(P([C@@]3(C[C@@H]4C5)C[C@H](C4)C[C@H]5C3)[C@]6(C7)C[C@@H](C[C@@H]7C8)C[C@@H]8C6)C(OC)=CC=C2OC,CC1=CC=NO1,CN(C)P(N(C)C)(N(C)C)=NP(N(C)C)(N(C)C)=NCC,ClC1=CC=C(CC)C=C1,0.628858286
2495b04d80866474,FullCV_01,3912,CC(C)C(C=C(C(C)C)C=C1C(C)C)=C1C2=C(P([C@@]3(C[C@@H]4C5)C[C@H](C4)C[C@H]5C3)[C@]6(C7)C[C@@H](C[C@@H]7C8)C[C@@H]8C6)C(OC)=CC=C2OC,CC1=NOC(C2=CC=CC=C2)=C1,CN1CCCN2C1=NCCC2,ClC1=CN=CC=C1,4.936303419
0c19547bc4a54e6a,FullCV_01,3913,CC(C)C(C=C(C(C)C)C=C1C(C)C)=C1C2=C(P(C(C)(C)C)C(C)(C)C)C=CC=C2,CC1=CC(C)=NO1,CC(C)(C)/N=C(N(C)C)/N(C)C,IC1=CC=C(CC)C=C1,59.7575144
9a7985b389e9e45b,FullCV_01,3914,CC(C)C(C=C(C(C)C)C=C1C(C)C)=C1C2=C(P(C(C)(C)C)C(C)(C)C)C(OC)=CC=C2OC,C1(C2=CC=CC=C2)=CC=NO1,CC(C)(C)/N=C(N(C)C)/N(C)C,ClC1=CN=CC=C1,2.641901391
b80aff5aba92a240,FullCV_01,3915,CC(C)C(C=C(C(C)C)C=C1C(C)C)=C1C2=C(P(C(C)(C)C)C(C)(C)C)C(OC)=CC=C2OC,C1(N(CC2=CC=CC=C2)CC3=CC=CC=C3)=CC=NO1,CN1CCCN2C1=NCCC2,IC1=CC=C(C(F)(F)F)C=C1,41.17290032
1c688140c7a8de89,FullCV_01,3916,CC(C)C(C=C(C(C)C)C=C1C(C)C)=C1C2=C(P(C(C)(C)C)C(C)(C)C)C(OC)=CC=C2OC,CC1=CC(N2C=CC=C2)=NO1,CN(C)P(N(C)C)(N(C)C)=NP(N(C)C)(N(C)C)=NCC,IC1=NC=CC=C1,81.78695125
bc5b71e797d99c67,FullCV_01,3917,CC(C)C(C=C(C(C)C)C=C1C(C)C)=C1C2=C(P([C@@]3(C[C@@H]4C5)C[C@H](C4)C[C@H]5C3)[C@]6(C7)C[C@@H](C[C@@H]7C8)C[C@@H]8C6)C(OC)=CC=C2OC,CC1=NOC(C(OCC)=O)=C1,CN(C)P(N(C)C)(N(C)C)=NP(N(C)C)(N(C)C)=NCC,BrC1=CC=C(C(F)(F)F)C=C1,28.76096277
ab3ee32a1383f0d8,FullCV_01,3918,CC(C)C(C=C(C(C)C)C=C1C(C)C)=C1C2=C(P(C3CCCCC3)C4CCCCC4)C=CC=C2,C1(C2=CC=CC=C2)=CC=NO1,CC(C)(C)/N=C(N(C)C)/N(C)C,ClC1=CN=CC=C1,4.169292721
0f2d04ea392bdc3a,FullCV_01,3919,CC(C)C(C=C(C(C)C)C=C1C(C)C)=C1C2=C(P([C@@]3(C[C@@H]4C5)C[C@H](C4)C[C@H]5C3)[C@]6(C7)C[C@@H](C[C@@H]7C8)C[C@@H]8C6)C(OC)=CC=C2OC,C1(N(CC2=CC=CC=C2)CC3=CC=CC=C3)=CC=NO1,CN1CCCN2C1=NCCC2,BrC1=CN=CC=C1,27.15696835
14415bce2a6577be,FullCV_01,3920,CC(C)C(C=C(C(C)C)C=C1C(C)C)=C1C2=C(P([C@@]3(C[C@@H]4C5)C[C@H](C4)C[C@H]5C3)[C@]6(C7)C[C@@H](C[C@@H]7C8)C[C@@H]8C6)C(OC)=CC=C2OC,C1(N(CC2=CC=CC=C2)CC3=CC=CC=C3)=CC=NO1,CN(C)P(N(C)C)(N(C)C)=NP(N(C)C)(N(C)C)=NCC,BrC1=CC=C(OC)C=C1,29.01476311
0de5f82558b4bbbf,FullCV_01,3921,CC(C)C(C=C(C(C)C)C=C1C(C)C)=C1C2=C(P(C3CCCCC3)C4CCCCC4)C=CC=C2,O=C(OC)C1=CC=NO1,CC(C)(C)/N=C(N(C)C)/N(C)C,IC1=CC=C(CC)C=C1,8.121165956
ed4337508110b410,FullCV_01,3922,CC(C)C(C=C(C(C)C)C=C1C(C)C)=C1C2=C(P([C@@]3(C[C@@H]4C5)C[C@H](C4)C[C@H]5C3)[C@]6(C7)C[C@@H](C[C@@H]7C8)C[C@@H]8C6)C(OC)=CC=C2OC,C1(N(CC2=CC=CC=C2)CC3=CC=CC=C3)=NOC=C1,CC(C)(C)/N=C(N(C)C)/N(C)C,BrC1=CC=C(CC)C=C1,58.63301817
95701906daf4098c,FullCV_01,3923,CC(C)C(C=C(C(C)C)C=C1C(C)C)=C1C2=C(P(C(C)(C)C)C(C)(C)C)C(OC)=CC=C2OC,CC1=CC(C(OCC)=O)=NO1,CC(C)(C)/N=C(N(C)C)/N(C)C,IC1=CC=C(OC)C=C1,43.26194293
b71b51b44e14dbbc,FullCV_01,3924,CC(C)C(C=C(C(C)C)C=C1C(C)C)=C1C2=C(P(C(C)(C)C)C(C)(C)C)C(OC)=CC=C2OC,C1(C2=CC=CC=C2)=CON=C1,CN1CCCN2C1=NCCC2,BrC1=CN=CC=C1,80.02767877
5a1b882cbfd4693f,FullCV_01,3925,CC(C)C(C=C(C(C)C)C=C1C(C)C)=C1C2=C(P(C(C)(C)C)C(C)(C)C)C(OC)=CC=C2OC,CC1=CC(C(OCC)=O)=NO1,CC(C)(C)/N=C(N(C)C)/N(C)C,BrC1=NC=CC=C1,80.52782377
52fea5104c6b1cbd,FullCV_01,3926,CC(C)C(C=C(C(C)C)C=C1C(C)C)=C1C2=C(P(C3CCCCC3)C4CCCCC4)C=CC=C2,CC1=CC(C)=NO1,CN1CCCN2C1=NCCC2,BrC1=CC=C(OC)C=C1,12.94497014
5cee168a911493e5,FullCV_01,3927,CC(C)C(C=C(C(C)C)C=C1C(C)C)=C1C2=C(P(C(C)(C)C)C(C)(C)C)C=CC=C2,O=C(OC)C1=CC=NO1,CN1CCCN2C1=NCCC2,ClC1=CC=C(C(F)(F)F)C=C1,14.03295033
4c6b0f253a4fcb7f,FullCV_01,3928,CC(C)C(C=C(C(C)C)C=C1C(C)C)=C1C2=C(P(C3CCCCC3)C4CCCCC4)C=CC=C2,CC1=NOC(C2=CC=CC=C2)=C1,CN1CCCN2C1=NCCC2,BrC1=CC=C(C(F)(F)F)C=C1,22.12521071
7e8523e12c34544a,FullCV_01,3929,CC(C)C(C=C(C(C)C)C=C1C(C)C)=C1C2=C(P(C(C)(C)C)C(C)(C)C)C=CC=C2,FC(C=CC=C1F)=C1C2=CC=NO2,CN1CCCN2C1=NCCC2,BrC1=CN=CC=C1,78.67116412
597fc22f83d97946,FullCV_01,3930,CC(C)C(C=C(C(C)C)C=C1C(C)C)=C1C2=C(P(C(C)(C)C)C(C)(C)C)C(OC)=CC=C2OC,CC1=NOC=C1,CN1CCCN2C1=NCCC2,IC1=NC=CC=C1,98.84920594
e89f15e6c23ffc2b,FullCV_01,3931,CC(C)C(C=C(C(C)C)C=C1C(C)C)=C1C2=C(P([C@@]3(C[C@@H]4C5)C[C@H](C4)C[C@H]5C3)[C@]6(C7)C[C@@H](C[C@@H]7C8)C[C@@H]8C6)C(OC)=CC=C2OC,CCOC(C1=NOC=C1)=O,CN1CCCN2C1=NCCC2,ClC1=CC=C(C(F)(F)F)C=C1,14.51047679
230b431c3bbddd33,FullCV_01,3932,CC(C)C(C=C(C(C)C)C=C1C(C)C)=C1C2=C(P(C3CCCCC3)C4CCCCC4)C=CC=C2,CC1=NOC=C1,CN(C)P(N(C)C)(N(C)C)=NP(N(C)C)(N(C)C)=NCC,IC1=CC=C(C(F)(F)F)C=C1,34.88077285
39fe8987a647e642,FullCV_01,3933,CC(C)C(C=C(C(C)C)C=C1C(C)C)=C1C2=C(P(C(C)(C)C)C(C)(C)C)C=CC=C2,C1(N(CC2=CC=CC=C2)CC3=CC=CC=C3)=NOC=C1,CC(C)(C)/N=C(N(C)C)/N(C)C,BrC1=CC=C(C(F)(F)F)C=C1,39.35320613
e65fa6dcf5bff57b,FullCV_01,3934,CC(C)C(C=C(C(C)C)C=C1C(C)C)=C1C2=C(P(C3CCCCC3)C4CCCCC4)C=CC=C2,CC1=CC(C(OCC)=O)=NO1,CC(C)(C)/N=C(N(C)C)/N(C)C,ClC1=CN=CC=C1,16.17382734
1e65347f890cdf40,FullCV_01,3935,CC(C)C(C=C(C(C)C)C=C1C(C)C)=C1C2=C(P(C(C)(C)C)C(C)(C)C)C=CC=C2,CC1=CC(C(OCC)=O)=NO1,CN1CCCN2C1=NCCC2,IC1=NC=CC=C1,93.87454124
c2316537f485e189,FullCV_01,3936,CC(C)C(C=C(C(C)C)C=C1C(C)C)=C1C2=C(P(C(C)(C)C)C(C)(C)C)C=CC=C2,CC1=CC(C)=NO1,CN(C)P(N(C)C)(N(C)C)=NP(N(C)C)(N(C)C)=NCC,IC1=CC=C(CC)C=C1,69.38989345
7f2fca7437055fc9,FullCV_01,3937,CC(C)C(C=C(C(C)C)C=C1C(C)C)=C1C2=C(P(C3CCCCC3)C4CCCCC4)C=CC=C2,C12=CON=C1C=CC=C2,CC(C)(C)/N=C(N(C)C)/N(C)C,ClC1=CC=C(OC)C=C1,0.0
08426152dee63b0e,FullCV_01,3938,CC(C)C(C=C(C(C)C)C=C1C(C)C)=C1C2=C(P(C3CCCCC3)C4CCCCC4)C=CC=C2,O=C(OC)C1=NOC(C2=CC=CS2)=C1,CC(C)(C)/N=C(N(C)C)/N(C)C,IC1=CC=C(OC)C=C1,13.41857273
39becffb204d5c83,FullCV_01,3939,CC(C)C(C=C(C(C)C)C=C1C(C)C)=C1C2=C(P([C@@]3(C[C@@H]4C5)C[C@H](C4)C[C@H]5C3)[C@]6(C7)C[C@@H](C[C@@H]7C8)C[C@@H]8C6)C(OC)=CC=C2OC,CC1=NOC=C1,CN(C)P(N(C)C)(N(C)C)=NP(N(C)C)(N(C)C)=NCC,ClC1=NC=CC=C1,80.49152522
0db41444008b6aa5,FullCV_01,3940,CC(C)C(C=C(C(C)C)C=C1C(C)C)=C1C2=C(P(C(C)(C)C)C(C)(C)C)C=CC=C2,C1(C2=CC=CC=C2)=CON=C1,CN(C)P(N(C)C)(N(C)C)=NP(N(C)C)(N(C)C)=NCC,ClC1=NC=CC=C1,31.29909936
7469e893f889f98e,FullCV_01,3941,CC(C)C(C=C(C(C)C)C=C1C(C)C)=C1C2=C(P(C(C)(C)C)C(C)(C)C)C(OC)=CC=C2OC,C1(N(CC2=CC=CC=C2)CC3=CC=CC=C3)=NOC=C1,CN1CCCN2C1=NCCC2,BrC1=CN=CC=C1,77.2841534
f283887dbd8439f7,FullCV_01,3942,CC(C)C(C=C(C(C)C)C=C1C(C)C)=C1C2=C(P(C(C)(C)C)C(C)(C)C)C=CC=C2,C1(N(CC2=CC=CC=C2)CC3=CC=CC=C3)=NOC=C1,CN(C)P(N(C)C)(N(C)C)=NP(N(C)C)(N(C)C)=NCC,BrC1=CN=CC=C1,72.70586315
41912a02c2f468c0,FullCV_01,3943,CC(C)C(C=C(C(C)C)C=C1C(C)C)=C1C2=C(P(C3CCCCC3)C4CCCCC4)C=CC=C2,CC1=NOC(C(OCC)=O)=C1,CN1CCCN2C1=NCCC2,IC1=NC=CC=C1,70.62989218
cfced41abff8ec1e,FullCV_01,3944,CC(C)C(C=C(C(C)C)C=C1C(C)C)=C1C2=C(P([C@@]3(C[C@@H]4C5)C[C@H](C4)C[C@H]5C3)[C@]6(C7)C[C@@H](C[C@@H]7C8)C[C@@H]8C6)C(OC)=CC=C2OC,COC1=NOC(C(OCC)=O)=C1,CN1CCCN2C1=NCCC2,BrC1=CN=CC=C1,64.185973
5f9a21c571f46ae9,FullCV_01,3945,CC(C)C(C=C(C(C)C)C=C1C(C)C)=C1C2=C(P(C(C)(C)C)C(C)(C)C)C(OC)=CC=C2OC,C12=CON=C1C=CC=C2,CC(C)(C)/N=C(N(C)C)/N(C)C,BrC1=NC=CC=C1,15.35251148
faa654755dd6a948,FullCV_01,3946,CC(C)C(C=C(C(C)C)C=C1C(C)C)=C1C2=C(P(C(C)(C)C)C(C)(C)C)C(OC)=CC=C2OC,CC1=CC(N2C=CC=C2)=NO1,CC(C)(C)/N=C(N(C)C)/N(C)C,BrC1=CC=C(OC)C=C1,37.85579692
a0e6297e752c6ef9,FullCV_01,3947,CC(C)C(C=C(C(C)C)C=C1C(C)C)=C1C2=C(P([C@@]3(C[C@@H]4C5)C[C@H](C4)C[C@H]5C3)[C@]6(C7)C[C@@H](C[C@@H]7C8)C[C@@H]8C6)C(OC)=CC=C2OC,C1(N(CC2=CC=CC=C2)CC3=CC=CC=C3)=NOC=C1,CC(C)(C)/N=C(N(C)C)/N(C)C,IC1=NC=CC=C1,47.77426479
a63fddb962ae585b,FullCV_01,3948,CC(C)C(C=C(C(C)C)C=C1C(C)C)=C1C2=C(P(C(C)(C)C)C(C)(C)C)C=CC=C2,CC1=NOC=C1,CN(C)P(N(C)C)(N(C)C)=NP(N(C)C)(N(C)C)=NCC,IC1=CN=CC=C1,0.0
cdd149032331b892,FullCV_01,3949,CC(C)C(C=C(C(C)C)C=C1C(C)C)=C1C2=C(P(C(C)(C)C)C(C)(C)C)C=CC=C2,O=C(OC)C1=NOC(C2=CC=CS2)=C1,CN(C)P(N(C)C)(N(C)C)=NP(N(C)C)(N(C)C)=NCC,ClC1=CC=C(C(F)(F)F)C=C1,15.75654156
2a9f3b152e492abf,FullCV_01,3950,CC(C)C(C=C(C(C)C)C=C1C(C)C)=C1C2=C(P(C(C)(C)C)C(C)(C)C)C=CC=C2,CCOC(C1=NOC=C1)=O,CN1CCCN2C1=NCCC2,BrC1=CN=CC=C1,85.8122803
b7b09c8b00858739,FullCV_01,3951,CC(C)C(C=C(C(C)C)C=C1C(C)C)=C1C2=C(P(C(C)(C)C)C(C)(C)C)C(OC)=CC=C2OC,CC1=CC(C(OCC)=O)=NO1,CN1CCCN2C1=NCCC2,ClC1=CN=CC=C1,23.84150703
98de20e47db80145,FullCV_01,3952,CC(C)C(C=C(C(C)C)C=C1C(C)C)=C1C2=C(P(C3CCCCC3)C4CCCCC4)C=CC=C2,C1(C2=CC=CC=C2)=CON=C1,CN(C)P(N(C)C)(N(C)C)=NP(N(C)C)(N(C)C)=NCC,BrC1=CC=C(OC)C=C1,4.344676685
c6e4ac532c9ce4e3,FullCV_01,3953,CC(C)C(C=C(C(C)C)C=C1C(C)C)=C1C2=C(P(C(C)(C)C)C(C)(C)C)C(OC)=CC=C2OC,CC1=CC(N2C=CC=C2)=NO1,CN1CCCN2C1=NCCC2,BrC1=CC=C(OC)C=C1,47.15627467
ba8b68efecaaaab5,FullCV_01,3954,CC(C)C(C=C(C(C)C)C=C1C(C)C)=C1C2=C(P(C(C)(C)C)C(C)(C)C)C(OC)=CC=C2OC,CCOC(C1=CON=C1)=O,CC(C)(C)/N=C(N(C)C)/N(C)C,ClC1=CC=C(C(F)(F)F)C=C1,0.701552228
4074e9e4d84f8517,FullCV_01,3955,CC(C)C(C=C(C(C)C)C=C1C(C)C)=C1C2=C(P([C@@]3(C[C@@H]4C5)C[C@H](C4)C[C@H]5C3)[C@]6(C7)C[C@@H](C[C@@H]7C8)C[C@@H]8C6)C(OC)=CC=C2OC,C1(N(CC2=CC=CC=C2)CC3=CC=CC=C3)=CC=NO1,CN(C)P(N(C)C)(N(C)C)=NP(N(C)C)(N(C)C)=NCC,ClC1=CC=C(C(F)(F)F)C=C1,15.5615648
c1dc2a2a55f8f7a4,FullCV_01,3956,CC(C)C(C=C(C(C)C)C=C1C(C)C)=C1C2=C(P([C@@]3(C[C@@H]4C5)C[C@H](C4)C[C@H]5C3)[C@]6(C7)C[C@@H](C[C@@H]7C8)C[C@@H]8C6)C(OC)=CC=C2OC,C1(C2=CC=CC=C2)=CC=NO1,CC(C)(C)/N=C(N(C)C)/N(C)C,IC1=CC=C(CC)C=C1,73.73993868
